0.013808511,-0.333630830,1.055172443,0.024683565,-0.107320406,-0.401118129,0.909382939,0.000000000,0.000000000,0.512514467,-1.681528315,-0.887035185,0.046983533,-1.133697684,-0.841562479,-0.000092139,-0.428461787,-1.677044307,0.429404833,0.000766471,1.308669860,-1.153012797,-0.283785362,0.278141826,-0.385028362,-0.315806836,-0.174529999,-0.129028261,-0.094047934,-0.179743633,-0.100518391,0.055237893,0.188867420,-0.088037603,0.077773415,-0.071977764,-0.108868800,0.004888291
0.014055373,-0.322210103,1.045595527,0.019298024,-0.114677705,-0.416561484,0.901639163,0.000000000,0.000000000,0.497656305,-1.671277544,-0.901506242,0.062225285,-1.147872499,-0.825716935,0.005309453,-0.459108183,-1.683122460,0.418530357,0.001225919,1.312899303,-1.136280551,-0.280717084,0.293146729,-0.390039325,-0.312208712,-0.174529999,-0.128776819,-0.091004401,-0.206425190,-0.123840824,0.064703122,0.203701541,-0.093649462,0.058028083,-0.101408407,-0.126739949,0.002260435
0.002829544,-0.309908628,1.027151704,0.005689912,-0.124190114,-0.437098265,0.890780270,0.000000000,0.000000000,0.493893119,-1.671720376,-0.902854468,0.062194185,-1.149320051,-0.823372100,0.005763867,-0.459410930,-1.683370564,0.416219476,0.001216888,1.313073360,-1.134507714,-0.279957588,0.329209566,-0.386831403,-0.293270409,-0.169183046,-0.115757570,-0.091274507,-0.267177284,-0.150173485,0.072645590,0.224884704,-0.100846410,0.026409373,-0.160101831,-0.140782818,-0.012992547
-0.005681022,-0.296932638,0.985012233,-0.025591487,-0.135182574,-0.474831104,0.869256139,0.000000000,0.000000000,0.489925314,-1.671771080,-0.906291254,0.062161085,-1.153465239,-0.817667708,0.007477176,-0.467857843,-1.684328779,0.414104341,0.001389862,1.315271855,-1.129914731,-0.279349177,0.454521865,-0.370127201,-0.250395417,-0.149240121,-0.065264739,-0.133595973,-0.472659707,-0.108935669,0.070619822,0.253771663,-0.109720767,-0.061953671,-0.373858213,-0.067465268,-0.036139019
-0.010734767,-0.289826214,0.940819800,-0.048146665,-0.141512111,-0.509449601,0.847418010,0.000000000,0.000000000,0.488431494,-1.672191690,-0.906753500,0.056818068,-1.233986813,-0.711721587,0.022610476,-0.476140030,-1.688874489,0.317186523,0.000024463,1.432092699,-1.077796009,-0.234551552,0.569507837,-0.348877341,-0.212475240,-0.122653030,-0.010010701,-0.170953631,-0.668761075,-0.032422584,0.068477049,0.277571380,-0.120677978,-0.134806737,-0.584678590,0.044056159,-0.060321350
-0.005244184,-0.294801086,0.889694571,-0.050531033,-0.164434493,-0.569762766,0.803603292,0.000000000,0.000000000,0.486625728,-1.669483632,-0.909541045,0.056620423,-1.322357609,-0.628577468,0.034104307,-0.479148894,-1.687587319,0.243620488,0.000000156,1.558380628,-1.030311900,-0.201890980,0.573130846,-0.302131861,-0.128277004,-0.102641366,0.065602228,-0.010945119,-0.999545813,0.133453757,0.087510124,0.321342945,-0.091657951,-0.016859807,-0.951740503,0.271325618,-0.088937581
-0.000460197,-0.299666077,0.865350366,-0.051321439,-0.177837119,-0.605423510,0.774081707,0.000000000,0.000000000,0.486751632,-1.671063646,-0.891796028,0.061224394,-1.409163628,-0.566395236,0.033099751,-0.481172372,-1.687164942,0.197770821,0.000000002,1.667435204,-0.985460282,-0.165014092,0.404214680,-0.271021068,-0.076064348,-0.127802387,0.060127087,0.304019272,-1.144191861,0.126458541,0.108244181,0.339503735,-0.041286491,0.301502526,-1.131065249,0.290140212,-0.104471952
0.000776649,-0.300890446,0.860598207,-0.052721474,-0.173461571,-0.621433914,0.762201667,0.000000000,0.000000000,0.486686978,-1.670967479,-0.891810164,0.061224037,-1.409191558,-0.566353743,0.033099337,-0.481279596,-1.687042080,0.197749361,0.000000100,1.667448201,-0.985432608,-0.164997767,0.359035850,-0.231934547,-0.054328125,-0.144157052,0.055047773,0.400460541,-1.168123007,0.109254614,0.111637905,0.342325240,-0.023742462,0.396207184,-1.159024358,0.279675215,-0.110873640
0.001160188,-0.301430523,0.860276341,-0.051720992,-0.167712241,-0.631152391,0.755542338,0.000000000,0.000000000,0.485549321,-1.670217124,-0.898442086,0.061079971,-1.418535313,-0.560128142,0.033338136,-0.481785430,-1.686763144,0.198895540,0.000000094,1.673943600,-0.977405421,-0.163975613,0.351709604,-0.205804169,-0.041280933,-0.154787570,0.055236008,0.434579015,-1.172674537,0.100787409,0.111695707,0.343157172,-0.015359952,0.426690727,-1.163866162,0.275822550,-0.114201233
0.001103774,-0.301850557,0.860361576,-0.049754761,-0.162733465,-0.637378454,0.751525760,0.000000000,0.000000000,0.486184860,-1.670133025,-0.901056487,0.061074397,-1.421549632,-0.558690979,0.033379124,-0.482076128,-1.686475454,0.199626214,0.000000098,1.675780373,-0.975017536,-0.163889864,0.355798006,-0.188846886,-0.032633763,-0.161697417,0.056653295,0.448418349,-1.174889922,0.097360276,0.110432766,0.343235552,-0.010454662,0.436759591,-1.165533781,0.276322246,-0.116233289
0.000810028,-0.302224159,0.860352159,-0.047677141,-0.158670142,-0.641374946,0.749125421,0.000000000,0.000000000,0.491460790,-1.670275200,-0.942148086,0.063022503,-1.546134613,-0.515089936,-0.001546234,-0.484224262,-1.686618337,0.174154442,0.000000004,1.777857505,-0.934281425,-0.122204354,0.362677097,-0.177726060,-0.026929760,-0.166188806,0.057776522,0.454719454,-1.177115202,0.096148312,0.108638547,0.342973262,-0.007043112,0.439716935,-1.167001963,0.278449416,-0.117002085
0.000376769,-0.302554190,0.860311925,-0.045793314,-0.155483201,-0.643856168,0.747781515,0.000000000,0.000000000,0.491466464,-1.670109962,-0.943859495,0.063041809,-1.548714945,-0.513735484,-0.002216246,-0.483777885,-1.686051289,0.174773610,0.000000098,1.779773616,-0.931502129,-0.121840006,0.369229436,-0.170476958,-0.023252172,-0.169108212,0.058281168,0.457960039,-1.179242849,0.095786594,0.106749408,0.342467904,-0.004469424,0.440208495,-1.168337703,0.280945957,-0.117068946
-0.000135907,-0.302855015,0.860281467,-0.044122674,-0.152950227,-0.645336032,0.747128367,0.000000000,0.000000000,0.491402820,-1.670133217,-0.944137747,0.063041351,-1.549072968,-0.513583122,-0.002300690,-0.483505338,-1.685994811,0.174851787,0.000000100,1.780012358,-0.931161423,-0.121797054,0.374919057,-0.165754631,-0.020926086,-0.171005830,0.058432177,0.459726572,-1.181159377,0.095740117,0.105015293,0.341784209,-0.002428788,0.439694405,-1.169529080,0.283222526,-0.116644546
-0.000681466,-0.303168625,0.860288262,-0.042523287,-0.150753632,-0.646162510,0.746953249,0.000000000,0.000000000,0.491293721,-1.670096101,-0.944486402,0.063039293,-1.549482426,-0.513416122,-0.002387803,-0.483274174,-1.685859234,0.174917438,0.000000100,1.780243109,-0.930818724,-0.121743627,0.379827440,-0.162685856,-0.019490199,-0.172239289,0.058160357,0.461066782,-1.182827115,0.095655277,0.103564322,0.341025472,-0.000734956,0.439127237,-1.170496702,0.285307795,-0.116125941
-0.001223920,-0.303508937,0.860305607,-0.040919084,-0.148627833,-0.646593571,0.747095823,0.000000000,0.000000000,0.491224316,-1.670097644,-0.944880670,0.063036833,-1.549921708,-0.513242566,-0.002475442,-0.483097156,-1.685724599,0.174974217,0.000000100,1.780473722,-0.930471095,-0.121685917,0.384342372,-0.160582602,-0.018669385,-0.173041031,0.057696562,0.462444246,-1.184348226,0.095525928,0.102437213,0.340257555,0.000746609,0.438862473,-1.171358824,0.287081331,-0.115568474
-0.001728040,-0.303906560,0.860286713,-0.039039277,-0.146417230,-0.646721244,0.747522295,0.000000000,0.000000000,0.491588399,-1.670059590,-0.945235280,0.063111548,-1.550301455,-0.513081992,-0.002550768,-0.483116947,-1.685592011,0.175010356,0.000000100,1.780648632,-0.930164328,-0.121633722,0.389008313,-0.159397870,-0.018222803,-0.173562169,0.057059541,0.464181662,-1.185800314,0.095212445,0.101632319,0.339507282,0.002124387,0.439174980,-1.172082901,0.288649678,-0.115413323
-0.002234428,-0.304225743,0.860315859,-0.037385307,-0.144421458,-0.646785200,0.747939587,0.000000000,0.000000000,0.491661423,-1.670007982,-0.945624923,0.063115722,-1.550716576,-0.512917149,-0.002630594,-0.482886589,-1.685474710,0.175027050,0.000000100,1.780821045,-0.929832637,-0.121574884,0.393294752,-0.158356637,-0.018097693,-0.173900902,0.056427665,0.465685546,-1.186364651,0.095039539,0.101123467,0.339064270,0.003152351,0.439584136,-1.172239065,0.289421320,-0.115457937
-0.002744933,-0.304556429,0.860380411,-0.035652097,-0.142393276,-0.646870673,0.748339117,0.000000000,0.000000000,0.492112050,-1.669954937,-0.945942389,0.063290391,-1.551048546,-0.512771318,-0.002699505,-0.483102548,-1.685385335,0.175001980,0.000000100,1.780943791,-0.929549785,-0.121517246,0.397539616,-0.157423854,-0.018094461,-0.174121082,0.055825282,0.467530876,-1.186606765,0.094550952,0.100269869,0.338819861,0.004063547,0.440598160,-1.171968341,0.289926648,-0.116097927
-0.003201423,-0.304856569,0.860405087,-0.033841211,-0.140330195,-0.647000611,0.748700500,0.000000000,0.000000000,0.492701184,-1.669895498,-0.946181218,0.063553638,-1.551293240,-0.512648559,-0.002754693,-0.483410231,-1.685320836,0.174940323,0.000000100,1.781014574,-0.929326977,-0.121462798,0.401964039,-0.156630799,-0.018088307,-0.174264193,0.055248871,0.469625443,-1.186694026,0.094274089,0.099414989,0.338848203,0.004988813,0.441963553,-1.171782136,0.290162563,-0.116602682
-0.003522134,-0.305137604,0.860409319,-0.031900134,-0.138092294,-0.647182047,0.749044895,0.000000000,0.000000000,0.496829057,-1.670269537,-0.950321664,0.066727410,-1.555144805,-0.510077653,-0.003633478,-0.486878180,-1.685837505,0.172146171,0.000000098,1.781752204,-0.926197045,-0.120053522,0.406781733,-0.155940592,-0.018072097,-0.174357221,0.054778226,0.471828163,-1.186910152,0.094237901,0.098621242,0.338825107,0.005950257,0.443777233,-1.171718359,0.290110171,-0.117001995
-0.003549733,-0.305426300,0.860350728,-0.029635010,-0.135355681,-0.647417068,0.749434292,0.000000000,0.000000000,0.498455468,-1.670712112,-0.952186886,0.067595429,-1.556736650,-0.509055449,-0.004029529,-0.488429060,-1.686224410,0.170803338,0.000000099,1.782124501,-0.924796313,-0.119470701,0.412400395,-0.155478954,-0.018198665,-0.174417689,0.054298040,0.474631608,-1.187224627,0.094187014,0.098065533,0.339110136,0.007094784,0.446039766,-1.171859026,0.290120095,-0.117117248
-0.003084146,-0.305707276,0.860292017,-0.027097899,-0.132075995,-0.647527933,0.750019491,0.000000000,0.000000000,0.506338335,-1.673572259,-0.995409613,0.071008182,-1.653076733,-0.487868060,-0.052618737,-0.491844004,-1.687934305,0.130429065,0.000000004,1.860796599,-0.882119266,-0.089631740,0.419006407,-0.155538127,-0.018725643,-0.174456984,0.053921521,0.477252364,-1.187587142,0.094331056,0.098211147,0.339326710,0.008156104,0.448385119,-1.172035336,0.290220618,-0.116686299
-0.002017444,-0.306065559,0.860253811,-0.024116989,-0.127803728,-0.647409916,0.750962675,0.000000000,0.000000000,0.508759640,-1.674634879,-1.007525528,0.071881322,-1.703613594,-0.470082116,-0.094388011,-0.493140741,-1.687413988,0.105977981,0.000000000,1.931961471,-0.850724836,-0.062008196,0.427215457,-0.156131014,-0.020049557,-0.174482524,0.053765748,0.479921252,-1.187832952,0.094485246,0.099167936,0.339587301,0.009185802,0.450978279,-1.172205687,0.290434539,-0.115741737
-0.000543841,-0.306533307,0.860221803,-0.020800613,-0.122520790,-0.647228420,0.752098024,0.000000000,0.000000000,0.508488756,-1.674608876,-1.004497407,0.071854998,-1.735724892,-0.461563447,-0.125563974,-0.493717002,-1.686698612,0.087296947,0.000038033,1.993470489,-0.825268642,-0.038430325,0.437078744,-0.156672537,-0.021975443,-0.174499139,0.053780828,0.482597083,-1.187930107,0.094634928,0.100865349,0.339999408,0.010282179,0.453725785,-1.172360659,0.290714473,-0.114640608
0.000806208,-0.307116210,0.860267162,-0.017500775,-0.116678670,-0.647661567,0.752737820,0.000000000,0.000000000,0.508077363,-1.674514878,-1.004329603,0.071838495,-1.736012893,-0.461326073,-0.125973101,-0.493124667,-1.686236130,0.087424258,0.000037474,1.994115899,-0.824376465,-0.038123286,0.447856188,-0.155656084,-0.023184504,-0.174509943,0.054083422,0.485076815,-1.188030720,0.094746366,0.102588907,0.340502560,0.011350154,0.456086248,-1.172378659,0.290965170,-0.113638639
0.001586735,-0.307793438,0.860389352,-0.014340144,-0.110741258,-0.648786962,0.752732515,0.000000000,0.000000000,0.507949932,-1.674440045,-1.003927418,0.071818948,-1.736232144,-0.461131549,-0.126391848,-0.492933086,-1.685993592,0.087882012,0.000036912,1.994904189,-0.823482213,-0.037813679,0.458779991,-0.152837098,-0.023308128,-0.174516961,0.054337259,0.487637401,-1.188101888,0.094800293,0.103777282,0.341287374,0.012280435,0.458121151,-1.172323108,0.291139215,-0.113352120
0.002015982,-0.308508098,0.860539734,-0.011262922,-0.104944639,-0.650164485,0.752426624,0.000000000,0.000000000,0.508190768,-1.674474250,-1.003666820,0.071814955,-1.736250275,-0.461081599,-0.126518613,-0.492991782,-1.686019578,0.088110234,0.000036739,1.995184035,-0.823192069,-0.037728675,0.469524503,-0.149325550,-0.022833187,-0.174521521,0.054450937,0.490168154,-1.188022256,0.094623253,0.104576282,0.342169881,0.013082426,0.460090101,-1.172245264,0.291263521,-0.113621317
0.002224787,-0.309178978,0.860679209,-0.008504774,-0.099559836,-0.651477456,0.752058983,0.000000000,0.000000000,0.508390670,-1.674408348,-1.003412012,0.071818014,-1.736137576,-0.461037227,-0.126579502,-0.493268321,-1.685960179,0.088197629,0.000036649,1.995321461,-0.823047417,-0.037666584,0.479471743,-0.145656332,-0.022263888,-0.174524486,0.054430239,0.492490619,-1.187683225,0.094394132,0.105153695,0.343119740,0.013811773,0.462115079,-1.172083139,0.291258186,-0.114122421
0.002325159,-0.309767544,0.860723376,-0.006096372,-0.094771557,-0.652564824,0.751758158,0.000000000,0.000000000,0.508637500,-1.674384009,-1.003114961,0.071845591,-1.735907627,-0.461020970,-0.126620550,-0.493437288,-1.685945754,0.088249324,0.000036585,1.995417104,-0.822939622,-0.037629191,0.488503218,-0.142337397,-0.021845570,-0.174526408,0.054345995,0.494438559,-1.187459469,0.094243161,0.105530694,0.344012439,0.014307612,0.463931680,-1.172057509,0.291186213,-0.114857852
0.002353383,-0.310232162,0.860817313,-0.004266180,-0.090719581,-0.653471053,0.751483440,0.000000000,0.000000000,0.508645760,-1.674386638,-1.003021252,0.071845109,-1.735824156,-0.461021601,-0.126628585,-0.493382550,-1.685949373,0.088255157,0.000036571,1.995435931,-0.822917464,-0.037621941,0.495932937,-0.139276445,-0.021628834,-0.174527660,0.054187477,0.495768249,-1.187070131,0.094153598,0.105851978,0.344855875,0.014622932,0.465423375,-1.171839356,0.291052997,-0.115558997
0.002319758,-0.310607374,0.861065269,-0.003054549,-0.087236449,-0.654280424,0.751197457,0.000000000,0.000000000,0.502258224,-1.675426829,-0.937579205,0.067933202,-1.702594224,-0.452640797,-0.119479059,-0.492397950,-1.685147235,0.074740415,0.000000290,2.046082783,-0.806017741,-0.008977311,0.501946986,-0.135977596,-0.021704307,-0.174528480,0.054277375,0.496298283,-1.186368585,0.094055019,0.106106251,0.345351934,0.014735214,0.466077775,-1.171456575,0.290687233,-0.116318561
0.002297011,-0.310885280,0.861307561,-0.002282688,-0.084422939,-0.654817402,0.751053751,0.000000000,0.000000000,0.495770098,-1.674480534,-0.892351704,0.064676688,-1.678869053,-0.456727128,-0.106732168,-0.492031661,-1.684178012,0.054519579,0.000278561,2.083212549,-0.792440096,0.007326820,0.506507397,-0.133192599,-0.022000995,-0.174529016,0.054197885,0.496459067,-1.185587049,0.093781091,0.106424585,0.345858544,0.014706077,0.466452479,-1.170899630,0.290425509,-0.116878152
0.002302276,-0.311066002,0.861533642,-0.001830084,-0.082166992,-0.655149221,0.751015842,0.000000000,0.000000000,0.495772169,-1.674481245,-0.892338597,0.064676326,-1.678859687,-0.456727835,-0.106730408,-0.491976084,-1.684186334,0.054517898,0.000278536,2.083214211,-0.792438001,0.007327973,0.509768546,-0.130990773,-0.022433460,-0.174529359,0.053881172,0.496588469,-1.184703469,0.093419388,0.106723681,0.346408427,0.014514927,0.466805726,-1.170099974,0.290135413,-0.117102563
0.002313303,-0.311214626,0.861764908,-0.001594940,-0.080272026,-0.655403733,0.750999212,0.000000000,0.000000000,0.495761873,-1.674482325,-0.892320653,0.064675768,-1.678845521,-0.456728919,-0.106728191,-0.491916801,-1.684195330,0.054515358,0.000278508,2.083215941,-0.792435767,0.007329424,0.512111366,-0.128929764,-0.022990484,-0.174529582,0.053624459,0.496883273,-1.183760405,0.092934676,0.107067436,0.346788406,0.014369115,0.467215270,-1.169030905,0.289508700,-0.117336169
0.002371090,-0.311323881,0.861996472,-0.001452058,-0.078752212,-0.655554652,0.751028657,0.000000000,0.000000000,0.495761873,-1.674482325,-0.892320653,0.064675768,-1.678845521,-0.456728919,-0.106728191,-0.491916801,-1.684195330,0.054515358,0.000278508,2.083215941,-0.792435767,0.007329424,0.513706803,-0.127293229,-0.023511346,-0.174529731,0.053201035,0.497227967,-1.182718039,0.092272468,0.107466176,0.347033888,0.014268585,0.467674762,-1.167711020,0.288820624,-0.117336899
0.002475586,-0.311395735,0.862304449,-0.001347695,-0.077571854,-0.655621290,0.751093507,0.000000000,0.000000000,0.495761873,-1.674482325,-0.892320653,0.064675768,-1.678845521,-0.456728919,-0.106728191,-0.491916801,-1.684195330,0.054515358,0.000278508,2.083215941,-0.792435767,0.007329424,0.514713228,-0.126162872,-0.023879375,-0.174529821,0.052761562,0.497289419,-1.181462049,0.091536745,0.108038023,0.347185194,0.014117794,0.468073070,-1.166206241,0.287987113,-0.117217109
0.002600539,-0.311478406,0.862538636,-0.001170393,-0.076464221,-0.655661881,0.751171947,0.000000000,0.000000000,0.495761873,-1.674482325,-0.892320653,0.064675768,-1.678845521,-0.456728919,-0.106728191,-0.491916801,-1.684195330,0.054515358,0.000278508,2.083215941,-0.792435767,0.007329424,0.515631318,-0.125219926,-0.024170380,-0.174529880,0.052304424,0.497690439,-1.180547953,0.090856358,0.108372279,0.347310007,0.014111998,0.468748659,-1.164929509,0.287112921,-0.117135376
0.002733876,-0.311526686,0.862717927,-0.001083225,-0.075500078,-0.655761182,0.751182914,0.000000000,0.000000000,0.495761873,-1.674482325,-0.892320653,0.064675768,-1.678845521,-0.456728919,-0.106728191,-0.491916801,-1.684195330,0.054515358,0.000278508,2.083215941,-0.792435767,0.007329424,0.516019702,-0.124278799,-0.024380632,-0.174529910,0.051722739,0.498595387,-1.179950595,0.090313271,0.108347371,0.347486198,0.014426595,0.469858855,-1.163821697,0.286369503,-0.116818607
0.002878999,-0.311560303,0.862878978,-0.000985969,-0.074746035,-0.655789435,0.751233935,0.000000000,0.000000000,0.495761873,-1.674482325,-0.892320653,0.064675768,-1.678845521,-0.456728919,-0.106728191,-0.491916801,-1.684195330,0.054515358,0.000278508,2.083215941,-0.792435767,0.007329424,0.516307116,-0.123548836,-0.024437916,-0.174529940,0.051224887,0.499280363,-1.179435968,0.089854412,0.108392745,0.347322166,0.014648980,0.470888168,-1.162708163,0.285426646,-0.116672173
0.002993509,-0.311552882,0.862988949,-0.001071487,-0.074187703,-0.655901849,0.751190901,0.000000000,0.000000000,0.495760062,-1.674480226,-0.892318131,0.064675694,-1.678844528,-0.456729158,-0.106727776,-0.491896899,-1.684197424,0.054517106,0.000278502,2.083217045,-0.792435441,0.007329588,0.516294956,-0.122630134,-0.024447935,-0.174529955,0.050710145,0.499895394,-1.178917289,0.089420825,0.108432576,0.347132206,0.014936881,0.471803933,-1.161521316,0.284464449,-0.116506144
0.003110668,-0.311527789,0.863123178,-0.001149458,-0.073834300,-0.656027734,0.751115680,0.000000000,0.000000000,0.495758429,-1.674476847,-0.892315408,0.064675632,-1.678843228,-0.456729392,-0.106727379,-0.491875484,-1.684199358,0.054519044,0.000278496,2.083218169,-0.792435175,0.007329726,0.516107500,-0.121917740,-0.024392929,-0.174529970,0.050120622,0.500305474,-1.178298354,0.088861965,0.108544946,0.346908450,0.015330346,0.472656131,-1.160193443,0.283421516,-0.116287231
0.003230967,-0.311502874,0.863225222,-0.001244894,-0.073554695,-0.656197608,0.750994563,0.000000000,0.000000000,0.495755968,-1.674474173,-0.892312301,0.064675560,-1.678841374,-0.456729612,-0.106726971,-0.491852165,-1.684201194,0.054521144,0.000278490,2.083219320,-0.792434923,0.007329848,0.515956342,-0.121180400,-0.024300287,-0.174529970,0.049705345,0.500599861,-1.177862048,0.088378921,0.108747169,0.346694738,0.015643660,0.473433644,-1.159094691,0.282340139,-0.116188169
0.003362384,-0.311481178,0.863297760,-0.001281615,-0.073295161,-0.656381607,0.750859082,0.000000000,0.000000000,0.495755968,-1.674474173,-0.892312301,0.064675560,-1.678841374,-0.456729612,-0.106726971,-0.491852165,-1.684201194,0.054521144,0.000278490,2.083219320,-0.792434923,0.007329848,0.515868425,-0.120524190,-0.024207663,-0.174529970,0.049419396,0.500899494,-1.177965760,0.088029929,0.108898722,0.346549064,0.015898626,0.474132240,-1.158467889,0.281485111,-0.116255581
0.003491841,-0.311438471,0.863335490,-0.001469887,-0.073110700,-0.656620562,0.750667751,0.000000000,0.000000000,0.495755968,-1.674474173,-0.892312301,0.064675560,-1.678841374,-0.456729612,-0.106726971,-0.491852165,-1.684201194,0.054521144,0.000278490,2.083219320,-0.792434923,0.007329848,0.515557945,-0.119747207,-0.024138613,-0.174529970,0.049175411,0.501143694,-1.178323030,0.087806299,0.108960710,0.346492231,0.016135694,0.474701554,-1.158217192,0.280892879,-0.116325200
0.003593445,-0.311383098,0.863349140,-0.001917517,-0.072909527,-0.656936586,0.750409782,0.000000000,0.000000000,0.495755968,-1.674474173,-0.892312301,0.064675560,-1.678841374,-0.456729612,-0.106726971,-0.491852165,-1.684201194,0.054521144,0.000278490,2.083219320,-0.792434923,0.007329848,0.515083551,-0.118502177,-0.024191612,-0.174529970,0.048935618,0.501236022,-1.178948998,0.087767489,0.108810171,0.346422434,0.016234022,0.474963903,-1.158223629,0.280594766,-0.116237454
0.003699851,-0.311357141,0.863321722,-0.002364017,-0.072722375,-0.657284975,0.750121534,0.000000000,0.000000000,0.495755968,-1.674474173,-0.892312301,0.064675560,-1.678841374,-0.456729612,-0.106726971,-0.491852165,-1.684201194,0.054521144,0.000278490,2.083219320,-0.792434923,0.007329848,0.514922798,-0.117143862,-0.024164915,-0.174529970,0.048770688,0.500929773,-1.179764152,0.087876402,0.109222129,0.346241325,0.016045447,0.474467158,-1.158234119,0.280440778,-0.116320245
0.003801498,-0.311332315,0.863142490,-0.002775795,-0.072379619,-0.657673717,0.749812543,0.000000000,0.000000000,0.495755968,-1.674474173,-0.892312301,0.064675560,-1.678841374,-0.456729612,-0.106726971,-0.491852165,-1.684201194,0.054521144,0.000278490,2.083219320,-0.792434923,0.007329848,0.515200138,-0.115670502,-0.024167990,-0.174529970,0.048701338,0.500800490,-1.181201696,0.088228531,0.109455258,0.346208870,0.015706398,0.473744780,-1.158706784,0.280649513,-0.116541751
0.003891541,-0.311271727,0.862891078,-0.003304896,-0.072138242,-0.658102632,0.749457181,0.000000000,0.000000000,0.495755968,-1.674474173,-0.892312301,0.064675560,-1.678841374,-0.456729612,-0.106726971,-0.491852165,-1.684201194,0.054521144,0.000278490,2.083219320,-0.792434923,0.007329848,0.515265465,-0.114175677,-0.024160083,-0.174529970,0.048552588,0.500718057,-1.182900071,0.088714980,0.109673500,0.346334726,0.015420746,0.472687751,-1.159322143,0.281222671,-0.116552718
0.003997279,-0.311199903,0.862542689,-0.003868339,-0.071962416,-0.658459961,0.749157488,0.000000000,0.000000000,0.495755968,-1.674474173,-0.892312301,0.064675560,-1.678841374,-0.456729612,-0.106726971,-0.491852165,-1.684201194,0.054521144,0.000278490,2.083219320,-0.792434923,0.007329848,0.515148580,-0.112841621,-0.024206793,-0.174529970,0.048198499,0.500866234,-1.185051084,0.089281559,0.109696269,0.346495181,0.015012221,0.471728027,-1.159820557,0.281881541,-0.116382152
0.004112350,-0.311136872,0.862123251,-0.004417594,-0.071749128,-0.658821702,0.748856843,0.000000000,0.000000000,0.495755968,-1.674474173,-0.892312301,0.064675560,-1.678841374,-0.456729612,-0.106726971,-0.491852165,-1.684201194,0.054521144,0.000278490,2.083219320,-0.792434923,0.007329848,0.515057504,-0.111477755,-0.024273030,-0.174529970,0.047654223,0.501205027,-1.187851071,0.090029098,0.109425783,0.346683711,0.014674113,0.470665753,-1.160427332,0.282762706,-0.116014898
0.004218985,-0.311090529,0.861644030,-0.004986342,-0.071513399,-0.659201980,0.748541057,0.000000000,0.000000000,0.495755968,-1.674474173,-0.892312301,0.064675560,-1.678841374,-0.456729612,-0.106726971,-0.491852165,-1.684201194,0.054521144,0.000278490,2.083219320,-0.792434923,0.007329848,0.515199780,-0.109943882,-0.024310254,-0.174529970,0.047014061,0.501377344,-1.191198945,0.091196433,0.109080069,0.346730411,0.014376866,0.469250470,-1.160931349,0.283680797,-0.115541078
0.004332406,-0.311070681,0.861153364,-0.005424090,-0.071136780,-0.659545958,0.748270810,0.000000000,0.000000000,0.495755968,-1.674474173,-0.892312301,0.064675560,-1.678841374,-0.456729612,-0.106726971,-0.491852165,-1.684201194,0.054521144,0.000278490,2.083219320,-0.792434923,0.007329848,0.515666127,-0.108430073,-0.024409702,-0.174529970,0.046390265,0.501582980,-1.195214510,0.092723884,0.108417943,0.346745223,0.014055451,0.467720360,-1.161442637,0.284658760,-0.115319751
0.004457721,-0.311059892,0.860789418,-0.005740890,-0.070736147,-0.659829021,0.748056948,0.000000000,0.000000000,0.495755968,-1.674474173,-0.892312301,0.064675560,-1.678841374,-0.456729612,-0.106726971,-0.491852165,-1.684201194,0.054521144,0.000278490,2.083219320,-0.792434923,0.007329848,0.516220450,-0.107121751,-0.024520166,-0.174529970,0.045647793,0.501984954,-1.200258255,0.094519377,0.107413232,0.346875310,0.013917260,0.466178924,-1.161880374,0.285895884,-0.115037680
0.004579760,-0.311044157,0.860995233,-0.006045652,-0.070450798,-0.660073400,0.747865796,0.000000000,0.000000000,0.495755968,-1.674474173,-0.892312301,0.064675560,-1.678841374,-0.456729612,-0.106726971,-0.491852165,-1.684201194,0.054521144,0.000278490,2.083219320,-0.792434923,0.007329848,0.516991377,-0.105864957,-0.024566963,-0.174502403,0.045007538,0.502142191,-1.206793308,0.096967258,0.106247902,0.346863329,0.013811499,0.464092046,-1.162437677,0.287286162,-0.115018681
0.004697881,-0.311013818,0.861194193,-0.006406057,-0.070311196,-0.660282195,0.747691631,0.000000000,0.000000000,0.495755968,-1.674474173,-0.892312301,0.064675560,-1.678841374,-0.456729612,-0.106726971,-0.491852165,-1.684201194,0.054521144,0.000278490,2.083219320,-0.792434923,0.007329848,0.517828941,-0.104724243,-0.024577733,-0.174400553,0.044397086,0.501785755,-1.214334011,0.099905722,0.105048388,0.346873909,0.013572915,0.461473137,-1.162898540,0.288756937,-0.115204617
0.004824701,-0.310998291,0.861381173,-0.006640714,-0.070140235,-0.660435379,0.747570276,0.000000000,0.000000000,0.493813461,-1.676413023,-0.830828007,0.058592552,-1.631214300,-0.458353543,-0.077398783,-0.488763321,-1.683532719,0.022679843,0.000006095,2.063878041,-0.788243253,0.002573102,0.518866658,-0.103728183,-0.024628356,-0.174234122,0.043844722,0.501400948,-1.222982883,0.103423998,0.103687853,0.346904933,0.013216008,0.458864033,-1.163257599,0.290296316,-0.115642384
0.004911920,-0.310975075,0.861547232,-0.006965881,-0.070013896,-0.660643756,0.747395098,0.000000000,0.000000000,0.493803222,-1.676413106,-0.830812533,0.058592212,-1.631197895,-0.458353728,-0.077394466,-0.488728334,-1.683543055,0.022674714,0.000006094,2.063871141,-0.788242180,0.002572396,0.519803822,-0.102579921,-0.024709592,-0.173981085,0.043527827,0.500663459,-1.232408047,0.107410692,0.102130175,0.346934795,0.012682494,0.456106752,-1.163434625,0.291731507,-0.116287909
0.004994214,-0.310982496,0.861667991,-0.007087554,-0.069927998,-0.660795987,0.747267365,0.000000000,0.000000000,0.493803222,-1.676413106,-0.830812533,0.058592212,-1.631197895,-0.458353728,-0.077394466,-0.488728334,-1.683543055,0.022674714,0.000006094,2.063871141,-0.788242180,0.002572396,0.521091640,-0.101765223,-0.024785874,-0.173788190,0.043529764,0.499266088,-1.241843581,0.111646213,0.100662783,0.346813709,0.012009751,0.453260034,-1.163599968,0.293102533,-0.117278673
0.005075252,-0.310998052,0.861805677,-0.007048793,-0.069909632,-0.660916746,0.747162700,0.000000000,0.000000000,0.493806732,-1.676387555,-0.830794137,0.058592140,-1.631178217,-0.458352439,-0.077390654,-0.488710952,-1.683554025,0.022670783,0.000006094,2.063866236,-0.788239864,0.002571428,0.522300243,-0.101280406,-0.024836831,-0.173703611,0.043701466,0.497308880,-1.250570059,0.116189614,0.099191502,0.346578240,0.011268319,0.450709850,-1.163475871,0.294295520,-0.118472271
0.005136500,-0.311000586,0.861914635,-0.007070705,-0.070033886,-0.661056936,0.747026742,0.000000000,0.000000000,0.493806732,-1.676387555,-0.830794137,0.058592140,-1.631178217,-0.458352439,-0.077390654,-0.488710952,-1.683554025,0.022670783,0.000006094,2.063866236,-0.788239864,0.002571428,0.523019552,-0.100823745,-0.024858579,-0.173673168,0.044104569,0.494894356,-1.258015037,0.120665900,0.097747773,0.346261680,0.010566888,0.448572159,-1.163302064,0.295490175,-0.119662993
0.005196841,-0.311039209,0.861943722,-0.006819278,-0.070139907,-0.661063015,0.747013748,0.000000000,0.000000000,0.493806732,-1.676387555,-0.830794137,0.058592140,-1.631178217,-0.458352439,-0.077390654,-0.488710952,-1.683554025,0.022670783,0.000006094,2.063866236,-0.788239864,0.002571428,0.523752689,-0.100769505,-0.024845965,-0.173776731,0.044567928,0.492441237,-1.264474630,0.125334516,0.096213654,0.345786989,0.009905539,0.447334737,-1.163082838,0.296288282,-0.120956570
0.005223487,-0.311064839,0.861923337,-0.006650439,-0.070332967,-0.660984635,0.747066498,0.000000000,0.000000000,0.493806732,-1.676387555,-0.830794137,0.058592140,-1.631178217,-0.458352439,-0.077390654,-0.488710952,-1.683554025,0.022670783,0.000006094,2.063866236,-0.788239864,0.002571428,0.524133086,-0.100795388,-0.024836048,-0.173889637,0.045135595,0.489433974,-1.269509554,0.130107760,0.094963141,0.345178366,0.009078349,0.446573138,-1.162851691,0.296748847,-0.122110546
0.005253033,-0.311065018,0.861940503,-0.006624946,-0.070759080,-0.660784781,0.747203290,0.000000000,0.000000000,0.493806732,-1.676387555,-0.830794137,0.058592140,-1.631178217,-0.458352439,-0.077390654,-0.488710952,-1.683554025,0.022670783,0.000006094,2.063866236,-0.788239864,0.002571428,0.523633003,-0.100921631,-0.024700288,-0.174045444,0.045611225,0.486287266,-1.272985697,0.134573251,0.094040990,0.344338745,0.008415837,0.446533054,-1.162117958,0.296818107,-0.122914732
0.005264490,-0.311091900,0.861857593,-0.006485922,-0.071124651,-0.660524487,0.747399926,0.000000000,0.000000000,0.493806732,-1.676387555,-0.830794137,0.058592140,-1.631178217,-0.458352439,-0.077390654,-0.488710952,-1.683554025,0.022670783,0.000006094,2.063866236,-0.788239864,0.002571428,0.523208618,-0.101177335,-0.024441879,-0.174206823,0.046320587,0.483230978,-1.275225401,0.138666555,0.093462132,0.343485832,0.007870700,0.447149724,-1.161411881,0.296406209,-0.123668045
0.005272620,-0.311126679,0.862657964,-0.006307674,-0.071469322,-0.660174608,0.747677624,0.000000000,0.000000000,0.493806732,-1.676387555,-0.830794137,0.058592140,-1.631178217,-0.458352439,-0.077390654,-0.488710952,-1.683554025,0.022670783,0.000006094,2.063866236,-0.788239864,0.002571428,0.522842228,-0.101745829,-0.024157573,-0.174319923,0.046811715,0.480240315,-1.276400685,0.142536774,0.093065202,0.342914730,0.007536069,0.448135912,-1.161226273,0.295908153,-0.123890199
0.005292472,-0.311182857,0.863486767,-0.006033971,-0.071747936,-0.659774423,0.748006344,0.000000000,0.000000000,0.493806732,-1.676387555,-0.830794137,0.058592140,-1.631178217,-0.458352439,-0.077390654,-0.488710952,-1.683554025,0.022670783,0.000006094,2.063866236,-0.788239864,0.002571428,0.522696137,-0.102616623,-0.023882024,-0.174393445,0.047412194,0.477382779,-1.276901484,0.146073192,0.092875160,0.342594028,0.007472177,0.449552834,-1.161404729,0.295481473,-0.124112800
0.005323007,-0.311244965,0.864275396,-0.005611240,-0.072026454,-0.659296572,0.748404086,0.000000000,0.000000000,0.493806732,-1.676387555,-0.830794137,0.058592140,-1.631178217,-0.458352439,-0.077390654,-0.488710952,-1.683554025,0.022670783,0.000006094,2.063866236,-0.788239864,0.002571428,0.522771537,-0.103893012,-0.023630511,-0.174441233,0.048443459,0.474523842,-1.277077079,0.149476752,0.092982538,0.342418790,0.007557767,0.451159596,-1.162129521,0.295041442,-0.124363199
0.005344345,-0.311306685,0.864960015,-0.005118121,-0.072230861,-0.658815086,0.748811841,0.000000000,0.000000000,0.493806732,-1.676387555,-0.830794137,0.058592140,-1.631178217,-0.458352439,-0.077390654,-0.488710952,-1.683554025,0.022670783,0.000006094,2.063866236,-0.788239864,0.002571428,0.522847712,-0.105335452,-0.023398433,-0.174472302,0.049667500,0.472185820,-1.276723027,0.152302355,0.093407169,0.342492700,0.007896435,0.453061998,-1.163102031,0.294612736,-0.124376014
0.005367219,-0.311352938,0.865551353,-0.004524963,-0.072549529,-0.658365786,0.749179959,0.000000000,0.000000000,0.493806732,-1.676387555,-0.830794137,0.058592140,-1.631178217,-0.458352439,-0.077390654,-0.488710952,-1.683554025,0.022670783,0.000006094,2.063866236,-0.788239864,0.002571428,0.522865534,-0.107216045,-0.023140345,-0.174492493,0.051032435,0.470263541,-1.276292086,0.154551461,0.094035685,0.342721939,0.008502993,0.455120504,-1.164194584,0.294181764,-0.124415398
0.005382876,-0.311368167,0.865981162,-0.003991542,-0.072992817,-0.657993138,0.749467254,0.000000000,0.000000000,0.493806732,-1.676387555,-0.830794137,0.058592140,-1.631178217,-0.458352439,-0.077390654,-0.488710952,-1.683554025,0.022670783,0.000006094,2.063866236,-0.788239864,0.002571428,0.522673726,-0.109238043,-0.022847876,-0.174505621,0.052411720,0.468646884,-1.276061654,0.156715214,0.095226198,0.342973948,0.009407491,0.457498550,-1.165384889,0.293694675,-0.124055624
0.005402181,-0.311379552,0.866178870,-0.003349305,-0.073415205,-0.657735348,0.749655366,0.000000000,0.000000000,0.493806732,-1.676387555,-0.830794137,0.058592140,-1.631178217,-0.458352439,-0.077390654,-0.488710952,-1.683554025,0.022670783,0.000006094,2.063866236,-0.788239864,0.002571428,0.522545576,-0.111501016,-0.022449173,-0.174514145,0.054112792,0.467808962,-1.276165247,0.158785984,0.096433714,0.343318731,0.010731071,0.460754484,-1.167114139,0.293187827,-0.123451516
0.005385769,-0.311391205,0.866172016,-0.002775793,-0.073753737,-0.657623529,0.749722600,0.000000000,0.000000000,0.493806732,-1.676387555,-0.830794137,0.058592140,-1.631178217,-0.458352439,-0.077390654,-0.488710952,-1.683554025,0.022670783,0.000006094,2.063866236,-0.788239864,0.002571428,0.522320986,-0.113627091,-0.022047525,-0.174519688,0.055853482,0.467647076,-1.276860237,0.160978764,0.097769938,0.343565792,0.012664892,0.465123683,-1.169389844,0.292691261,-0.122352958
0.005391956,-0.311421871,0.865772367,-0.002115440,-0.074048191,-0.657667160,0.749657452,0.000000000,0.000000000,0.493806732,-1.676387555,-0.830794137,0.058592140,-1.631178217,-0.458352439,-0.077390654,-0.488710952,-1.683554025,0.022670783,0.000006094,2.063866236,-0.788239864,0.002571428,0.522228658,-0.115857229,-0.021427277,-0.174523294,0.057739012,0.468510896,-1.278546810,0.163368210,0.099697664,0.343842447,0.015356086,0.470720291,-1.173041463,0.292906851,-0.120432332
0.005432822,-0.311418593,0.864879668,-0.001408187,-0.074271545,-0.657640934,0.749660075,0.000000000,0.000000000,0.493806732,-1.676387555,-0.830794137,0.058592140,-1.631178217,-0.458352439,-0.077390654,-0.488710952,-1.683554025,0.022670783,0.000006094,2.063866236,-0.788239864,0.002571428,0.521645427,-0.118572384,-0.020814564,-0.174525633,0.059235208,0.471275687,-1.281786919,0.165851742,0.103286110,0.344152361,0.018551383,0.479162633,-1.178655267,0.293694735,-0.117801048
0.005540172,-0.311481893,0.863499641,-0.000493544,-0.074390851,-0.657668650,0.749625087,0.000000000,0.000000000,0.480785833,-1.669372760,-0.826015684,0.061401520,-1.701786604,-0.506729153,-0.069947808,-0.493008116,-1.689515091,0.030558848,0.000000001,2.057287748,-0.818195899,-0.040135370,0.521146476,-0.121749684,-0.019955561,-0.174527168,0.060195632,0.475167900,-1.286213040,0.169126868,0.109343998,0.344566971,0.022227908,0.489345253,-1.185600400,0.295341849,-0.115023732
0.005673517,-0.311685622,0.861273408,0.001079125,-0.073657177,-0.658004880,0.749401748,0.000000000,0.000000000,0.481419570,-1.668995635,-0.823847016,0.061334295,-1.705619937,-0.514451314,-0.068762019,-0.490821191,-1.689005338,0.034276157,0.000000087,2.056372454,-0.821698515,-0.045149858,0.521765232,-0.124722555,-0.018776398,-0.174528152,0.061229169,0.482417405,-1.293429017,0.173277065,0.117452353,0.345287174,0.026916355,0.503023624,-1.194739342,0.298253000,-0.112905420
0.005814913,-0.312034041,0.857728779,0.003133589,-0.071636438,-0.658379257,0.749263048,0.000000000,0.000000000,0.481624683,-1.668970109,-0.802309763,0.062826024,-1.751823368,-0.561687681,-0.057788687,-0.497022591,-1.690742051,0.024589717,0.000000002,2.022166431,-0.882402283,-0.079040686,0.523618340,-0.127227485,-0.017742554,-0.174528793,0.061455991,0.493994087,-1.303394556,0.178359777,0.128091544,0.346414149,0.032941416,0.522391081,-1.205467939,0.301593453,-0.111513354
0.005961359,-0.312511623,0.852695525,0.005432319,-0.068679601,-0.658707559,0.749238253,0.000000000,0.000000000,0.480982429,-1.668509471,-0.799114500,0.062669489,-1.753238821,-0.565666249,-0.056797898,-0.497283449,-1.690849502,0.025964919,0.000000093,2.019697828,-0.885240029,-0.080811648,0.526874959,-0.129277527,-0.016855381,-0.174529210,0.060539901,0.508446455,-1.315088630,0.184896559,0.141592830,0.347427040,0.040818840,0.546849668,-1.216789007,0.304728061,-0.109611407
0.006204021,-0.313344717,0.847603559,0.008252336,-0.063813612,-0.658726692,0.749625862,0.000000000,0.000000000,0.480985602,-1.668526055,-0.799068846,0.062665004,-1.753249149,-0.565743196,-0.056786471,-0.497183610,-1.690865215,0.026043863,0.000000100,2.019711556,-0.885270452,-0.080859069,0.532682002,-0.130705357,-0.016820285,-0.174529493,0.058260635,0.526736677,-1.326520562,0.192016765,0.156005427,0.348793387,0.050211675,0.577641010,-1.227667809,0.305677116,-0.108070768
0.006726887,-0.314812779,0.842901766,0.011866067,-0.057287570,-0.658166230,0.750596166,0.000000000,0.000000000,0.483209029,-1.668921097,-0.796205026,0.062439742,-1.754050481,-0.569902195,-0.055550400,-0.503681898,-1.691923054,0.027192859,0.000000094,2.019700393,-0.888157116,-0.082919847,0.541428804,-0.132826656,-0.017744144,-0.174529672,0.055561848,0.547089338,-1.336359024,0.199087262,0.168936089,0.350643486,0.060542308,0.613136470,-1.236271501,0.303394556,-0.107496738
0.007648313,-0.317020893,0.839235425,0.015368282,-0.050580800,-0.657177150,0.751880109,0.000000000,0.000000000,0.483321616,-1.668942807,-0.796133857,0.062435275,-1.754051415,-0.569996753,-0.055534614,-0.503474484,-1.691965276,0.027262735,0.000000100,2.019719402,-0.888199612,-0.082976817,0.550394177,-0.135967314,-0.019337457,-0.174529791,0.053155556,0.563835382,-1.343383312,0.206560239,0.178309590,0.352270842,0.070417434,0.647225499,-1.242772222,0.299363285,-0.106944263
0.009197593,-0.320636600,0.837676764,0.019801632,-0.042286098,-0.655760348,0.753523827,0.000000000,0.000000000,0.474545640,-1.665604473,-0.749568919,0.058037728,-1.781090902,-0.631609969,-0.025419586,-0.506491519,-1.695226003,0.025056940,0.000043323,1.995335471,-0.975058190,-0.117058565,0.559653819,-0.139897212,-0.021539994,-0.174529850,0.050994277,0.577809572,-1.347337008,0.214491948,0.184152111,0.354678631,0.078202806,0.679529488,-1.247446895,0.294261336,-0.107416317
0.011291751,-0.325620413,0.838579357,0.024733428,-0.033505388,-0.653477728,0.755799234,0.000000000,0.000000000,0.474542250,-1.665607605,-0.749534740,0.058037599,-1.781087266,-0.631626347,-0.025416959,-0.506333387,-1.695232701,0.025065610,0.000043309,1.995337511,-0.975062807,-0.117067609,0.568986118,-0.145336196,-0.024116825,-0.174529895,0.049259767,0.584304035,-1.349283338,0.224473953,0.185119390,0.357393503,0.082628205,0.705751657,-1.251291752,0.289130926,-0.107644640
0.013751756,-0.331551671,0.841523826,0.029970374,-0.024679147,-0.650439620,0.758565068,0.000000000,0.000000000,0.477617903,-1.663339148,-0.748159015,0.061035085,-1.780499278,-0.631849118,-0.025399292,-0.505498783,-1.694871239,0.024712385,0.000042880,1.994725321,-0.975144261,-0.117143616,0.577519953,-0.152036950,-0.026910644,-0.174529925,0.047949478,0.585000157,-1.349142313,0.235977054,0.181983560,0.360544860,0.083924755,0.727093220,-1.254611254,0.284375846,-0.107319497
0.016375059,-0.337864280,0.845675826,0.034542404,-0.017157298,-0.646947801,0.761558235,0.000000000,0.000000000,0.487916186,-1.659688335,-0.744714601,0.072131256,-1.778557192,-0.631936345,-0.025503652,-0.504984543,-1.693524940,0.022087909,0.000041865,1.990749457,-0.974978246,-0.116849565,0.584431589,-0.159195364,-0.029537702,-0.174529940,0.047228836,0.579095542,-1.348508835,0.249744818,0.176467627,0.363380134,0.081885651,0.741730154,-1.257912755,0.280630201,-0.106096201
0.019062920,-0.344286978,0.850982666,0.037486855,-0.011128125,-0.643352985,0.764570355,0.000000000,0.000000000,0.504593850,-1.664752335,-0.696584450,0.091661200,-1.782577131,-0.654552817,-0.026199721,-0.513254704,-1.696379823,-0.034441535,0.000000011,1.948400498,-0.964055849,-0.135063505,0.588790655,-0.165147454,-0.031969622,-0.174529955,0.047109466,0.566748619,-1.345373750,0.265127987,0.168637574,0.365496278,0.076957002,0.748972416,-1.259902000,0.278051049,-0.103767082
0.021809034,-0.351026714,0.858324349,0.039283920,-0.006357155,-0.640082657,0.767274737,0.000000000,0.000000000,0.507988251,-1.662018977,-0.673355493,0.104124231,-1.811504566,-0.655131931,-0.028027120,-0.504116563,-1.691375027,-0.061019903,0.000000000,1.902612663,-0.937890516,-0.145935980,0.590368211,-0.169182509,-0.033137333,-0.174529970,0.046158403,0.547868550,-1.335896134,0.280359834,0.160668999,0.365775198,0.070852429,0.747876227,-1.257138848,0.276680201,-0.099441901
0.024790671,-0.358213395,0.867941499,0.040399790,-0.002366605,-0.636588514,0.770141125,0.000000000,0.000000000,0.513192312,-1.663465481,-0.711070617,0.152986511,-1.836788081,-0.636760831,-0.037534575,-0.507022195,-1.690572687,-0.096988902,0.000000001,1.859074125,-0.902471363,-0.149431035,0.589288175,-0.172311395,-0.033717893,-0.174529970,0.044146251,0.523079991,-1.318986535,0.295147985,0.151998207,0.363565505,0.064288601,0.741448283,-1.248311877,0.274127245,-0.093186751
0.028087717,-0.365962684,0.880032778,0.040798437,0.000631773,-0.633052945,0.773032427,0.000000000,0.000000000,0.494982977,-1.662522489,-0.812053058,0.217950048,-1.841610061,-0.605346142,-0.057445077,-0.502216487,-1.687945624,-0.116803924,0.000000000,1.819020080,-0.864840250,-0.145946502,0.583529711,-0.174192771,-0.032947157,-0.174529970,0.041054375,0.493949294,-1.293323278,0.307859361,0.144555897,0.357703149,0.058379471,0.729936123,-1.232074022,0.270714402,-0.083523802
0.031887211,-0.374540865,0.895349801,0.040032148,0.003559121,-0.629661560,0.775829315,0.000000000,0.000000000,0.478302693,-1.651386971,-0.901294204,0.236590851,-1.856520026,-0.565974495,-0.085119804,-0.499299088,-1.686543537,-0.124530513,0.000000000,1.788274962,-0.825081665,-0.138406955,0.571385026,-0.172918275,-0.031733349,-0.174529970,0.035406727,0.461694807,-1.256111622,0.317004263,0.138602078,0.347942382,0.053967528,0.715045929,-1.206124663,0.266609043,-0.071832895
0.036282569,-0.384248674,0.913287520,0.037569411,0.005697963,-0.626746893,0.778295815,0.000000000,0.000000000,0.455012700,-1.622242599,-0.988401556,0.243282528,-1.876206733,-0.520175117,-0.116111463,-0.489681602,-1.683752766,-0.133255759,0.000000012,1.735292633,-0.779066653,-0.123142038,0.551347494,-0.167926490,-0.029961735,-0.174529970,0.027277416,0.426702976,-1.209557533,0.321613252,0.133294791,0.334661186,0.050961167,0.694264293,-1.170228243,0.261831522,-0.056371402
0.041949540,-0.395827800,0.934855044,0.033601444,0.006795844,-0.624898076,0.779953301,0.000000000,0.000000000,0.407286055,-1.586149375,-1.100460173,0.258224921,-1.890242491,-0.466056815,-0.146439098,-0.459240346,-1.674075566,-0.106939785,0.000000000,1.668460539,-0.737806983,-0.105511494,0.520377815,-0.159326956,-0.026923332,-0.174529970,0.015201533,0.388871908,-1.150405645,0.321758479,0.129456162,0.317469299,0.051452510,0.667400658,-1.120083809,0.257104695,-0.036515173
0.049244493,-0.409984231,0.956881523,0.027828773,0.006117299,-0.624150753,0.780784190,0.000000000,0.000000000,0.324313678,-1.555736303,-1.260530719,0.345513562,-1.869738132,-0.408086838,-0.159127531,-0.420346122,-1.662378601,-0.105940416,0.000000000,1.602339831,-0.705913082,-0.091425412,0.481056213,-0.148343861,-0.023070455,-0.174529970,0.001590243,0.348835051,-1.086959243,0.316539377,0.127876356,0.297836095,0.052118108,0.632329583,-1.061779737,0.253123224,-0.013485411
0.058291707,-0.427562177,0.980543315,0.019648086,0.003452156,-0.624856293,0.780484915,0.000000000,0.000000000,0.238168036,-1.516279617,-1.371495339,0.397219204,-1.840007251,-0.346281479,-0.149918886,-0.370084456,-1.653875678,-0.149454844,0.000000000,1.550500788,-0.684882955,-0.081367136,0.431791544,-0.134003490,-0.018207727,-0.174529970,-0.013776926,0.302193135,-1.012893200,0.306171000,0.128852174,0.276167661,0.053547516,0.588733613,-0.992307544,0.250186086,0.011981154
0.068647347,-0.449295878,1.004254103,0.011135517,-0.000068323,-0.627743781,0.778340399,0.000000000,0.000000000,0.157844599,-1.463646700,-1.443356356,0.403643698,-1.794308465,-0.282338837,-0.128594419,-0.302572790,-1.646186605,-0.208764286,0.000000000,1.521994163,-0.671381090,-0.073923232,0.379855484,-0.118469588,-0.008343129,-0.174529970,-0.026723614,0.253666610,-0.939845204,0.288907349,0.135572791,0.254721582,0.052970372,0.528227866,-0.911234319,0.248941258,0.038772024
0.079600357,-0.475130320,1.036696076,0.003576612,-0.000523124,-0.632745087,0.774351716,0.000000000,0.000000000,0.099391469,-1.445836573,-1.441639115,0.400783062,-1.792846162,-0.279363891,-0.127782875,-0.259249891,-1.638045729,-0.216841338,0.006978449,1.512777414,-0.671667078,-0.072324733,0.333554149,-0.098682456,0.005823299,-0.174529970,-0.034439437,0.203491628,-0.865463316,0.266698122,0.143778637,0.234601662,0.048324220,0.457947820,-0.822363198,0.247585937,0.062879764
0.090785436,-0.503480613,1.067374825,-0.002734177,0.003029238,-0.638878167,0.769297123,0.000000000,0.000000000,0.073289113,-1.436618042,-1.437598739,0.400942145,-1.790144152,-0.278048822,-0.127896654,-0.240344674,-1.631018712,-0.220905643,0.016777745,1.507468819,-0.671981933,-0.071443442,0.298216343,-0.074546017,0.022050254,-0.174529970,-0.035976440,0.161523700,-0.802720785,0.241908967,0.152132183,0.215128928,0.038550772,0.386949599,-0.735559940,0.244207442,0.082492322
0.101811223,-0.532577515,1.090548635,-0.006831722,0.008311278,-0.645046353,0.764067709,0.000000000,0.000000000,0.057088991,-1.429364917,-1.432989516,0.401110847,-1.786591689,-0.277000707,-0.128101202,-0.230036623,-1.629932923,-0.223552533,0.021884785,1.503959277,-0.672111960,-0.070846857,0.274537325,-0.051122330,0.038663678,-0.174529970,-0.030112697,0.131312728,-0.760786355,0.218604743,0.161277533,0.196531534,0.022262977,0.321335256,-0.660581172,0.241910130,0.097675875
0.111682504,-0.561171710,1.107599378,-0.009737547,0.013426563,-0.649327040,0.760328412,0.000000000,0.000000000,0.044062084,-1.424624222,-1.427743759,0.402414396,-1.781501800,-0.276022247,-0.128852915,-0.222393350,-1.622241014,-0.226184173,0.030477548,1.500306528,-0.672286020,-0.070222290,0.258993089,-0.028867170,0.051996164,-0.174529970,-0.021727152,0.109903693,-0.735733509,0.197541654,0.169822037,0.177358061,0.002081252,0.259436101,-0.593628347,0.240818620,0.110499576
0.120436922,-0.588586390,1.119517684,-0.009847546,0.017026760,-0.651278973,0.758583367,0.000000000,0.000000000,0.033454729,-1.417873475,-1.418078458,0.407177832,-1.771247060,-0.274812762,-0.130863783,-0.215703077,-1.608473644,-0.229837318,0.041937630,1.494984522,-0.672420379,-0.069394386,0.250357568,-0.010426964,0.061120689,-0.174529970,-0.011893676,0.100809328,-0.727824211,0.181733340,0.176062524,0.154526681,-0.019240463,0.202976614,-0.534960628,0.240882456,0.121880107
0.127945676,-0.614097714,1.127555251,-0.007640568,0.018422378,-0.650989413,0.758824766,0.000000000,0.000000000,0.028282959,-1.414142613,-1.408036011,0.413316375,-1.759680949,-0.273973792,-0.133545551,-0.211214629,-1.594199892,-0.232993529,0.051394486,1.490258320,-0.672541756,-0.068681248,0.247882634,0.003720450,0.065830104,-0.174529970,-0.002936412,0.109529212,-0.731563330,0.167894796,0.179982573,0.128096461,-0.039198481,0.148542508,-0.485221893,0.244989380,0.132863194
0.134327814,-0.637010455,1.132330775,-0.004312048,0.017410150,-0.649676621,0.759999096,0.000000000,0.000000000,0.024288618,-1.413866014,-1.395400417,0.419560328,-1.743169578,-0.273029234,-0.137642692,-0.207189567,-1.579402599,-0.236472230,0.060974887,1.484964752,-0.672193830,-0.067855398,0.247266442,0.015539121,0.066581160,-0.174529970,0.005740960,0.135531023,-0.732339740,0.152069345,0.181457311,0.097959705,-0.057315864,0.098955229,-0.445585996,0.253715843,0.141281441
0.139578879,-0.657383025,1.134805560,-0.000491671,0.014549468,-0.647344291,0.762058735,0.000000000,0.000000000,0.022524750,-1.412528497,-1.384716799,0.425579989,-1.729356895,-0.272654667,-0.141050411,-0.202410314,-1.563188405,-0.239615098,0.070024160,1.480051461,-0.671950832,-0.067097580,0.244454712,0.025801437,0.065738045,-0.174529970,0.014292584,0.176217690,-0.716350317,0.128729329,0.184332013,0.065883465,-0.076437183,0.058616087,-0.413188010,0.262912333,0.145644367
0.143957645,-0.675925255,1.134886265,0.002998719,0.010613357,-0.643006623,0.765781164,0.000000000,0.000000000,-0.002389623,-1.409415011,-1.337104486,0.442692889,-1.667707385,-0.274795547,-0.156017080,-0.181416132,-1.537301598,-0.253919104,0.085926211,1.459238555,-0.671526142,-0.063699626,0.240226224,0.033658691,0.062627412,-0.174529970,0.028225109,0.218839914,-0.676447630,0.095837906,0.189716935,0.035162307,-0.100269265,0.031551413,-0.396005839,0.272761047,0.143591285
0.148134395,-0.693612218,1.134574413,0.006200944,0.006201492,-0.636992931,0.770819724,0.000000000,0.000000000,-0.083910203,-1.395803393,-1.283626832,0.413762568,-1.502181292,-0.196903380,-0.123840114,-0.196354940,-1.548037335,-0.322786118,0.084087624,1.387004432,-0.663387334,-0.035946163,0.231944025,0.036811262,0.059244156,-0.174529970,0.046678558,0.263507366,-0.613955557,0.053040799,0.198538721,0.010066438,-0.128036648,0.016567329,-0.383876324,0.279660583,0.136978865
0.152547777,-0.711047411,1.132579207,0.009130687,0.002199493,-0.630067468,0.776483655,0.000000000,0.000000000,-0.096668632,-1.379715404,-1.264164996,0.412013454,-1.366771426,-0.134006167,-0.095914389,-0.202238925,-1.543969332,-0.336836016,0.084627645,1.363242381,-0.659359189,-0.024867689,0.224904031,0.038730338,0.053851437,-0.174529970,0.067036115,0.299449623,-0.538810134,0.002834631,0.206752002,-0.011943976,-0.153697252,0.005172377,-0.386245370,0.288800716,0.127127320
0.157584637,-0.727061689,1.129928112,0.011233639,-0.001861382,-0.622461200,0.782567859,0.000000000,0.000000000,-0.111902166,-1.365666658,-1.263421827,0.414694934,-1.245867807,-0.084652518,-0.073523946,-0.216337096,-1.553605353,-0.315861042,0.084324461,1.371705240,-0.664991821,-0.019292812,0.215634406,0.039386854,0.048440445,-0.174529970,0.084849536,0.328688592,-0.464478225,-0.047321927,0.215540573,-0.031134862,-0.176834136,-0.005444000,-0.394103259,0.298754215,0.116749331
0.162636027,-0.740048051,1.127282023,0.013140954,-0.004788544,-0.614455819,0.788827300,0.000000000,0.000000000,-0.142719345,-1.360027012,-1.236925212,0.395327159,-1.114346565,-0.042068458,-0.055201429,-0.194440872,-1.560551895,-0.313540963,0.086781745,1.370969232,-0.668957065,-0.008273171,0.206159860,0.040935464,0.042481139,-0.174529970,0.096109696,0.350733310,-0.398617327,-0.094633542,0.224061042,-0.048196502,-0.193061858,-0.018716812,-0.397481799,0.306041837,0.107618019
0.167504221,-0.749621868,1.123589158,0.015954077,-0.007182685,-0.606463611,0.794918716,0.000000000,0.000000000,-0.169387277,-1.358564137,-1.210207313,0.381247999,-0.989625630,-0.007362492,-0.035646741,-0.189073184,-1.559336472,-0.318097121,0.087480494,1.370864890,-0.682365530,0.000371424,0.199056059,0.042879008,0.036499079,-0.174529970,0.099752069,0.365315348,-0.346832722,-0.132734954,0.227847919,-0.065231323,-0.196440011,-0.032430787,-0.402648300,0.309996784,0.100480065
0.172154397,-0.756080389,1.117859125,0.019662840,-0.009676102,-0.598761261,0.800627649,0.000000000,0.000000000,-0.187061215,-1.356084746,-1.190829228,0.364702369,-0.876603794,0.021367181,-0.011790741,-0.192217732,-1.571864119,-0.312879902,0.086130657,1.380719585,-0.704923691,0.006134159,0.194021538,0.043733396,0.031819884,-0.174529970,0.096117303,0.374445736,-0.308040977,-0.161453068,0.230373263,-0.081191882,-0.188356563,-0.050869714,-0.413036585,0.312296659,0.092776664
0.176392674,-0.760390759,1.111575127,0.024234893,-0.011742649,-0.590538085,0.806560338,0.000000000,0.000000000,-0.209298290,-1.354349141,-1.178982884,0.348312213,-0.775158311,0.045340549,0.018344383,-0.191393765,-1.578792643,-0.301593060,0.086214457,1.399654798,-0.731809466,0.012412749,0.192106500,0.042595137,0.026868960,-0.174529970,0.087651014,0.375795126,-0.278710246,-0.178311422,0.229019105,-0.092527151,-0.171985060,-0.068269856,-0.437477976,0.311864138,0.079994507
0.180385992,-0.763382554,1.114105582,0.031102648,-0.011236141,-0.582356393,0.812260687,0.000000000,0.000000000,-0.226115836,-1.354661268,-1.189940575,0.337430647,-0.699897132,0.066307972,0.052679412,-0.191704710,-1.590945084,-0.298480095,0.084634145,1.416789178,-0.724206309,0.015481282,0.189480573,0.037254207,0.025868081,-0.174529970,0.073325805,0.384622365,-0.256880820,-0.189433560,0.227688670,-0.091655985,-0.148257896,-0.073351063,-0.470773488,0.306729615,0.064370461
0.184343249,-0.766306162,1.116038203,0.037182126,-0.011155808,-0.573666811,0.818168342,0.000000000,0.000000000,-0.238159756,-1.349793174,-1.238170707,0.329806761,-0.665259865,0.083769638,0.083810221,-0.192522675,-1.605579533,-0.281910699,0.086550099,1.451973638,-0.721242276,0.024084506,0.186705694,0.030772824,0.024373628,-0.174529970,0.051323049,0.390422523,-0.243552715,-0.193325013,0.223342538,-0.082346007,-0.116381750,-0.074703030,-0.512699246,0.298338681,0.048848115
0.188379496,-0.770687580,1.115633726,0.040320471,-0.015581104,-0.563956976,0.824672043,0.000000000,0.000000000,-0.245877440,-1.333444931,-1.359017900,0.336479340,-0.706677071,0.093052445,0.099044722,-0.188955099,-1.600859558,-0.291259219,0.085277096,1.470859342,-0.726964825,0.029448722,0.187021881,0.024667036,0.016564926,-0.174529970,0.023665024,0.372913569,-0.237553999,-0.183600590,0.212913498,-0.069872893,-0.077880703,-0.092289992,-0.558105826,0.291441739,0.037975267
0.192178339,-0.777064383,1.112198353,0.043802675,-0.019423170,-0.555014729,0.830459297,0.000000000,0.000000000,-0.240617652,-1.312332076,-1.492668291,0.339100853,-0.775957751,0.096882532,0.100285369,-0.171345885,-1.565080805,-0.326857562,0.086061555,1.479346242,-0.793620914,0.033199373,0.195116788,0.019558992,0.008628614,-0.174529970,-0.007392352,0.336977929,-0.235015869,-0.162734792,0.193552002,-0.058093902,-0.042606831,-0.100173935,-0.633019626,0.281987101,0.028635256
0.195949674,-0.785275102,1.106191039,0.047502328,-0.022518273,-0.547660172,0.835047841,0.000000000,0.000000000,-0.208742094,-1.304761563,-1.569508315,0.346733750,-0.799047945,0.097929106,0.101881763,0.037047587,-1.584677397,-0.441088676,0.089954659,1.389571235,-0.874695508,-0.021930653,0.206195623,0.014909917,0.003413920,-0.174529970,-0.035031103,0.288932830,-0.233045384,-0.133358508,0.174770668,-0.048767958,-0.013812535,-0.094120957,-0.718447924,0.273263544,0.025423778
0.199855179,-0.794855595,1.116164446,0.051335227,-0.024309084,-0.541026533,0.839085221,0.000000000,0.000000000,-0.186994417,-1.307923217,-1.601154037,0.342036844,-0.781626846,0.100553870,0.106193395,0.037293791,-1.584404755,-0.523334462,0.091141573,1.320322172,-0.853838621,-0.021080938,0.219216585,0.009311802,-0.000540842,-0.174529970,-0.056804717,0.235315800,-0.232055917,-0.099776059,0.161752537,-0.041005127,0.007681816,-0.078828201,-0.800734282,0.266026735,0.027742937
0.204202682,-0.804663777,1.125250578,0.056939106,-0.024402430,-0.534026980,0.843194902,0.000000000,0.000000000,-0.146573285,-1.317746825,-1.583027497,0.354665491,-0.706334699,0.103970535,0.118559209,0.149788331,-1.575093845,-0.450549614,0.117195411,1.410641320,-0.793609091,0.012134049,0.233581156,0.000027517,-0.003953877,-0.174529970,-0.070479423,0.183029085,-0.231684104,-0.065881997,0.153431043,-0.034804206,0.024016028,-0.037088014,-0.893458307,0.263101727,0.032374486
0.209039256,-0.815181315,1.133507967,0.061314430,-0.023761336,-0.525178909,0.848447442,0.000000000,0.000000000,-0.125521394,-1.334787506,-1.551105135,0.354870472,-0.612317684,0.112265195,0.129780819,0.192144681,-1.589800871,-0.416923617,0.125439184,1.457655366,-0.738142899,0.057602370,0.246626213,-0.009446038,-0.007136595,-0.174529970,-0.083217040,0.125790402,-0.233539671,-0.028879564,0.149548233,-0.029467624,0.038816817,0.026181478,-0.966887951,0.257066667,0.043506324
0.215053052,-0.826927662,1.139834166,0.063184597,-0.023350902,-0.514943004,0.854573667,0.000000000,0.000000000,-0.103914042,-1.343476266,-1.544988636,0.362488190,-0.589544176,0.113985768,0.130754933,0.212313437,-1.598223587,-0.420098356,0.123721257,1.459256492,-0.730369440,0.061910975,0.255597442,-0.017177114,-0.008048818,-0.174529970,-0.092276275,0.066420048,-0.235385627,0.008176578,0.151188180,-0.019357381,0.052283220,0.097305685,-1.003697515,0.244085029,0.054303169
0.222438782,-0.839688897,1.143706679,0.064149894,-0.020911666,-0.501140416,0.862731576,0.000000000,0.000000000,-0.101565382,-1.347957442,-1.540159073,0.363195587,-0.577746859,0.117894913,0.129199441,0.219973645,-1.603187263,-0.422793720,0.121489830,1.459846379,-0.726807825,0.064322555,0.261253089,-0.023110580,-0.008492260,-0.174529970,-0.103074118,0.015408246,-0.238750428,0.041470256,0.155793160,-0.007923341,0.067680880,0.171014979,-1.002643108,0.223049060,0.067222185
0.232036203,-0.853650153,1.145257950,0.061673723,-0.021102170,-0.483781338,0.872758090,0.000000000,0.000000000,-0.092715530,-1.359085230,-1.499393449,0.362092365,-0.535565117,0.140867513,0.116265842,0.235048454,-1.609494868,-0.431497029,0.117949777,1.458670984,-0.713691841,0.073357954,0.259814680,-0.028343838,-0.007144966,-0.174529970,-0.117353410,-0.038864892,-0.242595106,0.076199129,0.161415964,0.001100749,0.088541456,0.232180253,-0.966888964,0.199241683,0.084308237
0.243563712,-0.868411541,1.144803882,0.059312228,-0.019393792,-0.463272870,0.884015918,0.000000000,0.000000000,-0.064159726,-1.402757660,-1.462432974,0.364494197,-0.436429758,0.150643626,0.116938084,0.248018051,-1.607911766,-0.441054185,0.107754655,1.463546701,-0.688816760,0.090139310,0.251821816,-0.032466024,-0.003409689,-0.174529970,-0.139308482,-0.078020155,-0.250772446,0.107754275,0.167609602,-0.000663513,0.113356858,0.297634661,-0.893255711,0.163763762,0.103665233
0.257524043,-0.883986235,1.143525720,0.057598457,-0.016523136,-0.441808641,0.895105958,0.000000000,0.000000000,-0.046735204,-1.419864264,-1.446359206,0.364297578,-0.395879507,0.155272250,0.117477880,0.236087094,-1.602940509,-0.436729894,0.105888297,1.468579292,-0.678623336,0.094991201,0.235656217,-0.036361124,0.001756262,-0.174529970,-0.168343484,-0.100700751,-0.260483861,0.134319544,0.172633976,-0.014263637,0.140624255,0.361893713,-0.787229419,0.117475815,0.122580692
0.274383754,-0.900634170,1.146008492,0.055054430,-0.013115506,-0.421586484,0.905020356,0.000000000,0.000000000,-0.022092091,-1.449166362,-1.398615709,0.348301433,-0.310444265,0.165162849,0.115156457,0.231914337,-1.595697735,-0.411597226,0.097150365,1.484702934,-0.656014515,0.104537322,0.211941451,-0.040073004,0.006722181,-0.171237320,-0.203871608,-0.115286447,-0.268522292,0.154562131,0.175443530,-0.036303177,0.166980982,0.421783656,-0.658257067,0.062432881,0.140062720
0.293748260,-0.918286085,1.147177815,0.051275928,-0.009468921,-0.404009938,0.913267255,0.000000000,0.000000000,0.006329582,-1.476593986,-1.351503457,0.336693305,-0.232316508,0.172670340,0.114507047,0.199505283,-1.592169001,-0.383321346,0.102828152,1.500899739,-0.636456445,0.111612552,0.184479088,-0.047815852,0.010903098,-0.158666402,-0.238610819,-0.127899319,-0.272268653,0.169708908,0.173436999,-0.052795596,0.191823184,0.479842961,-0.530499339,0.002888391,0.149973035
0.314930588,-0.936195731,1.146331072,0.047640555,-0.005591226,-0.387820572,0.920485914,0.000000000,0.000000000,0.064140608,-1.555621536,-1.110290573,0.287584247,0.059870041,0.195204386,0.102991200,0.166497977,-1.604212457,-0.282389547,0.130840719,1.633938358,-0.548524866,0.182977934,0.157674238,-0.060103394,0.014344865,-0.140837744,-0.266593665,-0.138316259,-0.274383426,0.182647914,0.167926088,-0.060945757,0.215779498,0.540988743,-0.433453530,-0.049522415,0.151927456
0.337427258,-0.953621387,1.143942118,0.044022828,-0.002382869,-0.371680617,0.927313268,0.000000000,0.000000000,0.087292071,-1.577393201,-1.032338127,0.281332652,0.168128171,0.202181189,0.103927020,0.161918333,-1.597690336,-0.249170225,0.110651211,1.662821297,-0.505367165,0.196199355,0.133995593,-0.074904822,0.017191764,-0.122596726,-0.289482206,-0.154364258,-0.272938132,0.192442805,0.161865026,-0.063389927,0.239140868,0.594822884,-0.373287588,-0.087477937,0.151494056
0.361687183,-0.970167935,1.140604615,0.041253358,0.000113126,-0.355411023,0.933799326,0.000000000,0.000000000,0.111422037,-1.588894290,-0.984602456,0.275434790,0.232705344,0.206022933,0.105989731,0.151286775,-1.596233476,-0.231310927,0.102175618,1.678640489,-0.476840814,0.202967066,0.115290381,-0.088078462,0.020005111,-0.113251120,-0.308640659,-0.180416971,-0.266881645,0.198617905,0.159173533,-0.065524794,0.260672867,0.624905288,-0.334816039,-0.114181831,0.151357517
0.387229055,-0.985929370,1.138522744,0.039150521,0.005173960,-0.339886844,0.939636827,0.000000000,0.000000000,0.126955904,-1.604992934,-0.881139813,0.260143986,0.352899584,0.211133880,0.113648991,0.134682115,-1.599238564,-0.186232427,0.103427463,1.718004954,-0.425832519,0.216320441,0.096561141,-0.094409235,0.026370071,-0.111043438,-0.330228597,-0.204951227,-0.253778875,0.190390170,0.160442963,-0.074090697,0.274688303,0.642348468,-0.306808978,-0.135158062,0.155537114
0.415309280,-1.000791788,1.137328386,0.035326656,0.004006489,-0.321486622,0.946246445,0.000000000,0.000000000,0.131548010,-1.614430699,-0.798351197,0.232139849,0.484112158,0.208600018,0.122478781,0.130840179,-1.598465801,-0.146271104,0.103774841,1.804015571,-0.362810084,0.250217968,0.088588320,-0.089747570,0.029088803,-0.133263737,-0.339336127,-0.265677035,-0.244322523,0.166227832,0.172507137,-0.080591619,0.280065387,0.612321556,-0.293123484,-0.128061339,0.163707197
0.444306970,-1.014704704,1.134746194,0.030928526,0.002092029,-0.302503586,0.952644050,0.000000000,0.000000000,0.133125307,-1.619776860,-0.738174822,0.224839323,0.558937627,0.207212779,0.133946155,0.117288024,-1.597323194,-0.098902382,0.099958982,1.840945634,-0.322392874,0.254952530,0.084727742,-0.088372454,0.032506235,-0.147706926,-0.339614421,-0.312454015,-0.269728392,0.137995198,0.185413629,-0.073239759,0.268412650,0.573354065,-0.290383160,-0.108114414,0.169859171
0.473963082,-1.027313232,1.130570412,0.025896356,0.000134821,-0.280871898,0.959395885,0.000000000,0.000000000,0.127665846,-1.620105846,-0.703051619,0.217853626,0.602288131,0.205850788,0.141181749,0.096772629,-1.592338021,-0.091897103,0.092609196,1.869914521,-0.287126736,0.264345650,0.087481968,-0.085695639,0.037885822,-0.157095000,-0.333525121,-0.332712203,-0.346937865,0.111374930,0.198896319,-0.060504854,0.240402222,0.526243031,-0.298025399,-0.075265467,0.175439775
0.503419876,-1.038065195,1.124274731,0.021411352,-0.002510191,-0.255717486,0.966511190,0.000000000,0.000000000,0.132872573,-1.621949364,-0.697495668,0.218996799,0.610355658,0.205732377,0.142624572,0.064717076,-1.590280279,-0.085274640,0.104231396,1.875595171,-0.279599494,0.265925300,0.097012214,-0.081756577,0.044602349,-0.163197249,-0.314505339,-0.320140123,-0.462330461,0.095851950,0.207149714,-0.046919350,0.192890704,0.470495671,-0.312506199,-0.031567652,0.176862612
0.531571150,-1.046731234,1.118687868,0.018395361,-0.006605294,-0.226699188,0.973768711,0.000000000,0.000000000,0.155496839,-1.622866608,-0.683122539,0.220696963,0.632795156,0.204189682,0.148318713,-0.000829080,-1.597411981,-0.028453140,0.122117652,1.904704615,-0.264097419,0.264388868,0.111762911,-0.075701952,0.051697165,-0.167163700,-0.282492578,-0.276595235,-0.587118328,0.095901541,0.205858886,-0.039523259,0.127541170,0.407014728,-0.326997161,0.017143672,0.176802948
0.557096720,-1.054010034,1.116938114,0.017271336,-0.011541708,-0.194096744,0.980762422,0.000000000,0.000000000,0.173327572,-1.628368690,-0.653083221,0.251180429,0.749466619,0.196124819,0.185467128,-0.034136593,-1.612191240,0.193464399,0.179253236,2.087454463,-0.232283446,0.259858992,0.122476190,-0.067648754,0.055901162,-0.169741899,-0.247696936,-0.217946738,-0.682768941,0.104618974,0.200545311,-0.040490448,0.053816084,0.352387816,-0.342898577,0.063059442,0.173384339
0.579631746,-1.060264111,1.121113420,0.018622145,-0.014897789,-0.159438625,0.986919761,0.000000000,0.000000000,0.185221456,-1.627000439,-0.658524867,0.210213452,0.847018089,0.184903712,0.221682483,-0.055784076,-1.617603158,0.389610251,0.197508180,2.221788019,-0.204439673,0.263490319,0.132631823,-0.056659184,0.065931298,-0.171417430,-0.213564292,-0.138637722,-0.747487247,0.113830574,0.193735987,-0.051203057,-0.022722624,0.307331026,-0.363482803,0.106023654,0.168022826
0.599143922,-1.065561771,1.128117800,0.021327265,-0.017184826,-0.122638322,0.992073476,0.000000000,0.000000000,0.189403541,-1.626617394,-0.654712955,0.192459877,0.915141046,0.177563150,0.247703003,-0.086020182,-1.617378907,0.525803321,0.159348104,2.289034449,-0.188993081,0.263569013,0.138021812,-0.044200797,0.074954145,-0.172506556,-0.174338564,-0.047238525,-0.776649475,0.115772292,0.189454198,-0.067958608,-0.093992516,0.271370679,-0.384420782,0.146275237,0.162239999
0.615854502,-1.070497394,1.134309411,0.025332123,-0.016924361,-0.084059596,0.995994866,0.000000000,0.000000000,0.184831498,-1.625810929,-0.643001216,0.187068536,1.007341613,0.170250308,0.291535422,-0.137514489,-1.624035650,0.556453295,0.096897729,2.412739876,-0.179520539,0.293653228,0.140337244,-0.034937046,0.087194324,-0.173214763,-0.126811504,0.046991002,-0.763186932,0.104810193,0.192332998,-0.083642304,-0.162624419,0.246993899,-0.404284060,0.181560695,0.153046817
0.631572783,-1.074556112,1.135791779,0.028909305,-0.017077025,-0.039565425,0.998652697,0.000000000,0.000000000,0.178822339,-1.624457726,-0.638684357,0.190048955,1.081430321,0.164542912,0.325617870,-0.179798722,-1.631550151,0.539817754,0.080418563,2.474287327,-0.187469306,0.326092171,0.135316908,-0.030643627,0.093514234,-0.173675090,-0.073632129,0.141020268,-0.704076886,0.074174441,0.200172424,-0.094698735,-0.225249067,0.224318936,-0.420283109,0.215681329,0.142518386
0.647886395,-1.077499628,1.128362179,0.031287972,-0.016407007,0.007698815,0.999346077,0.000000000,0.000000000,0.180259293,-1.602523606,-0.638894641,0.170226294,1.160513285,0.165116660,0.352273737,-0.240541337,-1.638693933,0.490412763,0.060041880,2.527516927,-0.212850502,0.357794912,0.125400767,-0.033381317,0.095109731,-0.173974305,-0.017059900,0.223916575,-0.605587602,0.024407592,0.212638259,-0.093019798,-0.286525518,0.206500649,-0.434066057,0.249500513,0.126350358
0.665220141,-1.078867197,1.129340768,0.031801850,-0.016695837,0.052301839,0.997985184,0.000000000,0.000000000,0.164443176,-1.621137520,-0.634552480,0.239137899,1.230673069,0.173319227,0.351725905,-0.320758770,-1.649338044,0.392358666,0.026423830,2.578746345,-0.243692136,0.389059787,0.111176901,-0.041808136,0.093535900,-0.174168795,0.035046592,0.296592265,-0.482546359,-0.041420944,0.228272945,-0.076252110,-0.341429055,0.190892950,-0.444693655,0.282468706,0.108417362
0.683804750,-1.078191280,1.133923650,0.030730715,-0.017018145,0.099276908,0.994439542,0.000000000,0.000000000,0.153696692,-1.616395960,-0.630184727,0.243747898,1.314801984,0.189126794,0.341604164,-0.313840871,-1.646748217,0.316573367,0.021136579,2.642793946,-0.262212465,0.394531339,0.090489134,-0.053328067,0.074305788,-0.174295217,0.074697226,0.381504238,-0.389617801,-0.100837328,0.242513210,-0.047905333,-0.384828150,0.180878416,-0.451687366,0.311711162,0.089275450
0.703513026,-1.075853109,1.136956096,0.030556900,-0.014275588,0.139316276,0.989673436,0.000000000,0.000000000,0.141862428,-1.615863765,-0.622735207,0.245375942,1.321578091,0.191308693,0.339753151,-0.248829146,-1.637998346,0.314621602,0.040224520,2.643652577,-0.262344311,0.392377078,0.075896315,-0.065352157,0.057431109,-0.174377382,0.101152293,0.471330583,-0.346973777,-0.138995335,0.252179712,-0.021493275,-0.414199531,0.162624612,-0.454689294,0.337611914,0.070461668
0.723944843,-1.072081447,1.137788892,0.031194109,-0.009589085,0.172000647,0.984556139,0.000000000,0.000000000,0.137796720,-1.618130611,-0.617316502,0.246699855,1.326760088,0.193220520,0.336706254,-0.192613604,-1.632183239,0.314393863,0.057149717,2.644349744,-0.262198126,0.389864912,0.067338489,-0.074236155,0.044872083,-0.174430788,0.120134726,0.544227839,-0.330526292,-0.163086072,0.256065816,-0.003306513,-0.431273878,0.134274632,-0.451823831,0.359200954,0.054920044
0.745717406,-1.067211628,1.135785460,0.032751549,-0.003430746,0.198047668,0.979639053,0.000000000,0.000000000,0.135294509,-1.611894388,-0.607287445,0.247170183,1.335935029,0.196630888,0.327960192,-0.141572124,-1.624162589,0.313720745,0.075495669,2.645392844,-0.261666156,0.384457968,0.064744264,-0.078594387,0.033874787,-0.174465507,0.136230603,0.583443820,-0.321378052,-0.179623351,0.255225897,0.006220704,-0.438037694,0.094549581,-0.441839069,0.374045491,0.038120467
0.770476043,-1.062146902,1.127819300,0.035554629,0.003264092,0.217616752,0.975381017,0.000000000,0.000000000,0.133417840,-1.605365112,-0.605664340,0.249312724,1.337091950,0.197009650,0.325922020,-0.125307667,-1.608222224,0.314407946,0.086697558,2.645738165,-0.261705578,0.383623722,0.072116479,-0.075030670,0.020232690,-0.174488068,0.152423948,0.579597175,-0.316442519,-0.184745297,0.248616725,0.004909967,-0.427367657,0.034557693,-0.425358087,0.364574552,0.012800062
0.799392700,-1.057520270,1.123046160,0.039508585,0.010321978,0.231576577,0.971959233,0.000000000,0.000000000,0.127365486,-1.590010678,-0.605563600,0.253491352,1.336528020,0.197144932,0.323372256,-0.133380148,-1.598603997,0.312847227,0.098561015,2.644336737,-0.262603313,0.384764287,0.095583513,-0.063401155,0.001947287,-0.174502730,0.165365905,0.533041537,-0.318638891,-0.164456800,0.231983036,-0.001524127,-0.384723425,-0.024456842,-0.458766729,0.325803876,-0.027930208
0.830841780,-1.053541064,1.122679710,0.044286232,0.016433425,0.241582319,0.969229996,0.000000000,0.000000000,0.117959989,-1.582088302,-0.605234380,0.257123414,1.335366926,0.197089396,0.322301213,-0.142223240,-1.585691271,0.312456160,0.106364406,2.644171380,-0.263132850,0.385417286,0.123635560,-0.047753844,-0.015068687,-0.174512267,0.165012375,0.463003397,-0.321531057,-0.123588078,0.213753685,-0.001295209,-0.313845634,-0.049735595,-0.555227041,0.288233638,-0.056896962
0.862556994,-1.049837708,1.114434361,0.049578402,0.021490570,0.251469165,0.966355741,0.000000000,0.000000000,0.074724155,-1.559147705,-0.605151549,0.261713166,1.329338762,0.197024435,0.318864512,-0.148766097,-1.577701233,0.308120092,0.114683118,2.639292057,-0.265515672,0.386948093,0.147948310,-0.031472974,-0.027776280,-0.174495339,0.150063246,0.387492955,-0.326861203,-0.073838085,0.198553011,0.005871921,-0.235020548,-0.033716921,-0.673350632,0.266820937,-0.057892323
0.892846704,-1.045659304,1.119324923,0.054456059,0.025627863,0.259917438,0.963753462,0.000000000,0.000000000,0.029230208,-1.552816780,-0.613845131,0.260389346,1.312459822,0.197991965,0.312964850,-0.149478288,-1.571125118,0.298037070,0.126967541,2.628754249,-0.270162477,0.389445185,0.166280270,-0.019719861,-0.035711836,-0.172686607,0.127769679,0.315148801,-0.334686428,-0.022563469,0.187844023,0.020812672,-0.154839560,0.014294468,-0.776576757,0.258310974,-0.038447648
0.920168281,-1.040617943,1.131039143,0.057761863,0.027251497,0.266268760,0.961780608,0.000000000,0.000000000,0.019539106,-1.553371628,-0.626622638,0.258887602,1.294541537,0.199859406,0.307350064,-0.147179177,-1.567415514,0.286650836,0.135976339,2.615725162,-0.274377423,0.391229671,0.177482411,-0.014562749,-0.040829375,-0.166234806,0.104083903,0.249979153,-0.345863491,0.025931645,0.181357011,0.041354563,-0.079090171,0.082255445,-0.852417290,0.253165364,-0.012771507
0.944709480,-1.034182072,1.138259411,0.059060015,0.027628157,0.271293581,0.960285604,0.000000000,0.000000000,0.009613983,-1.551036373,-0.649961180,0.256900364,1.261376297,0.204972759,0.296385194,-0.139451176,-1.561174841,0.261701318,0.144510864,2.584705747,-0.282749576,0.394126448,0.185950369,-0.015587098,-0.044356290,-0.157320678,0.079672702,0.186182007,-0.354061633,0.068018958,0.176853761,0.062948287,-0.011103615,0.156751499,-0.899839461,0.244759843,0.011635331
0.967336297,-1.026391506,1.141391635,0.059185296,0.029053494,0.274555326,0.959308267,0.000000000,0.000000000,0.012369806,-1.549893265,-0.664933205,0.256478516,1.241282492,0.209379423,0.288604727,-0.128467420,-1.561956145,0.240333291,0.152906752,2.556151548,-0.289031399,0.396699837,0.185309529,-0.022090197,-0.045589767,-0.147506475,0.057609294,0.139624447,-0.365233064,0.102010638,0.177122548,0.078563705,0.046916291,0.241913527,-0.874494135,0.211606532,0.033617005
0.990331769,-1.016103268,1.141649961,0.057257067,0.032796077,0.278224051,0.958247066,0.000000000,0.000000000,0.018594369,-1.545980800,-0.678818401,0.256233690,1.224932861,0.214441096,0.280405541,-0.098410821,-1.555124017,0.214004863,0.174812216,2.516421059,-0.300780050,0.406029195,0.171513557,-0.031183392,-0.041964442,-0.137313843,0.027886931,0.112654366,-0.377218604,0.131552130,0.178953141,0.072658278,0.097205386,0.334759772,-0.764300227,0.148636639,0.057612896
1.014207482,-1.004141212,1.147325277,0.054596230,0.037492245,0.282207757,0.957064450,0.000000000,0.000000000,0.015152874,-1.537724451,-0.754527830,0.249502251,1.172626785,0.255661999,0.224483988,0.155580377,-1.598287191,0.115649656,0.239978441,2.277077383,-0.355753027,0.429151476,0.154889390,-0.039830185,-0.037343998,-0.130327314,-0.002663845,0.084076174,-0.380907238,0.156050116,0.175144672,0.057641204,0.135571271,0.424563229,-0.635304928,0.077266894,0.075203210
1.038786411,-0.991253138,1.151304364,0.051720910,0.042402811,0.285220921,0.956125498,0.000000000,0.000000000,0.023494087,-1.528127595,-0.821087345,0.245029814,1.186039624,0.372142077,0.100914730,0.204090858,-1.602530683,0.163782862,0.220272139,2.346512374,-0.317318026,0.294846651,0.141750693,-0.050865442,-0.033590712,-0.122652322,-0.026626715,0.047186267,-0.376139313,0.173505917,0.167220250,0.045993555,0.161900640,0.511022091,-0.527737200,0.012774873,0.085041642
1.063597202,-0.977946877,1.152759433,0.049418435,0.045697525,0.285852879,0.955906808,0.000000000,0.000000000,0.033318775,-1.525433493,-0.820506631,0.256795477,1.283040537,0.462935172,0.009191404,0.224852056,-1.605372310,0.010624480,0.217546431,2.248882800,-0.321306612,0.193570570,0.135587528,-0.064565495,-0.031031612,-0.114464514,-0.038231999,-0.005265298,-0.363859534,0.186482191,0.158828869,0.046496511,0.180291027,0.592522383,-0.452476501,-0.042824667,0.085336521
1.087905407,-0.964505970,1.152765989,0.047334313,0.049134344,0.287191033,0.955440521,0.000000000,0.000000000,0.045717395,-1.530957565,-0.799561247,0.269571552,1.341496430,0.481674502,-0.011586204,0.224878633,-1.605749944,-0.136596306,0.189516016,2.063666756,-0.328307623,0.161052786,0.135191113,-0.074719585,-0.032910489,-0.111097887,-0.041319743,-0.066737726,-0.343406349,0.191841677,0.152063489,0.044927824,0.192627221,0.671311796,-0.402669221,-0.090915166,0.082673855
1.111046910,-0.951394975,1.151344061,0.046882547,0.052077267,0.290519744,0.954299927,0.000000000,0.000000000,0.057935225,-1.541650805,-0.755892703,0.278139566,1.401206323,0.494605702,-0.032807643,0.208103635,-1.606434005,-0.251453260,0.157764391,1.932745377,-0.331688257,0.122616780,0.138063580,-0.083601214,-0.037033185,-0.109270960,-0.039660912,-0.133242100,-0.317177266,0.190853462,0.146039069,0.037673209,0.198374122,0.744122028,-0.371379733,-0.131838173,0.079867207
1.132811546,-0.938481450,1.148460031,0.048177861,0.053225596,0.294607252,0.952917874,0.000000000,0.000000000,0.064559346,-1.546242715,-0.722955388,0.283524974,1.434801010,0.498738042,-0.042173927,0.182739481,-1.607728422,-0.277202473,0.144341330,1.909707699,-0.331743331,0.104539074,0.141608536,-0.091769010,-0.040621541,-0.108912677,-0.036580950,-0.201140866,-0.288097888,0.186096206,0.142180622,0.028040228,0.200239390,0.802691102,-0.353286475,-0.164686754,0.076716594
1.154059529,-0.924821675,1.144205093,0.049783345,0.052967533,0.299195379,0.951418996,0.000000000,0.000000000,0.067758915,-1.548119480,-0.701422433,0.288814998,1.453491653,0.500213595,-0.047029602,0.168222928,-1.608278794,-0.277741123,0.138434167,1.911669735,-0.331685507,0.096024491,0.145513892,-0.098124489,-0.044133201,-0.110793337,-0.034773868,-0.266013920,-0.263136178,0.179681137,0.140367568,0.020775434,0.198451668,0.839891374,-0.341908991,-0.191784561,0.072952196
1.176112890,-0.909322977,1.135725021,0.051697943,0.046483882,0.300867677,0.951128423,0.000000000,0.000000000,0.075611769,-1.549455436,-0.680781665,0.292778552,1.471178762,0.501411692,-0.051635128,0.155324649,-1.607511947,-0.268004947,0.134090344,1.916681110,-0.331071562,0.089202329,0.156854585,-0.101708934,-0.037425246,-0.115893260,-0.034823440,-0.347776115,-0.252110481,0.183419049,0.141534954,0.026208267,0.191602290,0.827979267,-0.339358568,-0.204216674,0.066380553
1.199271917,-0.892009735,1.124891162,0.052246574,0.040465906,0.299915880,0.951673925,0.000000000,0.000000000,0.085607732,-1.552222706,-0.646038839,0.298352429,1.497787272,0.502962039,-0.060165580,0.151672268,-1.604489800,-0.246727268,0.129702267,1.926401363,-0.329031987,0.079924385,0.175816357,-0.098267347,-0.031794764,-0.129892468,-0.034594305,-0.420127213,-0.270938039,0.193160355,0.145410851,0.032635331,0.180289596,0.792492509,-0.348443925,-0.205527499,0.063162431
1.223286629,-0.873145342,1.114009261,0.053151868,0.038990475,0.299539208,0.951804042,0.000000000,0.000000000,0.099062581,-1.554578813,-0.641527079,0.294871835,1.505050838,0.503730917,-0.062897612,0.132897679,-1.603173187,-0.236495240,0.128858245,1.929975865,-0.328418993,0.077647818,0.195580393,-0.095303863,-0.032996442,-0.145397753,-0.031187885,-0.456293017,-0.331379414,0.206721634,0.150209889,0.039455961,0.161469415,0.773133993,-0.385394394,-0.198172137,0.065111123
1.247567058,-0.853805959,1.101389408,0.055941440,0.037984274,0.296858162,0.952524543,0.000000000,0.000000000,0.117880398,-1.564198442,-0.641014020,0.296256572,1.509714398,0.504401208,-0.064888831,0.113644002,-1.598179867,-0.229893221,0.131515944,1.933120216,-0.326314148,0.077007693,0.218858421,-0.097085744,-0.037625842,-0.155594021,-0.020872429,-0.476189941,-0.415808707,0.228580847,0.152439415,0.053435706,0.134346277,0.765475452,-0.470295340,-0.168984503,0.070466280
1.270529628,-0.835694015,1.086289048,0.060144141,0.037017047,0.292722702,0.953585744,0.000000000,0.000000000,0.143833764,-1.584330815,-0.640916087,0.291947874,1.515989338,0.505423589,-0.067936877,0.077242820,-1.591227542,-0.220581473,0.136619426,1.937527624,-0.323508422,0.077167027,0.248656914,-0.101082742,-0.042670414,-0.162221611,-0.007235291,-0.490841985,-0.511654198,0.263230354,0.151486352,0.067887791,0.102210000,0.768542707,-0.585437834,-0.128405944,0.073705293
1.289552689,-0.820449591,1.071129084,0.065086022,0.035538226,0.288082272,0.954730034,0.000000000,0.000000000,0.170774723,-1.613571059,-0.637686157,0.290486586,1.525577918,0.506898178,-0.073154220,0.027706567,-1.588156674,-0.206821439,0.142668481,1.941406090,-0.321462397,0.078781828,0.279873401,-0.104597479,-0.045546480,-0.166529536,0.009496015,-0.505645573,-0.595499516,0.305703700,0.149607658,0.080707356,0.072862051,0.778249860,-0.701314807,-0.088766225,0.069635242
1.303735495,-0.808224797,1.056531668,0.070282929,0.032746378,0.283419222,0.955856442,0.000000000,0.000000000,0.183163358,-1.612313574,-0.634027158,0.293500444,1.529541948,0.507313243,-0.075280243,0.000614784,-1.588097277,-0.205062662,0.145512415,1.941025796,-0.319887431,0.081846729,0.309357405,-0.105381742,-0.043491304,-0.169310614,0.030817760,-0.527183592,-0.660023272,0.349650234,0.150700063,0.088771626,0.050357945,0.783566177,-0.791186392,-0.059023667,0.059911501
1.312910318,-0.798931360,1.042866945,0.073947556,0.031993307,0.281992078,0.956027567,0.000000000,0.000000000,0.195696030,-1.612278688,-0.631639275,0.295864695,1.532999562,0.507803322,-0.077118848,-0.031510184,-1.588936281,-0.202183178,0.147231486,1.940073570,-0.319205060,0.084350795,0.334991634,-0.105190858,-0.039744895,-0.171123937,0.049011961,-0.545181632,-0.711930990,0.391323030,0.150557935,0.093003407,0.029053103,0.800395668,-0.860937655,-0.042067606,0.047459096
1.317981601,-0.792544365,1.029291868,0.076609120,0.032371264,0.280816257,0.956151366,0.000000000,0.000000000,0.206490809,-1.610958960,-0.629674812,0.299367403,1.535886041,0.508302479,-0.078573086,-0.062929436,-1.589874899,-0.200244406,0.148104470,1.939118913,-0.318815327,0.086916769,0.356755972,-0.103257410,-0.035009038,-0.172316045,0.067437187,-0.561355233,-0.757475078,0.430028260,0.150546283,0.094685212,0.011120418,0.827344716,-0.927095950,-0.030469200,0.032811064
1.321585894,-0.787895739,1.013615727,0.079925016,0.026906541,0.274008125,0.958022773,0.000000000,0.000000000,0.220542923,-1.611965561,-0.626425516,0.302397008,1.540605109,0.509329622,-0.080770875,-0.097587681,-1.589207492,-0.198314128,0.150590628,1.936899606,-0.318597322,0.091699381,0.381033093,-0.091585204,-0.023407931,-0.173090935,0.094705977,-0.602397144,-0.791737974,0.467816025,0.153479218,0.089544185,-0.000430557,0.830478251,-0.994880855,-0.007123351,0.018717589
1.325335503,-0.784050941,0.996966600,0.082492270,0.022279201,0.267081797,0.959878087,0.000000000,0.000000000,0.233255457,-1.610702311,-0.624650883,0.305679234,1.543576102,0.509906632,-0.081908312,-0.098229444,-1.586294790,-0.196647186,0.154424468,1.937116047,-0.318562332,0.094274852,0.402874589,-0.078104399,-0.011551070,-0.173594594,0.120077819,-0.643363297,-0.825021982,0.502359271,0.158604607,0.083221979,-0.008738759,0.839733720,-1.063796282,0.016637398,0.006043999
1.329692364,-0.780354500,0.981349647,0.084489726,0.022016605,0.262403309,0.961000144,0.000000000,0.000000000,0.246382581,-1.615572216,-0.618108598,0.305129639,1.553148490,0.511913572,-0.085085831,-0.101374922,-1.585172807,-0.181793421,0.160631609,1.943545351,-0.319678435,0.100522410,0.418001413,-0.070501938,-0.001930962,-0.173921973,0.137471125,-0.666480839,-0.862511277,0.532848418,0.166164428,0.081496857,-0.019180475,0.873267531,-1.133872271,0.034358371,-0.006595945
1.335488439,-0.776009977,0.964299142,0.087188803,0.018397208,0.255330473,0.962738812,0.000000000,0.000000000,0.255705538,-1.616011486,-0.611440777,0.305982986,1.560531390,0.513152047,-0.086984729,-0.102345832,-1.583166503,-0.170164852,0.165669141,1.947696652,-0.320317196,0.106133408,0.430092543,-0.059956443,0.004334463,-0.174134776,0.161057562,-0.699980617,-0.895543635,0.558649540,0.177497923,0.075614646,-0.022900451,0.891532779,-1.197335720,0.057827991,-0.015725743
1.342180252,-0.771166980,0.947358489,0.088304631,0.017362967,0.248820156,0.964359581,0.000000000,0.000000000,0.261632440,-1.615812505,-0.603631943,0.307296379,1.567842200,0.514089170,-0.088477040,-0.102777826,-1.581882770,-0.159954186,0.171810155,1.951522451,-0.320313655,0.112337113,0.440599769,-0.049129855,0.009564891,-0.174273103,0.182444081,-0.729047120,-0.926669598,0.579281509,0.190722093,0.071245402,-0.029014073,0.907654703,-1.243685842,0.075665489,-0.024738489
1.349401712,-0.765986025,0.931239605,0.088065758,0.018521341,0.242549241,0.965956151,0.000000000,0.000000000,0.266725188,-1.616836543,-0.593769530,0.307438348,1.576272907,0.514764842,-0.089952951,-0.103018211,-1.582116161,-0.150052969,0.179549967,1.954786487,-0.319797188,0.119664992,0.448853016,-0.039524779,0.013433103,-0.174363017,0.201742709,-0.753316164,-0.952846944,0.595112562,0.204165936,0.068618573,-0.037661038,0.924392998,-1.275087953,0.086719424,-0.032657765
1.356901169,-0.760751367,0.915432870,0.086659066,0.021191809,0.236618236,0.967498302,0.000000000,0.000000000,0.274141091,-1.622300254,-0.584551251,0.305898895,1.583782808,0.514964195,-0.091031914,-0.103479112,-1.581613137,-0.142779668,0.184921464,1.956719789,-0.319045051,0.125883825,0.455784023,-0.032240745,0.015094139,-0.174421459,0.218352199,-0.773020923,-0.976916075,0.607266963,0.214997813,0.069628559,-0.048689693,0.942011833,-1.297644496,0.092437498,-0.040086202
1.364157200,-0.756049871,0.902717710,0.084637612,0.024028681,0.230725184,0.969033003,0.000000000,0.000000000,0.274418903,-1.622371773,-0.577100531,0.305988161,1.588016415,0.514563339,-0.091481039,-0.103275055,-1.580313063,-0.139916473,0.188902237,1.957511295,-0.318613601,0.129393955,0.459397197,-0.027744845,0.014521211,-0.174459442,0.231916487,-0.785399973,-0.994819164,0.614952683,0.223534718,0.076435208,-0.060600601,0.956119418,-1.310490608,0.095724553,-0.047846995
1.370877147,-0.752126217,0.897152185,0.081790499,0.026596216,0.226086736,0.970302939,0.000000000,0.000000000,0.272805967,-1.620788320,-0.572948084,0.306503780,1.590021265,0.514172094,-0.091616966,-0.103136472,-1.578233681,-0.139567141,0.191242436,1.957318769,-0.318262317,0.131196924,0.460822076,-0.025535515,0.012017444,-0.174484134,0.241738528,-0.785399973,-1.003675222,0.617447257,0.229809299,0.089061536,-0.073140189,0.964199483,-1.312404513,0.095887870,-0.057211835
1.377172232,-0.748981714,0.893022716,0.078203768,0.028884718,0.221714139,0.971541464,0.000000000,0.000000000,0.269084080,-1.618483240,-0.568176268,0.307635381,1.592228230,0.513634211,-0.091702638,-0.103135227,-1.576291143,-0.139619620,0.193701976,1.956868570,-0.317899798,0.133086896,0.460896730,-0.024859177,0.008465673,-0.174500182,0.247869790,-0.785399973,-1.005489230,0.616899669,0.232239172,0.104321130,-0.084321223,0.967011511,-1.309690356,0.094598636,-0.066505209
1.382876039,-0.746461034,0.889346361,0.073906019,0.031070756,0.216927826,0.972889960,0.000000000,0.000000000,0.264184425,-1.614971106,-0.560927795,0.309750552,1.595687010,0.512786780,-0.091757922,-0.103104062,-1.575024993,-0.139542743,0.196808287,1.956416941,-0.317407040,0.135780119,0.459306180,-0.026339956,0.004086878,-0.174510613,0.250429153,-0.785399973,-1.002241492,0.613276303,0.231509015,0.123237729,-0.094160825,0.962972641,-1.300872564,0.093356051,-0.075911835
1.387950659,-0.744587362,0.887294829,0.069601364,0.033279877,0.212137371,0.974189878,0.000000000,0.000000000,0.263718854,-1.615003154,-0.560809513,0.309718917,1.595733098,0.512775815,-0.091758003,-0.102790991,-1.574568040,-0.139578807,0.197099297,1.956392826,-0.317393197,0.135828243,0.456789434,-0.029826760,-0.000577714,-0.174517393,0.248389840,-0.785399973,-0.992147148,0.607942581,0.227758184,0.142440349,-0.102504611,0.958757579,-1.288991928,0.091779262,-0.083955944
1.392567039,-0.743508220,0.888707757,0.065965533,0.034908660,0.207570717,0.975368798,0.000000000,0.000000000,0.261729066,-1.614680702,-0.555024056,0.310461928,1.598783360,0.512044933,-0.091740391,-0.102286445,-1.573957370,-0.139219314,0.199425364,1.956432244,-0.317094471,0.138059502,0.451920211,-0.035264641,-0.004665333,-0.174521804,0.242013663,-0.783916235,-0.972617805,0.599571645,0.221552908,0.160914689,-0.108417943,0.951178610,-1.270326138,0.089116871,-0.090940773
1.397243500,-0.742578387,0.896420419,0.062418796,0.036602698,0.203071848,0.976486564,0.000000000,0.000000000,0.259485227,-1.614917311,-0.553789467,0.310291906,1.599391771,0.511895992,-0.091744713,-0.101436964,-1.573245216,-0.139262358,0.200675180,1.956315593,-0.317023099,0.138533127,0.443617582,-0.041805290,-0.008635825,-0.174524665,0.231473655,-0.776825011,-0.938404322,0.585351646,0.214560330,0.177786648,-0.111269802,0.940319777,-1.245175123,0.086300232,-0.095777750
1.402002931,-0.741326571,0.909932852,0.058894929,0.039155103,0.198738843,0.977497399,0.000000000,0.000000000,0.256748045,-1.616230875,-0.549748061,0.309383207,1.602083185,0.511340785,-0.091822881,-0.098972638,-1.574262323,-0.138168489,0.201724352,1.956674083,-0.316963242,0.140145795,0.431843817,-0.049898177,-0.011807203,-0.174526528,0.217059255,-0.765174270,-0.886986494,0.563881755,0.209024429,0.192791313,-0.111368828,0.925889492,-1.211335421,0.082040064,-0.098056048
1.406056643,-0.740017414,0.928382456,0.055660382,0.042996779,0.194250003,0.978427351,0.000000000,0.000000000,0.254093996,-1.621890499,-0.542949537,0.306064983,1.608944080,0.510566837,-0.092219030,-0.096400694,-1.577018244,-0.131742115,0.204491979,1.959556460,-0.317469568,0.143085881,0.416831732,-0.060074680,-0.013748096,-0.174527735,0.199067935,-0.746443808,-0.822888196,0.534799814,0.204035699,0.207626447,-0.107741728,0.907004178,-1.163149357,0.073436789,-0.100577429
1.408265710,-0.738893270,0.951148987,0.051664945,0.046901952,0.188693613,0.979553819,0.000000000,0.000000000,0.249180037,-1.633219408,-0.529283858,0.296619656,1.623052430,0.509886708,-0.093439493,-0.139832197,-1.576917946,-0.098654064,0.215410114,1.969669332,-0.315095618,0.142302027,0.396340072,-0.069012612,-0.015333228,-0.174528524,0.177357361,-0.717913389,-0.752057314,0.498440772,0.200414628,0.222204596,-0.098826289,0.883064866,-1.099685907,0.060300492,-0.100710787
1.408887863,-0.737403631,0.978081644,0.046152417,0.050960671,0.181927800,0.980905354,0.000000000,0.000000000,0.275371235,-1.639022399,-0.341769755,0.247951205,1.862916826,0.492734451,-0.178384072,-0.258357519,-1.608707220,-0.060306056,0.244035161,1.935651255,-0.283761583,0.177648291,0.369734824,-0.074575908,-0.016603630,-0.174529046,0.151963219,-0.677015901,-0.674921870,0.452599883,0.198091730,0.234158635,-0.083320513,0.852490842,-1.020357490,0.044491924,-0.097342953
1.409527302,-0.735508919,1.004509807,0.040564578,0.055196874,0.178612903,0.981532156,0.000000000,0.000000000,0.248737853,-1.632933503,-0.325421408,0.246455065,1.868282300,0.489418363,-0.179256830,-0.241848918,-1.615280779,-0.063851106,0.252968283,1.924645491,-0.285401250,0.185068259,0.340131491,-0.077590056,-0.016439999,-0.174529374,0.121734284,-0.634778500,-0.596050739,0.399964631,0.199410737,0.238484815,-0.067170583,0.820148647,-0.929508567,0.025215179,-0.090659969
1.410845280,-0.732910395,1.027412057,0.035240788,0.060998771,0.178153858,0.981477737,0.000000000,0.000000000,0.244823021,-1.615471414,-0.245298688,0.242290375,1.899844388,0.472739121,-0.184858008,-0.175329784,-1.625540920,-0.015474829,0.295292597,1.947090120,-0.290205467,0.198560170,0.314141631,-0.077496082,-0.013134803,-0.174529582,0.092927173,-0.587926269,-0.536134481,0.348395467,0.204881132,0.234028131,-0.052434430,0.783250690,-0.834425211,0.003010094,-0.077559024
1.413849473,-0.728625655,1.045902610,0.031130372,0.065294556,0.181133315,0.980794787,0.000000000,0.000000000,0.233455892,-1.608839363,-0.225785236,0.241590712,1.906630516,0.468385064,-0.186143257,-0.146821625,-1.626201176,-0.011675110,0.296037500,1.949039530,-0.287970979,0.202759496,0.290000618,-0.078416482,-0.006865364,-0.174529731,0.070802428,-0.538206458,-0.503313422,0.299783081,0.216802955,0.225933731,-0.041330710,0.735675454,-0.739893854,-0.014927777,-0.059647445
1.421072245,-0.720338106,1.057650805,0.026238350,0.068618312,0.189158261,0.979194701,0.000000000,0.000000000,0.218168082,-1.589587533,-0.215594261,0.244742081,1.909639582,0.465921484,-0.186552388,-0.121836030,-1.624920572,-0.007088469,0.294495914,1.951699359,-0.287990047,0.202303286,0.272618383,-0.078216359,0.001874947,-0.174529821,0.050348073,-0.483776897,-0.516762376,0.258256167,0.228216410,0.214235574,-0.035186246,0.670550168,-0.646137714,-0.022826277,-0.033588007
1.432863951,-0.706926525,1.065704465,0.022299303,0.069804169,0.204553753,0.976108551,0.000000000,0.000000000,0.202254946,-1.574435077,-0.205573647,0.248539689,1.912578102,0.463283702,-0.186857704,-0.100340071,-1.625886465,-0.000573623,0.291821175,1.955045213,-0.288639874,0.200618918,0.262785792,-0.075808503,0.011724610,-0.174529880,0.034610894,-0.422154754,-0.572983921,0.228021339,0.234948695,0.192576006,-0.037297457,0.585942626,-0.561616957,-0.015636375,0.001016557
1.447252035,-0.689251900,1.072453141,0.019969661,0.067644678,0.225771084,0.971623838,0.000000000,0.000000000,0.199015757,-1.567122858,-0.191584299,0.249635756,1.917595153,0.459522286,-0.187143511,-0.109293391,-1.626501489,0.012894732,0.288163831,1.959423083,-0.289576970,0.198279116,0.256585687,-0.067968994,0.021780536,-0.174529910,0.028155932,-0.356224477,-0.660717607,0.214685410,0.236783460,0.158555076,-0.047250193,0.494911313,-0.492090553,0.003939081,0.037826087
1.462583542,-0.668973744,1.095076323,0.018951789,0.062405668,0.251247883,0.965722919,0.000000000,0.000000000,0.120161922,-1.548120325,-0.138382081,0.251385863,1.934719821,0.446960263,-0.188839927,-0.123438681,-1.624271909,0.066163785,0.276903926,1.977625052,-0.293719935,0.188255959,0.257172108,-0.056796618,0.029330462,-0.174529940,0.030875340,-0.266925812,-0.758044481,0.211696163,0.231545895,0.116393641,-0.058834977,0.393953085,-0.442670316,0.042924125,0.076011464
1.478155136,-0.646921754,1.112636328,0.018495657,0.054125290,0.277497053,0.959022224,0.000000000,0.000000000,0.117287930,-1.542339391,-0.036569620,0.247146096,1.975211808,0.420755240,-0.193521462,-0.162550539,-1.628250532,0.173033525,0.256973937,2.014828478,-0.306200194,0.165112431,0.259409904,-0.047410320,0.032134112,-0.174529955,0.036150299,-0.163423628,-0.852426589,0.214312047,0.222871870,0.079336248,-0.071154587,0.291191190,-0.411785066,0.098073691,0.105205424
1.495683670,-0.624061406,1.125231385,0.019746335,0.045998305,0.302672267,0.951779246,0.000000000,0.000000000,0.134512563,-1.529470196,0.069199751,0.242713083,2.017121417,0.391232768,-0.197327922,-0.149284749,-1.629416586,0.255487092,0.264945288,2.047229394,-0.317800161,0.143378036,0.265260994,-0.042280972,0.031810485,-0.174529970,0.036724664,-0.044045765,-0.923878908,0.212726653,0.211119860,0.046646718,-0.084415868,0.185037434,-0.393941879,0.161868036,0.123732381
1.515643716,-0.600916088,1.132146835,0.022197263,0.038767066,0.326217532,0.944238603,0.000000000,0.000000000,0.136171441,-1.530337068,0.107154058,0.240759718,2.030602014,0.380065370,-0.197888347,-0.110995391,-1.620395389,0.278240981,0.262241032,2.056885788,-0.321090880,0.138301673,0.269186199,-0.038662393,0.028537154,-0.174529970,0.033166125,0.084497124,-0.944384515,0.192853272,0.202512592,0.015110747,-0.095419049,0.083000898,-0.383396149,0.225301683,0.131003410
1.536864519,-0.577792168,1.133952379,0.025238864,0.032393597,0.349127889,0.936174870,0.000000000,0.000000000,0.136694345,-1.525824770,0.124407414,0.240249694,2.036633253,0.375093077,-0.197773029,-0.109258913,-1.621834141,0.289496019,0.258747310,2.060771881,-0.322562258,0.136631246,0.260776579,-0.036840849,0.022719059,-0.174529970,0.016872128,0.222211987,-0.873396218,0.136046886,0.203421891,-0.011219161,-0.103616498,0.003177266,-0.378326565,0.281510502,0.124272108
1.558169723,-0.555489600,1.132308245,0.027682824,0.026216451,0.370220572,0.928161144,0.000000000,0.000000000,0.129724890,-1.516695488,0.230385173,0.236212869,2.074834487,0.345326464,-0.196573193,-0.113777793,-1.621287343,0.358845420,0.246802864,2.086636282,-0.331938118,0.125616805,0.240670592,-0.035730168,0.016160613,-0.174529970,-0.004792160,0.355087280,-0.737593532,0.048473623,0.211619288,-0.029564034,-0.112374477,-0.053055249,-0.377029836,0.325784475,0.109419167
1.578506708,-0.534867764,1.129106164,0.029736685,0.019156432,0.389247775,0.920453668,0.000000000,0.000000000,0.126656383,-1.481436136,0.508143957,0.214989945,2.189294573,0.263873574,-0.202276134,-0.121986609,-1.626187566,0.502081143,0.231830979,2.154324218,-0.362227532,0.099145438,0.211839154,-0.038171258,0.010125116,-0.174529970,-0.026347402,0.470942080,-0.575441360,-0.052877061,0.223302528,-0.035187185,-0.123629592,-0.091217384,-0.378177166,0.358781517,0.091640584
1.597015381,-0.516558826,1.124984741,0.031604894,0.014525502,0.402866155,0.914597690,0.000000000,0.000000000,0.071086116,-1.405577239,0.709956410,0.096173590,2.346312124,0.182448413,-0.222910154,-0.169208480,-1.634032314,0.564752681,0.130778417,2.168320193,-0.402061372,0.115817567,0.186832830,-0.045541584,0.010581024,-0.174529970,-0.041192919,0.571384609,-0.445161104,-0.137623429,0.230243683,-0.028367417,-0.133438900,-0.120853901,-0.380761862,0.383711487,0.072776772
1.614207268,-0.500114918,1.118655205,0.033395186,0.006194467,0.414961219,0.909204900,0.000000000,0.000000000,0.050655403,-1.385827016,0.940214185,0.089479031,2.455624857,0.104238665,-0.197909983,-0.198608330,-1.636266540,0.468607461,0.057421636,2.208488596,-0.420476863,0.130716069,0.165477306,-0.050985143,0.004053257,-0.174529970,-0.044173412,0.647587538,-0.365797848,-0.193774402,0.231699497,-0.015986197,-0.137843281,-0.162746787,-0.381372511,0.406157285,0.054177880
1.630979180,-0.484611273,1.108616710,0.035884194,-0.002079030,0.423650563,0.905112207,0.000000000,0.000000000,0.036206490,-1.374748667,1.063181290,0.089375942,2.472917860,0.048263980,-0.171716178,-0.205543829,-1.639229394,0.389572420,0.033923279,2.279325122,-0.434679048,0.143137005,0.156817555,-0.059751142,-0.002918417,-0.174529970,-0.033130776,0.682224810,-0.312010646,-0.235220447,0.229148835,0.002139102,-0.139088407,-0.225450248,-0.380375385,0.428295374,0.034793545
1.648699760,-0.468383551,1.103491783,0.039370596,-0.002608105,0.429680079,0.902118742,0.000000000,0.000000000,0.019918192,-1.376351954,1.068917295,0.091798257,2.462959530,0.039856667,-0.169105466,-0.194214350,-1.638506851,0.393651096,0.033926744,2.287184096,-0.436892257,0.142662359,0.149179727,-0.076124147,-0.007492595,-0.174529970,-0.013782334,0.702321529,-0.274524450,-0.270854533,0.225598127,0.024920123,-0.143469408,-0.274970531,-0.384129465,0.442135364,0.016219284
1.669357061,-0.450985789,1.097146988,0.043543156,-0.005735344,0.436670661,0.898548782,0.000000000,0.000000000,0.001721524,-1.379537600,1.067872194,0.094861769,2.446264898,0.035316308,-0.168034057,-0.187822883,-1.633740935,0.411051855,0.061941847,2.295982700,-0.439363291,0.139845053,0.158572093,-0.086928397,-0.013420366,-0.174529970,0.016833141,0.673064590,-0.268208861,-0.274100721,0.222196758,0.042111889,-0.150740176,-0.362863958,-0.379693329,0.444013327,-0.001790967
1.691629171,-0.433096290,1.088093758,0.048273344,-0.005275873,0.442266196,0.895568252,0.000000000,0.000000000,0.005729667,-1.386105408,1.074751986,0.092921544,2.381344470,0.003803422,-0.162032913,-0.173708422,-1.627282707,0.481920174,0.103987502,2.458040313,-0.480838256,0.133549351,0.175816253,-0.093188778,-0.018152403,-0.174529970,0.052634481,0.629833817,-0.284108341,-0.258358598,0.217681348,0.057769194,-0.152029902,-0.445021570,-0.386645138,0.431862921,-0.016893927
1.714636922,-0.415321976,1.075936556,0.053290658,-0.002253897,0.445794493,0.893544853,0.000000000,0.000000000,0.016680250,-1.387269937,1.075384016,0.092668990,2.372539035,0.000067372,-0.161972803,-0.164142179,-1.622921059,0.463606961,0.143512162,2.437282694,-0.485781721,0.150531611,0.194713354,-0.094477288,-0.021023910,-0.174529970,0.085367262,0.587880373,-0.317744166,-0.228244632,0.212393105,0.072873920,-0.149351120,-0.510110140,-0.404425174,0.418688834,-0.026031341
1.736215591,-0.399063289,1.062395930,0.059495911,0.004800528,0.445042402,0.893518090,0.000000000,0.000000000,0.028879494,-1.390342927,1.077930537,0.092102165,2.359764281,-0.007470876,-0.162397755,-0.154358760,-1.626306834,0.458912428,0.180293094,2.425758940,-0.496788325,0.181003823,0.208726734,-0.098352060,-0.022687111,-0.174529970,0.112979256,0.566018760,-0.362436116,-0.198834643,0.207470238,0.093415514,-0.138445467,-0.545901299,-0.436997145,0.409864098,-0.029886950
1.756138325,-0.384978324,1.046766877,0.065786965,0.010334913,0.444528699,0.893285811,0.000000000,0.000000000,0.059975627,-1.396711764,1.083502953,0.091088758,2.354967013,-0.016663390,-0.162614614,-0.145283235,-1.626291167,0.439238941,0.208429950,2.398707407,-0.511477279,0.215684325,0.221807078,-0.101241179,-0.025148828,-0.174529970,0.127148435,0.543108702,-0.421077609,-0.159557253,0.202757925,0.119317666,-0.130832031,-0.571123540,-0.475385904,0.408945590,-0.028385306
1.772984743,-0.374770910,1.029484510,0.072184280,0.013761550,0.443497211,0.893258274,0.000000000,0.000000000,0.078127021,-1.394529445,1.086786312,0.091302137,2.354122289,-0.019124235,-0.162857763,-0.145962776,-1.625529982,0.437146922,0.219972095,2.389744638,-0.517744003,0.229028092,0.234492153,-0.104767442,-0.027193490,-0.174529970,0.129045829,0.518072069,-0.491717637,-0.111323610,0.194729030,0.156043470,-0.120439708,-0.592497706,-0.508337438,0.420269102,-0.019844189
1.786060810,-0.368275225,1.026866436,0.078610711,0.015213734,0.443099976,0.892889321,0.000000000,0.000000000,0.103506236,-1.389327999,1.089285193,0.088171614,2.354462363,-0.019490470,-0.163070955,-0.148204270,-1.623415010,0.436721498,0.226418313,2.386079472,-0.520922693,0.234846520,0.245360374,-0.110367268,-0.027944285,-0.174529970,0.121369861,0.492925048,-0.568051815,-0.059680652,0.184820995,0.198355511,-0.108685486,-0.611730158,-0.532540619,0.439628929,-0.009005332
1.795692801,-0.364156425,1.029910684,0.084028833,0.015085927,0.441564739,0.893158555,0.000000000,0.000000000,0.111232599,-1.387454066,1.089734010,0.088177709,2.354590520,-0.019079664,-0.163062006,-0.152170600,-1.621796144,0.436880280,0.229753006,2.385774129,-0.521310902,0.235484874,0.254316896,-0.114006981,-0.028845396,-0.174529970,0.108939476,0.478354394,-0.646614075,-0.012033238,0.175209835,0.230806142,-0.101373792,-0.630124927,-0.552581668,0.461802363,0.001364810
1.803086042,-0.361063600,1.029033303,0.087598898,0.011921329,0.440119833,0.893576443,0.000000000,0.000000000,0.117333119,-1.385764609,1.090055774,0.088578976,2.354685443,-0.018515014,-0.162824949,-0.158045766,-1.618963074,0.437065386,0.232695632,2.385036274,-0.521596985,0.235944412,0.267825544,-0.111520916,-0.027885646,-0.174529970,0.094937153,0.458802074,-0.726585448,0.037549637,0.166963816,0.248626471,-0.104509905,-0.662838221,-0.564155221,0.484643400,0.011793485
1.808788419,-0.358267426,1.023937583,0.089639232,0.010642531,0.438236207,0.894315720,0.000000000,0.000000000,0.137827416,-1.375365476,1.090751055,0.091220877,2.355299259,-0.016129805,-0.161955098,-0.163225184,-1.617634848,0.437403871,0.236848888,2.384578252,-0.522179122,0.236573954,0.280648291,-0.108383551,-0.026619155,-0.174529970,0.081783153,0.455128968,-0.800946712,0.077219874,0.162263185,0.257709324,-0.106732585,-0.695112646,-0.572979629,0.506080568,0.021564648
1.813749790,-0.354904890,1.014921665,0.090122111,0.010397591,0.436554611,0.895092189,0.000000000,0.000000000,0.166923309,-1.358410078,1.091481334,0.093089928,2.356327715,-0.011324388,-0.160368124,-0.166394777,-1.616750528,0.437715397,0.240684957,2.384022189,-0.522858150,0.237015197,0.291619867,-0.104755394,-0.025322814,-0.174529970,0.066791371,0.467525780,-0.874808669,0.109746262,0.158820450,0.259984672,-0.110806137,-0.728701472,-0.581058860,0.526412189,0.028856415
1.818809032,-0.350458384,1.001732588,0.089572966,0.011926758,0.431742430,0.897459209,0.000000000,0.000000000,0.363698582,-1.371052108,1.120192167,0.073086121,2.363492374,-0.002464076,-0.161798413,-0.196380217,-1.623436661,0.444259377,0.238469461,2.384666244,-0.529057752,0.234961559,0.298458010,-0.100663275,-0.022307105,-0.174529970,0.053947333,0.502972305,-0.952249050,0.133000359,0.156406224,0.257547259,-0.115007170,-0.757977605,-0.591895342,0.546077847,0.034364559
1.824258327,-0.344630659,0.984235108,0.087867662,0.013828062,0.425745994,0.900460124,0.000000000,0.000000000,0.401462700,-1.429928512,1.402622800,0.069348955,2.468004263,-0.092801580,-0.100394774,-0.285132388,-1.641005076,0.243163073,0.054756780,2.347782596,-0.603103063,0.210383393,0.305000573,-0.095438510,-0.017538451,-0.174529970,0.043001801,0.551835775,-1.035246134,0.150936142,0.154280275,0.253619403,-0.119936466,-0.785399973,-0.607107818,0.565531790,0.039709523
1.829916239,-0.337966472,0.963782489,0.085681580,0.013846423,0.422859609,0.902029216,0.000000000,0.000000000,0.435602639,-1.433753648,1.572966888,0.069060213,2.489634263,-0.158893149,-0.054233495,-0.313143880,-1.644201144,0.122565044,0.038356702,2.376748884,-0.657083109,0.178987489,0.316394985,-0.090586804,-0.016153537,-0.174529970,0.033161066,0.594630122,-1.122677565,0.171843290,0.151740357,0.244837731,-0.129098892,-0.785399973,-0.626912951,0.584623933,0.044660628
1.834948182,-0.331193745,0.944635391,0.084430702,0.017266477,0.419300884,0.903747797,0.000000000,0.000000000,0.450062923,-1.449896308,1.684433755,0.069793830,2.473650400,-0.207641693,-0.028276176,-0.326775503,-1.645887352,0.055433937,0.028150930,2.418982818,-0.696629417,0.157582537,0.322979271,-0.091273822,-0.012330012,-0.174529970,0.024425026,0.653609276,-1.206529975,0.185171023,0.150880545,0.237195075,-0.135011092,-0.785399973,-0.659665525,0.602711380,0.047166105
1.839203477,-0.325031698,0.923794329,0.083218999,0.022356465,0.416420877,0.905079305,0.000000000,0.000000000,0.460616524,-1.450762632,1.707992962,0.070588319,2.473851622,-0.223658317,-0.034418118,-0.322169937,-1.649908461,0.071156554,0.047418629,2.416990193,-0.731334179,0.146530062,0.325401068,-0.096152924,-0.006912583,-0.174529970,0.013206484,0.722372770,-1.288555503,0.194503397,0.150006890,0.230670303,-0.143194586,-0.785399973,-0.705888510,0.620305002,0.045731056
1.843089104,-0.319959670,0.902215540,0.081640959,0.023928918,0.417669117,0.904607475,0.000000000,0.000000000,0.466920400,-1.440757582,1.728203056,0.072541355,2.476536106,-0.241198377,-0.044385990,-0.294960334,-1.647594969,0.105081202,0.054371289,2.412298057,-0.774681679,0.144924679,0.319654524,-0.099800959,0.002892331,-0.174529970,-0.008648122,0.787646651,-1.369621277,0.207456127,0.147821069,0.224351585,-0.164736673,-0.785399973,-0.759520650,0.639023125,0.040959649
1.846359968,-0.315643013,0.879862309,0.080421127,0.026260799,0.419927299,0.903605998,0.000000000,0.000000000,0.465440492,-1.421724819,1.751913209,0.081183687,2.480192948,-0.261535600,-0.059602184,-0.288766859,-1.647289862,0.045818295,0.080475894,2.434107551,-0.810908363,0.129009749,0.313938171,-0.105160266,0.012886442,-0.174529970,-0.028743386,0.853018224,-1.445801377,0.220602617,0.146709844,0.218316287,-0.186975539,-0.785399973,-0.814771295,0.658787847,0.033926237
1.849204779,-0.311858237,0.858853042,0.079814568,0.029388256,0.422141761,0.902531028,0.000000000,0.000000000,0.473573549,-1.409949885,1.757501649,0.083990906,2.481710022,-0.265769586,-0.068314837,-0.273832179,-1.644093640,0.046682417,0.080092341,2.434737363,-0.811247312,0.128178508,0.308366597,-0.112307772,0.022485796,-0.174529970,-0.047516525,0.913966477,-1.513395667,0.233289868,0.145582229,0.212817907,-0.208238050,-0.785399973,-0.866288960,0.677010179,0.025543287
1.852002144,-0.308374465,0.841699004,0.079200320,0.032616451,0.423147768,0.902002990,0.000000000,0.000000000,0.478225607,-1.399463281,1.764170711,0.087253483,2.483858672,-0.270203145,-0.077450436,-0.267377497,-1.644671080,0.048100034,0.080183556,2.435364092,-0.811544464,0.127346511,0.303183913,-0.119361088,0.030793656,-0.174529970,-0.061636403,0.963751853,-1.568451285,0.246246606,0.142613649,0.208145499,-0.225357577,-0.785399973,-0.911295176,0.691761076,0.016477274
1.855153799,-0.304990321,0.830363631,0.078597628,0.036610637,0.423769861,0.901610374,0.000000000,0.000000000,0.478241747,-1.389690480,1.773303721,0.090659936,2.487105649,-0.275216679,-0.088698625,-0.262129197,-1.644803468,0.050418373,0.080111456,2.436173330,-0.811789239,0.126345504,0.299751014,-0.126954347,0.037938230,-0.174529970,-0.070561901,0.997771144,-1.607633114,0.259607136,0.139689326,0.206338301,-0.237418622,-0.785399973,-0.944731951,0.701354623,0.007656880
1.859129906,-0.301619411,0.825970590,0.077848539,0.041546650,0.423030585,0.901808560,0.000000000,0.000000000,0.477717019,-1.385449803,1.779391120,0.091836521,2.489274127,-0.278012285,-0.095636375,-0.259013645,-1.643857664,0.052222338,0.079565950,2.436788559,-0.811809522,0.125632577,0.298791051,-0.133274749,0.042720199,-0.174529970,-0.072597019,1.014828086,-1.630077004,0.272698462,0.134877712,0.206776351,-0.242960006,-0.785399973,-0.963264167,0.705725253,0.000102292
1.864154816,-0.298056483,0.828170002,0.077782013,0.048769392,0.421089649,0.902360797,0.000000000,0.000000000,0.478440756,-1.382541858,1.780552338,0.092101759,2.489717364,-0.278519262,-0.096933939,-0.258062810,-1.644288418,0.052643717,0.079458765,2.436910065,-0.811796180,0.125495785,0.301821470,-0.139213920,0.045972444,-0.174529970,-0.068242073,1.017959595,-1.637371182,0.283644646,0.129284695,0.209591061,-0.243145898,-0.785399973,-0.964960814,0.702777982,-0.006550926
1.870700836,-0.294160545,0.838361263,0.078144275,0.058438025,0.418348491,0.903029859,0.000000000,0.000000000,0.475186116,-1.380910762,1.782085546,0.093215575,2.490270176,-0.278975220,-0.098431195,-0.259404020,-1.644457956,0.053544869,0.079289654,2.437138886,-0.811777888,0.125234761,0.308387697,-0.143673569,0.046993349,-0.174529970,-0.057460561,1.004661083,-1.626602054,0.293128669,0.122341439,0.214949697,-0.236813426,-0.785399973,-0.941679776,0.690200150,-0.011375355
1.879096031,-0.289784998,0.859560788,0.078235820,0.069547184,0.415241659,0.903668523,0.000000000,0.000000000,0.467223195,-1.381729015,1.783681437,0.096308722,2.490775560,-0.279104358,-0.099683261,-0.265389163,-1.644167840,0.055115550,0.079118897,2.437479566,-0.811797124,0.124818991,0.320481747,-0.144216627,0.042620707,-0.174529970,-0.038495675,0.962448895,-1.587316275,0.302905798,0.115292549,0.223056525,-0.220093459,-0.785399973,-0.894106925,0.667914927,-0.013066229
1.889211774,-0.284867108,0.892374337,0.077508666,0.081042498,0.412404984,0.904072225,0.000000000,0.000000000,0.453291896,-1.384091837,1.786100342,0.101659487,2.491486690,-0.279090955,-0.101624235,-0.276485757,-1.644139375,0.058495139,0.078093570,2.438189242,-0.811814706,0.124004776,0.337229550,-0.137868822,0.033053361,-0.174529970,-0.012737768,0.888172507,-1.516145349,0.310258776,0.108052462,0.233672291,-0.189778775,-0.785399973,-0.827292681,0.636211276,-0.011986043
1.900309563,-0.279557019,0.931597650,0.075968735,0.092820205,0.409369707,0.904449880,0.000000000,0.000000000,0.435871279,-1.388047268,1.791402065,0.109421711,2.493037944,-0.278985412,-0.106404982,-0.286529179,-1.645551702,0.066097819,0.076934905,2.439907178,-0.811306961,0.122129028,0.347435057,-0.125633985,0.023441918,-0.174529970,0.008694677,0.807057798,-1.418678403,0.306180716,0.102665380,0.243647113,-0.148209572,-0.785399973,-0.759635866,0.598415256,-0.010426437
1.911206007,-0.273420036,0.975195885,0.074217193,0.102848373,0.407671005,0.904277802,0.000000000,0.000000000,0.411063823,-1.386909930,1.793631210,0.118170509,2.493678066,-0.278559729,-0.108284026,-0.292186423,-1.646457639,0.070606801,0.075413923,2.440912988,-0.810875063,0.121128727,0.351191938,-0.109711878,0.015645765,-0.174529970,0.025098864,0.713659823,-1.302279830,0.292747915,0.099090487,0.247063398,-0.095579624,-0.757106841,-0.732493222,0.556728125,-0.004819037
1.921448946,-0.266014606,1.017719507,0.072247051,0.110081419,0.404134393,0.905172825,0.000000000,0.000000000,0.381852125,-1.384364102,1.795633196,0.128534926,2.494292018,-0.278026548,-0.109780511,-0.293606247,-1.647801562,0.075006885,0.074967569,2.441914916,-0.810112672,0.120239996,0.348652422,-0.090899862,0.010488800,-0.174529970,0.039019905,0.618300557,-1.169796944,0.269092947,0.100573942,0.237284258,-0.037998606,-0.695089638,-0.747796595,0.515443146,0.003758514
1.932251096,-0.256304264,1.055708051,0.068974853,0.113581114,0.397748053,0.907820582,0.000000000,0.000000000,0.282510717,-1.389034716,1.985141913,0.120450086,2.604167660,-0.226477850,-0.154115810,-0.294480464,-1.643268176,0.207936958,0.044985337,2.570166097,-0.773392854,0.123758114,0.345877647,-0.069876127,0.007023540,-0.174529970,0.052976102,0.517929733,-1.034773469,0.242151722,0.104316756,0.213223442,0.017785307,-0.605789006,-0.800984144,0.478869557,0.017523328
1.944540262,-0.244279385,1.088944316,0.065125652,0.112908989,0.386796176,0.912906826,0.000000000,0.000000000,0.252463670,-1.395641058,1.988671079,0.133944963,2.604896183,-0.223695530,-0.154726781,-0.292348069,-1.644932976,0.214641178,0.044523615,2.572121426,-0.769320095,0.123777348,0.341756821,-0.049119636,0.004766622,-0.174529970,0.065718204,0.409823447,-0.898527563,0.215926513,0.109942853,0.176606551,0.064476788,-0.489912152,-0.876811564,0.447751760,0.037166238
1.958637238,-0.230739519,1.115687847,0.059839033,0.107787617,0.373054087,0.919582427,0.000000000,0.000000000,0.219940323,-1.400423924,1.992479234,0.147417048,2.605836838,-0.222068739,-0.155852444,-0.288638003,-1.642630014,0.219176498,0.044062232,2.573629012,-0.766372743,0.123968191,0.333344609,-0.027090810,0.002287452,-0.174529970,0.075772464,0.306037247,-0.767058372,0.188501418,0.120151736,0.133926570,0.094604552,-0.355188489,-0.941662252,0.418263614,0.061372835
1.974090815,-0.216777548,1.135230303,0.053923473,0.099951893,0.356780678,0.927259088,0.000000000,0.000000000,0.182188956,-1.407739693,2.014070854,0.156960173,2.612486501,-0.218626039,-0.158775598,-0.287568773,-1.642726311,0.229556954,0.042731468,2.578576256,-0.758501070,0.124814813,0.324768156,-0.006462682,-0.001246020,-0.174529970,0.087841108,0.211939439,-0.648908079,0.161940828,0.134163991,0.099595875,0.108608641,-0.212684795,-0.984085739,0.385494024,0.079028204
1.990140080,-0.202757448,1.148640275,0.049666706,0.090490162,0.340325683,0.934624612,0.000000000,0.000000000,0.177102163,-1.409631088,2.049834172,0.155471867,2.624346500,-0.217614077,-0.165304470,-0.280550161,-1.638677693,0.232653808,0.069157237,2.583631811,-0.747301344,0.127996135,0.315350533,0.007662110,-0.004962651,-0.174024507,0.102230743,0.127379656,-0.545946956,0.139560044,0.151236027,0.080015332,0.115386650,-0.059542574,-0.994937181,0.343185961,0.090354264
2.006589890,-0.187625587,1.156965017,0.046579603,0.080841921,0.324847728,0.941152930,0.000000000,0.000000000,0.167542947,-1.412752059,2.061120924,0.158943628,2.627943482,-0.218097339,-0.168039437,-0.270714147,-1.636298324,0.228527081,0.087602476,2.584330037,-0.743052874,0.129441167,0.301623285,0.010560656,-0.009500215,-0.167779610,0.113599926,0.057650980,-0.464033425,0.124431133,0.166114628,0.083883613,0.119260125,0.085901834,-0.958381593,0.287711829,0.092067093
2.025187254,-0.169430628,1.162974477,0.043133080,0.073282897,0.309969813,0.946936011,0.000000000,0.000000000,0.149275030,-1.408453467,2.066241748,0.162727023,2.629672511,-0.218604109,-0.169679687,-0.248098707,-1.626742543,0.223140091,0.101856808,2.583919742,-0.741175100,0.130270139,0.272991061,0.004417306,-0.011646936,-0.158737689,0.107485414,0.007451513,-0.397698373,0.115706839,0.176902115,0.086896539,0.133479387,0.226030171,-0.835137784,0.205518752,0.095267192
2.046958923,-0.150790215,1.165224195,0.040195901,0.065261364,0.293032408,0.953025281,0.000000000,0.000000000,0.149357086,-1.407199189,2.071140540,0.163727744,2.631212339,-0.219456980,-0.171596724,-0.227660711,-1.619693811,0.214451915,0.116586903,2.577807306,-0.739449156,0.131477926,0.251740277,-0.009160284,-0.015288264,-0.141135350,0.100187629,-0.056073956,-0.349826276,0.119480468,0.175687462,0.091371879,0.142069578,0.359112620,-0.714394093,0.117617004,0.094745845
2.070821762,-0.134135455,1.163985252,0.038756531,0.057481680,0.274315357,0.959137559,0.000000000,0.000000000,0.150467364,-1.403246680,2.071918162,0.163575909,2.631400080,-0.219576054,-0.171894981,-0.216461035,-1.617437985,0.212945178,0.118628907,2.577175995,-0.739266637,0.131653898,0.239854813,-0.025489341,-0.019213019,-0.118980519,0.096564740,-0.131237611,-0.315255731,0.131056502,0.168607578,0.101676434,0.142645761,0.476742387,-0.615124881,0.034655653,0.088512942
2.095200539,-0.119497374,1.160092115,0.038519531,0.049835145,0.254936993,0.964904010,0.000000000,0.000000000,0.150788488,-1.398937701,2.080166769,0.165963690,2.632439461,-0.220469537,-0.173977623,-0.219176869,-1.621326100,0.183098479,0.123216677,2.523598374,-0.749284001,0.149421468,0.228930712,-0.042555738,-0.022677481,-0.094920270,0.096701860,-0.202865347,-0.291175753,0.143607661,0.160582423,0.118597090,0.145019621,0.581252933,-0.525989473,-0.044173483,0.075706281
2.118701935,-0.106319606,1.154216766,0.039303515,0.041822173,0.238181770,0.969523370,0.000000000,0.000000000,0.141328566,-1.392651811,2.089616711,0.171801541,2.633542414,-0.221801045,-0.176643542,-0.218043645,-1.625887510,0.146642134,0.125964963,2.456865797,-0.767195104,0.171560233,0.217438713,-0.060523532,-0.026716070,-0.069845751,0.097809777,-0.268286645,-0.272832930,0.154170930,0.151475623,0.136889696,0.151641935,0.677611232,-0.453412294,-0.113936298,0.059474237
2.141051292,-0.094256558,1.146543622,0.040056698,0.034921266,0.224471509,0.973030627,0.000000000,0.000000000,0.128669303,-1.386949233,2.097761237,0.174540947,2.634305255,-0.222638021,-0.178427763,-0.222348439,-1.626168599,0.123914393,0.126862459,2.413144057,-0.782270472,0.185860224,0.210348040,-0.077264279,-0.030879319,-0.045532763,0.095062956,-0.330563992,-0.262668729,0.164752722,0.141339034,0.147478670,0.159828559,0.763944209,-0.405445278,-0.169337407,0.046154488
2.162718773,-0.082964174,1.137208819,0.041534670,0.029345613,0.214529842,0.975392580,0.000000000,0.000000000,0.114881273,-1.379609112,2.134448408,0.176368049,2.637139463,-0.225755306,-0.185121601,-0.207579732,-1.609122550,0.036896797,0.138430507,2.271956739,-0.833873939,0.227783366,0.207268119,-0.093132183,-0.034098517,-0.026622739,0.090242274,-0.391380012,-0.255771160,0.175857484,0.132535517,0.153621733,0.167155176,0.837638199,-0.377310783,-0.212689012,0.032633100
2.184911728,-0.071590386,1.124921799,0.044298820,0.025616176,0.208885789,0.976600349,0.000000000,0.000000000,0.107993729,-1.366724458,2.296143640,0.167363524,2.708007833,-0.299373636,-0.296363559,0.149946219,-1.607757501,-0.397781783,0.147434788,2.017846844,-0.839625733,0.291502762,0.208789676,-0.106633216,-0.035174087,-0.020722345,0.084490106,-0.455214888,-0.256254315,0.192072183,0.127945125,0.152368769,0.169802591,0.885608017,-0.361283511,-0.245986804,0.022384115
2.208354950,-0.059419289,1.110683203,0.046914767,0.023476316,0.206497908,0.977039695,0.000000000,0.000000000,0.087397168,-1.359973516,2.302733529,0.172450217,2.708796916,-0.303924193,-0.299362905,0.199741717,-1.605582502,-0.419029247,0.145537762,1.986948195,-0.835164128,0.293304540,0.212906867,-0.115390807,-0.035047419,-0.025647119,0.079730473,-0.517327011,-0.261892408,0.207013473,0.127393514,0.148657471,0.168236122,0.905216873,-0.352863103,-0.270618945,0.011000892
2.233576775,-0.045975845,1.095088482,0.050269473,0.022057835,0.203871191,0.977457404,0.000000000,0.000000000,0.044321062,-1.357501895,2.342094099,0.178048254,2.711444568,-0.319944822,-0.309316391,0.258882236,-1.609342131,-0.505281479,0.136031839,1.877025831,-0.817491390,0.300714691,0.218443036,-0.120254830,-0.034259312,-0.043424778,0.076715380,-0.575146675,-0.271933645,0.219787404,0.131655663,0.143967867,0.165168926,0.902567625,-0.351134390,-0.285982907,-0.001318372
2.261275053,-0.030584710,1.078085899,0.053607985,0.020898618,0.201118171,0.977875710,0.000000000,0.000000000,0.011097440,-1.362595482,2.388621206,0.185988918,2.713627195,-0.332873472,-0.317273529,0.284168552,-1.609248426,-0.573439293,0.127901593,1.789565083,-0.802483857,0.305042185,0.224677235,-0.121569782,-0.032715492,-0.070472889,0.073384881,-0.628406465,-0.284128428,0.232645452,0.138748944,0.138769940,0.158433855,0.886550367,-0.355615497,-0.292689651,-0.010155749
2.291264296,-0.013710019,1.059524894,0.056572486,0.019496540,0.196160197,0.978744447,0.000000000,0.000000000,0.008403366,-1.363028797,2.389335779,0.186063373,2.713864615,-0.333948284,-0.317910931,0.280364345,-1.608533270,-0.579153690,0.127061835,1.781731014,-0.801160068,0.305333938,0.234763950,-0.116363421,-0.030985065,-0.105785832,0.072801501,-0.680236518,-0.302709788,0.246818885,0.148497865,0.132120728,0.146611914,0.861978829,-0.374973714,-0.287331045,-0.013044237
2.322544575,0.004067943,1.040402651,0.058402903,0.021428246,0.192879498,0.979248405,0.000000000,0.000000000,0.005033954,-1.362115448,2.390086932,0.186540804,2.714109815,-0.335204672,-0.318587728,0.270458861,-1.606944908,-0.585579485,0.126013224,1.772298854,-0.799391663,0.305636458,0.245640814,-0.117805004,-0.035903484,-0.129846275,0.075137779,-0.720231295,-0.323466122,0.263434440,0.157881349,0.137456566,0.130210727,0.856704414,-0.419269025,-0.273287624,-0.013755498
2.353385448,0.021759318,1.022310615,0.059829302,0.027180534,0.195447490,0.978510082,0.000000000,0.000000000,0.000490683,-1.361154847,2.392867543,0.186556352,2.714224927,-0.336081833,-0.318950552,0.254065205,-1.606747634,-0.589335951,0.125112077,1.766593530,-0.797911133,0.305685354,0.255043387,-0.124305218,-0.045184478,-0.145485580,0.075011991,-0.747187078,-0.346597463,0.279514164,0.165984988,0.148061305,0.109793536,0.875527740,-0.483023733,-0.256291717,-0.013463655
2.382332325,0.038542978,1.006784678,0.061907001,0.029381678,0.196572557,0.978091717,0.000000000,0.000000000,-0.057882830,-1.445691952,2.369297625,0.057179115,2.682384732,-0.370659266,-0.340015341,0.160870282,-1.570979567,-0.636620445,0.065525274,1.718527003,-0.762303627,0.254481710,0.261932880,-0.130412221,-0.054596409,-0.155651122,0.078656673,-0.771323681,-0.368519038,0.297188520,0.170213744,0.161126301,0.094971724,0.897811651,-0.562928915,-0.228910714,-0.012897432
2.408183098,0.053237848,0.993425667,0.063728102,0.033234205,0.200960308,0.976959169,0.000000000,0.000000000,-0.054516560,-1.436650933,2.360574870,0.069771000,2.671235483,-0.371732559,-0.341982490,0.117966770,-1.574435392,-0.634664912,0.065063037,1.719171071,-0.760053952,0.253225809,0.268442333,-0.137999162,-0.064798877,-0.162258729,0.076699562,-0.785057008,-0.393941700,0.315959752,0.173203170,0.176069349,0.080631398,0.924738824,-0.635415077,-0.205767170,-0.017350581
2.431068420,0.065865189,0.987062216,0.065607205,0.036426976,0.202586100,0.976384997,0.000000000,0.000000000,-0.046441556,-1.427467298,2.343900745,0.083580375,2.651062653,-0.372784721,-0.344398632,0.054926112,-1.573825494,-0.628586970,0.064791258,1.720946165,-0.756791429,0.251134648,0.276487440,-0.142328873,-0.073289834,-0.166553676,0.078902669,-0.785399973,-0.416704744,0.337552637,0.176256061,0.188224971,0.069175549,0.948312163,-0.710091054,-0.179430947,-0.021984531
2.451303959,0.076604255,0.982037127,0.067343496,0.040810939,0.203579158,0.975886703,0.000000000,0.000000000,-0.039443912,-1.423753895,2.320328975,0.094241714,2.623416504,-0.373523334,-0.346626536,0.008034953,-1.576287942,-0.620402636,0.064412709,1.723656338,-0.753198848,0.248167221,0.286158323,-0.143966615,-0.080880627,-0.169330359,0.083853401,-0.785399973,-0.433467865,0.358937740,0.180194974,0.195593402,0.057423968,0.975396991,-0.787455380,-0.153171927,-0.028373843
2.469186306,0.085631520,0.979354858,0.068632714,0.043929286,0.201796651,0.976031721,0.000000000,0.000000000,-0.030379017,-1.418970332,2.303166297,0.101201533,2.602735734,-0.373776698,-0.347348402,-0.019131066,-1.577642837,-0.612633176,0.063824898,1.726392042,-0.750378008,0.245321044,0.296498656,-0.141435951,-0.086024061,-0.171084508,0.093667254,-0.785399973,-0.444411933,0.378706425,0.186553091,0.199580044,0.047252603,0.999652326,-0.864680171,-0.125527129,-0.037093826
2.484361649,0.093514241,0.976937473,0.070190869,0.047221243,0.198761940,0.976389825,0.000000000,0.000000000,-0.018502910,-1.413941983,2.279757924,0.108581125,2.575666079,-0.373991192,-0.347908883,-0.047559666,-1.580850613,-0.602667507,0.063460797,1.729900689,-0.747293240,0.241969006,0.307866901,-0.138171524,-0.089493960,-0.172267288,0.105198175,-0.785399973,-0.458678126,0.398558378,0.194956183,0.201284885,0.036571532,1.027953863,-0.941993415,-0.099549785,-0.045756370
2.496786118,0.099983126,0.980373681,0.070932224,0.047171831,0.188043326,0.978459597,0.000000000,0.000000000,-0.003047786,-1.414114280,2.269936066,0.110452020,2.563778435,-0.374059475,-0.347968488,-0.050119312,-1.579507870,-0.597639592,0.065278892,1.731657920,-0.745910479,0.240565154,0.327186406,-0.127890229,-0.083405435,-0.173059225,0.123564206,-0.785399973,-0.470312655,0.416120440,0.203604043,0.198880702,0.026808362,1.039621949,-1.019051909,-0.066408537,-0.051121626
2.506565571,0.105006278,0.977043509,0.070698164,0.047973674,0.175311670,0.980798721,0.000000000,0.000000000,0.012196634,-1.412575205,2.246021000,0.114191835,2.536855675,-0.374343977,-0.348127868,-0.055103196,-1.572500322,-0.585157418,0.070237743,1.736022028,-0.742891067,0.237388705,0.340483725,-0.118257359,-0.079550348,-0.173574001,0.142243564,-0.785399973,-0.494864196,0.434150726,0.213546813,0.200532436,0.020817727,1.064613223,-1.089885831,-0.040256087,-0.056370348
2.514236450,0.109259866,0.968238592,0.070805624,0.051774304,0.167205855,0.982012331,0.000000000,0.000000000,0.350137849,-1.558557132,2.184052464,0.082884684,2.453124821,-0.356137503,-0.377902516,-0.253606178,-1.551956034,-0.326028322,0.099695068,2.012980685,-0.720721045,0.131144484,0.350011408,-0.114832491,-0.078735001,-0.173908591,0.152816087,-0.785399973,-0.526981533,0.452811360,0.224163592,0.206307232,0.009501617,1.107186317,-1.150629044,-0.025486691,-0.063115858
2.520131826,0.112717569,0.956508279,0.071266145,0.053768937,0.153686583,0.984078526,0.000000000,0.000000000,0.390142877,-1.568635525,2.137494329,0.082492193,2.383315758,-0.343715556,-0.395967022,-0.328973269,-1.586450042,-0.347086988,0.094385888,2.010288297,-0.733608055,0.197243019,0.354361147,-0.110587254,-0.081277549,-0.174126089,0.177348748,-0.785399973,-0.562849700,0.470573485,0.235506892,0.213437945,0.016460653,1.144959331,-1.201658607,-0.013017040,-0.069566526
2.525541782,0.115756825,0.942384243,0.071279936,0.056246132,0.141067401,0.985827327,0.000000000,0.000000000,0.422605104,-1.575525864,2.110033810,0.081058742,2.325743702,-0.335444666,-0.406305287,-0.397770274,-1.590587119,-0.280043150,0.093726842,2.088657425,-0.778075094,0.232933972,0.354820997,-0.108082414,-0.086921632,-0.174267456,0.203629583,-0.785399973,-0.597115219,0.486221224,0.245564803,0.223533422,0.027737882,1.188718557,-1.246992588,-0.007312514,-0.076247074
2.531347275,0.118669540,0.927626133,0.070351169,0.060847037,0.128418908,0.987348437,0.000000000,0.000000000,0.439972979,-1.574708050,2.104393112,0.082100098,2.287812415,-0.325486013,-0.413747805,-0.445785937,-1.599949437,-0.201994567,0.095940471,2.188166909,-0.800710308,0.250269212,0.354828447,-0.105021797,-0.094652109,-0.174359351,0.231424928,-0.785399973,-0.623788238,0.499899119,0.254656047,0.235007465,0.039679743,1.237834573,-1.287912369,-0.007393588,-0.085674137
2.537156105,0.121092662,0.913614929,0.068741396,0.065190993,0.114338115,0.988914371,0.000000000,0.000000000,0.444815410,-1.580444872,2.100214475,0.081261976,2.250075472,-0.322485667,-0.415443043,-0.480414612,-1.614855540,-0.166155719,0.092624478,2.250921202,-0.860802043,0.277565991,0.352422386,-0.101241931,-0.103340626,-0.174419075,0.259776324,-0.785399973,-0.642600417,0.509426773,0.261766732,0.250093251,0.051727012,1.283338904,-1.322577596,-0.009914836,-0.098629750
2.542850733,0.123306766,0.901114285,0.066770047,0.069757640,0.099273160,0.990363777,0.000000000,0.000000000,0.446104823,-1.578601562,2.101418178,0.081586797,2.219096641,-0.321785897,-0.413784727,-0.499137619,-1.617244533,-0.142638738,0.094065842,2.285348200,-0.885721937,0.294265216,0.351043224,-0.098283738,-0.110825956,-0.174313992,0.286108494,-0.785399973,-0.654806614,0.516199827,0.266598433,0.268303871,0.061016642,1.318429232,-1.347391367,-0.012478163,-0.113280512
2.548393011,0.125447810,0.890003264,0.064880423,0.074791670,0.084273748,0.991511285,0.000000000,0.000000000,0.455194849,-1.572510765,2.111220376,0.081229053,2.193152402,-0.321854923,-0.410421183,-0.521014586,-1.621622838,-0.128240101,0.091418584,2.292006766,-0.910369095,0.307604571,0.350869209,-0.096765786,-0.117552370,-0.172778875,0.310370535,-0.785399973,-0.662342429,0.521204233,0.269196898,0.288778841,0.068465814,1.348292828,-1.367510438,-0.015476987,-0.129983261
2.553869486,0.127488792,0.880798519,0.063805461,0.080408707,0.069239847,0.992304981,0.000000000,0.000000000,0.456519289,-1.561646355,2.125818615,0.081817402,2.171896462,-0.321285911,-0.405192856,-0.540223239,-1.648780814,-0.104395698,0.083521598,2.318318002,-1.034402957,0.370249141,0.353422344,-0.096406683,-0.120674431,-0.172162831,0.331014156,-0.785399973,-0.665770233,0.525440216,0.270968437,0.308032691,0.074140579,1.368650794,-1.381773233,-0.016937820,-0.144560218
2.559557915,0.129622266,0.876683354,0.063456900,0.086428076,0.054590385,0.992735267,0.000000000,0.000000000,0.470809181,-1.555009669,2.126209689,0.081681401,2.168806789,-0.320052733,-0.404243518,-0.536764545,-1.673711726,-0.115172804,0.083896094,2.290757336,-1.066986016,0.380762341,0.359949052,-0.097193845,-0.118147328,-0.172991335,0.345296472,-0.785399973,-0.657886088,0.525929213,0.269552141,0.322094023,0.074629657,1.376735449,-1.387343764,-0.017015262,-0.156452104
2.565872192,0.132002234,0.879740953,0.062194653,0.092822149,0.040876776,0.992897213,0.000000000,0.000000000,0.475247009,-1.554793652,2.126255632,0.081641136,2.167943679,-0.319587772,-0.403956734,-0.537392481,-1.670858968,-0.114620469,0.085441597,2.285645698,-1.072269103,0.381745223,0.369254172,-0.097612172,-0.110210881,-0.173529863,0.351273745,-0.785399973,-0.631727636,0.516505539,0.265159428,0.332002819,0.070080198,1.369060636,-1.380048513,-0.015526903,-0.165111810
2.572785616,0.134777188,0.888936043,0.060691983,0.099585950,0.026962705,0.992810249,0.000000000,0.000000000,0.484938687,-1.555838689,2.125000932,0.082827937,2.162815819,-0.317628297,-0.402547969,-0.525475715,-1.673828798,-0.125851227,0.084787759,2.261759312,-1.072590311,0.384108975,0.382393897,-0.099779651,-0.096318007,-0.173879907,0.349092901,-0.785399973,-0.591116667,0.494658858,0.260808647,0.338599443,0.059677184,1.341315746,-1.357865334,-0.012452940,-0.170214295
2.580426693,0.138104916,0.900385141,0.057638425,0.105639279,0.012847099,0.992649555,0.000000000,0.000000000,0.453817796,-1.543213819,2.124483198,0.089577889,2.161820603,-0.316298822,-0.401704120,-0.501117163,-1.670214969,-0.132325903,0.085407613,2.247327052,-1.072865771,0.384960148,0.391693473,-0.104039684,-0.079179198,-0.174107432,0.338151991,-0.785399973,-0.537715793,0.457714498,0.257070184,0.346021295,0.051223166,1.296998024,-1.314824581,-0.010954493,-0.173449397
2.589347124,0.142294869,0.911492884,0.053352207,0.111501820,0.000862901,0.992330670,0.000000000,0.000000000,0.428234104,-1.543593183,2.123691716,0.096811577,2.159959499,-0.315416104,-0.400977705,-0.470463479,-1.665774673,-0.134123511,0.087276518,2.241455432,-1.074098819,0.384791791,0.392595559,-0.109550223,-0.061744899,-0.174255326,0.317295462,-0.785399973,-0.478117377,0.406408995,0.256424308,0.354448557,0.045212746,1.239482284,-1.252377987,-0.012861839,-0.171694309
2.600002050,0.147456273,0.916704059,0.047986738,0.118657105,-0.007200968,0.991748869,0.000000000,0.000000000,0.399104289,-1.540428920,2.123859071,0.101650876,2.159908335,-0.313969434,-0.400118135,-0.426992246,-1.658691509,-0.132069401,0.088492452,2.239421231,-1.077480747,0.383777304,0.387954473,-0.114820525,-0.046369843,-0.174351454,0.286393434,-0.785399973,-0.431363046,0.347061127,0.256842703,0.361579001,0.040692501,1.172104478,-1.174149752,-0.018412815,-0.166130215
2.611841202,0.152100638,0.928897679,0.043411363,0.124124065,-0.014711946,0.991207480,0.000000000,0.000000000,0.383198261,-1.528974904,2.126173494,0.101369301,2.161114077,-0.307890827,-0.396677889,-0.369594267,-1.653970789,-0.095991390,0.084054253,2.250180192,-1.090572095,0.367385941,0.376254559,-0.120047517,-0.031306800,-0.174413949,0.247819275,-0.762309849,-0.400493145,0.287785441,0.257753313,0.365387410,0.037809212,1.091236353,-1.080999374,-0.024059845,-0.154581904
2.624750614,0.156057969,0.951153755,0.039500363,0.126243800,-0.020669807,0.990996957,0.000000000,0.000000000,0.376876441,-1.514612052,2.127816014,0.101034643,2.161922749,-0.302649112,-0.392613428,-0.315155022,-1.642764023,-0.073655637,0.083791833,2.257159477,-1.095004523,0.358332492,0.360101879,-0.122946374,-0.018551437,-0.174454570,0.203732446,-0.707236826,-0.400786579,0.237743288,0.258748770,0.363884687,0.032317545,1.004704475,-0.987291634,-0.025128143,-0.136855215
2.638880014,0.159819618,0.978929460,0.034733579,0.124638014,-0.022834746,0.991331220,0.000000000,0.000000000,0.359595128,-1.497035980,2.144874592,0.098750420,2.170671166,-0.275987560,-0.365737207,-0.290561909,-1.631661243,-0.021598999,0.115427943,2.296798921,-1.026547085,0.302888184,0.341582119,-0.118707851,-0.007166483,-0.174480975,0.156497777,-0.628148913,-0.435955167,0.201478958,0.257885754,0.354161024,0.021024469,0.915046155,-0.889906287,-0.023362527,-0.114958234
2.655007839,0.164668813,1.008105636,0.030796416,0.118241727,-0.020716734,0.992290974,0.000000000,0.000000000,0.364714603,-1.505386894,2.153458275,0.094247820,2.146621592,-0.236785979,-0.319196613,-0.277265191,-1.634661085,-0.022201790,0.143481377,2.317957653,-0.933664876,0.243017476,0.322817504,-0.108706459,0.004825240,-0.174498126,0.111239627,-0.533864677,-0.504039288,0.182427615,0.253988862,0.331497848,0.003221654,0.816283405,-0.793415189,-0.014437526,-0.083153673
2.673169613,0.171088248,1.039225578,0.028257931,0.109933876,-0.015910391,0.993409753,0.000000000,0.000000000,0.361150117,-1.501914865,2.147971800,0.089288834,2.100502660,-0.210913189,-0.279906934,-0.281488864,-1.628053543,-0.064699043,0.165438664,2.298724765,-0.858468739,0.192658134,0.306726187,-0.097147383,0.015758762,-0.174509287,0.073981963,-0.422585785,-0.582913101,0.177070305,0.248296201,0.300071776,-0.014941417,0.713992715,-0.706806600,0.003637016,-0.046969112
2.692223549,0.178139001,1.067027569,0.027120849,0.100468889,-0.009297496,0.994527042,0.000000000,0.000000000,0.363316183,-1.491509724,2.151552582,0.088264156,2.062497904,-0.192274141,-0.252559211,-0.295260713,-1.608252450,-0.111820256,0.148097298,2.276350261,-0.797271777,0.147955557,0.288558364,-0.085760109,0.025458293,-0.174516529,0.042402465,-0.311205089,-0.648884356,0.175917655,0.242448419,0.264482141,-0.033449531,0.618029773,-0.620485365,0.019693248,-0.016456384
2.711675167,0.186154336,1.093956590,0.026066417,0.089702576,0.005155571,0.995614111,0.000000000,0.000000000,0.329209749,-1.466559373,2.178922386,0.087449688,2.044327742,-0.184169241,-0.233693411,-0.314780472,-1.620056697,-0.148046875,0.099674893,2.282195524,-0.752528456,0.116713699,0.269358426,-0.066329703,0.038330488,-0.174521238,0.023828456,-0.186510280,-0.709832370,0.172562391,0.238105416,0.211189121,-0.057495877,0.522436500,-0.534000814,0.035223641,0.017361170
2.731165409,0.194870397,1.121169209,0.023883786,0.080328479,0.025765220,0.996149123,0.000000000,0.000000000,0.295671328,-1.437486195,2.211439427,0.086498256,2.031483151,-0.188572934,-0.217263725,-0.328239044,-1.640014808,-0.167060564,0.092927125,2.300136461,-0.718908433,0.095578154,0.256438434,-0.037283514,0.059448525,-0.174521297,0.021280814,-0.043352641,-0.754071057,0.162454709,0.234016642,0.141883135,-0.087448582,0.428181231,-0.469968885,0.064550310,0.055831645
2.751350164,0.204421192,1.134115696,0.021873767,0.071242735,0.058682740,0.995490968,0.000000000,0.000000000,0.252397978,-1.406832768,2.269218356,0.088972770,2.044357187,-0.185340679,-0.201007604,-0.299734260,-1.638374085,-0.184839306,0.079027649,2.342330866,-0.676790191,0.079785799,0.253836095,-0.019825753,0.065508872,-0.174524337,0.042044155,0.076658882,-0.768848598,0.146671921,0.236959949,0.080720417,-0.117293134,0.328645319,-0.432443529,0.111394361,0.085816443
2.772041798,0.214140475,1.132548690,0.020473156,0.064189896,0.096204333,0.993078709,0.000000000,0.000000000,0.221565192,-1.403226894,2.311622208,0.089988584,2.043752374,-0.175890985,-0.189176734,-0.249724954,-1.633822884,-0.190780519,0.076447216,2.386344948,-0.619391617,0.065804352,0.260342717,-0.014278856,0.068109065,-0.174526304,0.071530290,0.185593665,-0.764727950,0.124141119,0.240829498,0.034720212,-0.149862379,0.228898272,-0.414585680,0.167820677,0.102967747
2.792770624,0.224546224,1.131516337,0.019286737,0.057767950,0.134292454,0.989068449,0.000000000,0.000000000,0.203155424,-1.399899174,2.311788691,0.094089767,2.043810580,-0.175528317,-0.189061972,-0.248212243,-1.632290023,-0.188616853,0.078291182,2.387032044,-0.617395299,0.065040473,0.262538999,-0.015594575,0.066385105,-0.174527586,0.090899423,0.299404740,-0.708451986,0.075172104,0.245791733,0.000910152,-0.179726243,0.135103330,-0.405686885,0.227496222,0.106442511
2.813187122,0.235790551,1.134245157,0.018493738,0.051494140,0.171869338,0.983599126,0.000000000,0.000000000,0.166946868,-1.380617058,2.313648552,0.097591488,2.046262735,-0.174818210,-0.191742308,-0.242218649,-1.633342339,-0.182039287,0.078167322,2.395809473,-0.614414966,0.063122955,0.254189849,-0.027001470,0.060329359,-0.174528420,0.092958674,0.410765529,-0.596913218,-0.003341589,0.255923599,-0.013581834,-0.207142770,0.057932235,-0.402056485,0.283278406,0.097271912
2.832259655,0.247298151,1.133310914,0.017278792,0.044180907,0.207298473,0.977126837,0.000000000,0.000000000,0.132113580,-1.368872910,2.315209811,0.101485941,2.048386741,-0.173629774,-0.194120981,-0.234188926,-1.633188154,-0.177612433,0.077960993,2.399299657,-0.612558119,0.061833536,0.237144232,-0.037831690,0.052655283,-0.174528971,0.082430020,0.516568780,-0.471174210,-0.094696082,0.263766557,-0.018400833,-0.230563775,-0.003212879,-0.399817288,0.324500412,0.083498918
2.850356817,0.258695394,1.129658699,0.017127808,0.036361240,0.237366170,0.970588326,0.000000000,0.000000000,0.078628249,-1.369372945,2.435841964,0.091782492,2.159015640,-0.168915240,-0.197075765,-0.222708789,-1.628536860,-0.104992888,0.082113106,2.474037441,-0.567046567,0.043445334,0.217223525,-0.051003754,0.043469477,-0.174529329,0.066997558,0.614979208,-0.380760133,-0.167001083,0.266752213,-0.012031569,-0.245919809,-0.057039954,-0.398844749,0.357384115,0.064326048
2.868668556,0.269621253,1.122886658,0.019332238,0.028432518,0.261671007,0.964544475,0.000000000,0.000000000,0.064178360,-1.370925524,2.531424214,0.092492271,2.238561364,-0.166775599,-0.207631854,-0.207609845,-1.627585216,-0.067919702,0.111849639,2.542246619,-0.524777793,0.045569224,0.200280726,-0.062455654,0.034008581,-0.174529552,0.052461460,0.697081089,-0.328182369,-0.216793180,0.263234705,-0.002903620,-0.251146734,-0.113309018,-0.396969259,0.384708792,0.044972699
2.887797832,0.280011982,1.113103151,0.022897987,0.020981129,0.279459149,0.959655166,0.000000000,0.000000000,0.045375941,-1.374436024,2.566789995,0.092668322,2.282890750,-0.168704204,-0.231085587,-0.183095324,-1.627781930,-0.022457903,0.166946729,2.566840781,-0.493238530,0.047567140,0.190867096,-0.071285263,0.023283819,-0.174529701,0.043090180,0.749395728,-0.295738488,-0.252830386,0.257880360,0.008852129,-0.246939003,-0.179035127,-0.395178050,0.409402311,0.024107782
2.907963753,0.290051579,1.106709361,0.028180093,0.013556760,0.291990936,0.955909669,0.000000000,0.000000000,0.009780285,-1.364734122,2.572517900,0.095242319,2.291956405,-0.170925021,-0.238409659,-0.173677857,-1.620722978,-0.041474346,0.169649661,2.548448644,-0.496846117,0.075591090,0.192130908,-0.081496328,0.011996092,-0.174529791,0.044209864,0.758343041,-0.271814615,-0.279649526,0.251636207,0.027350742,-0.236054063,-0.263526618,-0.394912213,0.433848679,0.002842814
2.928728580,0.299673021,1.099010229,0.035573997,0.014115932,0.298767149,0.953558266,0.000000000,0.000000000,-0.011903961,-1.365939107,2.582861508,0.095995054,2.308113170,-0.175056274,-0.253810302,-0.149147140,-1.621063471,-0.089995152,0.191731890,2.458775711,-0.501572007,0.133353791,0.193457872,-0.102576554,0.004894630,-0.174529850,0.051592220,0.766142428,-0.266044289,-0.298641831,0.247707516,0.062960304,-0.229302868,-0.327204257,-0.404793382,0.447744071,-0.020057946
2.953250170,0.308641434,1.085292339,0.044110384,0.009068646,0.305534750,0.951115429,0.000000000,0.000000000,-0.006056046,-1.357811060,2.590091812,0.101633596,2.313673348,-0.177057903,-0.261792712,-0.135818627,-1.620001367,-0.122784090,0.199059580,2.394000240,-0.504622614,0.158176100,0.201924205,-0.116919473,-0.005075234,-0.174529895,0.065003835,0.733185053,-0.288172454,-0.285453886,0.241397649,0.093738124,-0.231000781,-0.421405107,-0.405847520,0.449694216,-0.041829839
2.980871677,0.316896021,1.066351891,0.052793615,0.007871442,0.311159223,0.948857605,0.000000000,0.000000000,-0.018435088,-1.348482256,2.701203153,0.113003974,2.362458824,-0.192269405,-0.366360517,-0.051510115,-1.613975532,-0.264883778,0.213805495,2.282580692,-0.518706553,0.210954972,0.214519620,-0.128788680,-0.014706317,-0.174529925,0.079641394,0.689710140,-0.324417621,-0.256862998,0.233651593,0.127868131,-0.230935276,-0.506904602,-0.413278699,0.442817509,-0.060764730
3.010167122,0.324456424,1.040206194,0.061967116,0.009307001,0.313943744,0.947371542,0.000000000,0.000000000,-0.006392330,-1.339273168,2.721505477,0.112421539,2.364858727,-0.197061211,-0.374413942,-0.031143472,-1.620045349,-0.292746689,0.216087021,2.224944702,-0.493102133,0.225667175,0.231464446,-0.140026420,-0.020370193,-0.174529940,0.087639831,0.651224256,-0.390322149,-0.210476413,0.222806782,0.165111572,-0.227892548,-0.587989390,-0.428967595,0.438048571,-0.073101997
3.038113117,0.331567496,1.008299828,0.070575178,0.015047242,0.313728839,0.946766615,0.000000000,0.000000000,0.020154795,-1.325182405,2.722263494,0.114990532,2.364874296,-0.198011617,-0.375867625,-0.023950119,-1.615985527,-0.296513169,0.213055321,2.218873318,-0.489704844,0.227552409,0.249080524,-0.154389471,-0.024655320,-0.174529955,0.082706437,0.645716548,-0.489047050,-0.161242232,0.210328996,0.211255729,-0.219904095,-0.651716471,-0.455756634,0.444492310,-0.075979263
3.062992573,0.338324010,0.971675158,0.078436345,0.020360714,0.313748479,0.946041822,0.000000000,0.000000000,0.069974170,-1.315133984,2.721812186,0.114217370,2.320220595,-0.231657347,-0.476222356,-0.025399281,-1.623546742,-0.349879589,0.200109590,2.142349224,-0.406793857,0.255523993,0.267832160,-0.169572115,-0.025407437,-0.174529970,0.069343545,0.658541679,-0.613484263,-0.107790060,0.195939600,0.262420595,-0.215506107,-0.707605004,-0.491486281,0.460496545,-0.073835410
3.083508968,0.344364405,0.955852628,0.085776441,0.025312919,0.314601868,0.945001185,0.000000000,0.000000000,0.110215541,-1.305415990,2.716579292,0.116574332,2.309127044,-0.232331074,-0.477601315,-0.032168765,-1.618490010,-0.338655529,0.193529055,2.147509826,-0.404604762,0.250353076,0.286360413,-0.185467720,-0.023605833,-0.174529970,0.048899148,0.682250679,-0.745377421,-0.054753069,0.182841986,0.312394142,-0.214257061,-0.760021925,-0.519359827,0.483983755,-0.067887872
3.100363255,0.349066317,0.944730818,0.092006706,0.031400003,0.312889576,0.944801033,0.000000000,0.000000000,0.160138131,-1.293550213,2.708269184,0.124389199,2.292965113,-0.232493216,-0.478684519,-0.055719388,-1.617719223,-0.331716868,0.189860254,2.149141105,-0.402512627,0.248598155,0.302995443,-0.198134989,-0.021549480,-0.174529970,0.032379236,0.717484713,-0.872631907,-0.007116758,0.170480117,0.349633515,-0.209996700,-0.785399973,-0.550373971,0.507991910,-0.060172345
3.114099979,0.352055669,0.933774948,0.096494056,0.032073572,0.310371727,0.945161104,0.000000000,0.000000000,0.234689822,-1.297845651,2.691930103,0.125794933,2.265282922,-0.232368954,-0.479898523,-0.094946631,-1.618626794,-0.324890536,0.179218345,2.141771997,-0.400860059,0.249972827,0.310307562,-0.200198397,-0.016727524,-0.174529970,0.016491583,0.745829165,-0.984440625,0.037412036,0.159854352,0.367308557,-0.209596455,-0.785399973,-0.574934781,0.529776514,-0.052334886
3.125648975,0.354596585,0.924631178,0.099169984,0.031529393,0.310192853,0.944961190,0.000000000,0.000000000,0.262737042,-1.298542940,2.683070671,0.127027911,2.252101599,-0.232122356,-0.480452605,-0.096319550,-1.614152701,-0.313039299,0.178624116,2.144586367,-0.400032386,0.248117560,0.313537776,-0.196924835,-0.013050198,-0.174529970,-0.000773556,0.766306818,-1.079120040,0.078532249,0.152229220,0.370719790,-0.211386621,-0.785399973,-0.590587616,0.547101855,-0.046070073
3.135104656,0.356936514,0.915066481,0.100495666,0.033117395,0.309349597,0.945043206,0.000000000,0.000000000,0.351459909,-1.356005695,2.560972448,0.119196906,2.115565892,-0.242272033,-0.566253080,-0.188757766,-1.616360828,-0.148142712,0.202456233,2.306770834,-0.405550785,0.297936745,0.311878473,-0.190010220,-0.009158156,-0.174529970,-0.017590366,0.796950758,-1.160002708,0.107739434,0.147265181,0.364637196,-0.210982084,-0.785399973,-0.606182158,0.560172379,-0.040012915
3.142660856,0.359311044,0.904954553,0.101079926,0.036167245,0.308219582,0.945238352,0.000000000,0.000000000,0.384900295,-1.384189738,2.475666795,0.088241729,2.026921090,-0.229646098,-0.620317282,-0.264313028,-1.635083103,-0.031105851,0.166480350,2.422672296,-0.438126306,0.173852410,0.307019889,-0.182459623,-0.005330627,-0.174529970,-0.034721043,0.834687352,-1.230154395,0.127950564,0.143590838,0.353739411,-0.209945202,-0.785399973,-0.622649848,0.570323825,-0.034402143
3.148878098,0.361759007,0.894456923,0.100987643,0.040366605,0.306708127,0.945569754,0.000000000,0.000000000,0.410922114,-1.389627850,2.462007655,0.090526830,2.009329685,-0.227795517,-0.621737701,-0.269406664,-1.640128909,-0.025392399,0.157243073,2.424699870,-0.440741835,0.166448384,0.300345063,-0.175707579,-0.001247398,-0.174529970,-0.051487945,0.877015531,-1.291406274,0.141903475,0.140623510,0.342055202,-0.209185138,-0.785399973,-0.638249576,0.579784393,-0.030075463
3.153903008,0.364140183,0.884869158,0.100271694,0.045138232,0.304633737,0.946100712,0.000000000,0.000000000,0.429255925,-1.397906808,2.450412327,0.096212590,1.993211758,-0.226349528,-0.622722009,-0.269809011,-1.641604829,-0.021322148,0.142067430,2.426236138,-0.442875978,0.161757602,0.292553484,-0.170748368,0.002186189,-0.174529970,-0.067881793,0.920167685,-1.344055414,0.151066214,0.138086349,0.330875516,-0.208954364,-0.785399973,-0.652680814,0.588528395,-0.026423482
3.157955647,0.366446197,0.878015935,0.098041974,0.048697982,0.302856386,0.946728170,0.000000000,0.000000000,0.453233079,-1.420740207,2.393773720,0.088228090,1.930209649,-0.215502531,-0.656377336,-0.278947539,-1.638879323,-0.086195357,0.053613354,2.459405486,-0.467349844,0.129292098,0.283780813,-0.165265739,0.005657775,-0.174529970,-0.085956633,0.960047007,-1.390735984,0.159915507,0.135083497,0.319542825,-0.212333098,-0.785399973,-0.668745697,0.598164797,-0.023602128
3.161296844,0.368832350,0.870613456,0.094772510,0.052388687,0.300645977,0.947568297,0.000000000,0.000000000,0.467221306,-1.430304303,2.365661647,0.089571039,1.892293814,-0.205336334,-0.669371916,-0.305450002,-1.640857852,-0.109262034,0.044955882,2.482080566,-0.492951976,0.113862343,0.276037872,-0.160025418,0.008973783,-0.174529970,-0.103273258,0.998575330,-1.433584929,0.168409377,0.132187262,0.308278799,-0.216382056,-0.785399973,-0.685675263,0.607789516,-0.021669107
3.164262295,0.370801002,0.862656653,0.089509957,0.053222723,0.301147789,0.947874129,0.000000000,0.000000000,0.478717889,-1.438392595,2.347973011,0.091351019,1.864641217,-0.194999301,-0.662072333,-0.320187324,-1.642238915,-0.117662163,0.041276126,2.489158211,-0.515468069,0.107118394,0.267617673,-0.151147962,0.015172452,-0.174529970,-0.126221627,1.029019594,-1.473301291,0.180929542,0.129023045,0.297128439,-0.230105549,-0.785399973,-0.701098859,0.617299736,-0.021299232
3.166562557,0.372543097,0.852654099,0.084448583,0.053505357,0.301490992,0.948213458,0.000000000,0.000000000,0.493165250,-1.447118678,2.328820840,0.092922121,1.837018687,-0.183381556,-0.634814594,-0.339835004,-1.643963763,-0.113661143,0.034858837,2.481439274,-0.538584493,0.105895906,0.260708451,-0.143062621,0.021515142,-0.174529970,-0.145231098,1.061383009,-1.511258841,0.190398321,0.127112925,0.286679894,-0.243203074,-0.785399973,-0.716171920,0.626882851,-0.021900855
3.168385267,0.374151111,0.842665255,0.080151305,0.053686760,0.301901966,0.948445439,0.000000000,0.000000000,0.502759490,-1.456812083,2.306278367,0.094140071,1.807323730,-0.170361084,-0.592462772,-0.348333182,-1.645411411,-0.095738623,0.024902085,2.468868130,-0.556766418,0.106544952,0.255895555,-0.137192577,0.026285082,-0.174529970,-0.160924643,1.090190887,-1.546468973,0.200119883,0.126809105,0.279179960,-0.253985882,-0.785399973,-0.729156137,0.637312055,-0.021512685
3.170397758,0.375625789,0.833926618,0.077381946,0.054633442,0.303102911,0.948238313,0.000000000,0.000000000,0.508983122,-1.458761578,2.299329457,0.098065593,1.798388505,-0.168686299,-0.587333069,-0.346288276,-1.646361571,-0.093234725,0.024681800,2.468583510,-0.557705308,0.106379977,0.252660811,-0.134367317,0.029766981,-0.174529970,-0.172450691,1.114883542,-1.576974392,0.209915727,0.126590312,0.272204667,-0.263937473,-0.785399973,-0.734552145,0.646159291,-0.020988010
3.172898293,0.377034217,0.827042699,0.075129747,0.057289429,0.304509223,0.947812021,0.000000000,0.000000000,0.524178950,-1.455959405,2.297215215,0.100517433,1.791393699,-0.169710836,-0.595927289,-0.341663146,-1.647737344,-0.039330618,0.031823396,2.406577280,-0.569037963,0.106899506,0.253480911,-0.132690489,0.031933643,-0.174529970,-0.178718030,1.134957790,-1.600369573,0.217796013,0.126530036,0.266655207,-0.272051275,-0.785399973,-0.732929409,0.652344465,-0.021523897
3.176296234,0.378464997,0.822687507,0.073671080,0.062254429,0.306466907,0.946982026,0.000000000,0.000000000,0.537920020,-1.456736468,2.291270290,0.100825153,1.776171134,-0.190198612,-0.603059798,-0.334650040,-1.651952778,0.006450741,0.035084451,2.343337397,-0.566188959,0.103502637,0.257898152,-0.132639542,0.033703774,-0.174529970,-0.180023924,1.149775863,-1.616087556,0.225603253,0.125330105,0.264566749,-0.276997566,-0.785399973,-0.723523140,0.653673053,-0.023895703
3.181006908,0.379864246,0.823280871,0.073425472,0.068524934,0.307797968,0.946136057,0.000000000,0.000000000,0.547340083,-1.454010874,2.287483290,0.104819597,1.771135722,-0.190112110,-0.601682847,-0.332311590,-1.649130983,0.005262714,0.034971955,2.342495382,-0.565162801,0.103403347,0.264977098,-0.133490488,0.033274267,-0.174529970,-0.175464079,1.152537227,-1.618711710,0.234219953,0.121398225,0.265417367,-0.275591969,-0.785399973,-0.703409851,0.648036838,-0.025667001
3.187155247,0.381247401,0.830361485,0.074481256,0.076259896,0.308079749,0.945369720,0.000000000,0.000000000,0.551842186,-1.454859695,2.281022339,0.108264908,1.763213358,-0.188462159,-0.598899629,-0.320419984,-1.646985458,0.002369727,0.034842189,2.340236188,-0.562625408,0.103321781,0.275074899,-0.135788843,0.030894119,-0.174529970,-0.163273588,1.138874412,-1.603140116,0.244041055,0.115686998,0.271027058,-0.267089009,-0.785399973,-0.671077728,0.634427607,-0.028215639
3.194695473,0.382449150,0.844617665,0.076612085,0.084901236,0.308046013,0.944473445,0.000000000,0.000000000,0.562515391,-1.449942606,2.239134588,0.112145585,1.718314221,-0.170266368,-0.568817043,-0.329520858,-1.647754813,-0.015340482,0.033675660,2.323286516,-0.544063875,0.102402390,0.288459390,-0.137134597,0.024936900,-0.174529970,-0.141982526,1.107080936,-1.565595388,0.252935946,0.108977400,0.280420721,-0.248824716,-0.785399973,-0.626493454,0.615903199,-0.032175019
3.202936172,0.383275151,0.869810998,0.080222078,0.092942901,0.309005529,0.943102181,0.000000000,0.000000000,0.551498668,-1.431304497,2.197331418,0.108475259,1.660682431,-0.137241704,-0.502968479,-0.314287288,-1.645842715,-0.042357340,0.030672805,2.307252781,-0.506758704,0.096574606,0.304994315,-0.137550414,0.014378294,-0.174529970,-0.111738622,1.043991208,-1.495385051,0.258563697,0.103169113,0.293455720,-0.217546284,-0.785399973,-0.578406513,0.588855267,-0.034084983
3.211581707,0.384053171,0.904548287,0.084093690,0.101085752,0.310131192,0.941556454,0.000000000,0.000000000,0.520830098,-1.398203059,2.201758809,0.094583536,1.624419068,-0.095535051,-0.408599499,-0.297685091,-1.642291892,-0.068843918,0.015976371,2.293456034,-0.452604969,0.077936896,0.319083661,-0.134596795,0.003489282,-0.174529970,-0.077047698,0.960530698,-1.396649241,0.256357402,0.099476360,0.305420578,-0.174005121,-0.785399973,-0.538625300,0.553240120,-0.036805529
3.220279694,0.385790467,0.945137560,0.086925216,0.108998664,0.311486304,0.939967871,0.000000000,0.000000000,0.488116012,-1.379582940,2.205736905,0.093098551,1.586035286,-0.059961172,-0.343936529,-0.290037005,-1.641671259,-0.091000746,0.018685614,2.285693619,-0.408288618,0.061461647,0.326888233,-0.126094863,-0.005531494,-0.174529970,-0.045419920,0.869460702,-1.279520988,0.243984640,0.097959056,0.309232295,-0.119542301,-0.785399973,-0.523801446,0.514601588,-0.036198597
3.227801323,0.389887571,0.987105608,0.088214263,0.114357218,0.312413394,0.938902855,0.000000000,0.000000000,0.430958421,-1.361535909,2.199915963,0.092532199,1.535629057,-0.034102933,-0.296460669,-0.292858886,-1.643915032,-0.033511489,0.021177765,2.243725014,-0.392437623,0.044883101,0.331188142,-0.112556890,-0.011848680,-0.174529970,-0.016738635,0.764389694,-1.157377601,0.227165014,0.094698183,0.297856420,-0.054819740,-0.734775662,-0.569291711,0.479985595,-0.026161185
3.233434200,0.396173149,1.026907325,0.087431081,0.117612638,0.310991526,0.939045966,0.000000000,0.000000000,0.390097652,-1.351293659,2.193317188,0.101173687,1.530063357,-0.033122830,-0.295456264,-0.290270570,-1.644798637,-0.032332812,0.021037760,2.244099444,-0.391778666,0.044311644,0.329513162,-0.094320208,-0.015000856,-0.174529970,0.004631998,0.662653148,-1.028924584,0.202107847,0.097738087,0.269540280,0.008618385,-0.651062250,-0.637028515,0.451538146,-0.010448689
3.237667561,0.404044420,1.060147285,0.084021255,0.118277155,0.308341593,0.940146983,0.000000000,0.000000000,0.357879969,-1.349669246,2.187203734,0.110381890,1.524706716,-0.032299825,-0.294968060,-0.286517924,-1.644657671,-0.031299910,0.020972940,2.244407815,-0.391395053,0.043921026,0.323537141,-0.075383246,-0.017157115,-0.174529970,0.018476138,0.570318460,-0.904691696,0.172972694,0.105275594,0.234221861,0.062113110,-0.549968779,-0.706667185,0.430287898,0.009617809
3.242854118,0.413276613,1.087539196,0.080795169,0.116248250,0.302206844,0.942671537,0.000000000,0.000000000,0.327621362,-1.345108604,2.181207937,0.118752515,1.519888623,-0.031516039,-0.294761998,-0.280364120,-1.644254403,-0.029937060,0.020923749,2.245755673,-0.391283132,0.043531148,0.313569158,-0.059515841,-0.017992411,-0.174529970,0.030496534,0.486014158,-0.784303725,0.139466047,0.116136760,0.193873957,0.106492065,-0.442923129,-0.775599182,0.414572179,0.033039536
3.251457691,0.423688412,1.110678315,0.076458588,0.112082988,0.295784801,0.945570111,0.000000000,0.000000000,0.304983483,-1.345323573,2.177870774,0.126547971,1.516784747,-0.031141819,-0.294569391,-0.275716223,-1.641927826,-0.029075300,0.020902456,2.246125325,-0.391364014,0.043263623,0.305284142,-0.043912247,-0.018572442,-0.174529970,0.041559007,0.399359226,-0.672625721,0.109255880,0.126212373,0.149413183,0.135700434,-0.325848579,-0.841343284,0.396760970,0.058797047
3.263459682,0.434354037,1.129603386,0.071140721,0.105690055,0.285541475,0.949860334,0.000000000,0.000000000,0.286731919,-1.346441795,2.176479150,0.133932235,1.515223724,-0.030959117,-0.294424881,-0.274286154,-1.641483597,-0.028385093,0.020891907,2.246400984,-0.391472627,0.043093498,0.300414324,-0.028589249,-0.019743269,-0.174529970,0.057944760,0.309544653,-0.574083865,0.086773358,0.138652354,0.110348016,0.149349332,-0.195893303,-0.894793510,0.372951299,0.080666304
3.277569294,0.444492489,1.143602848,0.066223204,0.098287031,0.271861255,0.955010772,0.000000000,0.000000000,0.271417134,-1.347938146,2.176650885,0.141292707,1.515059514,-0.030821292,-0.294447159,-0.274878000,-1.639399930,-0.028038243,0.021852615,2.246609826,-0.391602993,0.042938777,0.299158961,-0.015566576,-0.022320673,-0.174296647,0.076896213,0.223974526,-0.494468808,0.073329352,0.149691284,0.082084209,0.148998722,-0.059523787,-0.924954236,0.341482848,0.096784189
3.292925358,0.455110610,1.153238177,0.061975073,0.089539662,0.258190066,0.959937334,0.000000000,0.000000000,0.257262910,-1.349331803,2.177296281,0.148667708,1.515863615,-0.030646335,-0.294879582,-0.274120732,-1.638632823,-0.027675870,0.023040711,2.246864529,-0.391838696,0.042783559,0.294169843,-0.011824683,-0.025344994,-0.166576296,0.093086377,0.146160007,-0.432151437,0.069614194,0.162185431,0.080792099,0.143520325,0.077418551,-0.909288764,0.295509636,0.102105111
3.310662270,0.468733579,1.160104275,0.056576431,0.082272626,0.241178706,0.965330660,0.000000000,0.000000000,0.239476534,-1.349969805,2.179621744,0.157103167,1.519511253,-0.029699535,-0.297273232,-0.263444855,-1.634044506,-0.027219628,0.030893021,2.247355765,-0.392368221,0.042375887,0.271568775,-0.014063052,-0.027476415,-0.153976709,0.099714279,0.095752068,-0.376278937,0.066244550,0.172348395,0.097115986,0.140644670,0.193290994,-0.812382042,0.229231223,0.103693902
3.332489967,0.483147562,1.164446473,0.050879315,0.075379238,0.218199506,0.971657515,0.000000000,0.000000000,0.223951806,-1.353622504,2.182387926,0.165329449,1.523483295,-0.029997908,-0.299924611,-0.253497740,-1.628572809,-0.026825975,0.040909081,2.247854362,-0.393148133,0.041825495,0.254844368,-0.024768250,-0.030058470,-0.127516374,0.104005218,0.034088664,-0.331281632,0.072015442,0.170418650,0.107891098,0.140548736,0.312945992,-0.708430588,0.151082426,0.103801079
3.357369423,0.495173007,1.165770531,0.046916727,0.068253346,0.190314069,0.978223324,0.000000000,0.000000000,0.211060417,-1.355626608,2.183061836,0.171946073,1.524357542,-0.030164768,-0.300320134,-0.253110830,-1.623465873,-0.026786990,0.045631136,2.248271186,-0.397675311,0.043902466,0.244568691,-0.037637040,-0.032321829,-0.099667504,0.111295611,-0.037307099,-0.300192505,0.089033172,0.164544955,0.126967967,0.135514915,0.425235659,-0.614954650,0.068733670,0.090947844
3.382530212,0.505073905,1.164474130,0.045082197,0.061191563,0.163836256,0.983555198,0.000000000,0.000000000,0.201645396,-1.358862365,2.187055444,0.186888266,1.529424643,-0.031771159,-0.303596273,-0.260883410,-1.603213278,-0.027877622,0.052992988,2.246567784,-0.424151824,0.057059528,0.231992334,-0.053035356,-0.035114683,-0.073281392,0.118861124,-0.102002829,-0.277420431,0.106938049,0.156751335,0.154632300,0.133843347,0.530879676,-0.523526192,-0.015160870,0.071367398
3.406984329,0.514080405,1.161107063,0.044650521,0.053714529,0.143112615,0.987238526,0.000000000,0.000000000,0.190662372,-1.362363115,2.189443196,0.194535320,1.532437971,-0.032205116,-0.305556122,-0.267103279,-1.601626583,-0.029435242,0.056857350,2.243162066,-0.450023252,0.068749391,0.218381390,-0.070293784,-0.038941275,-0.047607966,0.123903520,-0.160683781,-0.260999024,0.123306237,0.147988781,0.183271557,0.136467397,0.631205976,-0.449606687,-0.089689679,0.050799340
3.430452347,0.522567153,1.155927181,0.045063578,0.046334252,0.128211036,0.989638448,0.000000000,0.000000000,0.180582195,-1.357354150,2.193816663,0.205885171,1.538287994,-0.031005144,-0.309404849,-0.271668408,-1.602164370,-0.032197374,0.056835980,2.236302242,-0.502022971,0.090805228,0.207340389,-0.089279011,-0.043518730,-0.023763278,0.123032644,-0.217959806,-0.249209955,0.138361827,0.138383493,0.206118912,0.142741337,0.726432204,-0.401780277,-0.149519637,0.032748785
3.453113794,0.530650139,1.149286866,0.045826759,0.039562300,0.118891537,0.991059780,0.000000000,0.000000000,0.109708331,-1.341436785,2.542932193,0.199666364,1.743967856,-0.077226084,-0.489823151,-0.199047072,-1.585866960,0.005571435,0.064309015,2.282875983,-0.836550526,0.270363419,0.200748563,-0.108251378,-0.048256606,-0.003052576,0.116051793,-0.277432233,-0.239670992,0.151145130,0.128357947,0.216844708,0.150584608,0.807575047,-0.373954684,-0.195671126,0.019648444
3.475493431,0.538517773,1.141487122,0.046857048,0.033883594,0.113489114,0.991855145,0.000000000,0.000000000,0.081986228,-1.325135133,2.669701662,0.210070911,1.808291759,-0.121507266,-0.602016203,-0.154571520,-1.554549736,0.012863407,0.083297576,2.311000761,-1.028333103,0.364093788,0.196588993,-0.125733525,-0.052445706,0.011084172,0.105979726,-0.336066961,-0.231992185,0.161515117,0.120610222,0.220114827,0.158588752,0.873231947,-0.359369129,-0.230969310,0.007680433
3.498532057,0.546460390,1.132378221,0.048300870,0.029938897,0.110877484,0.992208064,0.000000000,0.000000000,0.066773991,-1.316562057,2.670190059,0.218299750,1.810580238,-0.125665346,-0.603944517,-0.142095931,-1.557287362,0.008831152,0.082677836,2.298558372,-1.086007075,0.382242744,0.194935396,-0.138487905,-0.054684926,0.013559196,0.094792448,-0.391867489,-0.230313972,0.173059404,0.116584808,0.218075901,0.163856015,0.914604425,-0.352025807,-0.258803487,-0.003990366
3.523088932,0.554952264,1.122101068,0.049996786,0.026998321,0.107331671,0.992598236,0.000000000,0.000000000,0.050129678,-1.304721604,2.670771329,0.234051503,1.812768470,-0.129389065,-0.605589390,-0.124189134,-1.557180201,0.003614716,0.081605538,2.284311333,-1.137012226,0.397592214,0.194320187,-0.146271974,-0.055261366,0.003617705,0.083308965,-0.441611022,-0.234546110,0.185955793,0.115912259,0.213396251,0.166191861,0.928320765,-0.347942114,-0.279523551,-0.015211036
3.550578117,0.564700425,1.110325813,0.051248763,0.024540916,0.101675116,0.993193567,0.000000000,0.000000000,0.023336349,-1.295784351,2.672829471,0.263095311,1.815398308,-0.133159190,-0.607175431,0.100738459,-1.509881670,-0.048630230,0.121649720,2.209429783,-1.161360854,0.415763363,0.195141122,-0.149532706,-0.054990843,-0.016211359,0.072851732,-0.489964932,-0.241712987,0.197507203,0.120032698,0.208654448,0.165190801,0.920771778,-0.347004741,-0.292833477,-0.025343411
3.581249714,0.576306999,1.096673965,0.052556217,0.021014124,0.090893276,0.994250774,0.000000000,0.000000000,0.008234854,-1.301345719,2.673231353,0.275997789,1.815809831,-0.135153412,-0.607877003,0.141025008,-1.516048626,-0.065415097,0.126337169,2.183646906,-1.160320276,0.418563652,0.195253015,-0.149245441,-0.054976359,-0.046693899,0.066345654,-0.536364317,-0.250892520,0.209420413,0.127339885,0.209323794,0.162766039,0.898013890,-0.354963839,-0.295530021,-0.035378490
3.614196777,0.589299679,1.080028415,0.053587187,0.017923068,0.077392004,0.995398223,0.000000000,0.000000000,0.003158512,-1.310632508,2.674717405,0.280270679,1.816437429,-0.136829503,-0.608390675,0.145698162,-1.521219984,-0.076113826,0.129020926,2.167632427,-1.159572840,0.420912090,0.200003088,-0.145494312,-0.054428790,-0.083515659,0.065597869,-0.587425470,-0.262157887,0.221049026,0.139925212,0.210235968,0.156796813,0.873880804,-0.380929738,-0.286184847,-0.039801359
3.647991896,0.603265166,1.061513066,0.053104825,0.016564036,0.062698960,0.996481001,0.000000000,0.000000000,0.008422301,-1.309463848,2.675806334,0.279466184,1.818320934,-0.138784938,-0.608916678,0.117895898,-1.522574521,-0.071460487,0.130283926,2.165757500,-1.153031845,0.418621732,0.214170396,-0.136856019,-0.053087514,-0.115298524,0.076043896,-0.639499307,-0.284189016,0.235608116,0.154372841,0.217875376,0.147937968,0.855552375,-0.437817365,-0.262495667,-0.043325674
3.680685997,0.617665231,1.042876840,0.053691007,0.020755317,0.052874357,0.996940732,0.000000000,0.000000000,0.012942668,-1.304971453,2.673804533,0.282161150,1.817952759,-0.140846093,-0.609341112,0.069594396,-1.525882444,-0.063419000,0.130568527,2.163836914,-1.144354140,0.414992962,0.228917360,-0.136068463,-0.055215657,-0.136029527,0.087538928,-0.671088576,-0.319074750,0.252877742,0.169127166,0.230860084,0.136331737,0.870931387,-0.521056175,-0.235494658,-0.044313427
3.711585760,0.631423473,1.023588657,0.055363737,0.026475918,0.045566443,0.997074544,0.000000000,0.000000000,0.019275841,-1.299182513,2.673686728,0.285583395,1.814503168,-0.143472891,-0.609771234,0.005149544,-1.528806647,-0.063953459,0.131676405,2.158202924,-1.136225953,0.415680380,0.244513452,-0.137741685,-0.057459712,-0.149504691,0.102712572,-0.694329321,-0.361115754,0.272558898,0.184230015,0.241487026,0.127088994,0.903298974,-0.618445992,-0.206272751,-0.044647753
3.742147684,0.644136727,1.002269030,0.056415174,0.027122311,0.033607665,0.997472882,0.000000000,0.000000000,0.034590232,-1.296948636,2.670670559,0.288131346,1.807725790,-0.146638807,-0.610271184,-0.046486470,-1.536664023,-0.059357649,0.133668433,2.147551362,-1.126954672,0.412482203,0.268763661,-0.131030157,-0.052041486,-0.158263549,0.127142325,-0.741780221,-0.391838849,0.294716924,0.197337523,0.243588299,0.118749931,0.912813425,-0.722834527,-0.161862731,-0.044005588
3.771277905,0.655611753,0.981515348,0.058397427,0.032299146,0.026075291,0.997429967,0.000000000,0.000000000,0.050227153,-1.292496406,2.658891839,0.294010666,1.792952947,-0.149670441,-0.610713672,-0.090834220,-1.547732789,-0.060030636,0.134345937,2.135671778,-1.120425091,0.411835792,0.290638417,-0.128780037,-0.048791680,-0.163956806,0.143324912,-0.773474455,-0.426874697,0.319878727,0.209724009,0.242365763,0.106349602,0.943422556,-0.824971378,-0.126430422,-0.046228066
3.798571110,0.665713072,0.965947330,0.061884731,0.040041022,0.021116126,0.997056305,0.000000000,0.000000000,0.065398966,-1.286343403,2.637228470,0.297208636,1.768692919,-0.153018021,-0.611142744,-0.133569641,-1.557997012,-0.056998728,0.133502389,2.128856614,-1.112379277,0.409890798,0.309039563,-0.131390989,-0.046187356,-0.167657420,0.154105574,-0.785399973,-0.460492373,0.344961882,0.224082083,0.237290621,0.089606762,0.986151695,-0.920190990,-0.097865507,-0.049940735
3.823287487,0.674498260,0.957133830,0.065939531,0.046598427,0.016256217,0.996602416,0.000000000,0.000000000,0.082454001,-1.278592786,2.603943343,0.295021117,1.736332563,-0.157188254,-0.611674106,-0.171258422,-1.566212780,-0.049623982,0.133140659,2.127744517,-1.101387983,0.406504897,0.324883193,-0.135607898,-0.042375386,-0.170062810,0.164356753,-0.785399973,-0.487659007,0.367807418,0.236204550,0.229626626,0.071999364,1.024431229,-1.003971577,-0.073500432,-0.054379068
3.845332623,0.681536973,0.956482351,0.068446010,0.047999535,0.007159804,0.996473730,0.000000000,0.000000000,0.290561292,-1.270043759,2.595171302,0.289922197,1.703461082,-0.162698797,-0.612421808,-0.209942088,-1.577792287,-0.038235811,0.142339734,2.123840411,-1.085647667,0.399671217,0.341990739,-0.131338611,-0.032307960,-0.171626329,0.178760603,-0.785399973,-0.503349900,0.387003690,0.246834800,0.215606973,0.054652855,1.039355278,-1.077703357,-0.043627791,-0.056056000
3.864211559,0.686695576,0.954702973,0.069910042,0.049577765,-0.003170929,0.996315539,0.000000000,0.000000000,0.354274291,-1.286054145,2.598216049,0.303859138,1.703247914,-0.163293988,-0.612668736,-0.232019841,-1.583727884,-0.035898304,0.146376014,2.125406746,-1.078976771,0.399629369,0.355279773,-0.124868140,-0.023513626,-0.172642618,0.192511916,-0.785399973,-0.520559430,0.402954906,0.256404519,0.204287887,0.038133569,1.058990359,-1.140206337,-0.020441120,-0.059010230
3.880084991,0.689971268,0.948147833,0.070564978,0.051123731,-0.013592999,0.996103525,0.000000000,0.000000000,0.381834115,-1.298805154,2.600094366,0.316281748,1.701805354,-0.163775850,-0.613000248,-0.246420724,-1.588509771,-0.040927362,0.150123527,2.118430542,-1.074512305,0.402281810,0.360852599,-0.118206412,-0.020658677,-0.173303187,0.207455456,-0.785399973,-0.544589460,0.416469067,0.264567047,0.199436456,0.024959121,1.090541124,-1.195107222,-0.005864487,-0.064933456
3.892950058,0.691697478,0.939188898,0.071701065,0.054043811,-0.021614328,0.995726407,0.000000000,0.000000000,0.363939911,-1.372871157,2.668361657,0.239120386,1.695909595,-0.172966799,-0.619792239,-0.259844636,-1.601395254,-0.048197825,0.167896121,2.115463901,-1.051403488,0.413325824,0.363653600,-0.114949286,-0.019530414,-0.173732564,0.217375383,-0.785399973,-0.570113003,0.426646411,0.271089584,0.202938706,0.007286245,1.129323840,-1.241616368,0.001878904,-0.074340135
3.903339386,0.692212701,0.929104686,0.073300935,0.057737660,-0.027593113,0.995254695,0.000000000,0.000000000,0.364071039,-1.403850082,2.680010163,0.215572570,1.679096133,-0.172989251,-0.615408129,-0.266341422,-1.628936150,-0.029551215,0.218525564,2.110940811,-1.039097670,0.436476462,0.365879029,-0.113699362,-0.019442059,-0.174011663,0.226035058,-0.785399973,-0.596007705,0.435524106,0.276546925,0.211165160,-0.013648843,1.171993732,-1.281950355,0.003949626,-0.087077811
3.911575317,0.692083597,0.918854177,0.074757621,0.060428668,-0.033440132,0.994807243,0.000000000,0.000000000,0.358182232,-1.442240715,2.678440224,0.152807052,1.645257651,-0.172593788,-0.600373570,-0.265982374,-1.636059449,0.013895602,0.232758652,2.092143494,-1.044294310,0.463756979,0.366025954,-0.113848135,-0.022095323,-0.174193084,0.239265963,-0.785399973,-0.618416309,0.443760395,0.279933631,0.222944260,-0.030447643,1.212770462,-1.318957567,0.004112954,-0.101156980
3.918286324,0.691439331,0.908568799,0.074226737,0.060567271,-0.041196585,0.994547606,0.000000000,0.000000000,0.351736758,-1.463479161,2.667829199,0.122005501,1.627416879,-0.173278774,-0.586340348,-0.258152742,-1.638458635,0.066109312,0.252788337,2.070935641,-1.051465087,0.480126280,0.364417434,-0.112418547,-0.033740595,-0.174310997,0.263461441,-0.785399973,-0.639782608,0.452791005,0.281680197,0.238448650,-0.034868956,1.239997387,-1.351375222,0.008064369,-0.115446493
3.923091412,0.690275788,0.899626732,0.072618254,0.061365608,-0.047763519,0.994323611,0.000000000,0.000000000,0.344895045,-1.472979736,2.660915249,0.100704772,1.626535481,-0.174464910,-0.574177842,-0.260812488,-1.641331265,0.087421449,0.266486330,2.059644626,-1.060402577,0.490397117,0.365132093,-0.110083804,-0.044533037,-0.174387634,0.285157919,-0.785399973,-0.657531440,0.461307019,0.282207936,0.256383151,-0.036774363,1.261096001,-1.375651598,0.010879056,-0.130588561
3.926130056,0.688786030,0.893055975,0.070337482,0.062397368,-0.053363085,0.994138658,0.000000000,0.000000000,0.342831867,-1.473837774,2.659957915,0.103684607,1.626125566,-0.174423346,-0.573607774,-0.267705245,-1.642214041,0.086865550,0.271369087,2.047389570,-1.059158947,0.491117376,0.366870701,-0.107578605,-0.052848388,-0.174437463,0.303131044,-0.785399973,-0.668267131,0.467504919,0.280857265,0.274622321,-0.034942612,1.276812911,-1.392297745,0.012816391,-0.144962236
3.927887440,0.687235951,0.890090883,0.067801856,0.063381918,-0.059343498,0.993913472,0.000000000,0.000000000,0.348115235,-1.481523806,2.644867815,0.103242694,1.623590839,-0.172215253,-0.557749744,-0.263061138,-1.644906807,0.119597309,0.292596207,2.032513669,-1.045472755,0.502031320,0.369982272,-0.106580779,-0.058147307,-0.174469844,0.316303253,-0.785399973,-0.669037282,0.470430315,0.278461367,0.292094052,-0.031412613,1.285570145,-1.399247766,0.014053842,-0.157400638
3.929188251,0.685971141,0.890809119,0.064336084,0.064811796,-0.066721685,0.993583679,0.000000000,0.000000000,0.350038034,-1.480262122,2.644070554,0.103199565,1.623504583,-0.171883100,-0.556489356,-0.265387545,-1.641388249,0.120056610,0.292229479,2.017162238,-1.042755033,0.503151842,0.374964237,-0.104125559,-0.060605727,-0.174490899,0.325667888,-0.785399973,-0.661321759,0.469093025,0.275893867,0.306752324,-0.027779244,1.288579345,-1.399025559,0.013917846,-0.167458564
3.930667162,0.685299277,0.896331310,0.060938876,0.066831149,-0.076071791,0.992992043,0.000000000,0.000000000,0.358802043,-1.480633964,2.641828636,0.103487437,1.620868663,-0.170644820,-0.553183683,-0.271399006,-1.639835244,0.123961139,0.292730471,2.002135279,-1.037619876,0.504521265,0.382252514,-0.102199569,-0.058857802,-0.174504578,0.330543160,-0.785399973,-0.639716983,0.460818470,0.273078591,0.317962557,-0.024428019,1.282445908,-1.389252305,0.014129472,-0.173961416
3.932908773,0.685571015,0.905775607,0.057915036,0.069513790,-0.087055959,0.992086172,0.000000000,0.000000000,0.368699259,-1.478731526,2.611939174,0.102273654,1.600782689,-0.158551401,-0.511910979,-0.265835074,-1.646358114,0.140948262,0.314106893,1.985643767,-1.016884766,0.516321888,0.390134454,-0.101644531,-0.052061558,-0.174513474,0.329635978,-0.785399973,-0.604335248,0.443179578,0.271371126,0.325452328,-0.020146372,1.262696743,-1.365123034,0.014359478,-0.176880181
3.936548233,0.687113285,0.913788557,0.054832831,0.074760988,-0.099768065,0.990681827,0.000000000,0.000000000,0.375684436,-1.478934650,2.609649305,0.102266877,1.598547690,-0.157794677,-0.510026750,-0.269490036,-1.643410316,0.144728554,0.313545030,1.983705075,-1.013664152,0.516962590,0.396157593,-0.103011668,-0.042624459,-0.174519256,0.322890580,-0.785399973,-0.562628090,0.418013483,0.270416498,0.333325803,-0.012418121,1.232900620,-1.324509025,0.011245171,-0.178165197
3.941953182,0.689958215,0.918939292,0.051414534,0.082297944,-0.113871545,0.988745093,0.000000000,0.000000000,0.392055272,-1.474345533,2.577759232,0.100199439,1.570050896,-0.135279002,-0.453877049,-0.268694206,-1.643074041,0.204928084,0.327295584,1.997832354,-0.942810979,0.552171546,0.397591412,-0.107043564,-0.032959528,-0.174523011,0.310093880,-0.785399973,-0.515914261,0.385046691,0.269776106,0.343557715,-0.002020060,1.195389986,-1.271361589,0.004607373,-0.175939649
3.949596882,0.694022477,0.920025945,0.047557078,0.091332525,-0.130334869,0.986108303,0.000000000,0.000000000,0.400064008,-1.477905632,2.563840524,0.108878979,1.555758642,-0.130534278,-0.443987767,-0.272365651,-1.639671592,0.231849193,0.316466774,2.002885547,-0.919847550,0.556833714,0.391500175,-0.114145637,-0.023595314,-0.174525455,0.288698256,-0.779956281,-0.477296233,0.341423839,0.273287803,0.359331906,0.012621371,1.142465591,-1.201813459,-0.002243449,-0.171890080
3.958718777,0.698919296,0.933518827,0.042945504,0.101439558,-0.148277655,0.982791662,0.000000000,0.000000000,0.416702764,-1.482172226,2.544398982,0.116189339,1.534259974,-0.121702758,-0.428710757,-0.269748009,-1.641193663,0.288445572,0.319860575,2.036030173,-0.888801506,0.553911517,0.376037627,-0.123263896,-0.017323282,-0.174527049,0.256059021,-0.737325430,-0.443496585,0.291301221,0.272574782,0.379868031,0.030797463,1.081032038,-1.111350775,-0.013362254,-0.169771001
3.968127012,0.703116298,0.956680834,0.039807227,0.109811202,-0.166735545,0.979058802,0.000000000,0.000000000,0.405684765,-1.481442983,2.534005324,0.117880149,1.525113877,-0.118324017,-0.422903178,-0.247201447,-1.638033062,0.314247194,0.311122503,2.051113995,-0.872255482,0.549001908,0.351582468,-0.132743359,-0.012456943,-0.174528077,0.213606477,-0.662361860,-0.427861899,0.239478216,0.271400154,0.398283839,0.047719792,1.012378335,-1.004921675,-0.027935393,-0.165518820
3.978460312,0.706086338,0.983590662,0.036988501,0.116247281,-0.183392286,0.975441277,0.000000000,0.000000000,0.403301630,-1.472020778,2.525077208,0.117768827,1.517286606,-0.115432061,-0.417859756,-0.219688652,-1.637582679,0.337149274,0.306405691,2.059606531,-0.855234037,0.540831721,0.323647201,-0.134986401,-0.006761863,-0.174528748,0.163297638,-0.570465028,-0.435423791,0.195487469,0.268403828,0.403161943,0.058508448,0.942754149,-0.893850088,-0.042227831,-0.152375638
3.990498304,0.707924962,1.012461185,0.034026641,0.119335145,-0.198349357,0.972244203,0.000000000,0.000000000,0.378621979,-1.463334999,2.505452815,0.120290428,1.501350431,-0.111506511,-0.410763372,-0.181740519,-1.629912742,0.364932773,0.302849052,2.070781089,-0.832807490,0.529967134,0.294087023,-0.125550613,0.001859824,-0.174529180,0.108174637,-0.468483210,-0.467630625,0.163336068,0.263009727,0.389162004,0.060194701,0.864875019,-0.777610421,-0.052037466,-0.130688623
4.004920959,0.709587336,1.043325543,0.030935712,0.119512744,-0.209230006,0.970042527,0.000000000,0.000000000,0.365816713,-1.453070587,2.433482093,0.112841211,1.424162320,-0.095875451,-0.369888787,-0.150076363,-1.626242678,0.519360593,0.322380766,2.203763765,-0.755702884,0.489436327,0.266814172,-0.101454049,0.013869409,-0.174529463,0.052022427,-0.356842339,-0.524154902,0.144896373,0.255566955,0.350289851,0.050037336,0.781205118,-0.662136793,-0.057922058,-0.100129589
4.021899700,0.711462498,1.072367430,0.028993804,0.116669528,-0.214523062,0.969292223,0.000000000,0.000000000,0.391543344,-1.463557639,2.362656760,0.090476258,1.320230921,-0.093366610,-0.307333194,-0.128859361,-1.621932054,0.748930183,0.381947274,2.372026053,-0.635450706,0.412942477,0.248947755,-0.072575778,0.027378723,-0.174529642,0.009159282,-0.237613335,-0.601972640,0.139397308,0.248222664,0.297555208,0.027881300,0.692747414,-0.566145837,-0.054142557,-0.064611368
4.040248394,0.713238835,1.094527721,0.027316468,0.111179508,-0.214417085,0.970009446,0.000000000,0.000000000,0.398872815,-1.468645162,2.314717525,0.086472507,1.230480468,-0.109438532,-0.281054720,-0.083642803,-1.616039871,0.926021699,0.480403660,2.422717397,-0.552893121,0.384900635,0.236538127,-0.048133910,0.039691038,-0.174529761,-0.017285112,-0.122082427,-0.678984761,0.140030131,0.244706929,0.247387812,-0.000144785,0.610556006,-0.491700530,-0.042250063,-0.032858159
4.058565617,0.714381933,1.111899137,0.025912825,0.104183666,-0.209926158,0.971805155,0.000000000,0.000000000,0.389598502,-1.452771419,2.292719360,0.084661493,1.156071151,-0.127015068,-0.270238470,-0.073613221,-1.613001957,0.983382747,0.480275844,2.485728153,-0.479320762,0.380386375,0.223474205,-0.027327551,0.050292451,-0.174529850,-0.032682601,-0.023494126,-0.726620615,0.138386905,0.241963118,0.197157755,-0.027645877,0.541143060,-0.435470134,-0.027198108,-0.003925150
4.076771736,0.715776384,1.129049897,0.023564752,0.098230161,-0.196378827,0.975310683,0.000000000,0.000000000,0.372993784,-1.438291935,2.282407027,0.083054331,1.087799682,-0.155108621,-0.277516506,-0.110042942,-1.617010023,1.082441194,0.454443103,2.528700440,-0.417502407,0.410037386,0.215273499,-0.004999184,0.072612025,-0.173683852,-0.030462166,0.091451898,-0.763021588,0.130119696,0.242706642,0.142921820,-0.067098208,0.483065814,-0.400119036,-0.004923141,0.024074791
4.094990730,0.717403769,1.138275862,0.020439252,0.092380472,-0.169006005,0.981063247,0.000000000,0.000000000,0.373727253,-1.417475974,2.287188222,0.082878514,1.033248514,-0.191113516,-0.289934462,-0.145148502,-1.623602009,1.177517642,0.429395459,2.570198869,-0.362378340,0.455450690,0.211305022,0.013659432,0.099980265,-0.173968360,-0.005396908,0.212153777,-0.780860662,0.114826694,0.246312559,0.089742199,-0.118400559,0.427904695,-0.382147610,0.029515309,0.052147917
4.113052368,0.718971789,1.135953307,0.015872510,0.084899127,-0.131940007,0.987487733,0.000000000,0.000000000,0.348935220,-1.397608174,2.292843200,0.082115436,0.976524714,-0.233604436,-0.315749460,-0.164240791,-1.624996716,1.247205473,0.391305307,2.622239078,-0.296108573,0.505748338,0.208951920,0.025002565,0.124286294,-0.174164444,0.030029353,0.319182038,-0.776283860,0.090945773,0.250901967,0.045000490,-0.166877568,0.365204722,-0.373975188,0.076032095,0.076722607
4.131340504,0.721009254,1.128990531,0.009545706,0.076638259,-0.088570073,0.993071437,0.000000000,0.000000000,0.309446402,-1.378280982,2.286433913,0.086073171,0.969453253,-0.237453581,-0.317915939,-0.137556055,-1.611577600,1.254721926,0.385997726,2.623390231,-0.288898988,0.507141513,0.210233122,0.030077066,0.141008437,-0.174292386,0.068171382,0.409590483,-0.751209974,0.058988210,0.257167846,0.012194790,-0.211521089,0.292696565,-0.372480422,0.131464556,0.091503076
4.150479794,0.724205732,1.135227680,0.003694013,0.068306163,-0.039024211,0.996894002,0.000000000,0.000000000,0.321709579,-1.375311316,2.293074298,0.086553119,0.986996311,-0.258169098,-0.330838340,-0.056302527,-1.582611988,1.287306272,0.392636646,2.628816061,-0.267099427,0.511505416,0.214484602,0.026715886,0.143003136,-0.174375549,0.098681785,0.487121612,-0.686296463,0.011923424,0.264157563,-0.010188932,-0.252462387,0.211241007,-0.375599444,0.193812728,0.094497547
4.170762539,0.728798985,1.138489485,0.001674902,0.058720235,0.015944723,0.998145759,0.000000000,0.000000000,0.328763930,-1.373601492,2.294516251,0.086697075,0.990608012,-0.261343275,-0.334432695,-0.036476332,-1.579735172,1.289759469,0.391641967,2.629114648,-0.265305336,0.511856599,0.213490188,0.010636223,0.121127121,-0.174429595,0.113794357,0.556215286,-0.581595480,-0.054434799,0.271421075,-0.023516942,-0.280822605,0.127264977,-0.380375087,0.258527100,0.088446960
4.191173553,0.734288454,1.138390779,0.001971031,0.050244659,0.065695830,0.996571958,0.000000000,0.000000000,0.330640220,-1.372904407,2.295283797,0.086564797,0.992381810,-0.263019504,-0.336299515,-0.036821140,-1.578938500,1.290611997,0.393804029,2.628977451,-0.263685827,0.512182231,0.202914581,-0.010709140,0.100088716,-0.174464732,0.110894434,0.624950409,-0.466260731,-0.130374953,0.275718600,-0.024481665,-0.303975761,0.062356040,-0.385170430,0.308464170,0.075785324
4.211683750,0.740435123,1.135532141,0.003888368,0.041633405,0.108338691,0.993234217,0.000000000,0.000000000,0.333358692,-1.372452188,2.296139553,0.086501889,0.994400927,-0.265212154,-0.338488392,-0.033835168,-1.578892948,1.291594833,0.395141533,2.628965269,-0.262177476,0.512509739,0.184882894,-0.033893704,0.081870690,-0.174487561,0.097229421,0.694549620,-0.379125386,-0.193575621,0.276982367,-0.013938127,-0.323104262,0.009781978,-0.391028702,0.346043944,0.057469089
4.231911659,0.746695936,1.130127668,0.007052362,0.032766286,0.143610165,0.989066660,0.000000000,0.000000000,0.334792917,-1.371917418,2.297370455,0.086475907,0.997367213,-0.268968841,-0.342173611,-0.029532727,-1.578926039,1.293109386,0.397233635,2.628796983,-0.260200572,0.512954241,0.166695997,-0.055562884,0.065571494,-0.174502403,0.080438852,0.758266032,-0.328709126,-0.237380266,0.275198579,0.005109467,-0.333748788,-0.040312454,-0.396281511,0.374556720,0.036888108
4.252408504,0.752598822,1.121236444,0.011785286,0.025125835,0.171604276,0.984775066,0.000000000,0.000000000,0.337827922,-1.367810588,2.299060563,0.086120298,1.001305918,-0.274045477,-0.347416605,-0.025895180,-1.578660296,1.295134601,0.400887166,2.628133786,-0.257552850,0.513539897,0.156351298,-0.077928826,0.050995670,-0.174512058,0.066147454,0.799734533,-0.297057718,-0.269633710,0.271667808,0.034829061,-0.333915442,-0.100602098,-0.398516148,0.398936301,0.012514774
4.273482800,0.757414758,1.116671324,0.017991591,0.018237174,0.193256333,0.980813742,0.000000000,0.000000000,0.339602678,-1.362065121,2.300355314,0.085969414,1.004467880,-0.278495832,-0.352193367,-0.025021306,-1.578129903,1.296467937,0.403095956,2.628381391,-0.254732626,0.514014835,0.155509382,-0.102986328,0.037728801,-0.174518332,0.058457222,0.809665501,-0.274770558,-0.294155836,0.267028630,0.077273399,-0.328372806,-0.177305385,-0.398271799,0.420661062,-0.013349327
4.295892239,0.760961771,1.108736515,0.024925368,0.014004098,0.209957734,0.977292418,0.000000000,0.000000000,0.339172262,-1.354883287,2.301965318,0.085714901,1.008090461,-0.284393964,-0.358718855,-0.027197503,-1.578474172,1.298193172,0.408455440,2.627453704,-0.250092452,0.514795883,0.162786454,-0.129040837,0.025000328,-0.174522415,0.058191411,0.800451756,-0.268302858,-0.307348549,0.261887729,0.127097756,-0.326211929,-0.263301462,-0.396283984,0.438559532,-0.039046150
4.319759846,0.763388693,1.096156716,0.033312894,0.019479940,0.220185012,0.974694490,0.000000000,0.000000000,0.345999801,-1.350658104,2.303530517,0.086162947,1.012073674,-0.291036171,-0.366452343,-0.027861582,-1.579034858,1.300450835,0.414192269,2.627019240,-0.244298503,0.515668474,0.170085609,-0.157017827,0.016007606,-0.174525067,0.057424631,0.807309210,-0.279030979,-0.313774675,0.256517857,0.182820663,-0.320729554,-0.327959210,-0.396568328,0.447241157,-0.062972449
4.347637177,0.765206337,1.073907495,0.040959124,0.019274088,0.232470244,0.971549511,0.000000000,0.000000000,0.347536479,-1.348637814,2.304306494,0.086206590,1.013815778,-0.294663378,-0.370784344,-0.032794529,-1.578458098,1.300816388,0.420013777,2.625478211,-0.239976582,0.516261726,0.183683261,-0.172239810,0.007996525,-0.174526781,0.053515851,0.789749861,-0.327139378,-0.288887292,0.247165814,0.222267985,-0.322277129,-0.425709784,-0.388865024,0.454000175,-0.082493007
4.376284599,0.766753793,1.046553612,0.049403839,0.025275039,0.239291549,0.969360590,0.000000000,0.000000000,0.359195850,-1.345994895,2.305327015,0.085821699,1.015841242,-0.297914147,-0.374924912,-0.036044087,-1.579250336,1.301486252,0.424667981,2.624193030,-0.236499531,0.516704994,0.196417868,-0.184930116,0.004098156,-0.174527913,0.043618284,0.799836099,-0.405007035,-0.255811453,0.234413117,0.263103336,-0.311600268,-0.501511574,-0.391004413,0.455026597,-0.093270048
4.404589176,0.768842459,1.013105273,0.058136690,0.032399822,0.243515193,0.967610836,0.000000000,0.000000000,0.379615369,-1.339752368,2.306403964,0.085456875,1.018151152,-0.300976445,-0.379121579,-0.039330146,-1.581100250,1.302982668,0.427201700,2.623684327,-0.234033547,0.516963067,0.209413946,-0.195494980,0.003983748,-0.174528629,0.020266032,0.827631116,-0.513672888,-0.212699488,0.219078094,0.306783438,-0.293737888,-0.571352363,-0.396413207,0.458583176,-0.096635886
4.430689335,0.771832943,0.975764036,0.066085473,0.038333301,0.247290894,0.965924740,0.000000000,0.000000000,0.403051930,-1.329325008,2.308295094,0.084764308,1.022006423,-0.306435607,-0.386347873,-0.042329352,-1.583998830,1.309715148,0.431612042,2.622427384,-0.230505359,0.517223944,0.224176854,-0.203678757,0.006201288,-0.174529105,-0.009699381,0.861451447,-0.638410270,-0.165716961,0.203987688,0.351979315,-0.274728805,-0.638673425,-0.401572645,0.469459444,-0.093908943
4.453229904,0.775001884,0.937704682,0.072247274,0.040833626,0.252989888,0.963903069,0.000000000,0.000000000,0.425765598,-1.317671170,2.309681559,0.085308947,1.025528752,-0.308051559,-0.390438780,-0.057598979,-1.586470879,1.313040252,0.435591941,2.621812482,-0.229002076,0.517296663,0.241416544,-0.204180405,0.006074638,-0.174529403,-0.042077877,0.888135433,-0.765379488,-0.118382879,0.186824933,0.381502032,-0.264064282,-0.710315585,-0.407181472,0.484761298,-0.085504591
4.471646786,0.777843714,0.902660847,0.077946603,0.042490002,0.259650737,0.961613476,0.000000000,0.000000000,0.441730392,-1.307528240,2.314183667,0.087864518,1.036147594,-0.312079706,-0.401446171,-0.092525679,-1.588306955,1.341572768,0.440088902,2.622265636,-0.223203869,0.516642983,0.257359982,-0.204025537,0.002686878,-0.174529612,-0.068541192,0.907254040,-0.878283381,-0.075584270,0.171207324,0.400691807,-0.256909758,-0.775733411,-0.414163113,0.498844475,-0.075926691
4.486964226,0.780260444,0.891158998,0.082838058,0.045336638,0.266717941,0.959137082,0.000000000,0.000000000,0.456371739,-1.294563992,2.328202913,0.101199108,1.061880123,-0.307954391,-0.420657527,-0.164011878,-1.606230104,1.443853383,0.454462376,2.626557604,-0.191721735,0.506819146,0.273116648,-0.204607517,-0.002302827,-0.174529746,-0.087097377,0.923341215,-0.980436921,-0.034882355,0.157377690,0.413165152,-0.252272487,-0.785399973,-0.425908595,0.512676179,-0.068544611
4.500016212,0.782445192,0.884524763,0.086686343,0.049803689,0.274361819,0.956415594,0.000000000,0.000000000,0.472870841,-1.290299667,2.343576095,0.102486794,1.091327746,-0.286609931,-0.437392279,-0.204812794,-1.624237783,1.529862194,0.408858321,2.630352897,-0.164036819,0.495427233,0.287156522,-0.206531286,-0.007334613,-0.174529821,-0.100480624,0.938629866,-1.072750330,0.003887316,0.147482783,0.421272814,-0.250732541,-0.785399973,-0.439574450,0.526996493,-0.065051585
4.511408806,0.784658670,0.879392922,0.089062154,0.055623047,0.282231838,0.953582346,0.000000000,0.000000000,0.494545017,-1.277721987,2.346373713,0.102793061,1.097713839,-0.281941696,-0.440686367,-0.207387764,-1.625238658,1.537782573,0.418622653,2.630636034,-0.160039361,0.493942488,0.299017072,-0.208614692,-0.011668455,-0.174529880,-0.111493886,0.953497946,-1.153008819,0.038954832,0.141152531,0.426542819,-0.251760185,-0.785399973,-0.452753216,0.539919496,-0.063764229
4.521133423,0.786860943,0.874653518,0.090088166,0.062201124,0.287213951,0.951589882,0.000000000,0.000000000,0.509445355,-1.271239275,2.352044303,0.104258072,1.111314326,-0.265991729,-0.446965257,-0.217998184,-1.628310369,1.551923380,0.426920346,2.631090527,-0.153259392,0.491670819,0.305571914,-0.209530979,-0.015374922,-0.174529910,-0.121157974,0.972263098,-1.219216466,0.066636249,0.137305662,0.429968297,-0.249922335,-0.785399973,-0.465105772,0.550778389,-0.062721290
4.529599190,0.789125919,0.870282054,0.089166135,0.067813098,0.290841520,0.950190544,0.000000000,0.000000000,0.519155353,-1.266388888,2.360211031,0.108277489,1.130754882,-0.241878249,-0.455917603,-0.222233885,-1.628562061,1.571258155,0.430667560,2.631697496,-0.144713991,0.488944477,0.307915896,-0.208312690,-0.017745379,-0.174529940,-0.133653924,0.989355564,-1.275040150,0.090866424,0.133918241,0.432194889,-0.251448035,-0.785399973,-0.475755215,0.560134828,-0.062444486
4.537104607,0.791395903,0.865920067,0.087505646,0.073302492,0.293287665,0.949184835,0.000000000,0.000000000,0.535406137,-1.259852610,2.367364079,0.110857400,1.148390583,-0.219293879,-0.463916641,-0.223416068,-1.628013227,1.587936637,0.432563344,2.632134397,-0.137677921,0.486703687,0.309047163,-0.207100898,-0.018534807,-0.174529955,-0.148597702,1.005163074,-1.322304010,0.111619756,0.130526990,0.433642149,-0.255716860,-0.785399973,-0.483888477,0.567590475,-0.062185317
4.543869495,0.793410540,0.861964524,0.084726229,0.076990753,0.294398040,0.948801160,0.000000000,0.000000000,0.604062598,-1.314462619,2.377267071,0.160376716,1.152996094,-0.211903096,-0.475399606,-0.235402904,-1.632612857,1.627592734,0.428424073,2.633013009,-0.123683495,0.480541383,0.309754997,-0.203715608,-0.016932461,-0.174529970,-0.167766929,1.015135050,-1.364102960,0.133997589,0.125629157,0.434582889,-0.264089406,-0.785399973,-0.488587171,0.574345350,-0.062317215
4.549952984,0.794929504,0.858631015,0.082470044,0.079124115,0.293541610,0.949089766,0.000000000,0.000000000,0.605379891,-1.393181918,2.350413021,0.092790147,1.093729411,-0.314013522,-0.491460564,-0.138060497,-1.552526263,1.979890035,0.736737380,2.562669726,-0.058201539,0.367774556,0.308259845,-0.199159235,-0.016788654,-0.174529970,-0.182217494,1.024471164,-1.397946835,0.153508082,0.119326316,0.435194373,-0.267733514,-0.785399973,-0.490170568,0.580094934,-0.062423512
4.555551529,0.795971572,0.855858088,0.081290066,0.081648737,0.292970061,0.949154377,0.000000000,0.000000000,0.634574529,-1.375817179,2.340146647,0.090173146,1.051213090,-0.388450812,-0.489845787,-0.140809282,-1.549351090,2.008047937,0.801437938,2.525807714,-0.008305653,0.273091245,0.308829337,-0.195413828,-0.018409932,-0.174529970,-0.190603852,1.034032464,-1.425480247,0.169879153,0.112403065,0.435591817,-0.268752515,-0.785399973,-0.488167048,0.582249761,-0.064284801
4.561072826,0.796706140,0.855716705,0.082284175,0.085949838,0.291768551,0.949059010,0.000000000,0.000000000,0.650277491,-1.372413668,2.338747595,0.090498803,1.018986492,-0.443268040,-0.486745803,-0.149732145,-1.554270834,1.997062838,0.813817792,2.489379304,0.026612471,0.204701032,0.311609030,-0.193713307,-0.021905486,-0.174529970,-0.191717744,1.043370247,-1.443244815,0.180924743,0.104052894,0.435850143,-0.262648582,-0.785399973,-0.477555513,0.578294158,-0.065336049
4.566916466,0.797027051,0.859917641,0.085289188,0.091229759,0.290970445,0.948545814,0.000000000,0.000000000,0.651829374,-1.358694949,2.338173922,0.090240519,0.987225209,-0.480970272,-0.478711088,-0.151397312,-1.554284060,2.004363702,0.820645008,2.435244388,0.051914209,0.151795803,0.317115873,-0.193979353,-0.027807303,-0.174529970,-0.183461398,1.041675925,-1.445524454,0.191689000,0.093155339,0.436018050,-0.248133153,-0.785399973,-0.458375007,0.568705261,-0.065088026
4.573124886,0.796901226,0.869563282,0.088664547,0.098060131,0.288785130,0.948222518,0.000000000,0.000000000,0.651909905,-1.360496448,2.339576331,0.090195961,0.958323100,-0.504985846,-0.474353294,-0.149882342,-1.553858100,2.001959088,0.802288590,2.363804103,0.073292951,0.107346484,0.328547120,-0.193693072,-0.035354987,-0.174529970,-0.169130027,1.024851918,-1.429114819,0.204039350,0.080183774,0.436127186,-0.225846976,-0.785399973,-0.431342155,0.553378999,-0.064539880
4.580047607,0.796327233,0.886635303,0.091990516,0.105830938,0.284978181,0.948222041,0.000000000,0.000000000,0.651714271,-1.341647440,2.338703696,0.089888267,0.924912534,-0.514437471,-0.461156250,-0.160043392,-1.560009437,1.983848382,0.767006239,2.282994269,0.093299056,0.071556749,0.345167458,-0.192114145,-0.040716257,-0.174529970,-0.148506597,0.987735093,-1.395541787,0.219111606,0.066445470,0.436198175,-0.199847385,-0.785399973,-0.401145846,0.531237543,-0.066507615
4.587880611,0.796020389,0.909245253,0.096196897,0.113369167,0.280255467,0.948340893,0.000000000,0.000000000,0.631212724,-1.333480849,2.338599936,0.089393131,0.890489702,-0.517366076,-0.453701810,-0.135930942,-1.553615483,1.944685428,0.736477871,2.190737146,0.112298271,0.044454615,0.358585447,-0.188864484,-0.043300658,-0.174529970,-0.123733297,0.937335610,-1.346713424,0.231286660,0.053018663,0.436244309,-0.163896263,-0.785399973,-0.386216819,0.505621970,-0.067428447
4.595816612,0.796901226,0.936454773,0.101607069,0.121621102,0.275270581,0.948214293,0.000000000,0.000000000,0.600299312,-1.316051617,2.333004306,0.088034940,0.842963774,-0.507029556,-0.442702733,-0.129250585,-1.548315037,1.974538910,0.706533250,2.087674913,0.133153551,0.024485147,0.366421163,-0.185862005,-0.040018208,-0.174529970,-0.095851563,0.877014279,-1.282381058,0.237272605,0.043443017,0.436274290,-0.117520429,-0.785399973,-0.393952370,0.478093833,-0.068544105
4.602118492,0.800502419,0.965662003,0.107090592,0.128088906,0.269643366,0.948376179,0.000000000,0.000000000,0.552237786,-1.294089245,2.327412254,0.086452476,0.788132809,-0.492068387,-0.437499206,-0.122124361,-1.539971304,2.038010045,0.682919659,2.003104451,0.159714169,0.018071448,0.362416118,-0.184117556,-0.031831067,-0.174529970,-0.066375457,0.814260721,-1.201990485,0.233897209,0.042732932,0.436293781,-0.052361980,-0.767881155,-0.434309274,0.458933979,-0.064689994
4.606194019,0.806848049,0.994544029,0.109055474,0.131823540,0.264123172,0.949193537,0.000000000,0.000000000,0.506345960,-1.274474490,2.321838885,0.085687683,0.728721365,-0.473347882,-0.437323787,-0.122963257,-1.536221078,2.065018047,0.668381742,1.965911617,0.184005199,0.025993452,0.354526609,-0.176883355,-0.023717169,-0.174529970,-0.037093498,0.745511234,-1.110045314,0.220424324,0.049960464,0.421414077,0.022841752,-0.707418203,-0.513212740,0.447603494,-0.054775208
4.609251499,0.814984679,1.022977233,0.108028874,0.133006915,0.256919712,0.951121032,0.000000000,0.000000000,0.485065129,-1.283491969,2.328709136,0.085800772,0.680158663,-0.453420852,-0.443647198,-0.132422936,-1.533207075,2.120089037,0.663521565,1.978287831,0.209553898,0.043872849,0.347775042,-0.160679936,-0.017206240,-0.174529970,-0.009326455,0.675777733,-1.018600106,0.199615300,0.057515748,0.377603948,0.091389030,-0.619515359,-0.625054955,0.441977561,-0.038363010
4.612452030,0.824077606,1.048620462,0.106670342,0.129432529,0.246594176,0.954494596,0.000000000,0.000000000,0.462108404,-1.294809647,2.345933596,0.085836621,0.642605281,-0.436926822,-0.453665211,-0.133959120,-1.525005492,2.185298306,0.660701556,2.027046577,0.238725573,0.072116974,0.344093025,-0.141602010,-0.012889394,-0.174529970,0.018486295,0.601790369,-0.938840806,0.179162011,0.063793920,0.317660362,0.143764660,-0.522208035,-0.756109953,0.441985965,-0.017658520
4.617986679,0.833370805,1.070596933,0.103209771,0.122860827,0.230269775,0.959806621,0.000000000,0.000000000,0.447725869,-1.298538798,2.365582380,0.086762045,0.611957519,-0.423409839,-0.459186843,-0.131221178,-1.521807883,2.191146482,0.675004842,2.111199990,0.262449657,0.101393172,0.341868997,-0.118253410,-0.011131047,-0.174529970,0.047677349,0.528929710,-0.863679886,0.157763913,0.074370712,0.254793763,0.179508761,-0.418383509,-0.869181097,0.442031711,0.004507245
4.626953125,0.842725813,1.089821577,0.099960715,0.114562370,0.210666299,0.965662003,0.000000000,0.000000000,0.438910797,-1.311935820,2.388786510,0.087786331,0.588488074,-0.410749749,-0.459978260,-0.119301139,-1.518088554,2.172865515,0.690804589,2.213162898,0.277985477,0.130133421,0.343008339,-0.096499488,-0.011886714,-0.174529970,0.079669073,0.452344596,-0.793930650,0.139334127,0.087552577,0.198823288,0.196082741,-0.302753955,-0.963185787,0.436097264,0.024862383
4.638532162,0.852743030,1.105742335,0.096687458,0.104960904,0.188759521,0.971598923,0.000000000,0.000000000,0.427690166,-1.335288015,2.412799378,0.089145204,0.572518619,-0.401194404,-0.461591419,-0.105342971,-1.515196086,2.149760541,0.722222106,2.321826903,0.291089425,0.157850219,0.336365461,-0.079333812,-0.013301948,-0.174529970,0.109191485,0.386683702,-0.724477530,0.120250128,0.106639639,0.157356367,0.195804834,-0.178631783,-1.002436638,0.419384152,0.045001492
4.652011395,0.864588499,1.118852258,0.093513981,0.096384324,0.160082608,0.977925777,0.000000000,0.000000000,0.425521935,-1.345440347,2.433237181,0.090229807,0.557509225,-0.388163956,-0.453771929,-0.057561732,-1.511234835,2.104773829,0.748368145,2.442067464,0.302487440,0.183335249,0.321278185,-0.068489209,-0.015226748,-0.174529970,0.142272383,0.339672893,-0.649693549,0.094719574,0.131407648,0.135629714,0.179829150,-0.046599224,-0.974921107,0.382137418,0.058106728
4.667043686,0.880050063,1.128429174,0.090550259,0.087651595,0.123537734,0.984304905,0.000000000,0.000000000,0.430808667,-1.386765721,2.450879796,0.092461241,0.547709219,-0.372486514,-0.447567097,-0.038054335,-1.510186097,2.095037615,0.769664969,2.551641622,0.311254073,0.211584358,0.297942698,-0.064734273,-0.017959580,-0.174529970,0.183111936,0.311086327,-0.581450582,0.070579864,0.159335047,0.142698273,0.142345473,0.076243557,-0.892407000,0.327130407,0.060014106
4.684739113,0.898959935,1.136747599,0.088138074,0.075865291,0.073240444,0.990510941,0.000000000,0.000000000,0.398795024,-1.418294893,2.456574007,0.093234453,0.531376245,-0.353988200,-0.445290411,0.025916429,-1.503113130,2.106401060,0.798958721,2.659752715,0.317532436,0.241444329,0.273393661,-0.062988423,-0.023437047,-0.174529970,0.234571889,0.278342754,-0.521458805,0.054246202,0.180451304,0.162395597,0.083983280,0.169763118,-0.802523911,0.272253603,0.054918688
4.705066681,0.919772029,1.143123388,0.086797856,0.066020086,0.009239499,0.993993044,0.000000000,0.000000000,0.382581337,-1.431189032,2.458304043,0.108403350,0.526882851,-0.348590119,-0.444489777,0.090977366,-1.495593509,2.105360873,0.790692105,2.662572667,0.317272646,0.246137158,0.255252838,-0.064347938,-0.028416995,-0.174529970,0.289973259,0.250721812,-0.479395032,0.047059804,0.199414134,0.201835811,0.007018037,0.240587756,-0.709549844,0.220027104,0.037337303
4.726911545,0.941388249,1.147096276,0.086974986,0.059932902,-0.062180623,0.992460012,0.000000000,0.000000000,0.355728573,-1.471607513,2.454813612,0.113985705,0.501030415,-0.321389024,-0.442494626,0.148299240,-1.499253471,1.983802528,0.824542866,2.670577200,0.284394066,0.293606121,0.242579833,-0.069207825,-0.031071592,-0.174529970,0.330373079,0.233640090,-0.449741632,0.045411211,0.212016612,0.253798634,-0.070047945,0.286907494,-0.621541679,0.176393092,0.013390223
4.748717785,0.962804079,1.149413466,0.086977527,0.057158317,-0.136733547,0.985125244,0.000000000,0.000000000,0.357634690,-1.474036720,2.454995392,0.115810536,0.500239699,-0.319469980,-0.442159323,0.159835102,-1.492351725,1.979710032,0.833388526,2.671614578,0.283814404,0.295986658,0.231219321,-0.071862578,-0.030199189,-0.174529970,0.344957054,0.227356777,-0.428919286,0.046215184,0.214806348,0.305338085,-0.127745837,0.319994748,-0.537279367,0.136079997,-0.009998200
4.769231796,0.982154369,1.152058244,0.086414561,0.056828003,-0.210691988,0.972065866,0.000000000,0.000000000,0.364836521,-1.479415837,2.455580983,0.121795999,0.500075079,-0.316208317,-0.441347426,0.176582780,-1.484826433,1.972870641,0.857454005,2.673408073,0.285014377,0.300098460,0.222233981,-0.067675367,-0.028350437,-0.174529970,0.330192745,0.218274519,-0.413374096,0.050122213,0.208045274,0.344254076,-0.153986096,0.346785307,-0.472975612,0.100324214,-0.027971253
4.787644386,0.998297215,1.154685855,0.085271657,0.058329999,-0.281837463,0.953883648,0.000000000,0.000000000,0.351308627,-1.483970807,2.455743369,0.134015216,0.498974666,-0.314025667,-0.440742548,0.187242393,-1.480406102,1.967154263,0.867880246,2.674265540,0.282260528,0.302016799,0.212957412,-0.058768071,-0.023539385,-0.174529970,0.297096461,0.208877623,-0.402328670,0.056273758,0.200803757,0.367762566,-0.156756356,0.367542863,-0.425266176,0.071511224,-0.038771138
4.803134918,1.010656595,1.156626582,0.084948331,0.061383583,-0.347097367,0.931954503,0.000000000,0.000000000,0.323466573,-1.489030983,2.454721831,0.146590374,0.496181877,-0.309682616,-0.439344414,0.210527101,-1.468532660,1.958517906,0.902465254,2.676185891,0.279238756,0.306211643,0.204887733,-0.051488012,-0.020238312,-0.174529970,0.263483882,0.199654877,-0.392212212,0.062672630,0.195209295,0.386076182,-0.154340327,0.378971249,-0.389083773,0.050708089,-0.049160182
4.816884518,1.021018744,1.156828046,0.086245291,0.063832887,-0.407307386,0.906966269,0.000000000,0.000000000,0.320115635,-1.489216387,2.454704064,0.146510729,0.495832229,-0.308272405,-0.438755302,0.220411926,-1.465421824,1.955660851,0.913423982,2.676791251,0.278265499,0.307397501,0.198007047,-0.051586956,-0.017955825,-0.174529970,0.236653462,0.190577477,-0.383648634,0.069469340,0.191610307,0.401790321,-0.150937289,0.388472080,-0.365059018,0.036189161,-0.058971152
4.832133293,1.030859590,1.154405951,0.087285727,0.064495064,-0.467142522,0.877496123,0.000000000,0.000000000,0.302768135,-1.465066450,2.453210533,0.145921869,0.496128643,-0.304378084,-0.436605719,0.243584161,-1.457907244,1.946140027,0.944609524,2.678223944,0.276324538,0.309973579,0.192666024,-0.059353359,-0.012628605,-0.174529970,0.224772304,0.184943780,-0.376998335,0.073620155,0.194359243,0.413530231,-0.156215623,0.381297797,-0.351426989,0.034830142,-0.065562427
4.850233078,1.039645195,1.149658084,0.087931685,0.062840775,-0.526070356,0.843545556,0.000000000,0.000000000,0.301343543,-1.447338931,2.452624734,0.145502197,0.496613691,-0.303451325,-0.435914967,0.253366122,-1.457748013,1.944752625,0.954458061,2.678656592,0.276820383,0.310800925,0.192104623,-0.074793890,-0.006298459,-0.174529970,0.224973351,0.175997898,-0.367698580,0.072727427,0.199158281,0.421270311,-0.168199867,0.356412858,-0.346240669,0.047065217,-0.067375161
4.871376038,1.046429992,1.142201304,0.087884806,0.059649508,-0.579919159,0.807720244,0.000000000,0.000000000,0.288143123,-1.414277368,2.452684063,0.145321591,0.499481103,-0.302146580,-0.434878403,0.269362883,-1.457361245,1.939164068,0.977419807,2.681961439,0.281839007,0.312342627,0.200715125,-0.095384941,0.001245106,-0.174529970,0.230220556,0.166562691,-0.363799363,0.068232268,0.203451857,0.426340431,-0.181219444,0.323484123,-0.351376235,0.068749137,-0.066209577
4.894185066,1.050028086,1.135068655,0.085347928,0.054988462,-0.626923144,0.772437274,0.000000000,0.000000000,0.281056510,-1.391227310,2.452058174,0.145739987,0.502835359,-0.302005644,-0.435001066,0.280220754,-1.458600029,1.935454793,0.992751448,2.681325337,0.287030572,0.312148441,0.211072206,-0.115178242,0.008102972,-0.174529970,0.232768863,0.155148327,-0.361675918,0.059774108,0.205688655,0.429440886,-0.189887255,0.306305885,-0.367235273,0.089841954,-0.063108779
4.917009830,1.050537348,1.128609538,0.080279350,0.049694903,-0.663586378,0.742117703,0.000000000,0.000000000,0.284296970,-1.379801475,2.452858290,0.145515390,0.506492014,-0.302162086,-0.435305037,0.288595658,-1.459463155,1.929135800,0.999958018,2.677313152,0.290154787,0.311285651,0.215130657,-0.129133239,0.016083859,-0.174529970,0.222443566,0.152346820,-0.359468877,0.046724096,0.203762680,0.426985860,-0.183594882,0.292951047,-0.374821454,0.105813995,-0.057103347
4.938507080,1.048875928,1.122518539,0.072970659,0.044361450,-0.690496504,0.718277037,0.000000000,0.000000000,0.283698027,-1.372017669,2.453412471,0.145392371,0.509106784,-0.302308759,-0.435584561,0.294462378,-1.458668688,1.921147813,1.003094049,2.674953715,0.291943933,0.310456853,0.215917841,-0.133287400,0.023285566,-0.174529970,0.201455921,0.166049525,-0.362181813,0.028343076,0.199867129,0.414450109,-0.165691465,0.273503870,-0.372283578,0.118753873,-0.048639581
4.957911968,1.045520782,1.116812825,0.064178616,0.038633037,-0.709980845,0.700225592,0.000000000,0.000000000,0.279544221,-1.360897534,2.454176719,0.146127123,0.512784920,-0.302437947,-0.436065774,0.301722121,-1.446768931,1.901692926,1.004987503,2.672767096,0.294172426,0.308873471,0.213829279,-0.126651734,0.028542485,-0.174529970,0.169107437,0.190546364,-0.368786812,0.009175993,0.193713635,0.390619636,-0.143163040,0.254084855,-0.365330547,0.128906593,-0.036529940
4.974843979,1.041021466,1.120278358,0.054046068,0.032261949,-0.725335658,0.685511827,0.000000000,0.000000000,0.267534555,-1.341996445,2.455400137,0.147021100,0.518814667,-0.302160021,-0.436955334,0.316785017,-1.414075812,1.862012634,1.003606899,2.671362743,0.296661693,0.305171700,0.208657444,-0.112180598,0.031769905,-0.174529970,0.130956471,0.215462118,-0.372899055,-0.009804687,0.187860876,0.361350328,-0.116420448,0.237404898,-0.358080000,0.137161419,-0.023248099
4.988733768,1.036072612,1.123532653,0.044675261,0.026457045,-0.737888455,0.672922611,0.000000000,0.000000000,0.262728428,-1.343032656,2.456891550,0.148435892,0.525059115,-0.303399062,-0.438922403,0.324117697,-1.400744456,1.843380679,1.002777068,2.670692915,0.297916487,0.303167739,0.206444353,-0.094156042,0.032925900,-0.174529970,0.090725005,0.234149188,-0.381907284,-0.024368366,0.182095468,0.330078274,-0.085133575,0.219372615,-0.355689496,0.148061201,-0.008371657
4.999591827,1.031336546,1.125602126,0.035983302,0.020235881,-0.747625649,0.662836075,0.000000000,0.000000000,0.261660725,-1.344540296,2.459168864,0.148865124,0.534301625,-0.305307100,-0.441982011,0.333957303,-1.389752653,1.824297994,1.000924797,2.669936194,0.299163016,0.300607218,0.204261661,-0.079442345,0.033517379,-0.174529970,0.053578392,0.244985595,-0.391822666,-0.034667186,0.178762868,0.303548336,-0.053384203,0.202734977,-0.355100930,0.158969671,0.005189916
5.007854939,1.026892066,1.127118945,0.028185343,0.014138877,-0.753997684,0.656119823,0.000000000,0.000000000,0.257850816,-1.345885160,2.462057026,0.149231809,0.541894334,-0.306961322,-0.444577977,0.341365868,-1.386407919,1.813197908,0.999722716,2.669276446,0.299928947,0.298566098,0.201433569,-0.069675744,0.033722762,-0.174529970,0.019731123,0.248744980,-0.397848517,-0.042969566,0.175937608,0.283392102,-0.018465769,0.189058974,-0.353578955,0.167934939,0.015415115
5.013728619,1.022872210,1.128212929,0.021590555,0.007832342,-0.756608069,0.653465152,0.000000000,0.000000000,0.258116084,-1.346013146,2.462382366,0.149207490,0.543217423,-0.307212436,-0.445032273,0.344057168,-1.386525801,1.812720106,0.999109755,2.669126938,0.299893802,0.298215518,0.201289296,-0.064697616,0.034999818,-0.174529970,-0.008941173,0.252634943,-0.412878752,-0.046898246,0.171953365,0.268451422,0.014473584,0.173244044,-0.353403062,0.177342966,0.024839889
5.017768860,1.019354105,1.128842711,0.016182825,0.001686381,-0.755723715,0.654688418,0.000000000,0.000000000,0.255618521,-1.344605550,2.464796415,0.148872602,0.553352745,-0.308867875,-0.448432907,0.347061438,-1.388926984,1.808751924,0.997281780,2.667005952,0.300086962,0.294675338,0.199777544,-0.062626690,0.036344495,-0.174529970,-0.028890945,0.257822275,-0.426827759,-0.048485227,0.167403311,0.257524639,0.038679652,0.159627438,-0.355831981,0.187119037,0.030651391
5.020381927,1.016488194,1.129416943,0.010946025,-0.004258802,-0.753109992,0.657789767,0.000000000,0.000000000,0.197776403,-1.325258418,2.540766900,0.114147032,0.681987095,-0.270769465,-0.488970390,0.278333680,-1.524686060,1.601917375,0.919274661,2.706974580,0.292100848,0.129268546,0.192671791,-0.060699202,0.036991589,-0.174529970,-0.037454940,0.261175931,-0.429222554,-0.052193381,0.164449945,0.249279186,0.054253444,0.148226798,-0.354840934,0.193435580,0.032739840
5.021892548,1.014173388,1.130377531,0.005202482,-0.007940120,-0.750586510,0.660704017,0.000000000,0.000000000,0.239066599,-1.316677626,2.531599856,0.083762217,0.646145570,-0.210751577,-0.437655752,0.204562983,-1.530257245,1.623434486,0.973369938,2.817075412,0.253355002,0.016576198,0.178153366,-0.053837765,0.039608937,-0.174529970,-0.040584743,0.266888797,-0.426632315,-0.057763975,0.162528008,0.241229236,0.063899495,0.142557517,-0.348644048,0.194106832,0.033402376
5.022457123,1.012284636,1.130694032,-0.003532058,-0.011293008,-0.747280121,0.664403737,0.000000000,0.000000000,0.414808635,-1.288203042,2.474508597,0.082458311,0.581159048,-0.199421726,-0.427007377,0.049250628,-1.514550680,1.665669255,1.107317859,2.844772137,0.197211019,-0.019496603,0.154311076,-0.042693689,0.039821107,-0.174529970,-0.041265626,0.267612517,-0.416401118,-0.063047200,0.161558390,0.234506607,0.066991270,0.144502580,-0.343570113,0.190904081,0.029753990
5.022056580,1.010472655,1.130131245,-0.013834119,-0.013719419,-0.742635548,0.669412315,0.000000000,0.000000000,0.578113542,-1.254347007,2.423053028,0.086236973,0.534179026,-0.217037192,-0.430069314,-0.150084591,-1.467103246,1.730835938,1.176301372,2.840956143,0.135952694,-0.026240917,0.127342924,-0.029686593,0.034753513,-0.174529970,-0.039976448,0.259424299,-0.397338599,-0.069028892,0.160727948,0.230903506,0.065680489,0.151342973,-0.340458900,0.182513162,0.020768201
5.020990372,1.008452892,1.129476547,-0.024135331,-0.016017493,-0.736676335,0.675624847,0.000000000,0.000000000,0.710019274,-1.206254241,2.391266733,0.091474437,0.515118405,-0.241537916,-0.425583166,-0.341435875,-1.430764925,1.740842639,1.137077776,2.831525735,0.083242829,-0.026263005,0.104239032,-0.018589128,0.024942353,-0.174529970,-0.036692623,0.241111815,-0.382799208,-0.069733895,0.158854663,0.230713189,0.061413966,0.151423872,-0.337778211,0.172551870,0.010880842
5.019718170,1.006440163,1.128419518,-0.037136920,-0.021941895,-0.729779482,0.682320535,0.000000000,0.000000000,0.927008201,-1.182507969,2.374359048,0.097314831,0.520319205,-0.256009477,-0.400056552,-0.577610644,-1.426691557,1.756776060,1.058763286,2.799685076,0.033210632,-0.007560470,0.080585256,-0.010476766,0.012300494,-0.174529970,-0.031009069,0.208471149,-0.368142128,-0.064268000,0.155466944,0.233557910,0.053256664,0.141899347,-0.336839259,0.163494140,-0.000866986
5.018421650,1.003719807,1.126374960,-0.048991263,-0.027122390,-0.725097060,0.686366141,0.000000000,0.000000000,1.101490617,-1.208135112,2.378725430,0.106411699,0.543603709,-0.253800065,-0.367516312,-0.747589019,-1.467173731,1.750346475,0.956316221,2.758406541,-0.008509073,0.011875715,0.065371454,-0.002592866,0.004151173,-0.174529970,-0.022346888,0.177215114,-0.368077487,-0.051162161,0.147912830,0.238601506,0.046676621,0.129495874,-0.345828146,0.158034965,-0.010229158
5.017229080,1.000735044,1.123816609,-0.059472941,-0.032190088,-0.722110629,0.688464165,0.000000000,0.000000000,1.233269267,-1.208865148,2.403884123,0.139595819,0.578533612,-0.238708247,-0.329175873,-0.872335548,-1.484907049,1.726752302,0.866267214,2.713456770,-0.043636755,0.029491365,0.053647321,0.004801079,0.000486603,-0.174529970,-0.010595014,0.149506584,-0.371000737,-0.037026141,0.140017360,0.243454456,0.040703800,0.117041796,-0.358561039,0.154492408,-0.018415004
5.016165257,0.997618914,1.120905161,-0.066966951,-0.034275405,-0.722183228,0.687598705,0.000000000,0.000000000,1.355034031,-1.222524846,2.444659242,0.151920313,0.624255200,-0.204806165,-0.283623299,-0.987739928,-1.505690998,1.677484864,0.768587483,2.685340098,-0.061639278,0.046236061,0.049876250,0.013783983,0.002756027,-0.174529970,0.002252077,0.130479738,-0.380355328,-0.022018783,0.131077915,0.248170242,0.039378539,0.106261365,-0.374511510,0.153214887,-0.023857253
5.015234947,0.995087028,1.118052602,-0.072356455,-0.037000600,-0.722555995,0.686519027,0.000000000,0.000000000,1.403362097,-1.257977032,2.493972289,0.168989128,0.674605020,-0.171632039,-0.255796397,-1.032647640,-1.520871302,1.632863061,0.724759366,2.665543968,-0.076544782,0.061935660,0.046972860,0.019438893,0.004631113,-0.174529970,0.013503162,0.115100332,-0.387595952,-0.009273957,0.122750707,0.251896977,0.041041240,0.097323380,-0.390139073,0.153286889,-0.027687559
5.014448166,0.993084550,1.115951777,-0.073731631,-0.038337465,-0.724218428,0.684544802,0.000000000,0.000000000,1.466751133,-1.296377891,2.539442113,0.154832554,0.722846027,-0.116422075,-0.217613418,-1.111094467,-1.543881528,1.578104068,0.649628106,2.666496006,-0.073496576,0.072765687,0.051597506,0.022196975,0.010527167,-0.174261183,0.021989804,0.104595415,-0.398010075,0.002776838,0.116682112,0.255230248,0.043392006,0.090417087,-0.404139310,0.151062146,-0.030343587
5.013729572,0.991590202,1.115430474,-0.072745033,-0.039714903,-0.726208448,0.682460368,0.000000000,0.000000000,1.515390093,-1.348402349,2.581078019,0.159254511,0.768697679,-0.061751104,-0.193365035,-1.173279404,-1.557231719,1.529683654,0.607799701,2.670960800,-0.070296795,0.087305182,0.059893005,0.021980464,0.016670346,-0.174158186,0.028935332,0.098052695,-0.412474245,0.015983190,0.112913594,0.257730722,0.046663702,0.086448327,-0.421527445,0.151175886,-0.030042082
5.013308525,0.990649998,1.114450932,-0.070862502,-0.041403871,-0.728144467,0.680492342,0.000000000,0.000000000,1.550895432,-1.399920281,2.617226447,0.166869139,0.810625368,-0.012066842,-0.181009590,-1.223321819,-1.566615485,1.490538961,0.582038877,2.674972883,-0.070454386,0.103569420,0.067391351,0.019604694,0.022353068,-0.173958853,0.033473581,0.096060634,-0.427006483,0.026281778,0.111638777,0.259910285,0.048662081,0.083632924,-0.432909042,0.150737777,-0.030323416
5.012855053,0.989241600,1.112307191,-0.067960344,-0.040665764,-0.729628801,0.679241836,0.000000000,0.000000000,1.562121192,-1.451992791,2.648900134,0.164396051,0.847783933,0.034908143,-0.173385202,-1.256702352,-1.580545321,1.451023461,0.554521040,2.689524491,-0.064245335,0.115428274,0.072108708,0.018052550,0.025468186,-0.174157932,0.035525244,0.115942307,-0.461347371,0.037597947,0.109304786,0.262621522,0.051475935,0.099774376,-0.460190564,0.153742298,-0.031459823
5.012431622,0.988798440,1.107767105,-0.062924236,-0.039435670,-0.729961276,0.679442286,0.000000000,0.000000000,1.555914520,-1.489584014,2.675220912,0.165379133,0.878953705,0.073202616,-0.170374397,-1.261567153,-1.591460970,1.414083960,0.546120281,2.705921558,-0.058645630,0.125790180,0.083632097,0.013172327,0.025897466,-0.174288154,0.036986522,0.145949677,-0.516602576,0.053651463,0.107170284,0.267636836,0.052259162,0.127524287,-0.513350308,0.165104210,-0.034356914
5.012122631,0.989959598,1.099063396,-0.052738097,-0.036916383,-0.729924381,0.680489719,0.000000000,0.000000000,1.586394808,-1.515166902,2.696639472,0.157774980,0.903189582,0.111121791,-0.165336508,-1.298058518,-1.600979453,1.376043661,0.535300009,2.715709778,-0.055411667,0.136482024,0.136615306,0.004327211,0.026942333,-0.174372792,0.043631621,0.145894453,-0.589116275,0.084943131,0.108341612,0.275589854,0.043114923,0.125158191,-0.584385097,0.194228262,-0.038628746
5.011446476,0.991927385,1.088757277,-0.043814436,-0.034911845,-0.729821086,0.681338906,0.000000000,0.000000000,1.588886468,-1.533668450,2.713697229,0.151424063,0.922744736,0.144787568,-0.159826649,-1.308122454,-1.609719009,1.334984743,0.522801996,2.723955855,-0.051135181,0.143544823,0.187214285,-0.003996967,0.027676191,-0.174427807,0.051644571,0.146283120,-0.655037403,0.113076240,0.111810803,0.284368753,0.034591682,0.127136603,-0.659280121,0.224955156,-0.045049362
5.010531902,0.994504213,1.076987386,-0.035935238,-0.033343431,-0.729897976,0.681796014,0.000000000,0.000000000,1.588349894,-1.545672115,2.730089140,0.151211829,0.939590756,0.172541126,-0.156250276,-1.312243869,-1.617688876,1.293034976,0.517604480,2.725065218,-0.049628020,0.149272407,0.235224649,-0.012465483,0.028260073,-0.174463570,0.060652882,0.147345036,-0.717985928,0.140964419,0.115804419,0.293344468,0.026412535,0.132941544,-0.736334085,0.257382989,-0.050205685
5.009418488,0.996897817,1.062756300,-0.026045037,-0.028855534,-0.731401563,0.680838346,0.000000000,0.000000000,1.623294874,-1.556921588,2.748018325,0.146492198,0.955780381,0.196960561,-0.154697613,-1.352651023,-1.624989821,1.247495778,0.511273281,2.716471686,-0.052012249,0.156085881,0.289200902,-0.019731857,0.030306045,-0.174486816,0.071001403,0.155299067,-0.786476016,0.170304120,0.120489344,0.303593606,0.019755185,0.146442175,-0.820445776,0.292843580,-0.056736208
5.008481979,0.999454975,1.047063589,-0.017375292,-0.023846937,-0.733639598,0.678897917,0.000000000,0.000000000,1.634703193,-1.562090857,2.764215342,0.151798445,0.972041677,0.215312892,-0.155001890,-1.368972910,-1.625791241,1.203974412,0.503654971,2.702112865,-0.058356450,0.162031018,0.339979053,-0.025759451,0.031852443,-0.174501926,0.081297107,0.167220682,-0.853506267,0.198023677,0.126333937,0.315256000,0.013516205,0.161701635,-0.900649250,0.328299850,-0.064908765
5.007861614,1.001981378,1.030413032,-0.010322477,-0.018605806,-0.736294329,0.676326811,0.000000000,0.000000000,1.651875367,-1.555523169,2.780036338,0.156036636,0.989624222,0.226832557,-0.157492388,-1.381452133,-1.624324750,1.168726470,0.503414460,2.678057919,-0.073077993,0.168316838,0.383741796,-0.031413138,0.032645389,-0.174511746,0.089190736,0.184950218,-0.919116080,0.224179730,0.131931528,0.329091758,0.008429290,0.179531887,-0.974719465,0.362095833,-0.073492929
5.007887363,1.004485250,1.014439821,-0.006185392,-0.014244378,-0.739926279,0.672508717,0.000000000,0.000000000,1.650942427,-1.540095805,2.794539749,0.171464496,1.009313811,0.226484812,-0.163837638,-1.379638626,-1.617534167,1.145171736,0.512467557,2.642505152,-0.098171277,0.174642815,0.417214096,-0.035418935,0.032942127,-0.174518138,0.095269650,0.204607651,-0.977206886,0.245765820,0.136924878,0.344093978,0.005109264,0.195067674,-1.037446976,0.393230826,-0.081663743
5.008242130,1.006685019,0.999794960,-0.003826083,-0.010999021,-0.744073927,0.667995811,0.000000000,0.000000000,1.658849371,-1.531764842,2.810607393,0.186491246,1.030327210,0.219240138,-0.174856985,-1.386886058,-1.609729098,1.127056731,0.522010598,2.598429784,-0.128148167,0.178242751,0.443334430,-0.038643748,0.032262295,-0.174522281,0.100147516,0.223263592,-1.029215693,0.264123529,0.139223486,0.359414041,0.003046026,0.207361028,-1.092279553,0.420248687,-0.091345891
5.008739471,1.008556366,0.984781384,-0.000633810,-0.006949502,-0.747592628,0.664120853,0.000000000,0.000000000,1.678955958,-1.530437901,2.827160205,0.193093866,1.051463606,0.210373234,-0.190573967,-1.408999916,-1.614366504,1.116493996,0.533897039,2.544678907,-0.165490185,0.176511248,0.470982254,-0.042486191,0.030003158,-0.174158752,0.103262201,0.242735595,-1.080901504,0.281903714,0.140654206,0.375434041,0.002319663,0.220327184,-1.144805431,0.444058001,-0.103263900
5.009465694,1.010704875,0.968443036,0.002505350,-0.002979805,-0.750490308,0.660870016,0.000000000,0.000000000,1.689590051,-1.519328758,2.829588438,0.214541021,1.078049866,0.190506665,-0.211714245,-1.399459847,-1.615587893,1.128479289,0.563584748,2.475018698,-0.218733629,0.168292527,0.499792635,-0.046909716,0.026272872,-0.173771888,0.105518311,0.263605773,-1.134765267,0.298914969,0.141405746,0.391821980,0.001877060,0.234613612,-1.197522759,0.466794461,-0.116026752
5.010467529,1.013111353,0.951539874,0.005757646,0.001290527,-0.753243446,0.657715380,0.000000000,0.000000000,1.689812612,-1.500623117,2.830256100,0.223008177,1.106967289,0.170921447,-0.232305440,-1.386558260,-1.611726246,1.146351032,0.585636753,2.402553271,-0.269233943,0.151852440,0.530069470,-0.050130032,0.022547983,-0.174037218,0.107234001,0.284297526,-1.187748790,0.313891500,0.143406838,0.407399774,-0.000342509,0.249500886,-1.247587085,0.486387670,-0.130558774
5.011473656,1.015902042,0.933450103,0.010944996,0.007017842,-0.756440997,0.653932750,0.000000000,0.000000000,1.704917722,-1.488762083,2.830412691,0.222308782,1.137053276,0.158538947,-0.250960580,-1.394329687,-1.599314455,1.154887128,0.587292597,2.335781692,-0.307830839,0.131151922,0.567974746,-0.050073035,0.020327460,-0.174209684,0.108640790,0.304445565,-1.243216991,0.330011636,0.145426720,0.417525351,-0.004035112,0.264153630,-1.297782779,0.505663693,-0.142696559
5.012399197,1.019180775,0.913838863,0.017112711,0.013406770,-0.759814560,0.649776280,0.000000000,0.000000000,1.716394723,-1.476176372,2.830486980,0.231719299,1.167028759,0.144206133,-0.271078171,-1.394404450,-1.586624759,1.165604085,0.594677225,2.271581345,-0.342664881,0.109003813,0.611972809,-0.047319293,0.019097254,-0.174321800,0.111287311,0.322522074,-1.300547719,0.348158449,0.147444874,0.424106956,-0.009219194,0.278265595,-1.349892259,0.526512563,-0.153721929
5.013164043,1.022552967,0.893229723,0.023434680,0.019606138,-0.762660921,0.646076500,0.000000000,0.000000000,1.725083481,-1.463227371,2.830425270,0.236864865,1.196630763,0.133402131,-0.288480785,-1.398501091,-1.575571900,1.175906937,0.596276486,2.213294359,-0.370838073,0.085767225,0.659112751,-0.043004595,0.018043907,-0.174394667,0.114527903,0.337405473,-1.357748628,0.367194057,0.150657296,0.428385019,-0.015602752,0.290512741,-1.402340531,0.548576295,-0.164175540
5.013549805,1.025155544,0.871770740,0.028821588,0.024453860,-0.764574885,0.643425703,0.000000000,0.000000000,1.731803942,-1.459850131,2.830225573,0.242352916,1.223260438,0.123441401,-0.305815091,-1.402809646,-1.570750685,1.186696458,0.597881830,2.159003473,-0.394338204,0.061249246,0.702020526,-0.038656611,0.016552411,-0.174442023,0.117022917,0.354442447,-1.414459944,0.387501448,0.153103918,0.431165755,-0.020894263,0.304164529,-1.454676986,0.571926415,-0.172860682
5.013417244,1.026686072,0.850544930,0.031692799,0.026976822,-0.766087890,0.641386867,0.000000000,0.000000000,1.737351013,-1.454937546,2.829763650,0.253462039,1.242825838,0.110071118,-0.324081420,-1.409964477,-1.564483004,1.195498251,0.603072113,2.103498442,-0.415609625,0.036148991,0.731203318,-0.033531044,0.015127908,-0.174472809,0.116951957,0.380888939,-1.469107985,0.405605495,0.154113427,0.432973206,-0.022495642,0.325339258,-1.505445242,0.594522715,-0.179817080
5.012886524,1.028044581,0.830195189,0.033080313,0.027927684,-0.766911507,0.640290976,0.000000000,0.000000000,1.732310827,-1.450285079,2.828821709,0.260225388,1.252582520,0.097794316,-0.338692224,-1.405280431,-1.562387384,1.202353860,0.607186225,2.047935371,-0.432635528,0.010448450,0.750172138,-0.029071765,0.013831744,-0.174492821,0.115023009,0.412909716,-1.520812631,0.421505451,0.153882965,0.434148073,-0.022213792,0.353629917,-1.552609682,0.611654401,-0.185300738
5.012197971,1.029342413,0.811717808,0.033187993,0.027572127,-0.767203569,0.639950871,0.000000000,0.000000000,1.729331787,-1.444686981,2.827143638,0.257327714,1.247720852,0.090604431,-0.349104460,-1.403496362,-1.559873530,1.199921969,0.607451255,1.991290982,-0.443375307,-0.014269960,0.762501836,-0.025722325,0.012807010,-0.174505830,0.112257317,0.443332016,-1.565280557,0.434819460,0.153142929,0.434911728,-0.022528902,0.381680191,-1.592492580,0.622995615,-0.190116361
5.011548042,1.030846119,0.796681643,0.032461643,0.026356753,-0.767300487,0.639923096,0.000000000,0.000000000,1.719137130,-1.437692571,2.811831402,0.253758989,1.229734688,0.086725643,-0.354432096,-1.393329753,-1.555056827,1.192149055,0.605557999,1.934474971,-0.448556065,-0.036938802,0.770516157,-0.022877015,0.012253899,-0.174514294,0.108993612,0.469501466,-1.600199580,0.443740040,0.152336925,0.435408115,-0.022594750,0.405764997,-1.622752905,0.630193412,-0.193369180
5.010964394,1.032294631,0.786667764,0.031474907,0.024749381,-0.767206192,0.640149593,0.000000000,0.000000000,1.717001817,-1.432504543,2.782043264,0.246903398,1.198396161,0.087029921,-0.357375022,-1.390824302,-1.546589546,1.181282545,0.602437617,1.877402970,-0.449833066,-0.057418305,0.775725484,-0.020810878,0.012017477,-0.174519777,0.106745526,0.490567386,-1.626157641,0.449455500,0.151552498,0.435730755,-0.022275163,0.424603879,-1.643939018,0.634391248,-0.195248008
5.010491371,1.033461213,0.780219078,0.030546872,0.023093158,-0.767020226,0.640479207,0.000000000,0.000000000,1.717963282,-1.434533578,2.738295279,0.228107339,1.156800747,0.096421811,-0.355861901,-1.394166923,-1.543632289,1.169975459,0.592651321,1.826983140,-0.445630637,-0.075261484,0.779111505,-0.019747835,0.011726294,-0.174523354,0.104792289,0.506412566,-1.641809821,0.451079279,0.151118189,0.435940444,-0.021290742,0.437205583,-1.654800773,0.635890186,-0.195488259
5.010209084,1.034763813,0.777531743,0.029636584,0.021305906,-0.767550707,0.639948189,0.000000000,0.000000000,1.712279499,-1.436487798,2.689754898,0.215812468,1.110335510,0.103654786,-0.355039515,-1.391066699,-1.538011118,1.164029843,0.590741876,1.784071492,-0.439634129,-0.088346489,0.781312466,-0.018449474,0.012453178,-0.174525678,0.103613473,0.516045988,-1.645752788,0.447423875,0.150320947,0.436076760,-0.018870514,0.442710280,-1.653468609,0.632495403,-0.194067359
5.010100365,1.036371946,0.778787971,0.028894085,0.019467212,-0.768283904,0.639160395,0.000000000,0.000000000,1.705160860,-1.439029198,2.639978733,0.202263733,1.061678935,0.108203722,-0.355048278,-1.373404409,-1.536310462,1.174308371,0.606376783,1.748239680,-0.435640279,-0.097277972,0.782743096,-0.017757611,0.013942782,-0.174527183,0.102551118,0.519165456,-1.636537910,0.437901109,0.148216888,0.436165392,-0.015142970,0.441751003,-1.638239861,0.621218503,-0.190654844
5.010025024,1.037678719,0.783996224,0.027827388,0.016927280,-0.768860817,0.638586044,0.000000000,0.000000000,1.698385717,-1.449365762,2.588912513,0.186352475,1.012264453,0.112045407,-0.355490394,-1.357479755,-1.532813470,1.193369352,0.624174204,1.723481944,-0.429651607,-0.099347628,0.780721068,-0.018224185,0.015303938,-0.174528167,0.101040736,0.514824390,-1.613787174,0.424554378,0.145346001,0.436222970,-0.008695750,0.434484094,-1.609637856,0.603352189,-0.186001658
5.009975433,1.038552523,0.793605745,0.025617490,0.013489609,-0.769689560,0.637761533,0.000000000,0.000000000,1.690673722,-1.459802621,2.536263940,0.168402977,0.963458957,0.115452565,-0.354466333,-1.337421025,-1.525261102,1.217679871,0.641906750,1.712536883,-0.420560496,-0.092744003,0.768174469,-0.018635362,0.016716847,-0.174528807,0.096010901,0.511186242,-1.576524138,0.406362206,0.141900077,0.436260402,0.004661077,0.428868353,-1.567765832,0.578885615,-0.179170355
5.009860516,1.038420677,0.809681654,0.019825026,0.006842071,-0.770931721,0.636572480,0.000000000,0.000000000,1.663010738,-1.470239664,2.482975149,0.155584681,0.915461117,0.113257314,-0.355463078,-1.290693289,-1.515609401,1.247837284,0.666395181,1.714966176,-0.408533671,-0.077486333,0.734662831,-0.020134836,0.017333966,-0.174529225,0.087627023,0.507527888,-1.516121030,0.383173168,0.138388753,0.436284721,0.027862323,0.424102008,-1.506509185,0.547540307,-0.169822872
5.009646893,1.037790537,0.834150195,0.011779036,-0.001894722,-0.772294581,0.635152638,0.000000000,0.000000000,1.626379234,-1.486403351,2.428518106,0.137228444,0.868663286,0.108797106,-0.357880049,-1.242301868,-1.510335673,1.276594593,0.686845338,1.730405309,-0.390691612,-0.056648403,0.684160709,-0.020816028,0.018992662,-0.171990857,0.076616250,0.500140727,-1.434701562,0.355993986,0.132192418,0.425835848,0.056449376,0.415753812,-1.423234105,0.509464681,-0.152543902
5.009262562,1.036590457,0.865081072,0.004198058,-0.010013635,-0.773030162,0.634276330,0.000000000,0.000000000,1.597802185,-1.516112553,2.373583707,0.116832358,0.824696872,0.107585220,-0.360889649,-1.215054733,-1.511351624,1.296782550,0.688656089,1.758112740,-0.365164368,-0.034277959,0.623329699,-0.020833587,0.021905631,-0.169357538,0.065365173,0.491990328,-1.343146801,0.326159030,0.126058608,0.405841291,0.083801061,0.406678289,-1.323395967,0.465123624,-0.132261083
5.008739471,1.034285545,0.899302781,-0.002403271,-0.016404292,-0.773769319,0.633250535,0.000000000,0.000000000,1.571246723,-1.533312249,2.338674066,0.104080010,0.802401732,0.095071473,-0.368333890,-1.190756896,-1.514628434,1.318363791,0.705289403,1.779366197,-0.343504547,-0.015408963,0.558569431,-0.019267023,0.027355544,-0.167360172,0.058064200,0.481580198,-1.250447631,0.294253975,0.122230127,0.379875064,0.105000079,0.395223379,-1.216991186,0.419220448,-0.111268178
5.008095741,1.029959559,0.934841216,-0.007499199,-0.020005273,-0.773979962,0.632849574,0.000000000,0.000000000,1.562629646,-1.540915958,2.318190703,0.099882082,0.791245441,0.094790390,-0.360578419,-1.195833002,-1.519053289,1.323675215,0.675782817,1.806947126,-0.313086346,0.000335754,0.496348709,-0.015111318,0.033755329,-0.168273658,0.054352902,0.460148126,-1.153945446,0.263484150,0.122243643,0.350685596,0.117412962,0.376007646,-1.110072613,0.375586182,-0.092017606
5.007299423,1.023570061,0.967269957,-0.011903977,-0.021725008,-0.774621665,0.631939530,0.000000000,0.000000000,1.561443997,-1.541846409,2.309858141,0.099118488,0.786918978,0.098984289,-0.348188338,-1.205568636,-1.523495870,1.311500119,0.645984819,1.834119543,-0.279485812,0.014943863,0.439430147,-0.009727632,0.040639278,-0.169335827,0.055161048,0.431538463,-1.062452793,0.236054435,0.122858182,0.324148655,0.123705089,0.352031142,-1.015484333,0.337818086,-0.076490358
5.006362915,1.015649438,0.996575177,-0.018489685,-0.025094025,-0.775057316,0.631121635,0.000000000,0.000000000,1.540858044,-1.534514864,2.304507690,0.099958380,0.786536457,0.098005750,-0.335669503,-1.187262182,-1.522468904,1.294592191,0.626026161,1.853759706,-0.249822277,0.027104171,0.380337089,-0.004675571,0.046516579,-0.170623690,0.058797933,0.393710732,-0.970477939,0.211078778,0.124267720,0.300516486,0.126419365,0.322333306,-0.928974092,0.306226879,-0.063266985
5.005349159,1.006471157,1.022401690,-0.027146852,-0.029935854,-0.775912941,0.629544318,0.000000000,0.000000000,1.528204239,-1.529603246,2.303157610,0.105043717,0.788986872,0.093968450,-0.324690254,-1.178726806,-1.524153481,1.274712547,0.606990309,1.866309502,-0.223213490,0.035729845,0.320209801,0.000036075,0.051818803,-0.171642840,0.065647975,0.349490374,-0.877586544,0.186979964,0.126737207,0.280520350,0.127661765,0.288153827,-0.848927021,0.278874695,-0.052280389
5.004100800,0.996702313,1.043349147,-0.035408895,-0.035830632,-0.775439799,0.629408896,0.000000000,0.000000000,1.504964909,-1.540982704,2.304122399,0.104546521,0.791118144,0.094527208,-0.314722209,-1.152856901,-1.549856692,1.253142929,0.587165744,1.878923995,-0.196548625,0.042128431,0.277980655,0.003474100,0.053994223,-0.172653347,0.075914040,0.285497516,-0.793375432,0.172257617,0.127928078,0.264270067,0.122358143,0.233516678,-0.777345657,0.260306090,-0.044164844
5.002772808,0.986961424,1.059265256,-0.043366745,-0.041331902,-0.774498940,0.629732013,0.000000000,0.000000000,1.489861674,-1.545346419,2.305498171,0.108932459,0.794708454,0.089028402,-0.310017779,-1.134147391,-1.561524357,1.234286903,0.582735051,1.884400821,-0.176700354,0.046993258,0.239492804,0.005926187,0.054158874,-0.173310161,0.087013587,0.229637146,-0.721278787,0.158830076,0.128846586,0.251186520,0.116654709,0.186542347,-0.719555557,0.245969698,-0.037607796
5.001515388,0.977681458,1.071104050,-0.050379358,-0.045644499,-0.773105979,0.630623281,0.000000000,0.000000000,1.483231554,-1.546609977,2.307791594,0.114701699,0.799589181,0.078390607,-0.308694476,-1.130150103,-1.578951249,1.225966677,0.583505591,1.881449647,-0.164667094,0.049472586,0.205768228,0.008542242,0.053938132,-0.173737109,0.097764358,0.185127929,-0.662236929,0.146165833,0.128713012,0.240390703,0.110383101,0.149123937,-0.673468173,0.234813422,-0.032520410
5.000308990,0.968988180,1.080773473,-0.056392454,-0.048473679,-0.771731913,0.631585360,0.000000000,0.000000000,1.465040350,-1.545944462,2.309938856,0.117794944,0.803979269,0.065249334,-0.308725016,-1.118553789,-1.587552556,1.213833273,0.576255823,1.879403700,-0.152153625,0.051433958,0.175664738,0.012259142,0.054256029,-0.173721462,0.108486682,0.151849985,-0.609463453,0.131466985,0.128597707,0.231521726,0.106459498,0.119167939,-0.630328834,0.223960564,-0.029041599
4.999079704,0.961088538,1.088212967,-0.061120532,-0.049277183,-0.770234048,0.632910311,0.000000000,0.000000000,1.473148263,-1.548095319,2.315674452,0.133816844,0.810903311,0.037940676,-0.316148744,-1.123915965,-1.583867382,1.206319201,0.579420804,1.870629795,-0.145582184,0.052564721,0.151085079,0.017015427,0.053920902,-0.172872469,0.119354635,0.130738899,-0.565310538,0.114944734,0.127775967,0.225180387,0.105263114,0.097952425,-0.594335437,0.215443522,-0.026575897
4.997919083,0.954379439,1.095589042,-0.065390885,-0.050277743,-0.767756522,0.635410190,0.000000000,0.000000000,1.476325970,-1.541690525,2.318225396,0.142747220,0.814291451,0.025909444,-0.311096293,-1.119062935,-1.589436595,1.195095349,0.556238393,1.869500165,-0.133502303,0.052839811,0.125992924,0.020820793,0.054049823,-0.172270015,0.127447963,0.115323216,-0.518314540,0.094327986,0.128833815,0.219009712,0.104236342,0.081594720,-0.550800681,0.201176167,-0.027089266
4.996807098,0.948778987,1.101708889,-0.067524001,-0.049819119,-0.765814185,0.637563467,0.000000000,0.000000000,1.495409957,-1.545162026,2.322221676,0.140350791,0.818919427,0.022966183,-0.301994569,-1.142070120,-1.601871878,1.184201742,0.537467079,1.872676312,-0.119297149,0.053551939,0.106495276,0.024223659,0.056593634,-0.171381801,0.133215606,0.108849235,-0.479125321,0.074168809,0.128069609,0.214006811,0.104539037,0.073089540,-0.510196865,0.184656695,-0.028948225
4.995694637,0.944227040,1.106279612,-0.068828844,-0.049211409,-0.764369249,0.639202952,0.000000000,0.000000000,1.501002738,-1.545290584,2.324688318,0.137857243,0.822900238,0.024722303,-0.291941333,-1.152462990,-1.603993052,1.169362464,0.516484374,1.886851184,-0.100762757,0.055126106,0.091915801,0.027363781,0.059925497,-0.170367599,0.137308732,0.105809838,-0.446710348,0.054508213,0.125174329,0.210135460,0.105707362,0.067499451,-0.475494146,0.169113129,-0.031761780
4.994685650,0.940574527,1.109639406,-0.070697859,-0.048678443,-0.762358785,0.641436934,0.000000000,0.000000000,1.524719775,-1.540774341,2.330259028,0.137409421,0.829915803,0.019017645,-0.287794510,-1.160790869,-1.593538475,1.164162797,0.518679117,1.904427412,-0.088459182,0.058529014,0.079867400,0.028469205,0.061240762,-0.165676564,0.139931858,0.104075901,-0.419713020,0.036925815,0.120303705,0.210996449,0.106457397,0.065130219,-0.449025989,0.157166988,-0.034862775
4.993622780,0.937631071,1.112381935,-0.071724437,-0.048416987,-0.760516644,0.643526137,0.000000000,0.000000000,1.544493867,-1.537059438,2.333733343,0.122958907,0.835699099,0.022199118,-0.280989661,-1.170177363,-1.598227034,1.165089875,0.515706638,1.933966798,-0.073775613,0.062640008,0.070361175,0.026828311,0.063860990,-0.158682510,0.140902609,0.104829058,-0.395334691,0.020389516,0.113727778,0.215086147,0.108659297,0.065467186,-0.426416397,0.146692991,-0.038582109
4.992376804,0.935241818,1.114506960,-0.072374567,-0.048416115,-0.758551955,0.645768344,0.000000000,0.000000000,1.550187297,-1.532699563,2.335024480,0.113658394,0.840925219,0.024665134,-0.276176917,-1.165595422,-1.602919627,1.172413318,0.521765000,1.971087497,-0.060959584,0.068596693,0.063648924,0.024552269,0.067003705,-0.151550442,0.140399039,0.106135361,-0.376603097,0.007154708,0.105871335,0.220794171,0.113126054,0.065373942,-0.407989532,0.139203951,-0.041158013
4.991075993,0.933296621,1.116166592,-0.072739378,-0.047780782,-0.756646395,0.648006320,0.000000000,0.000000000,1.565731203,-1.523838408,2.335928227,0.106987574,0.847353121,0.023102421,-0.273042163,-1.170614855,-1.603389065,1.185745802,0.533784520,2.010835214,-0.051171230,0.075059148,0.059002288,0.022318114,0.069401957,-0.144024417,0.138080448,0.108962484,-0.360962719,-0.005436442,0.097832717,0.227903306,0.118894704,0.066732526,-0.393446386,0.133885980,-0.043976456
4.989767075,0.931869149,1.117662668,-0.073853672,-0.047242165,-0.754646003,0.650248587,0.000000000,0.000000000,1.567541867,-1.511315924,2.336452729,0.111344761,0.854401272,0.012087274,-0.272871401,-1.158273169,-1.592757624,1.196608988,0.543293287,2.051541172,-0.043115462,0.080828637,0.053463660,0.020814199,0.070528984,-0.136915177,0.135695189,0.113115288,-0.346293598,-0.017718799,0.091868408,0.235253096,0.125561506,0.068437189,-0.380734146,0.130668133,-0.045830011
4.988543034,0.930708289,1.118474722,-0.074245527,-0.045676451,-0.752824605,0.652423441,0.000000000,0.000000000,1.568992192,-1.499626381,2.336689632,0.114474823,0.860897213,-0.001830835,-0.272361927,-1.166627557,-1.586420006,1.204043960,0.552879331,2.087288811,-0.036676693,0.085377552,0.052144952,0.019346200,0.070079282,-0.129308134,0.133365721,0.117428973,-0.336186796,-0.027938178,0.086198092,0.244332463,0.133033842,0.070665322,-0.374573857,0.130646393,-0.047217000
4.987419128,0.929792523,1.118572116,-0.073973291,-0.043919165,-0.751685321,0.653887033,0.000000000,0.000000000,1.569378867,-1.493425794,2.335898852,0.117245390,0.865657250,-0.011200219,-0.268260322,-1.173657969,-1.587781401,1.201777367,0.548730691,2.117532413,-0.029220253,0.088112269,0.054797590,0.017960446,0.069666222,-0.122530356,0.131878227,0.119908854,-0.332220286,-0.033501875,0.080633692,0.253654361,0.140425175,0.071855485,-0.373389363,0.132049859,-0.047898155
4.986418247,0.929166317,1.118369222,-0.074472137,-0.043125313,-0.751573741,0.654011488,0.000000000,0.000000000,1.558452713,-1.478148458,2.333971712,0.120440816,0.869389471,-0.023207684,-0.264500202,-1.162296379,-1.592575660,1.189535385,0.544751244,2.136957023,-0.023910133,0.090720935,0.056694694,0.018572096,0.070125349,-0.119305357,0.131749123,0.119831063,-0.329328299,-0.036908757,0.077120155,0.260176122,0.149179593,0.071159713,-0.373497903,0.134579778,-0.047030702
4.985485077,0.928665221,1.118014336,-0.074362904,-0.042090874,-0.752095819,0.653490961,0.000000000,0.000000000,1.559402425,-1.473228315,2.332958093,0.128394760,0.872891483,-0.034114203,-0.260090389,-1.164675102,-1.591924601,1.164117138,0.535480464,2.145221703,-0.018894840,0.091069522,0.060139608,0.020301078,0.070252880,-0.118961141,0.131596595,0.118734494,-0.329751343,-0.037346091,0.074154519,0.264376611,0.158806771,0.070178829,-0.375425547,0.138395622,-0.043732233
4.984911442,0.928351700,1.117548227,-0.075054631,-0.040460426,-0.753666937,0.651702285,0.000000000,0.000000000,1.555528632,-1.441043987,2.332801209,0.140529026,0.875814938,-0.055407638,-0.259615624,-1.158367359,-1.574615843,1.129296573,0.531002290,2.138360821,-0.019428607,0.090284777,0.065238953,0.025897272,0.070425898,-0.121704832,0.133354008,0.117828265,-0.339683741,-0.032992113,0.072380736,0.265875667,0.168456674,0.066176772,-0.379814625,0.145423144,-0.037845872
4.984640598,0.928121150,1.117213488,-0.075518288,-0.038108498,-0.755206048,0.650006652,0.000000000,0.000000000,1.557187734,-1.423139973,2.337138906,0.163784512,0.876678387,-0.080385947,-0.261759757,-1.166095089,-1.574798208,1.098899050,0.527369563,2.112632378,-0.027966835,0.089525517,0.070331171,0.032478467,0.069327421,-0.126019090,0.134485230,0.117869101,-0.350480795,-0.029122924,0.072409458,0.265606970,0.177278876,0.063148201,-0.385238171,0.153395206,-0.031324785
4.984733582,0.927975357,1.116852403,-0.074461490,-0.035017371,-0.757110536,0.648083985,0.000000000,0.000000000,1.550219095,-1.413805558,2.341820714,0.170659231,0.874990680,-0.098849165,-0.264524819,-1.171078272,-1.580544023,1.065010569,0.518982788,2.073646312,-0.039475814,0.087150650,0.077684045,0.038749974,0.068709671,-0.131699786,0.136604756,0.120769933,-0.364312261,-0.024424078,0.073868670,0.262981564,0.186313689,0.062527142,-0.393780351,0.162610441,-0.023444902
4.985280037,0.927948654,1.116071820,-0.072707430,-0.030640177,-0.759916544,0.645214379,0.000000000,0.000000000,1.549027230,-1.393743341,2.353189623,0.200744789,0.869371174,-0.125960717,-0.272194449,-1.186021654,-1.577293376,1.036793050,0.515448299,2.016030593,-0.060116650,0.082275995,0.089337111,0.047136843,0.068083130,-0.139442369,0.141577780,0.128409281,-0.390531093,-0.016382454,0.077603877,0.258135855,0.192070678,0.061659608,-0.407716811,0.175134242,-0.014479244
4.986634254,0.927893996,1.115108132,-0.070702672,-0.024956951,-0.763811588,0.641069591,0.000000000,0.000000000,1.562176044,-1.371247852,2.377250442,0.244102013,0.856099364,-0.154844888,-0.283409261,-1.213971351,-1.563501518,1.016877740,0.511826906,1.944044032,-0.087999472,0.072668062,0.104218595,0.055511676,0.065088324,-0.147115216,0.145895213,0.138774380,-0.423607975,-0.007114096,0.083054528,0.254435092,0.196073890,0.060417797,-0.426790148,0.192486152,-0.004076801
4.988725662,0.927748621,1.112648010,-0.067771778,-0.017984321,-0.769348860,0.634969175,0.000000000,0.000000000,1.564980039,-1.354390861,2.411640085,0.290815436,0.832283038,-0.177695554,-0.296211622,-1.239505625,-1.549944447,1.001202270,0.503196522,1.864742652,-0.117715413,0.058503048,0.130469203,0.062271394,0.059829231,-0.151510909,0.147786170,0.150542796,-0.479369044,0.010411835,0.087502852,0.255846500,0.198117375,0.052562810,-0.461784422,0.220836610,0.008895206
4.991134644,0.927528322,1.107949495,-0.063559391,-0.010546190,-0.775934458,0.627514720,0.000000000,0.000000000,1.560082308,-1.345191438,2.455740977,0.335852774,0.798064392,-0.193307525,-0.310768144,-1.270389345,-1.545577790,0.993607364,0.497112935,1.777118896,-0.149975437,0.039703777,0.164876357,0.066366598,0.052666251,-0.151941329,0.145015582,0.167326778,-0.552809477,0.033804029,0.088990390,0.261526048,0.198169053,0.041584410,-0.513794601,0.259588450,0.021813909
4.993527889,0.927828789,1.101521373,-0.059125237,-0.004022646,-0.782340705,0.620025039,0.000000000,0.000000000,1.536788699,-1.342116585,2.494937879,0.361550500,0.757877263,-0.197023508,-0.321162797,-1.270007940,-1.548664229,0.995340505,0.491409127,1.691813287,-0.180766265,0.018554288,0.198509336,0.067359976,0.042367697,-0.148950770,0.136900306,0.184457108,-0.618563533,0.056830280,0.087138690,0.267920375,0.195414260,0.033533905,-0.572252154,0.300574929,0.031220473
4.996160984,0.929074526,1.094125152,-0.055172391,0.003392395,-0.789221168,0.611616254,0.000000000,0.000000000,1.536690820,-1.295551292,2.533545532,0.394875398,0.715866656,-0.197108994,-0.324893500,-1.283704639,-1.525181597,1.011014959,0.490105595,1.613257678,-0.208950233,-0.005700177,0.230006069,0.068218827,0.031379350,-0.143164352,0.129564106,0.203620061,-0.674664557,0.076330930,0.088055521,0.274778008,0.189416945,0.033051819,-0.630598664,0.336642921,0.036664363
4.998562336,0.931441188,1.084277511,-0.048916761,0.011491777,-0.796391904,0.602689743,0.000000000,0.000000000,1.557756017,-1.274198127,2.568870661,0.412776287,0.678439914,-0.188188155,-0.321991160,-1.319222411,-1.509981346,1.035131273,0.480203602,1.551420588,-0.227285721,-0.028481989,0.267615139,0.066096991,0.020940004,-0.134887204,0.126076058,0.222037271,-0.729735792,0.096121565,0.090730548,0.284218907,0.179378003,0.040572446,-0.695910573,0.369476348,0.037553817
5.000981331,0.934990883,1.071323872,-0.038717553,0.018554021,-0.803426147,0.593854487,0.000000000,0.000000000,1.566862776,-1.303074934,2.596636524,0.377709277,0.651198691,-0.168213701,-0.318845595,-1.339662659,-1.516677214,1.061363186,0.478726369,1.513021635,-0.233660225,-0.043059155,0.312677443,0.058172267,0.012439428,-0.126343176,0.125696957,0.237412959,-0.782045126,0.116234452,0.092854857,0.294563085,0.165964305,0.056925297,-0.769382238,0.397712201,0.033895429
5.003619671,0.939691842,1.056222081,-0.027280206,0.024564046,-0.810516953,0.584563673,0.000000000,0.000000000,1.567176589,-1.318353772,2.612992240,0.334384036,0.631619097,-0.145091886,-0.313753775,-1.354290405,-1.523535696,1.100202059,0.492792038,1.492010825,-0.237299596,-0.053404675,0.358196467,0.048457816,0.006364111,-0.118981853,0.128887847,0.253094941,-0.832996964,0.135543466,0.096204787,0.305358410,0.150684506,0.083014466,-0.844625235,0.419632971,0.024403851
5.006146431,0.945205092,1.039341331,-0.015085861,0.030655259,-0.817550898,0.574841857,0.000000000,0.000000000,1.582400580,-1.320185073,2.625240255,0.312547226,0.617047831,-0.124033047,-0.308198520,-1.373262238,-1.512830882,1.148315204,0.508774053,1.486124524,-0.238903614,-0.060244078,0.404391795,0.039281741,0.001374260,-0.111363992,0.134652913,0.273539722,-0.887779176,0.154619038,0.099302843,0.318350494,0.135513410,0.117277734,-0.919099212,0.436902225,0.010550378
5.008632660,0.951145411,1.020292282,-0.001670816,0.036106117,-0.823419809,0.566280305,0.000000000,0.000000000,1.597668951,-1.340685498,2.632242999,0.273681897,0.608203648,-0.097235898,-0.301001515,-1.380585073,-1.517348840,1.197897971,0.526254952,1.496623907,-0.235658964,-0.060018379,0.454204261,0.028735064,-0.003092296,-0.104668885,0.141232416,0.295360357,-0.948716521,0.175414488,0.101403803,0.332048178,0.118459657,0.155359417,-0.993651807,0.451069444,-0.006014341
5.011099339,0.957090616,1.000718236,0.010053251,0.041051425,-0.829353571,0.557123363,0.000000000,0.000000000,1.604436508,-1.334389594,2.639910236,0.270024792,0.600226241,-0.079972491,-0.298778902,-1.385026754,-1.508742558,1.253764962,0.553488142,1.511715123,-0.235183565,-0.057264248,0.500797629,0.020886157,-0.006816893,-0.097573027,0.149481341,0.322099477,-1.015022635,0.196145743,0.103114188,0.347364843,0.102239028,0.194799274,-1.067365527,0.466346294,-0.023039551
5.013706207,0.962695062,0.980988204,0.021308504,0.045461744,-0.834721446,0.548378766,0.000000000,0.000000000,1.614407962,-1.337771689,2.649409964,0.263173796,0.592587998,-0.064365181,-0.299267358,-1.376666652,-1.510745833,1.311133588,0.582862272,1.529286035,-0.234724121,-0.051376113,0.547116160,0.013530132,-0.009640375,-0.090548694,0.158013731,0.352014542,-1.086998343,0.217784584,0.103313312,0.363181591,0.087069511,0.231325418,-1.138169050,0.483041674,-0.038899004
5.016275406,0.967755318,0.960408926,0.030406490,0.049135908,-0.839797676,0.539815724,0.000000000,0.000000000,1.624086874,-1.321088728,2.660831923,0.272827486,0.583237125,-0.055174655,-0.301310923,-1.367807858,-1.496322040,1.365195306,0.612870720,1.542704272,-0.235234351,-0.044566692,0.588918746,0.008020102,-0.011561018,-0.082319513,0.167396158,0.382709175,-1.157704353,0.237271219,0.103206582,0.378785372,0.073364265,0.263316691,-1.202955842,0.500776470,-0.053071663
5.018726349,0.972185493,0.939453185,0.037947439,0.051699530,-0.844526529,0.531659782,0.000000000,0.000000000,1.632045719,-1.301640978,2.675516619,0.284878527,0.571078880,-0.049348379,-0.304244796,-1.366341332,-1.484262085,1.412013090,0.639661991,1.549472842,-0.235225702,-0.037832460,0.626774728,0.003435547,-0.012902361,-0.073342048,0.178451031,0.413033217,-1.225560784,0.254638404,0.103276215,0.393233269,0.061180040,0.291285813,-1.261757255,0.519171715,-0.066457972
5.020981789,0.976131201,0.918057680,0.043337826,0.053431801,-0.848997593,0.523898840,0.000000000,0.000000000,1.635253590,-1.273108105,2.692965841,0.305525445,0.554717876,-0.046897851,-0.306746408,-1.371885135,-1.464112876,1.449223983,0.657353810,1.547689031,-0.235124909,-0.033081922,0.659201860,0.000433180,-0.014781613,-0.064103216,0.189493209,0.444617927,-1.288776755,0.268438876,0.105363764,0.407610327,0.051585823,0.317770302,-1.315909624,0.537143350,-0.080065012
5.022932053,0.979532123,0.899201393,0.048068993,0.053988401,-0.852537096,0.517643750,0.000000000,0.000000000,1.637372696,-1.277203233,2.709808924,0.303936901,0.536158083,-0.039831699,-0.308805589,-1.373476042,-1.473175556,1.478057476,0.669610507,1.539980031,-0.233726229,-0.029682732,0.688907981,-0.001498090,-0.016944204,-0.058559954,0.198675096,0.475197554,-1.345285177,0.279540151,0.108321600,0.417662203,0.044309970,0.341902673,-1.364044785,0.552528322,-0.092864469
5.024417877,0.982286334,0.880751193,0.051298212,0.053630400,-0.855728924,0.512074471,0.000000000,0.000000000,1.639957318,-1.268341988,2.720760661,0.293238646,0.517816211,-0.030927863,-0.305757932,-1.387069899,-1.463214577,1.487252657,0.665649161,1.527161860,-0.230319386,-0.028608500,0.713881016,-0.000321063,-0.018428959,-0.057058290,0.206521749,0.506065488,-1.395824909,0.289227188,0.112791568,0.424195886,0.039756604,0.366543323,-1.408411622,0.565710008,-0.104641981
5.025549889,0.984723806,0.862926483,0.051886320,0.052066620,-0.858922601,0.506802559,0.000000000,0.000000000,1.636392427,-1.251023140,2.733622425,0.303520324,0.496236678,-0.027259956,-0.305728251,-1.380411993,-1.459208052,1.495818879,0.672069504,1.501378698,-0.232237036,-0.032283685,0.730945408,0.003703414,-0.018820127,-0.058671594,0.212758988,0.538832486,-1.442050934,0.297195971,0.118176788,0.428442776,0.036529943,0.391506314,-1.449902415,0.578153253,-0.115520462
5.026197910,0.986662865,0.845933318,0.051750693,0.050189056,-0.862165511,0.501471460,0.000000000,0.000000000,1.643253224,-1.231335460,2.743563317,0.303000727,0.473409118,-0.021542002,-0.301210646,-1.408284039,-1.445343531,1.487857975,0.653738396,1.470364067,-0.231464287,-0.039309446,0.743220925,0.009664604,-0.018013202,-0.062838286,0.217652440,0.573133230,-1.485742211,0.303422391,0.125061139,0.431203306,0.033954758,0.416598618,-1.489233613,0.590242565,-0.126606196
5.026806355,0.988558412,0.830696583,0.050940227,0.048245665,-0.865580261,0.495830983,0.000000000,0.000000000,1.635850163,-1.208797254,2.752802027,0.302246277,0.449231592,-0.017298535,-0.296219182,-1.410500555,-1.439675924,1.480211052,0.646130422,1.431127783,-0.234357039,-0.049645438,0.751336813,0.016877532,-0.016177895,-0.068546645,0.220341235,0.606139064,-1.522894263,0.306675494,0.132436544,0.432997644,0.032971554,0.441007823,-1.523359537,0.599587321,-0.135964409
5.027472973,0.990552306,0.817959607,0.049204912,0.046463817,-0.868929505,0.490287215,0.000000000,0.000000000,1.629994595,-1.187167369,2.761719529,0.306099952,0.423355923,-0.014041071,-0.290651190,-1.410985141,-1.425559158,1.466917706,0.636337562,1.388504593,-0.236768651,-0.061157720,0.756130159,0.024290580,-0.014374202,-0.074257508,0.220582947,0.635135114,-1.552931905,0.308753788,0.138805419,0.434163928,0.033361048,0.461661667,-1.550745487,0.605785847,-0.143095404
5.028033257,0.992532253,0.808138192,0.047520544,0.044948202,-0.871995687,0.485123754,0.000000000,0.000000000,1.629809599,-1.176969682,2.772920061,0.313207631,0.394866844,-0.010793337,-0.287766802,-1.413499953,-1.423290477,1.454315237,0.628139616,1.344804412,-0.238183541,-0.073226157,0.759049416,0.030349683,-0.012380738,-0.078631312,0.220147133,0.659674585,-1.575403690,0.309959084,0.142462924,0.434922040,0.033695549,0.477709740,-1.571517587,0.609622717,-0.148392275
5.028561592,0.994355083,0.801829219,0.046043754,0.043734368,-0.874847233,0.480218291,0.000000000,0.000000000,1.617001336,-1.164518427,2.783663856,0.317183024,0.364937190,-0.007333448,-0.284764114,-1.402981221,-1.421391113,1.444318196,0.623799736,1.302018209,-0.238890661,-0.084678930,0.760245800,0.034628972,-0.010346433,-0.081729434,0.219797418,0.677699566,-1.589258194,0.309681803,0.144286424,0.435414791,0.034302086,0.488243788,-1.584319234,0.611345172,-0.152186409
5.029067039,0.996168613,0.799436748,0.044079356,0.042431869,-0.877486169,0.475683302,0.000000000,0.000000000,1.605859436,-1.144928268,2.799586265,0.337523510,0.331194647,-0.006524634,-0.285030032,-1.396156509,-1.414843847,1.438205288,0.626744897,1.258649956,-0.239398805,-0.095672726,0.760283113,0.037404105,-0.008306630,-0.082209192,0.219231576,0.683980703,-1.592763186,0.308286548,0.143590927,0.435735106,0.035183445,0.489035815,-1.587173581,0.610704839,-0.154009059
5.029603958,0.998064637,0.801183105,0.041240685,0.041595869,-0.879797578,0.471725702,0.000000000,0.000000000,1.576485966,-1.122795855,2.825034453,0.373189921,0.291020694,-0.007872456,-0.290296548,-1.356697531,-1.417476040,1.446164692,0.642347775,1.214894203,-0.241534625,-0.106638754,0.753491402,0.039539956,-0.006844613,-0.081350096,0.219509423,0.686864138,-1.585463762,0.303845346,0.142474160,0.435943305,0.038040761,0.488089532,-1.580707192,0.605550349,-0.153830260
5.029671192,0.999300897,0.807386220,0.037705146,0.040167838,-0.881688058,0.468605518,0.000000000,0.000000000,1.563785437,-1.103449426,2.830498590,0.380902732,0.256977304,-0.006977217,-0.290214010,-1.344391896,-1.418171790,1.455411664,0.650741423,1.173702276,-0.240259703,-0.115903624,0.741903663,0.039331060,-0.004417347,-0.077788740,0.220119759,0.681667686,-1.567601323,0.297124922,0.139159426,0.436078608,0.042829268,0.480086058,-1.564157128,0.597146094,-0.151755124
5.029526711,1.000335217,0.817145228,0.032656379,0.038629621,-0.883505404,0.465681851,0.000000000,0.000000000,1.557590027,-1.069725265,2.832482399,0.406292204,0.226509127,-0.009272239,-0.289600146,-1.336292696,-1.405599120,1.470856567,0.663349731,1.131850570,-0.239424814,-0.125455018,0.724729419,0.038677022,-0.002242036,-0.071784779,0.220923111,0.670466065,-1.540071011,0.288589895,0.135584146,0.436134994,0.049263988,0.467404932,-1.539073467,0.586997747,-0.148436636
5.029038906,1.000976443,0.829944313,0.027826371,0.037283279,-0.884909511,0.463433653,0.000000000,0.000000000,1.563392092,-1.063544684,2.832355080,0.399265653,0.200132346,-0.006195524,-0.282243394,-1.341383875,-1.406476661,1.486287252,0.660820157,1.098522645,-0.234770751,-0.131709410,0.705125928,0.035968557,-0.000399283,-0.064909875,0.221683860,0.654788852,-1.504869699,0.278430164,0.131965935,0.436085045,0.056758963,0.451546818,-1.506706357,0.574615359,-0.144115239
5.028422832,1.001511335,0.846133232,0.022564441,0.036515974,-0.885858119,0.461966157,0.000000000,0.000000000,1.576935962,-1.067179565,2.832488827,0.402618902,0.175284655,-0.002405883,-0.277018491,-1.333963252,-1.406457506,1.505991564,0.664449585,1.071793631,-0.230247270,-0.135961927,0.678981185,0.032931916,0.000373812,-0.058468487,0.221271574,0.637900233,-1.460304260,0.266498119,0.128016353,0.434229523,0.066593349,0.437259942,-1.466328979,0.558993042,-0.136811331
5.027650356,1.001755238,0.866238773,0.017180771,0.035932988,-0.886227906,0.461534202,0.000000000,0.000000000,1.586706823,-1.076971900,2.831818923,0.394930910,0.152195302,0.003950687,-0.270365915,-1.330797584,-1.400772479,1.521419563,0.657438917,1.056427945,-0.222985374,-0.135855167,0.646819532,0.029560458,0.001065727,-0.053016998,0.218555421,0.616460323,-1.404902101,0.253583312,0.124340326,0.429335028,0.078440502,0.422783434,-1.414905429,0.538924396,-0.127521366
5.026819229,1.001550198,0.890098453,0.010895740,0.035282806,-0.885922432,0.462361246,0.000000000,0.000000000,1.596708213,-1.086825323,2.831655542,0.399818851,0.129701056,0.009869569,-0.266530988,-1.325643912,-1.384852527,1.535814122,0.654451277,1.048677396,-0.215829148,-0.133205029,0.607892513,0.026062584,0.001561515,-0.048403386,0.213680848,0.589322567,-1.338030696,0.240281388,0.121935703,0.421222121,0.090312868,0.406854838,-1.351637125,0.514516294,-0.115733422
5.025883675,1.000398636,0.917431414,0.004500987,0.034711223,-0.885631323,0.463068008,0.000000000,0.000000000,1.585735807,-1.105774397,2.831422316,0.393348755,0.108881981,0.016798326,-0.264822558,-1.308798960,-1.380835300,1.544120619,0.642621785,1.054729451,-0.205608610,-0.124940472,0.564297557,0.023492318,0.004069221,-0.045470357,0.208204448,0.557382226,-1.261189342,0.224921331,0.121294960,0.410551488,0.101323083,0.387519270,-1.275372744,0.485450238,-0.103015587
5.024699211,0.998205185,0.946792364,-0.003686296,0.033283647,-0.885703266,0.463042527,0.000000000,0.000000000,1.563612597,-1.099716662,2.831710066,0.410885617,0.087523440,0.018929355,-0.266588584,-1.279415635,-1.359749980,1.543154047,0.628273143,1.070598360,-0.193783365,-0.113062573,0.514340937,0.023316609,0.008906501,-0.044874921,0.203171194,0.521060228,-1.176323891,0.207267925,0.122437090,0.397376955,0.111225307,0.362997264,-1.188330650,0.454125971,-0.089444593
5.023297310,0.994673550,0.977776051,-0.014532556,0.030906009,-0.885969758,0.462483734,0.000000000,0.000000000,1.526026598,-1.074694815,2.833072605,0.444988281,0.064945953,0.016265651,-0.272334880,-1.232827157,-1.342937679,1.543310278,0.628116578,1.086775500,-0.184547836,-0.102196875,0.456404805,0.025835879,0.015976876,-0.046532787,0.198565930,0.480722249,-1.081561327,0.185425639,0.125645533,0.381425321,0.120740712,0.333236337,-1.090209723,0.420904994,-0.074533992
5.021832943,0.989736378,1.007863641,-0.026901636,0.027908880,-0.886134148,0.461804807,0.000000000,0.000000000,1.494957614,-1.053227109,2.834487436,0.472253758,0.042223587,0.013113405,-0.277865931,-1.186661742,-1.342309974,1.550519551,0.640916353,1.095480943,-0.179139898,-0.095713574,0.394923300,0.030149458,0.023453679,-0.051295217,0.195641577,0.438776493,-0.982948422,0.160365552,0.130752861,0.362340629,0.128855988,0.300289094,-0.987849474,0.387112558,-0.059759617
5.019961357,0.983654261,1.034054637,-0.036876559,0.024664456,-0.884639680,0.464159846,0.000000000,0.000000000,1.485671505,-1.058102182,2.837813392,0.524356231,0.016817282,0.010003365,-0.290495483,-1.149763461,-1.354013745,1.555163160,0.654391525,1.097026071,-0.174515960,-0.091243376,0.348689198,0.035693839,0.025797941,-0.061048392,0.193085611,0.381092519,-0.885056198,0.138712451,0.136672184,0.337568074,0.130460039,0.253944248,-0.888771117,0.357359022,-0.045975540
5.017917633,0.976629376,1.055423975,-0.046510067,0.022546371,-0.882380188,0.467689723,0.000000000,0.000000000,1.488850640,-1.019462781,2.841431537,0.589901219,-0.009371770,0.005786489,-0.302872899,-1.132138451,-1.349318691,1.556610351,0.666815202,1.088649789,-0.171622672,-0.090508321,0.303846031,0.042153712,0.024790216,-0.072612844,0.193800300,0.330920279,-0.795223892,0.116174787,0.142009154,0.314025819,0.132606849,0.215793237,-0.803861141,0.331097215,-0.033439096
5.015728951,0.968760729,1.073701501,-0.054505941,0.021912333,-0.879835546,0.471633822,0.000000000,0.000000000,1.481659162,-1.009343657,2.845995404,0.650764647,-0.035330461,0.004838321,-0.317563143,-1.097592566,-1.386146753,1.577499449,0.689636626,1.070212973,-0.172701642,-0.094543843,0.260610849,0.048348911,0.022012873,-0.084566653,0.194375783,0.289886296,-0.709044158,0.090922423,0.146747902,0.293034554,0.136815533,0.186484694,-0.725707591,0.305652618,-0.024171159
5.013073921,0.960254669,1.088043332,-0.060698189,0.022621430,-0.876448214,0.477118969,0.000000000,0.000000000,1.474915064,-0.995918050,2.847226467,0.689725807,-0.059279491,0.006349649,-0.325146099,-1.087573109,-1.408016123,1.603628710,0.701321751,1.043424384,-0.173836747,-0.102443198,0.223792091,0.054516435,0.018006375,-0.095911533,0.195622668,0.255693197,-0.633439600,0.066417709,0.151214495,0.275261343,0.141998529,0.163626924,-0.661224842,0.283798963,-0.015470454
5.009972572,0.951371670,1.100492001,-0.065213226,0.023086812,-0.872862697,0.483037233,0.000000000,0.000000000,1.433643348,-0.992241532,2.851451556,0.707220480,-0.080295865,0.009294779,-0.338052937,-1.064543273,-1.442573806,1.618820172,0.704422499,1.024434415,-0.171030512,-0.104088366,0.189570233,0.060526788,0.017506788,-0.108582981,0.195444435,0.231802419,-0.567987323,0.042433154,0.153059408,0.257532239,0.150016129,0.145188391,-0.598758101,0.261733770,-0.009130463
5.006141186,0.942416549,1.110409498,-0.068081707,0.022782769,-0.869702101,0.488327801,0.000000000,0.000000000,1.405438896,-0.998959737,2.854817612,0.697068688,-0.094513319,0.012876105,-0.350872004,-1.045021743,-1.492032525,1.642486058,0.711676590,1.012493621,-0.168009995,-0.104973206,0.159393877,0.065657668,0.021177424,-0.121034309,0.192873567,0.213928565,-0.512779117,0.019687714,0.151694626,0.241472945,0.160043895,0.130556747,-0.541864693,0.240731344,-0.006706364
5.001522541,0.933613539,1.118267775,-0.069562189,0.022731699,-0.866336584,0.494070113,0.000000000,0.000000000,1.400179143,-1.004882953,2.861519629,0.760579274,-0.109490716,0.015059586,-0.370527912,-1.051280242,-1.517015481,1.660006605,0.710186376,1.008407013,-0.163081659,-0.104234924,0.133560956,0.068116993,0.024369925,-0.128515184,0.188501477,0.200736582,-0.463012218,-0.002240623,0.146221593,0.230960056,0.173032284,0.120357454,-0.492223024,0.221867353,-0.005497216
4.996582031,0.925147891,1.124283910,-0.070892908,0.021690955,-0.861950755,0.501542211,0.000000000,0.000000000,1.401060383,-0.997414007,2.866799568,0.797226841,-0.117708583,0.019154567,-0.388824239,-1.057507749,-1.526341591,1.662615637,0.695354438,1.020500995,-0.154351614,-0.097659122,0.111412458,0.068736643,0.027078897,-0.132583052,0.182239115,0.189791873,-0.422386557,-0.020843092,0.138436317,0.223282218,0.185624421,0.110680699,-0.449111342,0.205255508,-0.006289548
4.991491318,0.917045474,1.128975034,-0.072724991,0.020630853,-0.856847703,0.509997547,0.000000000,0.000000000,1.403021669,-0.978822482,2.866646022,0.795840609,-0.113953045,0.021988017,-0.397137319,-1.064721290,-1.536625521,1.667354050,0.682011659,1.045105882,-0.145332851,-0.089830915,0.092165761,0.070520647,0.031246364,-0.134624064,0.176421151,0.181667119,-0.389559627,-0.037245285,0.132325366,0.217484877,0.197861910,0.101277784,-0.411857754,0.191669032,-0.007497001
4.986077785,0.909654021,1.132538915,-0.073177166,0.019223005,-0.851729214,0.518491030,0.000000000,0.000000000,1.413686548,-1.000355248,2.872271433,0.827684096,-0.103759917,0.024073515,-0.412606909,-1.082338129,-1.550372256,1.653429391,0.662533252,1.087414438,-0.130800989,-0.075315937,0.078521937,0.069133043,0.036068793,-0.132451236,0.171945676,0.176462993,-0.364055425,-0.050370608,0.123694904,0.216124952,0.212488890,0.092271946,-0.382338911,0.181826457,-0.008677477
4.981149197,0.903040528,1.135075927,-0.073275104,0.017818136,-0.846147478,0.527586758,0.000000000,0.000000000,1.407940137,-1.015508949,2.875280812,0.817140283,-0.083701385,0.024768126,-0.428051310,-1.071800801,-1.560904317,1.638024589,0.664777354,1.138690243,-0.118939885,-0.059964683,0.069974467,0.065426283,0.039192241,-0.125351161,0.166634455,0.173748821,-0.347391844,-0.060022786,0.112663731,0.218548834,0.226980954,0.084783554,-0.361141324,0.175209224,-0.011130992
4.976660252,0.897373140,1.136868715,-0.073378891,0.016360261,-0.840746999,0.536183178,0.000000000,0.000000000,1.403826852,-1.050239889,2.873395977,0.778080830,-0.053860387,0.022302487,-0.436429043,-1.076748242,-1.572063691,1.620015992,0.656834447,1.194409233,-0.106209364,-0.046252170,0.064143583,0.060851902,0.040861376,-0.116142757,0.160783142,0.171465531,-0.335222334,-0.067099892,0.101999827,0.223007709,0.238640055,0.078348219,-0.345041335,0.169891924,-0.014883399
4.972755432,0.892627835,1.138275743,-0.073461868,0.013980253,-0.836120844,0.543424189,0.000000000,0.000000000,1.404823933,-1.073558474,2.878395584,0.817393472,-0.025095313,0.015029338,-0.453605923,-1.080859896,-1.576734058,1.597207478,0.655023343,1.248237063,-0.095394291,-0.034197325,0.057808168,0.055528905,0.041942246,-0.109439641,0.156010121,0.170682356,-0.324084669,-0.073604360,0.095494211,0.226824254,0.250883728,0.073817641,-0.332556099,0.166744992,-0.016400304
4.969763756,0.888686657,1.139474630,-0.073265873,0.011986760,-0.833216488,0.547940552,0.000000000,0.000000000,1.396790585,-1.086120443,2.882068964,0.848023812,0.003344656,0.007092050,-0.470756414,-1.078510978,-1.589938828,1.578735448,0.660584032,1.296634194,-0.088624014,-0.025036795,0.054239430,0.050999891,0.044282053,-0.105477437,0.151259676,0.171484500,-0.318665802,-0.078203231,0.091312356,0.231155068,0.266486526,0.068197295,-0.323102742,0.166505858,-0.015294798
4.967751503,0.885521233,1.140486240,-0.072500013,0.010544883,-0.832389832,0.549326599,0.000000000,0.000000000,1.395459980,-1.104943212,2.886904491,0.879662531,0.032417077,-0.001688742,-0.488698043,-1.080468350,-1.592428546,1.554969904,0.664543495,1.340584078,-0.083342601,-0.017286043,0.052169546,0.046189815,0.045229606,-0.103668012,0.147214770,0.174063832,-0.315311193,-0.082321711,0.088156149,0.235223383,0.282364011,0.064601019,-0.315841347,0.167029843,-0.013512626
4.966769695,0.882965207,1.141275048,-0.071927182,0.010900806,-0.832883954,0.548645556,0.000000000,0.000000000,1.389873626,-1.095481226,2.888895449,0.909883722,0.061674967,-0.012099887,-0.501687062,-1.067564560,-1.592718966,1.543637561,0.676789735,1.374674972,-0.084841816,-0.013608441,0.052275456,0.043101471,0.044385415,-0.103971481,0.142121375,0.176886812,-0.316598564,-0.083594196,0.086155698,0.240022913,0.295525908,0.064028904,-0.311616212,0.167967036,-0.011472290
4.966499805,0.881108880,1.142018437,-0.071267731,0.012565984,-0.835097611,0.545321047,0.000000000,0.000000000,1.377589401,-1.084941189,2.893188448,0.962542113,0.086134981,-0.022457254,-0.515343273,-1.040365226,-1.606900748,1.552652445,0.708140681,1.394831981,-0.094639493,-0.013996295,0.052408509,0.041628648,0.043819591,-0.106335074,0.133867115,0.182406068,-0.319505930,-0.085572742,0.085623577,0.244300798,0.310253382,0.067046978,-0.308292866,0.168274611,-0.008163176
4.966979027,0.880100906,1.142513990,-0.069774382,0.016046666,-0.838879347,0.539588213,0.000000000,0.000000000,1.377654672,-1.079293401,2.893737607,0.987048874,0.110675511,-0.031859990,-0.522533880,-1.033890599,-1.603600264,1.565563770,0.735041299,1.401580846,-0.107057781,-0.017864966,0.055643927,0.040168971,0.040228777,-0.108967870,0.123123370,0.186428815,-0.324915051,-0.084663428,0.084373489,0.250005215,0.322784722,0.073439643,-0.307845831,0.167216808,-0.002967809
4.968438148,0.880008221,1.142335653,-0.067005701,0.020890970,-0.845207334,0.529809773,0.000000000,0.000000000,1.391884715,-1.088725080,2.890459992,0.962367226,0.140220245,-0.041247128,-0.521862687,-1.055480443,-1.588989877,1.569493954,0.741856953,1.401019386,-0.116871129,-0.022501825,0.067338631,0.038282290,0.035338491,-0.110670947,0.110728286,0.187141538,-0.341459394,-0.077655576,0.081479408,0.258869827,0.335025162,0.077620789,-0.314048290,0.166692495,0.006041998
4.970842838,0.881031036,1.141081214,-0.063004941,0.026038306,-0.854112267,0.515601277,0.000000000,0.000000000,1.409976144,-1.104971910,2.886755995,0.930435827,0.169368815,-0.051025385,-0.518179047,-1.079779494,-1.574735206,1.570981762,0.736831397,1.394728523,-0.125339631,-0.027678087,0.083665088,0.035508774,0.029325785,-0.111246437,0.096411638,0.187633201,-0.365920931,-0.065964989,0.077781223,0.268633336,0.344091356,0.085238330,-0.329689145,0.168733209,0.014134368
4.974212646,0.883145213,1.138361096,-0.057461981,0.031470556,-0.864025354,0.499167144,0.000000000,0.000000000,1.413468230,-1.149509206,2.879006551,0.845432996,0.196002783,-0.057954663,-0.509138955,-1.092384754,-1.579607760,1.577303543,0.734000109,1.383415194,-0.133677865,-0.032927505,0.108938955,0.031706698,0.023612861,-0.110219315,0.082496546,0.191470489,-0.407869726,-0.048877358,0.076249212,0.280369997,0.346432716,0.094604276,-0.359184474,0.176338628,0.023259012
4.978444099,0.886363149,1.133053064,-0.049620371,0.038915541,-0.874918520,0.480146945,0.000000000,0.000000000,1.437613781,-1.191376284,2.866596244,0.729959865,0.222491066,-0.062259421,-0.487314373,-1.125312931,-1.591377478,1.581387799,0.710291491,1.371466960,-0.137866177,-0.038358984,0.149728447,0.027160209,0.019815721,-0.103568077,0.074367426,0.199178278,-0.475375593,-0.023227952,0.074344739,0.299285859,0.339956582,0.105730668,-0.414401382,0.195772156,0.034317311
4.983619213,0.890051365,1.124628305,-0.041556690,0.047366522,-0.884628773,0.462018788,0.000000000,0.000000000,1.457874346,-1.209426721,2.857453333,0.643608494,0.241910850,-0.065543441,-0.463726244,-1.154795930,-1.584052999,1.583030261,0.709271633,1.351563194,-0.144196037,-0.044046634,0.205650657,0.023375940,0.015410645,-0.091463208,0.073436595,0.216612026,-0.577185988,0.008407451,0.075851895,0.322517127,0.321777642,0.110739112,-0.494468212,0.231862545,0.048302736
4.989401817,0.893464446,1.113874912,-0.034356475,0.055198368,-0.893224418,0.444885224,0.000000000,0.000000000,1.479280017,-1.227756674,2.846314002,0.512017675,0.258913770,-0.059578591,-0.429514559,-1.185603088,-1.566843690,1.571549420,0.694132834,1.335395905,-0.145876560,-0.046969918,0.262944132,0.018306592,0.008420788,-0.074537486,0.071361125,0.236843765,-0.671511292,0.037965864,0.075764477,0.345650375,0.299796641,0.115271330,-0.582668543,0.276869684,0.058865026
4.994400978,0.897164226,1.102537274,-0.028742341,0.058357272,-0.899307907,0.432450712,0.000000000,0.000000000,1.482026032,-1.266147473,2.837736299,0.387240175,0.266081783,-0.045139448,-0.395695898,-1.182288767,-1.561576367,1.551664160,0.684134456,1.327278869,-0.144418804,-0.045265272,0.310167789,0.011416037,0.002782516,-0.061372682,0.066761032,0.255313575,-0.745320797,0.063233636,0.072587095,0.357871860,0.275349975,0.122794405,-0.658643067,0.316166043,0.064375482
4.998502254,0.900833905,1.088322759,-0.022295665,0.060866583,-0.905420423,0.419537812,0.000000000,0.000000000,1.509988443,-1.265885390,2.831466473,0.319480461,0.259953995,-0.028578378,-0.361708998,-1.236085193,-1.540474589,1.531862839,0.665610930,1.316750150,-0.142258504,-0.047065214,0.354053438,0.005922483,-0.002096608,-0.048245013,0.069597781,0.274280787,-0.813122213,0.088284887,0.072308011,0.366185248,0.249104515,0.140579477,-0.740848303,0.354350150,0.064444371
5.002553940,0.904270649,1.069788575,-0.014480018,0.062841512,-0.911827922,0.405476362,0.000000000,0.000000000,1.529511671,-1.266745465,2.827688623,0.277037052,0.241198654,-0.009592463,-0.333792357,-1.266625577,-1.536361470,1.522388498,0.655628844,1.304000133,-0.143128779,-0.050476083,0.401662886,0.000577240,-0.006679895,-0.034152310,0.081539109,0.295463562,-0.889079452,0.117485195,0.072600327,0.373379230,0.218758970,0.164270192,-0.835442662,0.395367682,0.062912256
5.006792545,0.907659054,1.050114393,-0.006828594,0.063433312,-0.917583108,0.392391175,0.000000000,0.000000000,1.529158419,-1.261205782,2.817724969,0.260775399,0.214706534,0.005348889,-0.316549886,-1.259505141,-1.523067161,1.524217738,0.667649935,1.283698435,-0.150090496,-0.056408936,0.444140673,-0.004524807,-0.012010256,-0.020984082,0.096536458,0.318204284,-0.956797361,0.144889429,0.073238656,0.375563204,0.189057410,0.191368654,-0.924994826,0.432508528,0.058865182
5.011016369,0.910934746,1.030677795,0.000736497,0.063022956,-0.922887564,0.379876345,0.000000000,0.000000000,1.545695779,-1.253727937,2.803286222,0.252782876,0.184618083,0.018604511,-0.304201513,-1.275484090,-1.505814555,1.531998215,0.678684783,1.254337101,-0.158423520,-0.065872760,0.483174443,-0.008758051,-0.016179068,-0.009480098,0.111369491,0.343224436,-1.019252777,0.167234033,0.074860007,0.374680758,0.161286429,0.216293663,-1.004448533,0.463718623,0.052555263
5.015130997,0.914143920,1.011810899,0.008878278,0.062492158,-0.927759230,0.367802501,0.000000000,0.000000000,1.553674924,-1.263926293,2.785891888,0.243626742,0.152729816,0.032827919,-0.295856019,-1.283408536,-1.489318255,1.526064752,0.661557358,1.231030996,-0.160281938,-0.071569187,0.518801749,-0.012352630,-0.020717409,0.000685087,0.127570316,0.369362682,-1.076972485,0.186995059,0.076294452,0.371573865,0.134562328,0.242606178,-1.074910164,0.488291621,0.043034174
5.019058704,0.917062998,0.992439508,0.018499441,0.061863005,-0.932559729,0.355194390,0.000000000,0.000000000,1.570526579,-1.284880884,2.767696286,0.230903871,0.120696164,0.048060274,-0.291356485,-1.304177604,-1.493266292,1.515711480,0.645849144,1.208488007,-0.159553928,-0.076406218,0.556323886,-0.015511943,-0.024016209,0.010331187,0.143635735,0.396886915,-1.135609388,0.205607861,0.076312810,0.368555337,0.110047385,0.268045813,-1.141920805,0.509489059,0.030545600
5.022834778,0.919764280,0.971924305,0.028657168,0.061418850,-0.936529040,0.343976468,0.000000000,0.000000000,1.599654298,-1.300652624,2.747961703,0.221077759,0.089657191,0.063139734,-0.287868821,-1.333856932,-1.492188766,1.501950209,0.624821198,1.182937625,-0.157933693,-0.083258209,0.596120656,-0.017934561,-0.026356284,0.021620017,0.159193948,0.426041275,-1.197317839,0.224278495,0.074984953,0.367522597,0.088219389,0.291563123,-1.209262133,0.530815482,0.016283408
5.026307106,0.922027171,0.951693416,0.038603377,0.060948368,-0.940052927,0.333309948,0.000000000,0.000000000,1.614414497,-1.316035555,2.725544562,0.198428520,0.061511363,0.079353727,-0.282278309,-1.354643672,-1.498491488,1.481436855,0.602456944,1.157343275,-0.154340047,-0.089440985,0.635621905,-0.020072520,-0.027753767,0.032095082,0.174411774,0.454632461,-1.254714608,0.238133863,0.074655898,0.367186248,0.068256497,0.313632458,-1.271154523,0.548701823,0.000564934
5.029731750,0.924072862,0.931484520,0.047594666,0.060057219,-0.943665326,0.321906239,0.000000000,0.000000000,1.634144054,-1.326327733,2.699735428,0.180105337,0.036705319,0.095556802,-0.273196465,-1.373108621,-1.496253270,1.461695133,0.584972528,1.126853752,-0.152320799,-0.098735546,0.674369037,-0.021969475,-0.028891927,0.040404953,0.186860427,0.485489100,-1.310713291,0.248878255,0.077304855,0.367736220,0.051061951,0.332063764,-1.329536200,0.565559089,-0.015050611
5.032970905,0.925878346,0.912972271,0.053664792,0.058608525,-0.948588073,0.306375265,0.000000000,0.000000000,1.668053415,-1.323083471,2.672289972,0.151675240,0.017527240,0.111049218,-0.258065523,-1.387960330,-1.493434738,1.442676343,0.572934360,1.094051505,-0.151038214,-0.109149977,0.705788970,-0.022410780,-0.028029237,0.042511508,0.197859943,0.515317202,-1.362225294,0.256068349,0.081178531,0.371366203,0.037586015,0.347468793,-1.379679799,0.578833103,-0.030456420
5.035431385,0.927412510,0.894797444,0.060717106,0.057118177,-0.950614512,0.298970044,0.000000000,0.000000000,1.668575899,-1.349236893,2.646640099,0.154821093,-0.000748992,0.124308616,-0.251887651,-1.403646389,-1.492576783,1.429310047,0.558784442,1.062382207,-0.149842952,-0.120865786,0.729087174,-0.024640631,-0.030480463,0.046992086,0.206914574,0.555078268,-1.412492275,0.261963695,0.083413310,0.371551961,0.027144387,0.375312686,-1.430857062,0.588998199,-0.045581006
5.037703514,0.928977847,0.878484905,0.065357119,0.055277813,-0.952418685,0.292525947,0.000000000,0.000000000,1.678460881,-1.356977866,2.623651735,0.150978943,-0.015764835,0.135804096,-0.246482897,-1.415605480,-1.486849662,1.420958151,0.548157064,1.034303712,-0.148997892,-0.132084219,0.744507432,-0.027136721,-0.032281056,0.048321318,0.210551798,0.595056653,-1.455082655,0.265524864,0.084998228,0.372003198,0.019410981,0.404734939,-1.475730538,0.595888734,-0.059005588
5.039751053,0.930524290,0.864619732,0.067929037,0.053800605,-0.954348207,0.285850734,0.000000000,0.000000000,1.686415881,-1.370905838,2.604520063,0.147194153,-0.027376037,0.146372851,-0.242747922,-1.411563705,-1.482054178,1.419751114,0.543610969,1.013357389,-0.148768872,-0.140954676,0.754057884,-0.028568681,-0.033622600,0.047028255,0.210916311,0.634095907,-1.488942146,0.266763270,0.086492009,0.372198284,0.014813379,0.434295744,-1.512541771,0.600140691,-0.069271922
5.041370869,0.931793451,0.853461862,0.069266982,0.052160751,-0.956317663,0.279173672,0.000000000,0.000000000,1.693927545,-1.382315872,2.587559793,0.144075090,-0.036349447,0.156641138,-0.238638581,-1.404423126,-1.480721826,1.426706136,0.542853945,1.000100351,-0.148720107,-0.147654161,0.760590553,-0.028616123,-0.033186998,0.044328269,0.209822163,0.665799439,-1.514415622,0.266414851,0.088484347,0.369967878,0.010089305,0.457421392,-1.541997313,0.603703201,-0.077778637
5.042872906,0.932914019,0.845711648,0.070841305,0.050978210,-0.958153844,0.272624135,0.000000000,0.000000000,1.690957810,-1.388232816,2.572138731,0.140940335,-0.043418009,0.165740369,-0.234794461,-1.394672778,-1.475213958,1.436378700,0.542603765,0.995402272,-0.147796546,-0.150588178,0.764456093,-0.027605556,-0.031848121,0.040760227,0.207686290,0.688781261,-1.532436132,0.267273664,0.091522470,0.365820289,0.006137607,0.474166244,-1.564552307,0.606932521,-0.086067960
5.044342041,0.934062719,0.841173112,0.070483290,0.049984768,-0.959970713,0.266439110,0.000000000,0.000000000,1.684786718,-1.389087387,2.557357583,0.133647604,-0.049002501,0.173752819,-0.230062969,-1.382751675,-1.465084297,1.445061627,0.544430376,0.998007207,-0.146099934,-0.149533364,0.765755653,-0.025570836,-0.029512435,0.036434181,0.204627752,0.701957285,-1.541294932,0.267451406,0.095790878,0.361058801,0.003644438,0.481564283,-1.577995062,0.609277129,-0.093080245
5.045846462,0.935247540,0.840003431,0.068794638,0.049127236,-0.961821198,0.260295510,0.000000000,0.000000000,1.679254667,-1.393036361,2.542033981,0.126175804,-0.054269738,0.180890700,-0.225687040,-1.363059989,-1.460181509,1.456742729,0.551591325,1.005041524,-0.145358184,-0.146897649,0.765381575,-0.023552749,-0.027639542,0.031837922,0.199682921,0.704811275,-1.540429950,0.267868578,0.099846795,0.355141401,0.003185138,0.480485260,-1.581387877,0.610373318,-0.097424164
5.047238350,0.936450839,0.841108799,0.065901361,0.048309799,-0.963908970,0.253382474,0.000000000,0.000000000,1.673895173,-1.393030601,2.525193087,0.119275772,-0.059619517,0.185337806,-0.223494962,-1.351146338,-1.452639946,1.466270126,0.561985736,1.013300084,-0.144929286,-0.143248319,0.763951123,-0.020716438,-0.025339974,0.027200134,0.194648892,0.698886573,-1.531278968,0.267193884,0.103509538,0.349038482,0.004217084,0.472443581,-1.576897264,0.609155834,-0.101234466
5.048495293,0.937771916,0.844411075,0.062049091,0.047529265,-0.965965211,0.246580780,0.000000000,0.000000000,1.675037206,-1.389714877,2.505992604,0.108808113,-0.065038190,0.188525034,-0.220027694,-1.340678853,-1.448352382,1.475117528,0.572549499,1.021283600,-0.145138938,-0.139804712,0.760385513,-0.017678894,-0.022635285,0.022279875,0.189664006,0.685385227,-1.513755441,0.265475601,0.106953830,0.343340755,0.007642358,0.460955292,-1.564826727,0.604853272,-0.103180990
5.049458504,0.939071417,0.850320041,0.057474311,0.047059812,-0.967913270,0.240053922,0.000000000,0.000000000,1.673660407,-1.386657387,2.485357579,0.102156370,-0.070069730,0.189362772,-0.217926578,-1.330032699,-1.444963439,1.482922341,0.583679484,1.027545978,-0.146157028,-0.137072575,0.750630140,-0.014144888,-0.018939212,0.017836899,0.186361670,0.672294974,-1.489337683,0.261463612,0.109634943,0.338290960,0.014167022,0.451408774,-1.546482325,0.597275019,-0.102276698
5.050168037,0.940215468,0.859375536,0.051948421,0.046314929,-0.969467044,0.235138416,0.000000000,0.000000000,1.669233905,-1.380284952,2.466261835,0.099577481,-0.074663534,0.190381550,-0.214046218,-1.318684124,-1.440510598,1.490723343,0.593601848,1.031133794,-0.148006394,-0.135651697,0.733796895,-0.011445230,-0.015089791,0.013675098,0.182920277,0.656698346,-1.455491781,0.255918354,0.112189136,0.331890374,0.023678984,0.443266004,-1.519910336,0.586373329,-0.097415328
5.050639153,0.941121280,0.871677577,0.045712933,0.045563549,-0.970671892,0.231582537,0.000000000,0.000000000,1.664807447,-1.370905591,2.451165621,0.099440758,-0.076422635,0.190195337,-0.209878612,-1.306989299,-1.434208177,1.499081061,0.601843829,1.032301569,-0.150423632,-0.135332258,0.710229695,-0.009317914,-0.011308147,0.009617138,0.178186476,0.637061954,-1.412417412,0.249673277,0.114289984,0.324298263,0.036005460,0.436686248,-1.483958244,0.571633697,-0.089825332
5.050893784,0.941729128,0.887593091,0.038942859,0.044887498,-0.971470237,0.229595542,0.000000000,0.000000000,1.649725290,-1.359304464,2.442921494,0.099499953,-0.072982099,0.188380193,-0.206195324,-1.280936037,-1.424356402,1.509403587,0.612142563,1.032494381,-0.153801865,-0.135073719,0.679943800,-0.007971846,-0.007665474,0.005174460,0.172052175,0.612772644,-1.357446432,0.241571248,0.116939053,0.315057635,0.049921252,0.431326747,-1.436566591,0.551950455,-0.079419956
5.050876141,0.941874564,0.906597614,0.031754289,0.044371381,-0.972345591,0.227083683,0.000000000,0.000000000,1.628593064,-1.360100561,2.443908838,0.100689135,-0.061065473,0.183109580,-0.208860855,-1.251058678,-1.424277833,1.522804424,0.627087349,1.035042273,-0.157056697,-0.133730789,0.643548369,-0.006481424,-0.003249217,-0.000028942,0.165160924,0.584437549,-1.293474078,0.231870249,0.119118080,0.305188775,0.065089330,0.425433874,-1.379227281,0.528777421,-0.067330554
5.050351143,0.941361070,0.928260446,0.024134653,0.043937817,-0.973227918,0.224308848,0.000000000,0.000000000,1.607518838,-1.351368343,2.455297438,0.104189301,-0.041106076,0.177553977,-0.210152762,-1.232275174,-1.411537489,1.529990425,0.627429785,1.045831707,-0.156883769,-0.128580589,0.601494730,-0.005102063,0.001730698,-0.006904768,0.158981055,0.552991688,-1.221405149,0.219666719,0.122916132,0.295056760,0.079043113,0.417520225,-1.312366366,0.502372324,-0.055087894
5.049366951,0.940122843,0.952005744,0.015586396,0.043494318,-0.974028289,0.221662313,0.000000000,0.000000000,1.581611445,-1.332321519,2.477566246,0.113639256,-0.013339095,0.168949374,-0.212716450,-1.211111443,-1.390911505,1.534040371,0.628707713,1.066452248,-0.155476349,-0.119466842,0.553478479,-0.003885260,0.007263785,-0.016463568,0.152919665,0.518392801,-1.141229987,0.203317538,0.129266545,0.284841150,0.091763347,0.406932771,-1.236631274,0.472970545,-0.043259226
5.047864914,0.938417554,0.976752043,0.006091465,0.042698730,-0.974576235,0.219865724,0.000000000,0.000000000,1.543451201,-1.311404768,2.509989125,0.127446207,0.020336618,0.157539679,-0.217180441,-1.174585451,-1.379034099,1.542759479,0.636884115,1.098515613,-0.154068628,-0.107643442,0.499607772,-0.003122387,0.012891706,-0.029457670,0.146637440,0.478923589,-1.051830888,0.183006585,0.136197269,0.273945391,0.103380874,0.395049691,-1.154131413,0.440917373,-0.031910650
5.045793533,0.936525464,1.001746655,-0.005425638,0.041494388,-0.975145459,0.217577934,0.000000000,0.000000000,1.496362608,-1.278606371,2.551597984,0.155180965,0.057539113,0.138952665,-0.227356432,-1.133813446,-1.362788097,1.561901307,0.657300647,1.135918683,-0.155220060,-0.097092274,0.438396096,-0.001721571,0.018968377,-0.044811275,0.140942395,0.434942186,-0.953182101,0.157878429,0.143864781,0.263141751,0.114388198,0.381589830,-1.065474629,0.405984104,-0.021586938
5.043023109,0.934280634,1.025018811,-0.016651716,0.041050531,-0.975885212,0.213742107,0.000000000,0.000000000,1.466098989,-1.253419693,2.600197104,0.173774125,0.096870104,0.121310117,-0.232717682,-1.121264589,-1.358919429,1.581447468,0.661098961,1.186070426,-0.152231525,-0.084476194,0.377267838,0.000717224,0.025514519,-0.060866341,0.135733947,0.390628785,-0.855455935,0.131133094,0.149304360,0.254163146,0.124716163,0.367080837,-0.978743613,0.370908856,-0.013015541
5.039783478,0.931938291,1.046158433,-0.027093437,0.041354127,-0.976612329,0.209246531,0.000000000,0.000000000,1.440301347,-1.252241079,2.657070360,0.209529228,0.134349307,0.101249850,-0.245346437,-1.093658575,-1.369133724,1.606480492,0.676898892,1.245078078,-0.149733772,-0.071189691,0.316036284,0.002763812,0.030819964,-0.076224439,0.130529672,0.352323204,-0.761402547,0.101892881,0.152701274,0.247412264,0.135079354,0.355014384,-0.895329833,0.335978627,-0.007069600
5.036222458,0.929812014,1.064891338,-0.035485271,0.041265633,-0.976907492,0.206614763,0.000000000,0.000000000,1.428344282,-1.246070259,2.720227558,0.256785532,0.166578969,0.080208656,-0.259481628,-1.082208888,-1.368456773,1.623022887,0.685882803,1.310073033,-0.144867539,-0.056959978,0.270747960,0.002595193,0.033559039,-0.089285672,0.123410277,0.297492355,-0.670565069,0.077520788,0.153249070,0.244121403,0.140806571,0.326400369,-0.815081954,0.306226373,-0.004414458
5.032619476,0.927620411,1.081654429,-0.042703182,0.041603975,-0.977099240,0.204261050,0.000000000,0.000000000,1.393306956,-1.249100255,2.783913669,0.276352339,0.196476401,0.064488741,-0.268213615,-1.051402517,-1.386814687,1.629915561,0.693774480,1.383158777,-0.136707679,-0.040455386,0.225087538,0.000821777,0.033889662,-0.101472780,0.115521088,0.250594348,-0.582476258,0.050416291,0.154228985,0.242658824,0.148281142,0.303087085,-0.736367524,0.273967057,-0.005206857
5.029052734,0.925036311,1.096706748,-0.050071001,0.041527409,-0.977244437,0.201895431,0.000000000,0.000000000,1.369066586,-1.247826988,2.829833091,0.291438357,0.232179921,0.049999062,-0.271390105,-1.041091187,-1.397517334,1.622999796,0.695099693,1.456643997,-0.126061532,-0.024690743,0.177268997,-0.000660927,0.034041084,-0.116183043,0.105086297,0.209807023,-0.500537515,0.023275115,0.154962793,0.239376277,0.157466516,0.281923741,-0.658526003,0.240806073,-0.006522990
5.025555134,0.921933055,1.109887719,-0.056651168,0.041454274,-0.977619827,0.198321924,0.000000000,0.000000000,1.342713210,-1.260047604,2.838255294,0.308284364,0.286642979,0.028967792,-0.281038173,-1.016702159,-1.421745581,1.606432438,0.709117984,1.524069368,-0.116742108,-0.009814035,0.128137961,-0.001404866,0.034131959,-0.132103547,0.091051795,0.179204851,-0.422165632,-0.006203862,0.154025331,0.233792722,0.170717716,0.265667707,-0.580914438,0.206521481,-0.009718061
5.022097588,0.918089628,1.120675087,-0.063144900,0.042841900,-0.978131175,0.193485498,0.000000000,0.000000000,1.308704722,-1.231881122,2.842127500,0.324321955,0.355602569,-0.001599345,-0.291168498,-1.007080488,-1.439786976,1.579765084,0.712584112,1.580102533,-0.108132376,0.002028272,0.081605412,-0.000587028,0.036083981,-0.144295141,0.078801617,0.156725258,-0.353549540,-0.036054216,0.150749713,0.229395568,0.187261581,0.252614498,-0.510916710,0.175245255,-0.012881666
5.018635273,0.913708925,1.128983736,-0.068927079,0.044372927,-0.978141129,0.191102147,0.000000000,0.000000000,1.298613364,-1.232900534,2.845443003,0.339783728,0.432341429,-0.036343385,-0.303350153,-0.986638365,-1.468078676,1.550657780,0.727311392,1.617231388,-0.104477172,0.011333809,0.039078847,-0.001115806,0.035728104,-0.152286083,0.066730298,0.143847823,-0.300466120,-0.060546380,0.147203177,0.226780504,0.204852149,0.244064152,-0.452309370,0.149010420,-0.016327716
5.015182018,0.909339428,1.134973764,-0.073733807,0.044668254,-0.977791071,0.191030666,0.000000000,0.000000000,1.313612154,-1.248663271,2.848371256,0.366571094,0.510068040,-0.074560481,-0.316512284,-0.983620921,-1.480679100,1.510812142,0.746256930,1.630898209,-0.105237516,0.017452088,0.000969082,-0.004754252,0.031840220,-0.158005223,0.052980639,0.141540885,-0.273802042,-0.071333654,0.143976152,0.225431666,0.220820487,0.239983514,-0.408055872,0.128689930,-0.019728668
5.012038708,0.905367970,1.139035106,-0.077615477,0.044608723,-0.977874100,0.189071923,0.000000000,0.000000000,1.317835037,-1.282782682,2.847942863,0.364404170,0.586749157,-0.104575824,-0.319143939,-0.964731589,-1.514003715,1.474823304,0.755167699,1.625158794,-0.109075166,0.020680583,-0.032071546,-0.010127107,0.027541626,-0.162258506,0.035209712,0.144998848,-0.268517554,-0.069283247,0.140732974,0.226492077,0.235934094,0.239821017,-0.378901720,0.114816189,-0.024244498
5.009447098,0.901714921,1.141950488,-0.081064887,0.045645557,-0.978846312,0.182221860,0.000000000,0.000000000,1.335417709,-1.313635228,2.847927244,0.377032951,0.660653279,-0.132802470,-0.313710902,-0.966859832,-1.529951841,1.434374205,0.759444879,1.599450573,-0.114937547,0.020500899,-0.060175732,-0.015071262,0.024627196,-0.164669454,0.017293872,0.150794491,-0.274317950,-0.061070379,0.138340682,0.230267197,0.251358122,0.241221830,-0.361297578,0.106401280,-0.026921671
5.007102489,0.898271918,1.143862367,-0.086402237,0.049194112,-0.979641676,0.174403965,0.000000000,0.000000000,1.311642392,-1.373271613,2.848432747,0.387926988,0.727510765,-0.159365066,-0.305991200,-0.925482650,-1.570694146,1.399274870,0.772826819,1.564751370,-0.122187027,0.021196693,-0.090276748,-0.013681795,0.017900119,-0.166769415,-0.000012973,0.161739022,-0.284152687,-0.051810898,0.136650711,0.233243078,0.269568205,0.246455759,-0.353010118,0.102939762,-0.028253872
5.005338192,0.894960999,1.145149589,-0.092026830,0.052319627,-0.980106115,0.167885989,0.000000000,0.000000000,1.269542928,-1.420052800,2.848189851,0.399571966,0.782095544,-0.183188277,-0.294249628,-0.857856248,-1.607531289,1.372453170,0.798956652,1.520866352,-0.131955438,0.021498341,-0.117094800,-0.011641577,0.009429092,-0.168502778,-0.018969046,0.170216888,-0.291900337,-0.044077434,0.134060845,0.235000446,0.287024707,0.252177328,-0.350016385,0.102953576,-0.027047388
5.004321575,0.891657948,1.146317244,-0.096913926,0.055181693,-0.980848134,0.159686133,0.000000000,0.000000000,1.229379163,-1.460321195,2.849980061,0.431168634,0.820117504,-0.208532728,-0.284462087,-0.771409599,-1.649552350,1.367234012,0.849704501,1.463220235,-0.146662131,0.020302203,-0.138986766,-0.010496130,0.000210302,-0.168944016,-0.040161569,0.176968604,-0.300965667,-0.034305055,0.130407035,0.236153334,0.304367274,0.256471425,-0.346802473,0.103099972,-0.023355957
5.004130363,0.888113618,1.147645116,-0.098741800,0.058708351,-0.982803702,0.144569173,0.000000000,0.000000000,1.184082234,-1.494346634,2.851660649,0.463963324,0.839577222,-0.230023984,-0.277836611,-0.687214899,-1.685940876,1.378231798,0.882580269,1.395589969,-0.161202932,0.017263731,-0.151732683,-0.010169148,-0.005820582,-0.166693941,-0.061176412,0.181224972,-0.304292679,-0.027441399,0.126938164,0.236776531,0.325197875,0.258093387,-0.341078997,0.101772897,-0.015192132
5.005004883,0.883500695,1.150012374,-0.092282139,0.061453544,-0.986269355,0.122393683,0.000000000,0.000000000,1.080646168,-1.498522705,2.849871371,0.485305792,0.833439363,-0.241738408,-0.278643361,-0.552438036,-1.668682775,1.410527019,0.903459513,1.306386459,-0.173046056,0.015203214,-0.136914760,-0.025153806,0.000615276,-0.150584251,-0.081056438,0.174557596,-0.307029068,-0.019195661,0.126637757,0.253430665,0.342340469,0.248182684,-0.335042596,0.102960527,-0.007540786
5.005668640,0.879265189,1.151669383,-0.083938412,0.065681279,-0.988860488,0.103900172,0.000000000,0.000000000,0.979517009,-1.514785903,2.822819395,0.511567135,0.820718646,-0.224580401,-0.276162715,-0.458905444,-1.669109460,1.415819978,0.886950985,1.287560712,-0.162883122,0.022366998,-0.124500692,-0.032601014,0.001472221,-0.135634035,-0.102383837,0.179313734,-0.312905103,-0.009239156,0.125422612,0.262781113,0.360644102,0.248977214,-0.331283927,0.103481412,0.000507811
5.007176399,0.875329137,1.153127909,-0.074487761,0.069110699,-0.991466522,0.081666708,0.000000000,0.000000000,0.765997430,-1.481316656,2.838425816,0.365196497,0.825834900,-0.216485688,-0.297890140,-0.290897254,-1.638117244,1.523152341,0.809257158,1.157146201,-0.157746016,0.026217187,-0.106828548,-0.042261682,0.012452932,-0.117881328,-0.113571316,0.187244922,-0.318201959,-0.005942997,0.129923210,0.272012055,0.376177967,0.249520972,-0.327205628,0.100412533,0.010035394
5.008595467,0.872100472,1.154256582,-0.062321369,0.073392019,-0.993713677,0.057120603,0.000000000,0.000000000,0.552951595,-1.476281437,2.836195046,0.216566865,0.878014495,-0.186550583,-0.308586304,-0.198255376,-1.626533004,1.433091380,0.631947298,1.090907597,-0.159940676,0.029764394,-0.087636545,-0.049728304,0.019449675,-0.099145710,-0.122855231,0.204279050,-0.327195495,-0.004147960,0.134003058,0.280091435,0.391716242,0.254632086,-0.324339360,0.096669838,0.017318882
5.009087086,0.868668616,1.154876947,-0.046258993,0.076816916,-0.995420575,0.033122107,0.000000000,0.000000000,0.369160968,-1.494757258,2.838211547,0.132177162,0.969421614,-0.126239042,-0.300848531,-0.075839958,-1.566741983,1.600960830,0.586068576,1.000945572,-0.129419028,0.034182881,-0.063091815,-0.052499112,0.021318246,-0.088159189,-0.134230301,0.214513272,-0.326909244,-0.005750888,0.136633173,0.279239535,0.399225146,0.262592614,-0.322531253,0.094373949,0.023671828
5.008209705,0.865684867,1.154954314,-0.025994517,0.077712275,-0.996570587,0.011495935,0.000000000,0.000000000,0.213305040,-1.500577711,2.846320303,0.100002277,1.117097205,-0.058280646,-0.284132349,0.046695702,-1.552453880,1.575939429,0.488033765,0.981086552,-0.089818073,0.027133415,-0.034731053,-0.053741962,0.018900566,-0.083822787,-0.149421200,0.224729329,-0.325727046,-0.006103102,0.137521029,0.272086740,0.401544899,0.274718910,-0.320363224,0.091882803,0.026406217
5.006782532,0.863635898,1.154636621,-0.005446780,0.075728200,-0.997112334,-0.001596524,0.000000000,0.000000000,0.166763607,-1.503363171,2.841965203,0.118640871,1.121946959,-0.052465515,-0.281949635,0.152879206,-1.538897620,1.582434910,0.478282299,0.990960873,-0.087011884,0.025214547,-0.009562968,-0.058198862,0.013369269,-0.082927912,-0.168293521,0.238267690,-0.329725802,-0.000175179,0.138752371,0.264668733,0.397048235,0.294026554,-0.320640445,0.091164581,0.025793457
5.006140232,0.862934947,1.154289246,0.013847831,0.073036328,-0.997165382,-0.011628048,0.000000000,0.000000000,0.168234263,-1.487024073,2.841548572,0.118506842,1.122551016,-0.051704919,-0.281530350,0.162723098,-1.515590234,1.578296407,0.479010759,0.994477826,-0.086743250,0.024671644,0.016527995,-0.062858894,0.006893638,-0.084595867,-0.181119621,0.249177009,-0.329487145,0.000995726,0.138370439,0.261573106,0.393191040,0.307917774,-0.319574296,0.089880399,0.022367492
5.006720543,0.863204479,1.153718591,0.027599588,0.069642097,-0.996989250,-0.020018054,0.000000000,0.000000000,0.172051063,-1.476647563,2.841435317,0.118215864,1.122746065,-0.051226669,-0.281217631,0.163476141,-1.507287995,1.576754929,0.483479556,0.996582660,-0.087490364,0.025838410,0.034732088,-0.066708550,0.002136536,-0.092933893,-0.188273698,0.258839667,-0.327313453,-0.003514647,0.141896233,0.259514689,0.384041488,0.320112765,-0.319970995,0.091094002,0.017353840
5.007774353,0.864073038,1.153222203,0.036331378,0.066963501,-0.996564329,-0.032487709,0.000000000,0.000000000,0.176391055,-1.472920209,2.840694108,0.118038488,1.122485838,-0.050758293,-0.280907010,0.160163876,-1.507229499,1.576516582,0.489278082,0.997752887,-0.088494648,0.027519649,0.045194615,-0.068673410,0.000248813,-0.104871906,-0.192978054,0.263595790,-0.321588904,-0.012688532,0.146415055,0.259531498,0.372334033,0.329592019,-0.322243035,0.094831198,0.013732938
5.009104252,0.865382195,1.152881384,0.042035624,0.065182813,-0.995820761,-0.048221111,0.000000000,0.000000000,0.177182019,-1.465011943,2.839644311,0.117746988,1.122597175,-0.050035784,-0.280544082,0.156769268,-1.509043916,1.579323593,0.493753676,1.000620443,-0.089167420,0.028391482,0.052542727,-0.068126321,0.000548156,-0.119165480,-0.193865746,0.264075011,-0.313090056,-0.024837060,0.150825948,0.261235476,0.363479316,0.334300846,-0.325107217,0.100288220,0.011321376
5.010717869,0.866828918,1.152719498,0.044683732,0.064402863,-0.995045304,-0.061159279,0.000000000,0.000000000,0.175906512,-1.459168691,2.839104828,0.112794112,1.131720316,-0.032719176,-0.274539663,0.144989015,-1.533857159,1.608954466,0.517919068,1.064831203,-0.094287597,0.029795494,0.055997156,-0.066034995,0.003340220,-0.133692473,-0.193630561,0.260717511,-0.302965730,-0.037245069,0.155541778,0.262926966,0.356900752,0.336343467,-0.328164816,0.106211841,0.011486332
5.012348175,0.868037641,1.152859807,0.045765985,0.064106271,-0.994277894,-0.072162226,0.000000000,0.000000000,0.177860964,-1.460829209,2.839382652,0.105058444,1.181521345,0.007067523,-0.267330501,0.128889265,-1.541625089,1.560011033,0.539984952,1.218158053,-0.107640646,0.030803347,0.057678394,-0.067060553,0.006757324,-0.145088360,-0.191961333,0.255034387,-0.292955846,-0.047373526,0.159695268,0.269392431,0.351775050,0.335406274,-0.330744594,0.110685751,0.010164899
5.013888359,0.869339466,1.152943969,0.047267336,0.064271599,-0.993232191,-0.084408425,0.000000000,0.000000000,0.176197439,-1.459489168,2.841547462,0.094524150,1.238153997,0.039696749,-0.263637065,0.111971220,-1.544009329,1.535284225,0.540945310,1.288518211,-0.109772625,0.032219127,0.058044046,-0.069799095,0.009659057,-0.153170407,-0.189774379,0.249780893,-0.286551058,-0.053254131,0.161400959,0.278183699,0.343764931,0.336467236,-0.333833903,0.112150200,0.007827570
5.015305996,0.870950401,1.153307557,0.048593674,0.065353602,-0.992562950,-0.090478241,0.000000000,0.000000000,0.175195113,-1.454113139,2.842855262,0.091232477,1.284770135,0.064130116,-0.264016878,0.106051607,-1.547101783,1.486696413,0.537440645,1.319595738,-0.104241148,0.029365019,0.059850741,-0.071932048,0.012288751,-0.158492967,-0.187385350,0.241774365,-0.278402060,-0.058393974,0.160929412,0.286831379,0.338488281,0.334124476,-0.334939629,0.111794077,0.007006630
5.016565323,0.872485816,1.153706908,0.049095575,0.067274682,-0.992676318,-0.087507181,0.000000000,0.000000000,0.175171587,-1.452795174,2.841354443,0.088885704,1.320888213,0.083419329,-0.270405261,0.104676811,-1.550762723,1.411141711,0.533322451,1.332058325,-0.093202724,0.023928823,0.060422845,-0.073986672,0.013535147,-0.161699533,-0.187611282,0.235854551,-0.273585945,-0.061001822,0.160367280,0.294014871,0.334139049,0.332494378,-0.335327685,0.110068299,0.005941954
5.017662048,0.874394536,1.153864861,0.048322123,0.068918005,-0.993575573,-0.075650007,0.000000000,0.000000000,0.173182575,-1.448067292,2.841623803,0.088501229,1.339907040,0.093658839,-0.274288744,0.112899066,-1.553376648,1.350486846,0.529318060,1.326434763,-0.083240955,0.021314217,0.059454434,-0.077329397,0.014448242,-0.164288223,-0.187822312,0.230968222,-0.269910187,-0.061905686,0.160805240,0.300068557,0.326296806,0.334047377,-0.337826490,0.109515578,0.004518222
5.018338203,0.877231121,1.153820872,0.047368418,0.069902226,-0.994694829,-0.058754053,0.000000000,0.000000000,0.172667028,-1.444186128,2.834457861,0.090061200,1.336615746,0.093876075,-0.278584177,0.123487087,-1.552958662,1.341493347,0.527430856,1.322562531,-0.080477234,0.021124357,0.056989871,-0.081336409,0.014030116,-0.166361570,-0.190124810,0.226414576,-0.266905993,-0.061320081,0.161521435,0.305184871,0.314333498,0.338482857,-0.341059417,0.110348634,0.000973316
5.018773556,0.881780982,1.153430223,0.047564924,0.070488907,-0.995352447,-0.045193620,0.000000000,0.000000000,0.172970166,-1.448394629,2.835030421,0.088280989,1.367609547,0.111992037,-0.294176770,0.110423923,-1.558684152,1.280786079,0.487821858,1.301023027,-0.059393346,0.030340384,0.053745124,-0.084707364,0.012664906,-0.167671517,-0.195023879,0.221950218,-0.265749186,-0.058429297,0.161967427,0.310574740,0.301516324,0.345862836,-0.345610559,0.111041702,-0.003807597
5.019471169,0.888693869,1.152598858,0.049663875,0.070780724,-0.995583713,-0.036561023,0.000000000,0.000000000,0.171021114,-1.448110995,2.835143014,0.088918927,1.374856820,0.116908594,-0.297007416,0.112064857,-1.559672409,1.265920474,0.485962265,1.302136638,-0.051712985,0.032036111,0.049915437,-0.085650258,0.010413625,-0.167932779,-0.200014189,0.226942569,-0.272655070,-0.050939396,0.162056610,0.311326742,0.291614980,0.358547330,-0.348184794,0.107519083,-0.007912450
5.020407200,0.897020936,1.151529431,0.053974118,0.069775276,-0.995569289,-0.032558326,0.000000000,0.000000000,0.171352214,-1.449410103,2.833961629,0.091799715,1.374025111,0.116879067,-0.297407469,0.114802474,-1.559943352,1.266771806,0.485585130,1.302665360,-0.051531874,0.032076439,0.048264943,-0.085090935,0.003942886,-0.167799070,-0.210007459,0.232453972,-0.278625786,-0.044865075,0.162256733,0.306985110,0.288114607,0.373180747,-0.348237127,0.101606660,-0.009140507
5.021329403,0.905746222,1.151020885,0.054891586,0.069219351,-0.995439231,-0.036004741,0.000000000,0.000000000,0.175128218,-1.454213890,2.829683444,0.097269371,1.369847203,0.115960281,-0.298951245,0.126697347,-1.557885156,1.269285123,0.484217144,1.304974551,-0.050989103,0.032202457,0.047670927,-0.084622070,0.003985717,-0.166763276,-0.217027217,0.228921071,-0.284902364,-0.036842033,0.163834244,0.306045383,0.288994819,0.377052575,-0.347171605,0.096555881,-0.008057487
5.022044182,0.913930297,1.151089311,0.055355269,0.069425844,-0.995298803,-0.038680416,0.000000000,0.000000000,0.177887512,-1.456528036,2.829613497,0.099867660,1.369156898,0.116373705,-0.299148328,0.138742747,-1.556208543,1.272047833,0.484559211,1.307913048,-0.050917978,0.033071366,0.050044119,-0.085650824,0.004386688,-0.166285038,-0.220855236,0.219867870,-0.287629098,-0.032546006,0.167702198,0.309172392,0.293195128,0.373454332,-0.344522774,0.091460221,-0.007624051
5.022277832,0.920548797,1.151709557,0.055793930,0.070500135,-0.995242238,-0.037546735,0.000000000,0.000000000,0.180532442,-1.456585050,2.829622623,0.099825009,1.368992670,0.116663342,-0.299268769,0.141086774,-1.555497170,1.273846533,0.487461424,1.310261086,-0.051637861,0.034973827,0.055261910,-0.088145182,0.004754803,-0.166275039,-0.224110782,0.202023476,-0.284389019,-0.031491607,0.171136558,0.315638930,0.298297644,0.365126669,-0.341834188,0.088159494,-0.006266030
5.022128105,0.925471544,1.152483225,0.055821974,0.071360037,-0.995209157,-0.036748707,0.000000000,0.000000000,0.182939227,-1.454922047,2.829564991,0.099747102,1.368868191,0.116881183,-0.299354394,0.142345321,-1.555353296,1.275418971,0.490355558,1.312002663,-0.052344345,0.036585661,0.060846806,-0.091568641,0.004147891,-0.166846111,-0.223406866,0.181034341,-0.277579039,-0.032627583,0.174096882,0.322912574,0.298579931,0.355038732,-0.340449572,0.087066509,-0.005034073
5.021448135,0.929323316,1.153228283,0.055710193,0.071020268,-0.995206892,-0.037627060,0.000000000,0.000000000,0.181807629,-1.449639020,2.829175749,0.099620189,1.368572833,0.117173284,-0.299474200,0.143909413,-1.555360906,1.277989897,0.493972356,1.314587608,-0.053275223,0.038689080,0.066581905,-0.095400080,0.003454293,-0.168270558,-0.219359577,0.152614787,-0.266790837,-0.034185927,0.176038384,0.328280836,0.289976865,0.344193995,-0.340208590,0.087549798,-0.002693222
5.020316601,0.932152689,1.154088259,0.055671636,0.070747741,-0.995318651,-0.035160579,0.000000000,0.000000000,0.183975681,-1.444225947,2.829179013,0.099508458,1.368557041,0.117283745,-0.299526326,0.142898216,-1.554790642,1.279142709,0.497097381,1.315691376,-0.053661328,0.039535859,0.075851694,-0.100156508,0.003276173,-0.170428962,-0.211815506,0.113621116,-0.251792371,-0.037788674,0.177300930,0.337366343,0.274067163,0.328032941,-0.340645790,0.089396775,-0.001517268
5.018553257,0.933656335,1.154986739,0.055888314,0.070754990,-0.995580554,-0.026262088,0.000000000,0.000000000,0.179027866,-1.416688860,2.827721093,0.098962811,1.367671242,0.118102711,-0.299911935,0.145962713,-1.556007919,1.286653335,0.505923565,1.322204723,-0.055619505,0.044117074,0.086969614,-0.110219464,0.004239571,-0.171864331,-0.202773094,0.073430628,-0.246361613,-0.037478227,0.180658638,0.355815113,0.252765268,0.310062796,-0.343350887,0.093003660,-0.003962783
5.015403748,0.932970762,1.155787349,0.054826822,0.070961282,-0.995932937,-0.008720887,0.000000000,0.000000000,0.168428406,-1.373722516,2.825431625,0.098347952,1.365212862,0.119580406,-0.300690169,0.149482668,-1.556334643,1.300387995,0.513350362,1.332527808,-0.057572998,0.049816317,0.093755811,-0.126893654,0.007710909,-0.172797307,-0.193651468,0.038566016,-0.258394033,-0.030284978,0.183543891,0.380203307,0.229791135,0.297833323,-0.348095536,0.095737457,-0.006359655
5.010247231,0.927466393,1.157224894,0.050730355,0.071836889,-0.995864570,0.022795454,0.000000000,0.000000000,0.061988375,-1.318670556,2.813392193,0.098490787,1.361876139,0.119762034,-0.303631487,0.148590260,-1.558030803,1.322424653,0.514053404,1.342542860,-0.057131997,0.051498717,0.099746265,-0.145546347,0.014274365,-0.173403740,-0.175475225,0.007442541,-0.309796810,-0.010903992,0.180965811,0.399847627,0.197691500,0.286116183,-0.353766739,0.101546794,-0.001027751
5.003772736,0.918443680,1.158179402,0.045726251,0.072554454,-0.994065404,0.066924974,0.000000000,0.000000000,0.036901916,-1.303505364,2.813527962,0.100868538,1.365443845,0.120672051,-0.310574211,0.125168156,-1.559992322,1.333131511,0.519584573,1.347818450,-0.057040364,0.052828752,0.113322601,-0.157832593,0.018806726,-0.173797935,-0.142404944,-0.031763833,-0.355359226,0.010383481,0.177593932,0.412390798,0.149482384,0.265402883,-0.359475315,0.111839347,-0.003273731
4.997228622,0.909329534,1.157741070,0.041679662,0.071732029,-0.990626514,0.108519003,0.000000000,0.000000000,0.016351217,-1.302716618,2.813347768,0.115233009,1.365781202,0.123788534,-0.313044831,0.106139393,-1.560567639,1.339000527,0.522620083,1.349586632,-0.056602457,0.053136174,0.117762104,-0.151146680,0.018645627,-0.174054146,-0.114430711,-0.041278083,-0.380135953,0.021119658,0.169288784,0.397507697,0.104936138,0.255367249,-0.359808624,0.114845127,-0.005065314
4.990734100,0.898220897,1.156286836,0.038857728,0.070711493,-0.984989822,0.152594358,0.000000000,0.000000000,0.002574611,-1.311983549,2.814058716,0.123795394,1.371362896,0.142126283,-0.326481142,0.052370256,-1.565709413,1.364726772,0.529796880,1.356778552,-0.055065521,0.054337553,0.113963857,-0.138522357,0.016409583,-0.174220681,-0.085666537,-0.025282772,-0.371028721,0.017622476,0.165565997,0.375866294,0.067735307,0.259363055,-0.360229552,0.113734610,-0.010531767
4.984773636,0.887209237,1.153866053,0.037260745,0.070139535,-0.976035953,0.202597842,0.000000000,0.000000000,0.008952825,-1.317643252,2.814774538,0.126283896,1.376669772,0.157714706,-0.339195692,0.014007560,-1.569030099,1.391454621,0.533349284,1.364106248,-0.053739042,0.055494903,0.102526560,-0.134422600,0.011804784,-0.174328938,-0.048795398,-0.010953955,-0.325811207,0.005956985,0.167570293,0.371801913,0.035617106,0.281888276,-0.364832729,0.108511083,-0.026814565
4.978450298,0.879921913,1.150192261,0.036147680,0.068945162,-0.963432312,0.256394386,0.000000000,0.000000000,0.044103110,-1.323116767,2.815429764,0.129520938,1.381948678,0.188416716,-0.366852316,-0.026790900,-1.571189693,1.456027333,0.532548450,1.382759630,-0.050889597,0.058017620,0.089362517,-0.139372230,0.005865311,-0.174399316,-0.011298038,-0.002333147,-0.290042579,0.007172616,0.173119932,0.385394245,0.008233305,0.314837813,-0.373093307,0.097764082,-0.050636414
4.970690250,0.878085732,1.145471334,0.035631716,0.066540532,-0.948409855,0.307930917,0.000000000,0.000000000,0.079701169,-1.322534024,2.814905965,0.127579968,1.382453231,0.204331110,-0.382467651,-0.041075533,-1.579463001,1.497459444,0.535673949,1.393284980,-0.050040246,0.059644887,0.083077841,-0.146098822,0.003458345,-0.174445048,0.021546751,-0.007531358,-0.272987366,0.022501560,0.177775890,0.403221697,-0.009950120,0.348232299,-0.382276982,0.083676115,-0.069212288
4.960882187,0.883089304,1.139280319,0.034550302,0.062231906,-0.929508090,0.361867517,0.000000000,0.000000000,0.166487892,-1.326199595,2.764909578,0.143054548,1.324218313,0.196843684,-0.383057292,-0.071994144,-1.570941327,1.563338382,0.538343887,1.407262339,-0.050001892,0.061462889,0.080559403,-0.147981256,-0.002726228,-0.174474776,0.043948967,-0.024261283,-0.260880768,0.042167019,0.178707585,0.414809585,-0.020462655,0.380608082,-0.389649421,0.064980663,-0.076523885
4.950296879,0.893972397,1.132856846,0.032893598,0.056273758,-0.905910313,0.418422937,0.000000000,0.000000000,0.189661752,-1.337727475,2.756518276,0.158585113,1.312171841,0.195410679,-0.383103428,-0.067582753,-1.571746384,1.574396737,0.537937348,1.409591070,-0.050330957,0.061729087,0.083221950,-0.138193965,-0.009104846,-0.174492836,0.056655105,-0.051695708,-0.239810839,0.054774459,0.179000229,0.399125874,-0.026446208,0.408163279,-0.396210134,0.046527956,-0.064131081
4.940474987,0.906768441,1.127444625,0.032572582,0.049714237,-0.874632239,0.481129915,0.000000000,0.000000000,0.196287502,-1.342054922,2.751598861,0.171047869,1.305849357,0.194656885,-0.383154867,-0.062969970,-1.570214041,1.580173801,0.537576450,1.410850452,-0.050651242,0.061865246,0.095727921,-0.118177518,-0.012116508,-0.169840857,0.066084102,-0.068338335,-0.235985100,0.069529414,0.177140445,0.349822223,-0.031899512,0.426012307,-0.404058784,0.033748370,-0.035400741
4.933745861,0.918096483,1.123041749,0.031289693,0.041146372,-0.838248134,0.542833269,0.000000000,0.000000000,0.210095825,-1.348984148,2.736392727,0.189184000,1.288830859,0.192101403,-0.383596295,-0.044552536,-1.569654333,1.598530999,0.537139258,1.414710468,-0.052145496,0.062426621,0.113492548,-0.092557728,-0.012380930,-0.161684737,0.076189488,-0.071826391,-0.255398661,0.087682806,0.174857438,0.281198680,-0.037287965,0.423889577,-0.410725564,0.030140569,-0.000067718
4.930879116,0.925792813,1.128466010,0.029725138,0.031706825,-0.805210173,0.591394603,0.000000000,0.000000000,0.208438798,-1.339467548,2.702895145,0.217205495,1.256808896,0.183010903,-0.386385874,-0.005132680,-1.558656710,1.639893369,0.550044595,1.423136901,-0.056899582,0.064459927,0.134713203,-0.061749794,-0.008900435,-0.163894057,0.083861910,-0.082325853,-0.284508556,0.109635048,0.178605825,0.204288006,-0.035269458,0.407068968,-0.413224578,0.031333506,0.037631210
4.930635452,0.928712249,1.135611534,0.028786445,0.022992821,-0.779742956,0.625014901,0.000000000,0.000000000,0.212848245,-1.298454514,2.664774767,0.240540940,1.164827381,0.101849056,-0.445578094,0.118627536,-1.536944969,1.707990824,0.768286254,1.428528102,-0.045910258,0.049941936,0.156900942,-0.036277659,-0.004314586,-0.167341769,0.089731462,-0.098199107,-0.319317609,0.131385103,0.183364391,0.139918596,-0.028721007,0.387634218,-0.424666613,0.040218595,0.070825756
4.931551456,0.927481890,1.139134765,0.028821077,0.015427050,-0.759967446,0.649138629,0.000000000,0.000000000,0.196847285,-1.261704266,2.685550117,0.221498746,1.141077367,0.045064323,-0.485807814,0.166291027,-1.531859511,1.588711940,0.778120850,1.385700599,-0.027538392,0.039612337,0.180760324,-0.017713409,0.002080423,-0.169684529,0.092164740,-0.115055777,-0.361109942,0.151090994,0.187177867,0.091029733,-0.018658942,0.366215736,-0.441026390,0.054704398,0.098730311
4.932511806,0.924053073,1.141627073,0.029816825,0.009369092,-0.743607104,0.667886019,0.000000000,0.000000000,0.159723385,-1.237690482,2.720788941,0.194941863,1.149808642,0.004988424,-0.519145408,0.205062297,-1.530117779,1.424418654,0.720431100,1.292428297,-0.005838899,0.052554254,0.208370239,-0.003919092,0.009132842,-0.171302155,0.094531789,-0.128872097,-0.413623512,0.169663101,0.188244492,0.055547114,-0.007549133,0.339391083,-0.462048054,0.076366760,0.121536255
4.933289528,0.919972301,1.141489863,0.031380311,0.005662589,-0.729912996,0.682795823,0.000000000,0.000000000,0.120170546,-1.230460496,2.756008541,0.155871162,1.178893865,-0.017737264,-0.549694685,0.226899556,-1.539970636,1.228925064,0.632954366,1.174783669,0.018149280,0.084339343,0.234187692,0.006651018,0.014603074,-0.172265694,0.096579731,-0.139702201,-0.462445855,0.187327474,0.185456440,0.031702001,0.000379975,0.316194326,-0.481864870,0.096999414,0.135275543
4.933743954,0.916332483,1.139887094,0.032405525,0.003492391,-0.719537139,0.693688631,0.000000000,0.000000000,0.096911596,-1.228068800,2.771397147,0.126038093,1.202919883,-0.034178781,-0.575871774,0.222424544,-1.535508019,1.065405416,0.580826311,1.082180270,0.033656743,0.123753170,0.256213158,0.014535223,0.017995156,-0.172827080,0.097392857,-0.146694437,-0.504363894,0.201987058,0.180603638,0.017719442,0.005373714,0.296054721,-0.497863114,0.114412576,0.141716927
4.933946609,0.913695753,1.137826324,0.032581314,0.002501448,-0.712717414,0.700689733,0.000000000,0.000000000,0.076862407,-1.231903499,2.775006186,0.099498356,1.225147808,-0.046410124,-0.597771022,0.228182988,-1.533752220,0.939298812,0.550084882,1.020115581,0.041078810,0.161212875,0.272317946,0.020865526,0.020835031,-0.173216805,0.095667049,-0.147506297,-0.541344702,0.212768614,0.176147744,0.010269305,0.007571982,0.279836923,-0.503272593,0.126242220,0.143617451
4.933830261,0.912527323,1.136850953,0.030439777,0.000674167,-0.708780825,0.704771399,0.000000000,0.000000000,0.086260531,-1.245394058,2.757731441,0.095844608,1.223053405,-0.056226997,-0.617295066,0.248126316,-1.550296594,0.868044472,0.554083745,0.994482605,0.039818367,0.189597178,0.277340829,0.026576523,0.024075568,-0.173592418,0.087799042,-0.141211346,-0.566184044,0.216122940,0.171985865,0.004681004,0.007327717,0.266895026,-0.491840392,0.128831163,0.143123433
4.933866978,0.912148833,1.135798931,0.026781149,-0.002615239,-0.705602229,0.708097100,0.000000000,0.000000000,0.073852390,-1.248181455,2.751985461,0.093467383,1.224576795,-0.063525416,-0.633705984,0.228092667,-1.548933434,0.880104209,0.619708099,1.021173636,0.031848456,0.203850808,0.275645941,0.030036617,0.026204944,-0.173920572,0.077240609,-0.128221333,-0.593086839,0.216182888,0.166877866,-0.000812361,0.004929683,0.254803300,-0.472471595,0.128305495,0.141772121
4.934484959,0.911880732,1.134904623,0.022357469,-0.007834313,-0.702332079,0.711455166,0.000000000,0.000000000,0.104190250,-1.268716018,2.724531364,0.091373699,1.201327379,-0.062274747,-0.640660706,0.222726659,-1.560098670,0.924725002,0.688153643,1.066015217,0.022840163,0.206693707,0.268044502,0.030263104,0.027740441,-0.174133867,0.065925114,-0.119981200,-0.613565207,0.215012208,0.162307709,-0.006729702,0.002150505,0.245321780,-0.449085295,0.123037703,0.139049649
4.935297489,0.911672294,1.134336829,0.016957855,-0.013067381,-0.698641419,0.715151608,0.000000000,0.000000000,0.115429154,-1.282556373,2.709249743,0.089787530,1.182303220,-0.051837755,-0.642040468,0.210722130,-1.570642210,0.964685095,0.744440284,1.115379835,0.017088166,0.204544093,0.256544828,0.031253662,0.028027087,-0.174272507,0.055733986,-0.114500873,-0.624923408,0.214143500,0.156736568,-0.013631415,0.001514320,0.242296532,-0.427701145,0.113901362,0.135070130
