0.003237526,-0.281545128,0.664748322,0.787211683,0.002678079,-0.061015008,-0.613651173,-1.309268691,-0.017968906,-0.096326588,1.297555101,0.019024083,-0.016159270,-1.323337870,-0.302542102,0.112671879,1.375501589,0.009518010,0.001750581,-0.168670630,0.523599000,0.000000000,0.000000000,0.000000000,0.000000000,0.000000000,0.000000000,0.000000000,0.000000000,0.000000000,0.000000000,0.000000000,0.000000000,0.000000000,0.000000000,0.000000000,0.000000000
0.000513097,-0.283408480,0.661874593,0.758109642,0.011978489,-0.051079008,-0.650013247,-1.337955341,0.077637019,-0.096533760,1.311471815,0.016727117,-0.014394701,-1.361043892,-0.182877478,0.159841133,1.382374416,0.011024471,-0.000866240,-0.087688577,0.523599000,0.000000000,0.000000000,0.000000000,0.000000000,0.000000000,0.000000000,0.000000000,0.000000000,0.000000000,0.000000000,0.000000000,0.000000000,0.000000000,0.000000000,0.000000000,0.000000000
-0.000201460,-0.283747465,0.661970269,0.749575530,0.014730501,-0.046780655,-0.660099317,-1.356348114,0.122086434,-0.073607347,1.330875319,0.016255992,-0.013964054,-1.366386088,-0.154571539,0.171331555,1.371323707,0.010790127,-0.001907833,-0.057911361,0.523599000,0.000000000,0.000000000,0.000000000,0.000000000,0.000000000,0.000000000,0.000000000,0.000000000,0.000000000,0.000000000,0.000000000,0.000000000,0.000000000,0.000000000,0.000000000,0.000000000
-0.000422512,-0.283673980,0.661871972,0.746268834,0.015900029,-0.047897507,-0.663728744,-1.359198379,0.136212725,-0.063321715,1.336264149,0.015220902,-0.012828649,-1.368157440,-0.148683300,0.180367509,1.368649805,0.010150441,-0.002476975,-0.046177825,0.523599000,0.000000000,0.000000000,0.000000000,0.000000000,0.000000000,0.000000000,0.000000000,0.000000000,0.000000000,0.000000000,0.000000000,0.000000000,0.000000000,0.000000000,0.000000000,0.000000000
-0.000426915,-0.283614158,0.661900270,0.744986815,0.015860946,-0.048279903,-0.665140682,-1.357228353,0.140114657,-0.061455597,1.337393831,0.014888457,-0.011553224,-1.366288357,-0.145896926,0.184142895,1.365708728,0.009597404,-0.002509964,-0.043745283,0.523599000,0.000000000,0.000000000,0.000000000,0.000000000,0.000000000,0.000000000,0.000000000,0.000000000,0.000000000,0.000000000,0.000000000,0.000000000,0.000000000,0.000000000,0.000000000,0.000000000
-0.000376451,-0.283595688,0.661918960,0.744465437,0.015265711,-0.049164225,-0.665673381,-1.353792040,0.140414183,-0.060718698,1.338872274,0.014650968,-0.010333571,-1.364334202,-0.144017873,0.187578473,1.367906077,0.009145236,-0.002391429,-0.043262231,0.523599000,0.000000000,0.000000000,0.000000000,0.000000000,0.000000000,0.000000000,0.000000000,0.000000000,0.000000000,0.000000000,0.000000000,0.000000000,0.000000000,0.000000000,0.000000000,0.000000000
-0.000307056,-0.283659469,0.661976809,0.744278099,0.015457368,-0.049061224,-0.665886009,-1.351899293,0.140055526,-0.060469486,1.338451183,0.014468662,-0.009028950,-1.364183134,-0.143274939,0.188981463,1.367750425,0.008610782,-0.002107914,-0.043771549,0.523599000,0.000000000,0.000000000,0.000000000,0.000000000,0.000000000,0.000000000,0.000000000,0.000000000,0.000000000,0.000000000,0.000000000,0.000000000,0.000000000,0.000000000,0.000000000,0.000000000
-0.000224492,-0.283757327,0.661980406,0.744208289,0.015459112,-0.048644940,-0.665994526,-1.351915851,0.139656437,-0.060912422,1.339855261,0.014223785,-0.007758047,-1.365866395,-0.142378485,0.189406031,1.370116227,0.008023963,-0.001804046,-0.044879798,0.523599000,0.000000000,0.000000000,0.000000000,0.000000000,0.000000000,0.000000000,0.000000000,0.000000000,0.000000000,0.000000000,0.000000000,0.000000000,0.000000000,0.000000000,0.000000000,0.000000000
-0.000139426,-0.283738526,0.661977199,0.744134254,0.014170433,-0.048960771,-0.666082768,-1.349406525,0.139200023,-0.062441061,1.341978943,0.014020512,-0.006519052,-1.363778749,-0.141513088,0.188581089,1.371767275,0.007450123,-0.001484740,-0.045252937,0.523599000,0.000000000,0.000000000,0.000000000,0.000000000,0.000000000,0.000000000,0.000000000,0.000000000,0.000000000,0.000000000,0.000000000,0.000000000,0.000000000,0.000000000,0.000000000,0.000000000
-0.000058402,-0.283848083,0.661991627,0.744186699,0.014522681,-0.048151945,-0.666075551,-1.350288865,0.138719980,-0.062626956,1.342821439,0.013794008,-0.005283444,-1.366176985,-0.140885791,0.188478703,1.373253263,0.006857869,-0.001140051,-0.045322875,0.523599000,0.000000000,0.000000000,0.000000000,0.000000000,0.000000000,0.000000000,0.000000000,0.000000000,0.000000000,0.000000000,0.000000000,0.000000000,0.000000000,0.000000000,0.000000000,0.000000000
0.000025233,-0.283899563,0.661973649,0.744205696,0.014306006,-0.047772132,-0.666086363,-1.350428117,0.138231689,-0.063145695,1.344647271,0.013550355,-0.004076830,-1.367300482,-0.140309783,0.187985617,1.375023541,0.006256681,-0.000807108,-0.045707120,0.523599000,0.000000000,0.000000000,0.000000000,0.000000000,0.000000000,0.000000000,0.000000000,0.000000000,0.000000000,0.000000000,0.000000000,0.000000000,0.000000000,0.000000000,0.000000000,0.000000000
0.000105013,-0.283952536,0.661974754,0.744263557,0.014213587,-0.047258380,-0.666060340,-1.350584855,0.137780073,-0.063422749,1.345760225,0.013304238,-0.002888490,-1.368236953,-0.139744399,0.187565982,1.376040385,0.005674822,-0.000471135,-0.045605645,0.523599000,0.000000000,0.000000000,0.000000000,0.000000000,0.000000000,0.000000000,0.000000000,0.000000000,0.000000000,0.000000000,0.000000000,0.000000000,0.000000000,0.000000000,0.000000000,0.000000000
0.000176639,-0.283962439,0.661975800,0.744305692,0.013879527,-0.047218188,-0.666023151,-1.349558685,0.137161820,-0.063474581,1.346899517,0.013063765,-0.001708633,-1.367977962,-0.139349094,0.187489491,1.376763888,0.005094686,-0.000148539,-0.045631393,0.523599000,0.000000000,0.000000000,0.000000000,0.000000000,0.000000000,0.000000000,0.000000000,0.000000000,0.000000000,0.000000000,0.000000000,0.000000000,0.000000000,0.000000000,0.000000000,0.000000000
0.000246574,-0.284021702,0.661993282,0.744431652,0.014061979,-0.046587906,-0.665922926,-1.349839471,0.136745559,-0.063275104,1.347276746,0.012823826,-0.000517532,-1.369067921,-0.138984057,0.187282221,1.376961922,0.004516912,0.000191809,-0.045381444,0.523599000,0.000000000,0.000000000,0.000000000,0.000000000,0.000000000,0.000000000,0.000000000,0.000000000,0.000000000,0.000000000,0.000000000,0.000000000,0.000000000,0.000000000,0.000000000,0.000000000
0.000316500,-0.284089212,0.661998562,0.744558680,0.014360727,-0.045804920,-0.665828845,-1.350817945,0.136480421,-0.063106650,1.347818678,0.012552716,0.000680959,-1.370693036,-0.138538315,0.187055033,1.377156053,0.003925978,0.000527544,-0.045268018,0.523599000,0.000000000,0.000000000,0.000000000,0.000000000,0.000000000,0.000000000,0.000000000,0.000000000,0.000000000,0.000000000,0.000000000,0.000000000,0.000000000,0.000000000,0.000000000,0.000000000
0.000370716,-0.284176781,0.661996125,0.744750380,0.015160536,-0.044981767,-0.665652815,-1.352363354,0.136345795,-0.061733953,1.347488054,0.012205114,0.001883441,-1.373663970,-0.138442276,0.187436003,1.377512821,0.003297056,0.000867608,-0.044917323,0.523599000,0.000000000,0.000000000,0.000000000,0.000000000,0.000000000,0.000000000,0.000000000,0.000000000,0.000000000,0.000000000,0.000000000,0.000000000,0.000000000,0.000000000,0.000000000,0.000000000
0.000344635,-0.284146599,0.661969346,0.744796223,0.014991625,-0.045220412,-0.665589176,-1.352516969,0.136512978,-0.061929135,1.347167135,0.011497704,0.003255968,-1.373823689,-0.138405530,0.187446072,1.376558770,0.002548119,0.001191211,-0.045258971,0.523599000,0.000000000,0.000000000,0.000000000,0.000000000,0.000000000,0.000000000,0.000000000,0.000000000,0.000000000,0.000000000,0.000000000,0.000000000,0.000000000,0.000000000,0.000000000,0.000000000
0.000333152,-0.284212028,0.661963169,0.744849596,0.015819072,-0.044504512,-0.665558551,-1.354736565,0.136633793,-0.061749392,1.345376787,0.010781537,0.004603968,-1.376708293,-0.138300445,0.187601874,1.375770865,0.001853007,0.001524723,-0.045520467,0.523599000,0.000000000,0.000000000,0.000000000,0.000000000,0.000000000,0.000000000,0.000000000,0.000000000,0.000000000,0.000000000,0.000000000,0.000000000,0.000000000,0.000000000,0.000000000,0.000000000
0.000325169,-0.284210476,0.661918777,0.744830900,0.016265524,-0.044555724,-0.665565286,-1.355972471,0.136454589,-0.061680180,1.345066944,0.010053276,0.005994837,-1.378720476,-0.138606306,0.188120860,1.375508014,0.001108288,0.001836770,-0.045693614,0.523599000,0.000000000,0.000000000,0.000000000,0.000000000,0.000000000,0.000000000,0.000000000,0.000000000,0.000000000,0.000000000,0.000000000,0.000000000,0.000000000,0.000000000,0.000000000,0.000000000
0.000325600,-0.284236944,0.661880106,0.744824033,0.016643911,-0.044341983,-0.665577890,-1.357961104,0.136342603,-0.061369771,1.344858776,0.009270738,0.007278098,-1.380936084,-0.138503163,0.188376532,1.376030055,0.000411019,0.002159931,-0.045704522,0.523599000,0.000000000,0.000000000,0.000000000,0.000000000,0.000000000,0.000000000,0.000000000,0.000000000,0.000000000,0.000000000,0.000000000,0.000000000,0.000000000,0.000000000,0.000000000,0.000000000
0.000323259,-0.284292656,0.661847552,0.744800162,0.017286022,-0.043810939,-0.665623402,-1.360557964,0.136593230,-0.061627545,1.344972427,0.008582721,0.008679812,-1.384055980,-0.138500119,0.188580528,1.376200368,-0.000306932,0.002465055,-0.045979993,0.523599000,0.000000000,0.000000000,0.000000000,0.000000000,0.000000000,0.000000000,0.000000000,0.000000000,0.000000000,0.000000000,0.000000000,0.000000000,0.000000000,0.000000000,0.000000000,0.000000000
0.000323358,-0.284270280,0.661809192,0.744736215,0.016986572,-0.044111481,-0.665682810,-1.360755299,0.136781362,-0.061781575,1.345418490,0.007887506,0.010008353,-1.384307951,-0.138657182,0.188406075,1.377128178,-0.000953618,0.002764152,-0.046026834,0.523599000,0.000000000,0.000000000,0.000000000,0.000000000,0.000000000,0.000000000,0.000000000,0.000000000,0.000000000,0.000000000,0.000000000,0.000000000,0.000000000,0.000000000,0.000000000,0.000000000
0.000327902,-0.284273214,0.661801381,0.744711561,0.016890861,-0.044012214,-0.665719396,-1.361243576,0.137009812,-0.062129669,1.345337399,0.007273160,0.011344445,-1.384665323,-0.138674178,0.188112889,1.377216627,-0.001567247,0.003071757,-0.046180581,0.523599000,0.000000000,0.000000000,0.000000000,0.000000000,0.000000000,0.000000000,0.000000000,0.000000000,0.000000000,0.000000000,0.000000000,0.000000000,0.000000000,0.000000000,0.000000000,0.000000000
0.000342428,-0.284266640,0.661795303,0.744656194,0.016835845,-0.044043329,-0.665780663,-1.361576391,0.137230778,-0.062303134,1.345075534,0.006623069,0.012689688,-1.384875211,-0.139003876,0.187836466,1.377002503,-0.002185143,0.003372918,-0.046128168,0.523599000,0.000000000,0.000000000,0.000000000,0.000000000,0.000000000,0.000000000,0.000000000,0.000000000,0.000000000,0.000000000,0.000000000,0.000000000,0.000000000,0.000000000,0.000000000,0.000000000
0.000360971,-0.284232091,0.661792973,0.744538321,0.016446777,-0.044312721,-0.665904328,-1.361005142,0.137379821,-0.062783548,1.344965926,0.005996055,0.014012791,-1.383900051,-0.139175399,0.187543066,1.376768425,-0.002765904,0.003656982,-0.046383531,0.523599000,0.000000000,0.000000000,0.000000000,0.000000000,0.000000000,0.000000000,0.000000000,0.000000000,0.000000000,0.000000000,0.000000000,0.000000000,0.000000000,0.000000000,0.000000000,0.000000000
0.000379145,-0.284239677,0.661790868,0.744456110,0.016541431,-0.044072322,-0.666009844,-1.361865130,0.137657961,-0.063405726,1.345021395,0.005410000,0.015385397,-1.384630494,-0.139145758,0.187525629,1.376222347,-0.003395092,0.003932534,-0.046232080,0.523599000,0.000000000,0.000000000,0.000000000,0.000000000,0.000000000,0.000000000,0.000000000,0.000000000,0.000000000,0.000000000,0.000000000,0.000000000,0.000000000,0.000000000,0.000000000,0.000000000
0.000390119,-0.284252241,0.661783997,0.744352360,0.016961046,-0.043944130,-0.666123713,-1.362491135,0.137624907,-0.063212343,1.344552851,0.004834249,0.016714889,-1.385743952,-0.139351714,0.187999324,1.375559652,-0.004017608,0.004214328,-0.046242761,0.523599000,0.000000000,0.000000000,0.000000000,0.000000000,0.000000000,0.000000000,0.000000000,0.000000000,0.000000000,0.000000000,0.000000000,0.000000000,0.000000000,0.000000000,0.000000000,0.000000000
0.000390870,-0.284270132,0.661772213,0.744347383,0.017342240,-0.043744890,-0.666132573,-1.363708942,0.137716305,-0.063102271,1.343995836,0.004164671,0.018082812,-1.386991700,-0.139539726,0.188385248,1.374750304,-0.004679233,0.004515462,-0.046084643,0.523599000,0.000000000,0.000000000,0.000000000,0.000000000,0.000000000,0.000000000,0.000000000,0.000000000,0.000000000,0.000000000,0.000000000,0.000000000,0.000000000,0.000000000,0.000000000,0.000000000
0.000385364,-0.284258992,0.661746009,0.744332087,0.017435264,-0.044036371,-0.666128031,-1.364057327,0.137856048,-0.062512561,1.343977666,0.003482715,0.019439968,-1.387701921,-0.139802334,0.189066253,1.374905672,-0.005352393,0.004810839,-0.045831344,0.523599000,0.000000000,0.000000000,0.000000000,0.000000000,0.000000000,0.000000000,0.000000000,0.000000000,0.000000000,0.000000000,0.000000000,0.000000000,0.000000000,0.000000000,0.000000000,0.000000000
0.000382959,-0.284226430,0.661746177,0.744307768,0.017156171,-0.044394214,-0.666138698,-1.363398420,0.138091947,-0.062449528,1.343442143,0.002828593,0.020807327,-1.386716984,-0.140036808,0.189449790,1.374481873,-0.005949389,0.005096437,-0.045629592,0.523599000,0.000000000,0.000000000,0.000000000,0.000000000,0.000000000,0.000000000,0.000000000,0.000000000,0.000000000,0.000000000,0.000000000,0.000000000,0.000000000,0.000000000,0.000000000,0.000000000
0.000375215,-0.284138241,0.661770430,0.744280027,0.015972821,-0.045025193,-0.666156770,-1.360576909,0.138691647,-0.063064125,1.343419310,0.002370383,0.022150399,-1.382707120,-0.139784397,0.188363132,1.373273882,-0.006484625,0.005451711,-0.046675862,0.523599000,0.000000000,0.000000000,0.000000000,0.000000000,0.000000000,0.000000000,0.000000000,0.000000000,0.000000000,0.000000000,0.000000000,0.000000000,0.000000000,0.000000000,0.000000000,0.000000000
0.000354963,-0.284131557,0.661797642,0.744405007,0.015691351,-0.045078407,-0.666020198,-1.359812207,0.139095474,-0.063483046,1.342789102,0.001862358,0.023585735,-1.381522906,-0.139769195,0.188292524,1.372478050,-0.007057082,0.005779111,-0.046495584,0.523599000,0.000000000,0.000000000,0.000000000,0.000000000,0.000000000,0.000000000,0.000000000,0.000000000,0.000000000,0.000000000,0.000000000,0.000000000,0.000000000,0.000000000,0.000000000,0.000000000
0.000334487,-0.284080536,0.661820954,0.744478156,0.015239251,-0.045429812,-0.665925051,-1.357877091,0.139220566,-0.063890400,1.341438655,0.001344685,0.024997331,-1.379569534,-0.139869523,0.188738293,1.371318911,-0.007637452,0.006058102,-0.045849497,0.523599000,0.000000000,0.000000000,0.000000000,0.000000000,0.000000000,0.000000000,0.000000000,0.000000000,0.000000000,0.000000000,0.000000000,0.000000000,0.000000000,0.000000000,0.000000000,0.000000000
0.000325916,-0.284077529,0.661847670,0.744515306,0.015149680,-0.045202771,-0.665901011,-1.357495519,0.139525198,-0.064339983,1.340182246,0.000821515,0.026361777,-1.378990572,-0.139626807,0.188281989,1.370274764,-0.008202818,0.006391627,-0.046160586,0.523599000,0.000000000,0.000000000,0.000000000,0.000000000,0.000000000,0.000000000,0.000000000,0.000000000,0.000000000,0.000000000,0.000000000,0.000000000,0.000000000,0.000000000,0.000000000,0.000000000
0.000316710,-0.284076989,0.661867351,0.744582525,0.015260595,-0.045059130,-0.665833052,-1.357009272,0.139324207,-0.064573456,1.338575901,0.000290304,0.027714805,-1.378717578,-0.139562240,0.188273842,1.369232545,-0.008774580,0.006726866,-0.045860413,0.523599000,0.000000000,0.000000000,0.000000000,0.000000000,0.000000000,0.000000000,0.000000000,0.000000000,0.000000000,0.000000000,0.000000000,0.000000000,0.000000000,0.000000000,0.000000000,0.000000000
0.000303201,-0.284038331,0.661898137,0.744675754,0.015186433,-0.045349770,-0.665710742,-1.355072574,0.138812407,-0.064283605,1.336752477,-0.000179683,0.029039109,-1.376958940,-0.139981892,0.188773865,1.368013649,-0.009279192,0.007036848,-0.045266856,0.523599000,0.000000000,0.000000000,0.000000000,0.000000000,0.000000000,0.000000000,0.000000000,0.000000000,0.000000000,0.000000000,0.000000000,0.000000000,0.000000000,0.000000000,0.000000000,0.000000000
0.000296972,-0.284106169,0.661920196,0.744846387,0.015811442,-0.044601119,-0.665555856,-1.356470776,0.138571044,-0.064266286,1.335675214,-0.000669474,0.030374933,-1.378484494,-0.139705993,0.189055461,1.367627133,-0.009829409,0.007378401,-0.045171353,0.523599000,0.000000000,0.000000000,0.000000000,0.000000000,0.000000000,0.000000000,0.000000000,0.000000000,0.000000000,0.000000000,0.000000000,0.000000000,0.000000000,0.000000000,0.000000000,0.000000000
0.000293355,-0.284185888,0.661930049,0.744995008,0.016604699,-0.043687317,-0.665430793,-1.358397388,0.138248730,-0.064313030,1.334414614,-0.001189709,0.031699849,-1.380523946,-0.139366935,0.189602320,1.367286329,-0.010370961,0.007695950,-0.045519133,0.523599000,0.000000000,0.000000000,0.000000000,0.000000000,0.000000000,0.000000000,0.000000000,0.000000000,0.000000000,0.000000000,0.000000000,0.000000000,0.000000000,0.000000000,0.000000000,0.000000000
0.000279036,-0.284165632,0.661928800,0.745093091,0.016646660,-0.043851416,-0.665309122,-1.357447947,0.137953515,-0.063471862,1.333127461,-0.001710523,0.032973239,-1.380104460,-0.139472773,0.189677965,1.367202096,-0.010923578,0.008059531,-0.044962811,0.523599000,0.000000000,0.000000000,0.000000000,0.000000000,0.000000000,0.000000000,0.000000000,0.000000000,0.000000000,0.000000000,0.000000000,0.000000000,0.000000000,0.000000000,0.000000000,0.000000000
0.000270826,-0.284153159,0.661929622,0.745120240,0.016606634,-0.043768143,-0.665285200,-1.357493421,0.137959599,-0.063610179,1.331794894,-0.002378314,0.034294134,-1.379985416,-0.139169919,0.189512267,1.366536792,-0.011536178,0.008398320,-0.045124654,0.523599000,0.000000000,0.000000000,0.000000000,0.000000000,0.000000000,0.000000000,0.000000000,0.000000000,0.000000000,0.000000000,0.000000000,0.000000000,0.000000000,0.000000000,0.000000000,0.000000000
0.000269028,-0.284137857,0.661942045,0.745093538,0.016759339,-0.043982105,-0.665297166,-1.356889294,0.137583607,-0.063214251,1.330061002,-0.003052755,0.035601948,-1.379527080,-0.139523311,0.189643064,1.365880674,-0.012089990,0.008729891,-0.045086990,0.523599000,0.000000000,0.000000000,0.000000000,0.000000000,0.000000000,0.000000000,0.000000000,0.000000000,0.000000000,0.000000000,0.000000000,0.000000000,0.000000000,0.000000000,0.000000000,0.000000000
0.000275685,-0.284132458,0.661945191,0.745073187,0.016707646,-0.043970685,-0.665322012,-1.356967489,0.137734346,-0.063302526,1.329304652,-0.003701204,0.036936301,-1.379266815,-0.139698898,0.188989898,1.365713265,-0.012645197,0.009071141,-0.045258180,0.523599000,0.000000000,0.000000000,0.000000000,0.000000000,0.000000000,0.000000000,0.000000000,0.000000000,0.000000000,0.000000000,0.000000000,0.000000000,0.000000000,0.000000000,0.000000000,0.000000000
0.000283108,-0.284162594,0.661946493,0.745054071,0.017064115,-0.043633766,-0.665356552,-1.357872014,0.138048804,-0.063104009,1.329287078,-0.004204218,0.038282790,-1.380226217,-0.140059776,0.188308660,1.366616431,-0.013115120,0.009410043,-0.045447388,0.523599000,0.000000000,0.000000000,0.000000000,0.000000000,0.000000000,0.000000000,0.000000000,0.000000000,0.000000000,0.000000000,0.000000000,0.000000000,0.000000000,0.000000000,0.000000000,0.000000000
0.000301517,-0.284178069,0.661935877,0.745004016,0.017113115,-0.043215951,-0.665438606,-1.358917492,0.138643224,-0.063326509,1.329691637,-0.004720230,0.039604343,-1.380797090,-0.140292920,0.187176033,1.367161457,-0.013616832,0.009722830,-0.045544218,0.523599000,0.000000000,0.000000000,0.000000000,0.000000000,0.000000000,0.000000000,0.000000000,0.000000000,0.000000000,0.000000000,0.000000000,0.000000000,0.000000000,0.000000000,0.000000000,0.000000000
0.000334599,-0.284177962,0.661924271,0.744887432,0.016628693,-0.042601046,-0.665621026,-1.359996933,0.139550141,-0.064873696,1.330863281,-0.005196967,0.040913616,-1.380635937,-0.139914398,0.184788872,1.367752410,-0.014110565,0.010046293,-0.045690028,0.523599000,0.000000000,0.000000000,0.000000000,0.000000000,0.000000000,0.000000000,0.000000000,0.000000000,0.000000000,0.000000000,0.000000000,0.000000000,0.000000000,0.000000000,0.000000000,0.000000000
0.000370519,-0.284162774,0.661908981,0.744734125,0.016076621,-0.042420085,-0.665817665,-1.360011085,0.140487907,-0.065934142,1.332088899,-0.005636067,0.042232584,-1.380288943,-0.139587181,0.182621759,1.368753269,-0.014634177,0.010377583,-0.045503186,0.523599000,0.000000000,0.000000000,0.000000000,0.000000000,0.000000000,0.000000000,0.000000000,0.000000000,0.000000000,0.000000000,0.000000000,0.000000000,0.000000000,0.000000000,0.000000000,0.000000000
0.000413099,-0.284178946,0.661898781,0.744609021,0.015722217,-0.041856931,-0.666001663,-1.360874773,0.141517233,-0.067232185,1.333405208,-0.006037113,0.043550267,-1.380937206,-0.138984757,0.180987541,1.369992369,-0.015161778,0.010645525,-0.045658207,0.523599000,0.000000000,0.000000000,0.000000000,0.000000000,0.000000000,0.000000000,0.000000000,0.000000000,0.000000000,0.000000000,0.000000000,0.000000000,0.000000000,0.000000000,0.000000000,0.000000000
0.000461946,-0.284158879,0.661886177,0.744418209,0.015172845,-0.041733898,-0.666235391,-1.360570626,0.142511327,-0.068352025,1.334917839,-0.006397769,0.044867001,-1.380824952,-0.138832923,0.179439572,1.371410680,-0.015676433,0.010875080,-0.045898974,0.523599000,0.000000000,0.000000000,0.000000000,0.000000000,0.000000000,0.000000000,0.000000000,0.000000000,0.000000000,0.000000000,0.000000000,0.000000000,0.000000000,0.000000000,0.000000000,0.000000000
0.000517519,-0.284170423,0.661871155,0.744269723,0.014775326,-0.041310648,-0.666436568,-1.360998860,0.143391411,-0.069774695,1.335623376,-0.006850696,0.046175556,-1.381710689,-0.138213166,0.177949351,1.373523295,-0.016194010,0.011110624,-0.045229666,0.523599000,0.000000000,0.000000000,0.000000000,0.000000000,0.000000000,0.000000000,0.000000000,0.000000000,0.000000000,0.000000000,0.000000000,0.000000000,0.000000000,0.000000000,0.000000000,0.000000000
0.000564277,-0.284205330,0.661854204,0.744142333,0.014421138,-0.040847893,-0.666615083,-1.361563683,0.144226670,-0.071161752,1.337263527,-0.007188705,0.047462433,-1.382962278,-0.137265914,0.176591876,1.376866461,-0.016654575,0.011348298,-0.045310613,0.523599000,0.000000000,0.000000000,0.000000000,0.000000000,0.000000000,0.000000000,0.000000000,0.000000000,0.000000000,0.000000000,0.000000000,0.000000000,0.000000000,0.000000000,0.000000000,0.000000000
0.000598757,-0.284216528,0.661827839,0.744042651,0.013643867,-0.040722873,-0.666750348,-1.361371456,0.145035837,-0.072584870,1.338718257,-0.007613691,0.048710596,-1.383407469,-0.136127228,0.174935809,1.380671921,-0.017140995,0.011598532,-0.045517278,0.523599000,0.000000000,0.000000000,0.000000000,0.000000000,0.000000000,0.000000000,0.000000000,0.000000000,0.000000000,0.000000000,0.000000000,0.000000000,0.000000000,0.000000000,0.000000000,0.000000000
0.000612182,-0.284270111,0.661827596,0.744058674,0.013141342,-0.040388498,-0.666762899,-1.361120395,0.145785737,-0.073704271,1.339617715,-0.007936846,0.049962050,-1.384029918,-0.134948270,0.173723263,1.384839938,-0.017534854,0.011840739,-0.046149232,0.523599000,0.000000000,0.000000000,0.000000000,0.000000000,0.000000000,0.000000000,0.000000000,0.000000000,0.000000000,0.000000000,0.000000000,0.000000000,0.000000000,0.000000000,0.000000000,0.000000000
0.000608150,-0.284365365,0.661817820,0.744161326,0.013076811,-0.039836770,-0.666682795,-1.361800163,0.146484679,-0.074528655,1.340532638,-0.008249349,0.051240639,-1.386385822,-0.133997757,0.172941290,1.390868712,-0.017871457,0.012055121,-0.047019039,0.523599000,0.000000000,0.000000000,0.000000000,0.000000000,0.000000000,0.000000000,0.000000000,0.000000000,0.000000000,0.000000000,0.000000000,0.000000000,0.000000000,0.000000000,0.000000000,0.000000000
0.000578119,-0.284417002,0.661775533,0.744320453,0.012505005,-0.040027865,-0.666504657,-1.361148630,0.147480652,-0.074466139,1.342332887,-0.008562548,0.052492809,-1.388165744,-0.133331013,0.171795855,1.399509868,-0.018184266,0.012292898,-0.048217980,0.523599000,0.000000000,0.000000000,0.000000000,0.000000000,0.000000000,0.000000000,0.000000000,0.000000000,0.000000000,0.000000000,0.000000000,0.000000000,0.000000000,0.000000000,0.000000000,0.000000000
0.000535153,-0.284454765,0.661747100,0.744512010,0.011816289,-0.040456793,-0.666277338,-1.359756596,0.148293248,-0.074485873,1.343519190,-0.008917761,0.053757042,-1.389064964,-0.132982664,0.170772263,1.408122688,-0.018455136,0.012504487,-0.049175210,0.523599000,0.000000000,0.000000000,0.000000000,0.000000000,0.000000000,0.000000000,0.000000000,0.000000000,0.000000000,0.000000000,0.000000000,0.000000000,0.000000000,0.000000000,0.000000000,0.000000000
0.000493204,-0.284560124,0.661738180,0.744701612,0.011724544,-0.040309025,-0.666075991,-1.359628567,0.149040077,-0.074616864,1.343961879,-0.009271106,0.055020737,-1.391561661,-0.132671665,0.169359189,1.417385815,-0.018644474,0.012730546,-0.050087087,0.523599000,0.000000000,0.000000000,0.000000000,0.000000000,0.000000000,0.000000000,0.000000000,0.000000000,0.000000000,0.000000000,0.000000000,0.000000000,0.000000000,0.000000000,0.000000000,0.000000000
0.000446324,-0.284626047,0.661720421,0.744850359,0.011123836,-0.040503131,-0.665908176,-1.358615666,0.149907039,-0.074957862,1.344573209,-0.009670754,0.056238798,-1.392537869,-0.132401571,0.167801244,1.427171640,-0.018779675,0.012904554,-0.051441585,0.523599000,0.000000000,0.000000000,0.000000000,0.000000000,0.000000000,0.000000000,0.000000000,0.000000000,0.000000000,0.000000000,0.000000000,0.000000000,0.000000000,0.000000000,0.000000000,0.000000000
0.000385905,-0.284665951,0.661711070,0.744954188,0.010631379,-0.041421490,-0.665743563,-1.356234658,0.149985394,-0.074176944,1.344972147,-0.010096797,0.057373179,-1.392200985,-0.132736107,0.167384572,1.436248473,-0.018899360,0.013048344,-0.052542570,0.523599000,0.000000000,0.000000000,0.000000000,0.000000000,0.000000000,0.000000000,0.000000000,0.000000000,0.000000000,0.000000000,0.000000000,0.000000000,0.000000000,0.000000000,0.000000000,0.000000000
0.000310530,-0.284713133,0.661733588,0.745090362,0.010623655,-0.042106443,-0.665548299,-1.354261290,0.149640078,-0.072968969,1.344142580,-0.010557143,0.058468097,-1.391619578,-0.133187176,0.167830854,1.443785233,-0.018968764,0.013166926,-0.053372154,0.523599000,0.000000000,0.000000000,0.000000000,0.000000000,0.000000000,0.000000000,0.000000000,0.000000000,0.000000000,0.000000000,0.000000000,0.000000000,0.000000000,0.000000000,0.000000000,0.000000000
0.000234393,-0.284752338,0.661761922,0.745201256,0.010645116,-0.042734656,-0.665383738,-1.352583812,0.149322010,-0.071891140,1.343545758,-0.011025193,0.059560656,-1.390410795,-0.133594964,0.168235287,1.449513796,-0.019083905,0.013289568,-0.054322790,0.523599000,0.000000000,0.000000000,0.000000000,0.000000000,0.000000000,0.000000000,0.000000000,0.000000000,0.000000000,0.000000000,0.000000000,0.000000000,0.000000000,0.000000000,0.000000000,0.000000000
0.000144914,-0.284823869,0.661796867,0.745391026,0.011293212,-0.043180042,-0.665131690,-1.351914147,0.148834100,-0.069835659,1.342113253,-0.011580478,0.060651493,-1.390358281,-0.134150660,0.169466645,1.454735730,-0.019222008,0.013426490,-0.054082468,0.523599000,0.000000000,0.000000000,0.000000000,0.000000000,0.000000000,0.000000000,0.000000000,0.000000000,0.000000000,0.000000000,0.000000000,0.000000000,0.000000000,0.000000000,0.000000000,0.000000000
0.000056076,-0.284805555,0.661827440,0.745542913,0.011017216,-0.044163911,-0.664901448,-1.349603374,0.148477279,-0.068341595,1.341325785,-0.012137982,0.061714845,-1.387219825,-0.134969011,0.169849658,1.458377189,-0.019391519,0.013561847,-0.053821217,0.523599000,0.000000000,0.000000000,0.000000000,0.000000000,0.000000000,0.000000000,0.000000000,0.000000000,0.000000000,0.000000000,0.000000000,0.000000000,0.000000000,0.000000000,0.000000000,0.000000000
-0.000039977,-0.284847023,0.661879027,0.745837454,0.011748761,-0.044442144,-0.664539957,-1.349146595,0.147632030,-0.066355481,1.338863331,-0.012764911,0.062802189,-1.386202139,-0.135859867,0.170702943,1.460291494,-0.019616538,0.013747076,-0.052857084,0.523599000,0.000000000,0.000000000,0.000000000,0.000000000,0.000000000,0.000000000,0.000000000,0.000000000,0.000000000,0.000000000,0.000000000,0.000000000,0.000000000,0.000000000,0.000000000,0.000000000
-0.000133086,-0.284842982,0.661904045,0.746159255,0.012324141,-0.045008839,-0.664130022,-1.348506015,0.146907646,-0.063916535,1.336928701,-0.013425106,0.063901236,-1.384753595,-0.137239842,0.172032139,1.461374448,-0.019916660,0.013904273,-0.052222964,0.523599000,0.000000000,0.000000000,0.000000000,0.000000000,0.000000000,0.000000000,0.000000000,0.000000000,0.000000000,0.000000000,0.000000000,0.000000000,0.000000000,0.000000000,0.000000000,0.000000000
-0.000227173,-0.284844200,0.661912623,0.746565049,0.012877668,-0.045532455,-0.663627598,-1.348812450,0.145971131,-0.061723266,1.337112795,-0.013998887,0.065026589,-1.383688769,-0.138638917,0.173718389,1.462230139,-0.020282337,0.014059487,-0.051454122,0.523599000,0.000000000,0.000000000,0.000000000,0.000000000,0.000000000,0.000000000,0.000000000,0.000000000,0.000000000,0.000000000,0.000000000,0.000000000,0.000000000,0.000000000,0.000000000,0.000000000
-0.000313417,-0.284874206,0.661919464,0.746980847,0.013610472,-0.045859631,-0.663122360,-1.349880854,0.145181039,-0.059266105,1.336800624,-0.014680034,0.066149803,-1.383326440,-0.140319961,0.175627112,1.462995088,-0.020670013,0.014195520,-0.051386520,0.523599000,0.000000000,0.000000000,0.000000000,0.000000000,0.000000000,0.000000000,0.000000000,0.000000000,0.000000000,0.000000000,0.000000000,0.000000000,0.000000000,0.000000000,0.000000000,0.000000000
-0.000386711,-0.284903975,0.661923539,0.747404617,0.014544527,-0.046352059,-0.662590584,-1.350855647,0.143919955,-0.056527697,1.337314831,-0.015265784,0.067290286,-1.383019300,-0.142278943,0.178194121,1.464207798,-0.021025921,0.014342460,-0.051588810,0.523599000,0.000000000,0.000000000,0.000000000,0.000000000,0.000000000,0.000000000,0.000000000,0.000000000,0.000000000,0.000000000,0.000000000,0.000000000,0.000000000,0.000000000,0.000000000,0.000000000
-0.000432419,-0.284960441,0.661935560,0.747819785,0.015743880,-0.046255134,-0.662101323,-1.352936822,0.142492444,-0.054573257,1.337467938,-0.015840932,0.068459456,-1.383809069,-0.144103952,0.180647068,1.463814919,-0.021466367,0.014490559,-0.051968301,0.523599000,0.000000000,0.000000000,0.000000000,0.000000000,0.000000000,0.000000000,0.000000000,0.000000000,0.000000000,0.000000000,0.000000000,0.000000000,0.000000000,0.000000000,0.000000000,0.000000000
-0.000458891,-0.285010307,0.661927421,0.748105783,0.017210809,-0.046637496,-0.661714795,-1.354706879,0.140473933,-0.051480570,1.337511627,-0.016529853,0.069551391,-1.385391315,-0.146514637,0.184286641,1.464683121,-0.021914928,0.014605071,-0.052749200,0.523599000,0.000000000,0.000000000,0.000000000,0.000000000,0.000000000,0.000000000,0.000000000,0.000000000,0.000000000,0.000000000,0.000000000,0.000000000,0.000000000,0.000000000,0.000000000,0.000000000
-0.000444107,-0.285049227,0.661900439,0.748269793,0.018439566,-0.046894009,-0.661478081,-1.357176368,0.138423035,-0.049016061,1.337591739,-0.017391280,0.070590839,-1.387056766,-0.149051888,0.186992893,1.465678290,-0.022381689,0.014728930,-0.053349814,0.523599000,0.000000000,0.000000000,0.000000000,0.000000000,0.000000000,0.000000000,0.000000000,0.000000000,0.000000000,0.000000000,0.000000000,0.000000000,0.000000000,0.000000000,0.000000000,0.000000000
-0.000400828,-0.285158952,0.661854628,0.748411258,0.020624000,-0.046589322,-0.661275037,-1.362221236,0.135873239,-0.045473184,1.337899219,-0.018332921,0.071523971,-1.391692440,-0.151386149,0.191476153,1.467030107,-0.022881515,0.014814469,-0.054411724,0.523599000,0.000000000,0.000000000,0.000000000,0.000000000,0.000000000,0.000000000,0.000000000,0.000000000,0.000000000,0.000000000,0.000000000,0.000000000,0.000000000,0.000000000,0.000000000,0.000000000
-0.000329232,-0.285324815,0.661772496,0.748544761,0.023081641,-0.045402497,-0.661125246,-1.370643223,0.133626912,-0.041732270,1.339125141,-0.019448886,0.072298558,-1.398383905,-0.153096809,0.195662740,1.469268213,-0.023380227,0.014899706,-0.055595732,0.523599000,0.000000000,0.000000000,0.000000000,0.000000000,0.000000000,0.000000000,0.000000000,0.000000000,0.000000000,0.000000000,0.000000000,0.000000000,0.000000000,0.000000000,0.000000000,0.000000000
-0.000230218,-0.285594199,0.661634615,0.748659482,0.026464254,-0.043710242,-0.660982631,-1.382918879,0.131281236,-0.037064853,1.342930215,-0.020650591,0.073027668,-1.409164091,-0.154678298,0.201100197,1.472939399,-0.023973927,0.014968003,-0.057124762,0.523599000,0.000000000,0.000000000,0.000000000,0.000000000,0.000000000,0.000000000,0.000000000,0.000000000,0.000000000,0.000000000,0.000000000,0.000000000,0.000000000,0.000000000,0.000000000,0.000000000
-0.000074272,-0.285959193,0.661454089,0.748812640,0.030247532,-0.040847261,-0.660829947,-1.400184605,0.129913369,-0.031903679,1.348892874,-0.022053378,0.073639530,-1.423452673,-0.157009315,0.205280340,1.478004539,-0.024600997,0.015011761,-0.056739332,0.523599000,0.000000000,0.000000000,0.000000000,0.000000000,0.000000000,0.000000000,0.000000000,0.000000000,0.000000000,0.000000000,0.000000000,0.000000000,0.000000000,0.000000000,0.000000000,0.000000000
0.000094307,-0.286419884,0.661256461,0.749014401,0.035087012,-0.037676953,-0.660550359,-1.419963227,0.129191398,-0.024182097,1.355092922,-0.023563024,0.074250301,-1.440982278,-0.160158386,0.210690370,1.483804371,-0.025269389,0.015059612,-0.056198878,0.523599000,0.000000000,0.000000000,0.000000000,0.000000000,0.000000000,0.000000000,0.000000000,0.000000000,0.000000000,0.000000000,0.000000000,0.000000000,0.000000000,0.000000000,0.000000000,0.000000000
0.000302950,-0.287182257,0.661015501,0.749320789,0.041953348,-0.031874250,-0.660107797,-1.449301251,0.130582328,-0.014656975,1.363046259,-0.025312181,0.074809259,-1.468582527,-0.162456005,0.216261811,1.493266705,-0.026058177,0.015075298,-0.058459216,0.523599000,0.000000000,0.000000000,0.000000000,0.000000000,0.000000000,0.000000000,0.000000000,0.000000000,0.000000000,0.000000000,0.000000000,0.000000000,0.000000000,0.000000000,0.000000000,0.000000000
0.000598000,-0.288356406,0.660723478,0.749738135,0.051268604,-0.021639862,-0.659390609,-1.493194054,0.133730218,-0.005787347,1.369402281,-0.027846947,0.075269773,-1.508794985,-0.163176344,0.220118697,1.503068394,-0.027074356,0.015087470,-0.058161604,0.523599000,0.000000000,0.000000000,0.000000000,0.000000000,0.000000000,0.000000000,0.000000000,0.000000000,0.000000000,0.000000000,0.000000000,0.000000000,0.000000000,0.000000000,0.000000000,0.000000000
0.000847147,-0.289621602,0.661017538,0.749378882,0.058207373,-0.012268471,-0.659463932,-1.536609352,0.140200272,0.002090043,1.375249923,-0.031126140,0.075633902,-1.544579669,-0.161893366,0.220869379,1.510843670,-0.028258460,0.015198257,-0.055049402,0.523599000,0.000000000,0.000000000,0.000000000,0.000000000,0.000000000,0.000000000,0.000000000,0.000000000,0.000000000,0.000000000,0.000000000,0.000000000,0.000000000,0.000000000,0.000000000,0.000000000
0.001417668,-0.291366280,0.660830529,0.749265828,0.067399594,0.001728475,-0.658828526,-1.595073247,0.146368836,0.006279732,1.379800106,-0.034971605,0.076046272,-1.592042520,-0.158525810,0.220336280,1.515391212,-0.029640596,0.015324341,-0.049879420,0.523599000,0.000000000,0.000000000,0.000000000,0.000000000,0.000000000,0.000000000,0.000000000,0.000000000,0.000000000,0.000000000,0.000000000,0.000000000,0.000000000,0.000000000,0.000000000,0.000000000
0.002310826,-0.293898895,0.660917415,0.749042775,0.076817234,0.016086080,-0.657856574,-1.652879222,0.150672379,0.009328478,1.378757505,-0.038930950,0.076507238,-1.638853511,-0.154189596,0.222652583,1.517724831,-0.031013163,0.015430234,-0.044412330,0.523599000,0.000000000,0.000000000,0.000000000,0.000000000,0.000000000,0.000000000,0.000000000,0.000000000,0.000000000,0.000000000,0.000000000,0.000000000,0.000000000,0.000000000,0.000000000,0.000000000
0.003687998,-0.297586752,0.661532127,0.748961335,0.083525958,0.026691358,-0.656786042,-1.694975649,0.152587123,0.013462353,1.379947294,-0.042061037,0.077020081,-1.669645903,-0.152099362,0.228494040,1.521286168,-0.032036264,0.015562942,-0.040080910,0.523599000,0.000000000,0.000000000,0.000000000,0.000000000,0.000000000,0.000000000,0.000000000,0.000000000,0.000000000,0.000000000,0.000000000,0.000000000,0.000000000,0.000000000,0.000000000,0.000000000
0.005422974,-0.302977715,0.662967882,0.749304695,0.088971825,0.038747176,-0.655076442,-1.727313897,0.154649234,0.013168551,1.381571735,-0.043750097,0.078014007,-1.688333706,-0.150456749,0.231241293,1.522595794,-0.032628955,0.015797579,-0.034481093,0.523599000,0.000000000,0.000000000,0.000000000,0.000000000,0.000000000,0.000000000,0.000000000,0.000000000,0.000000000,0.000000000,0.000000000,0.000000000,0.000000000,0.000000000,0.000000000,0.000000000
0.007137803,-0.308784357,0.664846633,0.750274943,0.090556341,0.046639488,-0.653231825,-1.741330309,0.152740356,0.009662092,1.387414745,-0.044242699,0.079206171,-1.687921131,-0.149640268,0.234546025,1.527785887,-0.032868129,0.016096381,-0.026290583,0.523599000,0.000000000,0.000000000,0.000000000,0.000000000,0.000000000,0.000000000,0.000000000,0.000000000,0.000000000,0.000000000,0.000000000,0.000000000,0.000000000,0.000000000,0.000000000,0.000000000
0.008622349,-0.314088552,0.666800748,0.751573249,0.090394836,0.053126739,-0.651263368,-1.747546951,0.148397518,0.002525531,1.394363831,-0.044055954,0.080566001,-1.678335035,-0.148441945,0.236764665,1.531918619,-0.032927466,0.016441139,-0.017768929,0.523599000,0.000000000,0.000000000,0.000000000,0.000000000,0.000000000,0.000000000,0.000000000,0.000000000,0.000000000,0.000000000,0.000000000,0.000000000,0.000000000,0.000000000,0.000000000,0.000000000
0.009685822,-0.317754832,0.668354826,0.753252155,0.085696096,0.053711277,-0.649909585,-1.739303420,0.142722837,-0.006146994,1.405123384,-0.043492465,0.081980408,-1.655519438,-0.148147557,0.237209968,1.540613696,-0.032893856,0.016799031,-0.008390081,0.523599000,0.000000000,0.000000000,0.000000000,0.000000000,0.000000000,0.000000000,0.000000000,0.000000000,0.000000000,0.000000000,0.000000000,0.000000000,0.000000000,0.000000000,0.000000000,0.000000000
0.010480159,-0.320020811,0.669833531,0.755276000,0.078104281,0.051470638,-0.648697663,-1.719061626,0.135646531,-0.016677594,1.413269552,-0.042418213,0.083456334,-1.620456416,-0.146259528,0.236757818,1.543627876,-0.032809930,0.017201497,-0.000218747,0.523599000,0.000000000,0.000000000,0.000000000,0.000000000,0.000000000,0.000000000,0.000000000,0.000000000,0.000000000,0.000000000,0.000000000,0.000000000,0.000000000,0.000000000,0.000000000,0.000000000
0.011081923,-0.321141176,0.671629580,0.757711640,0.068353682,0.045116789,-0.647429780,-1.679546218,0.126941489,-0.024802366,1.413082175,-0.040768829,0.084968211,-1.568261922,-0.145474148,0.236018695,1.535761298,-0.032659910,0.017723444,0.006335232,0.523599000,0.000000000,0.000000000,0.000000000,0.000000000,0.000000000,0.000000000,0.000000000,0.000000000,0.000000000,0.000000000,0.000000000,0.000000000,0.000000000,0.000000000,0.000000000,0.000000000
0.011863847,-0.322450348,0.674389060,0.760361077,0.059217113,0.039826101,-0.645568158,-1.635651141,0.115451758,-0.033067746,1.403254025,-0.039128330,0.086340524,-1.509736337,-0.142313489,0.235672733,1.519988478,-0.032451545,0.018327000,0.013813312,0.523599000,0.000000000,0.000000000,0.000000000,0.000000000,0.000000000,0.000000000,0.000000000,0.000000000,0.000000000,0.000000000,0.000000000,0.000000000,0.000000000,0.000000000,0.000000000,0.000000000
0.013020845,-0.324535118,0.679005092,0.763151813,0.051514952,0.034189894,-0.643254670,-1.582651709,0.101469052,-0.036937411,1.386747313,-0.037053550,0.087464296,-1.444928648,-0.139735593,0.237438155,1.494469732,-0.032314341,0.018994404,0.019048530,0.523599000,0.000000000,0.000000000,0.000000000,0.000000000,0.000000000,0.000000000,0.000000000,0.000000000,0.000000000,0.000000000,0.000000000,0.000000000,0.000000000,0.000000000,0.000000000,0.000000000
0.015144432,-0.328610811,0.686262885,0.765884125,0.046557017,0.033313496,-0.640424985,-1.530955450,0.089080957,-0.039714399,1.358134151,-0.035087491,0.088480888,-1.379972123,-0.135403999,0.236518896,1.455734638,-0.032269957,0.019853321,0.024054257,0.523599000,0.000000000,0.000000000,0.000000000,0.000000000,0.000000000,0.000000000,0.000000000,0.000000000,0.000000000,0.000000000,0.000000000,0.000000000,0.000000000,0.000000000,0.000000000,0.000000000
0.018766997,-0.335548260,0.700474003,0.768943181,0.037485398,0.028094836,-0.637598549,-1.455325525,0.072968024,-0.046698688,1.324963290,-0.033398020,0.089547560,-1.293003897,-0.128677332,0.235456225,1.412182936,-0.032563284,0.020642567,0.025373832,0.523599000,0.000000000,0.000000000,0.000000000,0.000000000,0.000000000,0.000000000,0.000000000,0.000000000,0.000000000,0.000000000,0.000000000,0.000000000,0.000000000,0.000000000,0.000000000,0.000000000
0.024927496,-0.346649804,0.724702486,0.771666315,0.030516684,0.022100719,-0.634910536,-1.357828880,0.049506047,-0.054817678,1.270050639,-0.032790419,0.090423627,-1.187719866,-0.121782191,0.239696651,1.351362677,-0.033380028,0.021131766,0.025168383,0.523599000,0.000000000,0.000000000,0.000000000,0.000000000,0.000000000,0.000000000,0.000000000,0.000000000,0.000000000,0.000000000,0.000000000,0.000000000,0.000000000,0.000000000,0.000000000,0.000000000
0.033723585,-0.363468196,0.755351648,0.772836485,0.029219274,0.024226480,-0.633469083,-1.278505591,0.026298420,-0.067715513,1.220484489,-0.032863376,0.090830867,-1.105881511,-0.115248959,0.239660408,1.296184136,-0.034511846,0.021298786,0.026151539,0.478385214,0.000000000,0.000000000,0.000000000,0.000000000,0.000000000,0.000000000,0.000000000,0.000000000,0.000000000,0.000000000,0.000000000,0.000000000,0.000000000,0.000000000,0.000000000,0.000000000
0.044725011,-0.386355166,0.788006301,0.772745054,0.033672282,0.032283052,-0.633000050,-1.202997648,0.000808342,-0.086989794,1.156823868,-0.033458113,0.090992674,-1.023230284,-0.105657177,0.243283627,1.224273062,-0.035522637,0.021360077,0.031494163,0.396193742,0.000000000,0.000000000,0.000000000,0.000000000,0.000000000,0.000000000,0.000000000,0.000000000,0.000000000,0.000000000,0.000000000,0.000000000,0.000000000,0.000000000,0.000000000,0.000000000
0.056020737,-0.414873362,0.817091441,0.772611154,0.045291402,0.036334177,-0.632218728,-1.109898831,-0.037650881,-0.100474713,1.086946190,-0.031245073,0.090404020,-0.955669031,-0.114736935,0.258451317,1.166730837,-0.036308294,0.021185269,0.034499124,0.297433516,0.000000000,0.000000000,0.000000000,0.000000000,0.000000000,0.000000000,0.000000000,0.000000000,0.000000000,0.000000000,0.000000000,0.000000000,0.000000000,0.000000000,0.000000000,0.000000000
0.066163707,-0.445980462,0.839397868,0.773686255,0.054572251,0.040370885,-0.629921932,-1.017459725,-0.074805388,-0.128435614,1.016443777,-0.027958633,0.089900072,-0.880838062,-0.118737489,0.275015622,1.103533395,-0.036899815,0.021152650,0.036442916,0.198466860,0.000000000,0.000000000,0.000000000,0.000000000,0.000000000,0.000000000,0.000000000,0.000000000,0.000000000,0.000000000,0.000000000,0.000000000,0.000000000,0.000000000,0.000000000,0.000000000
0.074391505,-0.476616900,0.854073760,0.775334407,0.061815126,0.041341355,-0.627157348,-0.940620744,-0.111050752,-0.161344166,0.960228246,-0.026577476,0.088681124,-0.828869794,-0.121854962,0.288989861,1.061017418,-0.040194911,0.021434648,0.032067977,0.135539917,0.000000000,0.000000000,0.000000000,0.000000000,0.000000000,0.000000000,0.000000000,0.000000000,0.000000000,0.000000000,0.000000000,0.000000000,0.000000000,0.000000000,0.000000000,0.000000000
0.081080573,-0.504714964,0.862256654,0.777757670,0.068514547,0.038543085,-0.623629051,-0.883870526,-0.146330428,-0.189708579,0.925412490,-0.028206577,0.087611290,-0.799653286,-0.132337113,0.296324840,1.045159438,-0.046252098,0.021802604,0.022602595,0.104488423,0.000000000,0.000000000,0.000000000,0.000000000,0.000000000,0.000000000,0.000000000,0.000000000,0.000000000,0.000000000,0.000000000,0.000000000,0.000000000,0.000000000,0.000000000,0.000000000
0.086142931,-0.526953067,0.863313354,0.781140413,0.071119694,0.035056865,-0.619300137,-0.831937823,-0.178454223,-0.229355712,0.896394850,-0.029296545,0.086617253,-0.775998506,-0.137739485,0.291238874,1.033782664,-0.053079680,0.023828251,0.012280522,0.074232287,0.000000000,0.000000000,0.000000000,0.000000000,0.000000000,0.000000000,0.000000000,0.000000000,0.000000000,0.000000000,0.000000000,0.000000000,0.000000000,0.000000000,0.000000000,0.000000000
0.089506858,-0.542511811,0.858680788,0.784998432,0.074636319,0.029040462,-0.614299221,-0.787211656,-0.214807103,-0.268996551,0.871133176,-0.029210237,0.084738386,-0.771137903,-0.138465511,0.285579439,1.038539315,-0.061701549,0.028856123,-0.004413936,0.065339239,0.000000000,0.000000000,0.000000000,0.000000000,0.000000000,0.000000000,0.000000000,0.000000000,0.000000000,0.000000000,0.000000000,0.000000000,0.000000000,0.000000000,0.000000000,0.000000000
0.090800862,-0.549229492,0.848607578,0.787362988,0.078104884,0.020732748,-0.611170439,-0.745876960,-0.254924393,-0.309783801,0.856468087,-0.023423491,0.080991966,-0.794748650,-0.138376113,0.282061580,1.040601083,-0.075299927,0.034212993,-0.020213388,0.060467723,0.000000000,0.000000000,0.000000000,0.000000000,0.000000000,0.000000000,0.000000000,0.000000000,0.000000000,0.000000000,0.000000000,0.000000000,0.000000000,0.000000000,0.000000000,0.000000000
0.090686754,-0.548603872,0.834984367,0.787930817,0.080164268,0.014368940,-0.610354201,-0.713713168,-0.286426841,-0.346476795,0.850415963,-0.014266644,0.076458581,-0.829377625,-0.125624316,0.281762908,1.021036002,-0.090133262,0.040342058,-0.037777528,0.060441481,0.000000000,0.000000000,0.000000000,0.000000000,0.000000000,0.000000000,0.000000000,0.000000000,0.000000000,0.000000000,0.000000000,0.000000000,0.000000000,0.000000000,0.000000000,0.000000000
0.089640961,-0.541462769,0.819576696,0.787954549,0.083231559,0.010038143,-0.609999485,-0.685994853,-0.310101627,-0.378700824,0.836773344,-0.002780484,0.072368523,-0.864845686,-0.107851557,0.290317872,0.967143817,-0.104946868,0.046306192,-0.041846525,0.061894319,0.000000000,0.000000000,0.000000000,0.000000000,0.000000000,0.000000000,0.000000000,0.000000000,0.000000000,0.000000000,0.000000000,0.000000000,0.000000000,0.000000000,0.000000000,0.000000000
0.087742413,-0.527798655,0.804383791,0.788502214,0.087001544,0.009727887,-0.608769545,-0.675800401,-0.315438904,-0.382455519,0.823536020,0.010923142,0.067296974,-0.885863915,-0.086068664,0.317076980,0.880821995,-0.118241372,0.051763811,-0.030588416,0.059466850,0.000000000,0.000000000,0.000000000,0.000000000,0.000000000,0.000000000,0.000000000,0.000000000,0.000000000,0.000000000,0.000000000,0.000000000,0.000000000,0.000000000,0.000000000,0.000000000
0.085488818,-0.509807777,0.791720789,0.789452755,0.091396022,0.009241862,-0.606898429,-0.665148307,-0.316965076,-0.378864191,0.801869392,0.026789915,0.062079216,-0.896429274,-0.066678143,0.366632299,0.777893708,-0.133367161,0.056896176,-0.017948737,0.059418936,0.000000000,0.000000000,0.000000000,0.000000000,0.000000000,0.000000000,0.000000000,0.000000000,0.000000000,0.000000000,0.000000000,0.000000000,0.000000000,0.000000000,0.000000000,0.000000000
0.083791763,-0.491397467,0.782647241,0.788750107,0.094092321,0.012764222,-0.607335969,-0.670603951,-0.290854367,-0.319626546,0.811595946,0.050826244,0.055390386,-0.893778498,-0.031657488,0.434120839,0.678738011,-0.147204148,0.066939511,-0.000455493,0.055141685,0.000000000,0.000000000,0.000000000,0.000000000,0.000000000,0.000000000,0.000000000,0.000000000,0.000000000,0.000000000,0.000000000,0.000000000,0.000000000,0.000000000,0.000000000,0.000000000
0.082085447,-0.468574243,0.777833709,0.789135467,0.094315509,0.012157478,-0.606812983,-0.659405878,-0.272547395,-0.269970010,0.824261203,0.079070502,0.048537135,-0.880281159,-0.006578727,0.496288075,0.607602638,-0.153983684,0.081557579,0.019349466,0.061232777,0.000000000,0.000000000,0.000000000,0.000000000,0.000000000,0.000000000,0.000000000,0.000000000,0.000000000,0.000000000,0.000000000,0.000000000,0.000000000,0.000000000,0.000000000,0.000000000
0.079241927,-0.442146619,0.775666175,0.790495049,0.092382123,0.009355272,-0.605388801,-0.632196272,-0.266128951,-0.251718558,0.830165676,0.106429595,0.043145712,-0.858278151,0.013034121,0.544214350,0.563822301,-0.147725906,0.100789676,0.030557307,0.063175455,0.000000000,0.000000000,0.000000000,0.000000000,0.000000000,0.000000000,0.000000000,0.000000000,0.000000000,0.000000000,0.000000000,0.000000000,0.000000000,0.000000000,0.000000000,0.000000000
0.074567316,-0.415379959,0.775399659,0.791240004,0.093260837,0.007239625,-0.604308911,-0.607526412,-0.262762872,-0.229014031,0.826224843,0.130895215,0.036920199,-0.838414946,0.031059129,0.591992483,0.535961211,-0.132581945,0.123832644,0.039596053,0.066686965,0.000000000,0.000000000,0.000000000,0.000000000,0.000000000,0.000000000,0.000000000,0.000000000,0.000000000,0.000000000,0.000000000,0.000000000,0.000000000,0.000000000,0.000000000,0.000000000
0.069836481,-0.392259782,0.773866260,0.791564131,0.096063575,0.004988684,-0.603467588,-0.575416900,-0.257238737,-0.192428710,0.824046828,0.156335257,0.030785525,-0.824661608,0.043440991,0.636428218,0.517763764,-0.117339711,0.144685450,0.052367053,0.066353258,0.000000000,0.000000000,0.000000000,0.000000000,0.000000000,0.000000000,0.000000000,0.000000000,0.000000000,0.000000000,0.000000000,0.000000000,0.000000000,0.000000000,0.000000000,0.000000000
0.062743727,-0.373859733,0.771485702,0.792679895,0.097555871,0.004504803,-0.601765023,-0.547933333,-0.230921337,-0.128709241,0.828973518,0.180338459,0.025515507,-0.811166060,0.060844777,0.685700783,0.518591055,-0.095512846,0.163124147,0.072053463,0.066396813,0.000000000,0.000000000,0.000000000,0.000000000,0.000000000,0.000000000,0.000000000,0.000000000,0.000000000,0.000000000,0.000000000,0.000000000,0.000000000,0.000000000,0.000000000,0.000000000
0.053664897,-0.363158857,0.768833898,0.796194445,0.099242675,0.004771868,-0.596827049,-0.518827369,-0.197385008,-0.065240215,0.833351007,0.202348094,0.022660123,-0.796135653,0.071471804,0.746565780,0.517730936,-0.076209329,0.172454544,0.087567089,0.060636657,0.000000000,0.000000000,0.000000000,0.000000000,0.000000000,0.000000000,0.000000000,0.000000000,0.000000000,0.000000000,0.000000000,0.000000000,0.000000000,0.000000000,0.000000000,0.000000000
0.041848491,-0.357834858,0.761795682,0.802423479,0.093212997,-0.001547152,-0.589428115,-0.494337896,-0.165866791,-0.021066362,0.875061723,0.220444488,0.020643136,-0.778298848,0.093796424,0.794844506,0.565959635,-0.053632105,0.172830055,0.091297767,0.066151378,0.000000000,0.000000000,0.000000000,0.000000000,0.000000000,0.000000000,0.000000000,0.000000000,0.000000000,0.000000000,0.000000000,0.000000000,0.000000000,0.000000000,0.000000000,0.000000000
0.030733957,-0.359132855,0.755498773,0.805852968,0.091487978,-0.005049644,-0.584983285,-0.474758001,-0.138080106,0.017052080,0.905352744,0.232820277,0.019291745,-0.755685630,0.119180470,0.850881620,0.610256171,-0.028441938,0.175350121,0.101381967,0.062412408,0.000000000,0.000000000,0.000000000,0.000000000,0.000000000,0.000000000,0.000000000,0.000000000,0.000000000,0.000000000,0.000000000,0.000000000,0.000000000,0.000000000,0.000000000,0.000000000
0.022141892,-0.365510761,0.748127781,0.808688309,0.087398693,-0.007368321,-0.581661754,-0.484629407,-0.102552041,0.062164083,0.979099524,0.238952604,0.016653987,-0.721740850,0.165532840,0.903883291,0.677949608,0.001323706,0.189496706,0.124813410,0.053129637,0.000000000,0.000000000,0.000000000,0.000000000,0.000000000,0.000000000,0.000000000,0.000000000,0.000000000,0.000000000,0.000000000,0.000000000,0.000000000,0.000000000,0.000000000,0.000000000
0.016964709,-0.373383420,0.741250996,0.810779092,0.083268353,-0.009116845,-0.579327652,-0.510141813,-0.073104351,0.093827359,1.043930129,0.235229161,0.014174867,-0.680535242,0.207629812,0.941942025,0.732551055,0.026071242,0.208784815,0.143847256,0.054061099,0.000000000,0.000000000,0.000000000,0.000000000,0.000000000,0.000000000,0.000000000,0.000000000,0.000000000,0.000000000,0.000000000,0.000000000,0.000000000,0.000000000,0.000000000,0.000000000
0.016064372,-0.380329461,0.735635537,0.812519725,0.078318670,-0.010346899,-0.577555906,-0.538400905,-0.050998251,0.111366561,1.097776866,0.228688425,0.012546403,-0.635206480,0.236962618,0.972015939,0.766349951,0.045444796,0.226143054,0.161405704,0.055316962,0.000000000,0.000000000,0.000000000,0.000000000,0.000000000,0.000000000,0.000000000,0.000000000,0.000000000,0.000000000,0.000000000,0.000000000,0.000000000,0.000000000,0.000000000,0.000000000
0.017974911,-0.386915210,0.731303043,0.816304910,0.075481318,-0.010510783,-0.572571731,-0.608279670,-0.025403426,0.130638353,1.178105229,0.213886561,0.011570084,-0.593069766,0.254825347,0.993040714,0.794318618,0.061174575,0.242012997,0.184449813,0.068219867,0.000000000,0.000000000,0.000000000,0.000000000,0.000000000,0.000000000,0.000000000,0.000000000,0.000000000,0.000000000,0.000000000,0.000000000,0.000000000,0.000000000,0.000000000,0.000000000
0.021867937,-0.393969206,0.727739804,0.822467266,0.071595395,-0.004269639,-0.564272511,-0.698039116,-0.001771762,0.132671947,1.202217112,0.195476027,0.010100133,-0.547017865,0.273322200,1.014085216,0.806550902,0.075868067,0.256328280,0.212269098,0.063724672,0.000000000,0.000000000,0.000000000,0.000000000,0.000000000,0.000000000,0.000000000,0.000000000,0.000000000,0.000000000,0.000000000,0.000000000,0.000000000,0.000000000,0.000000000,0.000000000
0.025025798,-0.402750220,0.723387869,0.832330528,0.066704886,0.003681246,-0.550238856,-0.774632895,0.033735628,0.121124431,1.179228834,0.179762397,0.010840122,-0.508251765,0.287253682,1.028266285,0.810278148,0.087081576,0.266016819,0.219270978,0.062382406,0.000000000,0.000000000,0.000000000,0.000000000,0.000000000,0.000000000,0.000000000,0.000000000,0.000000000,0.000000000,0.000000000,0.000000000,0.000000000,0.000000000,0.000000000,0.000000000
0.028473677,-0.413651731,0.719029189,0.847044275,0.059150510,0.011430599,-0.528097107,-0.829347723,0.057464584,0.100036885,1.131890219,0.165871386,0.011288146,-0.468670969,0.302637801,1.040646775,0.812428990,0.094818509,0.273462690,0.219119432,0.056787692,0.000000000,0.000000000,0.000000000,0.000000000,0.000000000,0.000000000,0.000000000,0.000000000,0.000000000,0.000000000,0.000000000,0.000000000,0.000000000,0.000000000,0.000000000,0.000000000
0.034246458,-0.424726383,0.711026861,0.864765924,0.048040750,0.007061745,-0.499822083,-0.867368923,0.062453994,0.085527256,1.098783629,0.151523988,0.011349823,-0.421821507,0.330763040,1.037810236,0.862101947,0.100137470,0.280892671,0.221918176,0.078987433,0.000000000,0.000000000,0.000000000,0.000000000,0.000000000,0.000000000,0.000000000,0.000000000,0.000000000,0.000000000,0.000000000,0.000000000,0.000000000,0.000000000,0.000000000,0.000000000
0.043318279,-0.436737110,0.708547572,0.882825470,0.039644953,0.011340553,-0.467887657,-0.904078166,0.056466165,0.071421852,1.012194436,0.138918971,0.010727422,-0.380389611,0.349082872,1.043772952,0.872851479,0.102857361,0.285989606,0.223229251,0.094283852,0.000000000,0.000000000,0.000000000,0.000000000,0.000000000,0.000000000,0.000000000,0.000000000,0.000000000,0.000000000,0.000000000,0.000000000,0.000000000,0.000000000,0.000000000,0.000000000
0.055978677,-0.450033725,0.705904922,0.898824479,0.034691802,0.018301055,-0.436550234,-0.930774164,0.039056185,0.056620350,0.913991585,0.124505655,0.010075669,-0.346477252,0.361960894,1.055358949,0.875563262,0.103778276,0.288989349,0.217136008,0.102836289,0.000000000,0.000000000,0.000000000,0.000000000,0.000000000,0.000000000,0.000000000,0.000000000,0.000000000,0.000000000,0.000000000,0.000000000,0.000000000,0.000000000,0.000000000,0.000000000
0.072295534,-0.465478079,0.703181657,0.911836874,0.030210334,0.027270010,-0.408530535,-0.955548851,0.014437367,0.035245466,0.818905888,0.105660604,0.008079424,-0.311841984,0.377060795,1.061814597,0.873670051,0.105175063,0.292396749,0.207807948,0.100243624,0.000000000,0.000000000,0.000000000,0.000000000,0.000000000,0.000000000,0.000000000,0.000000000,0.000000000,0.000000000,0.000000000,0.000000000,0.000000000,0.000000000,0.000000000,0.000000000
0.090832406,-0.481828271,0.701488876,0.923116750,0.026787083,0.036056851,-0.381887184,-0.981396252,-0.006011284,0.004491389,0.746368164,0.080329873,0.009211030,-0.279402569,0.390733209,1.062623413,0.873686269,0.106654488,0.294763415,0.192655873,0.094856715,0.000000000,0.000000000,0.000000000,0.000000000,0.000000000,0.000000000,0.000000000,0.000000000,0.000000000,0.000000000,0.000000000,0.000000000,0.000000000,0.000000000,0.000000000,0.000000000
0.110964062,-0.497155282,0.700828099,0.933736721,0.024518398,0.044476982,-0.354339359,-1.004339520,-0.022970950,-0.032312870,0.702189694,0.053074397,0.017848283,-0.253512528,0.400084916,1.065085284,0.877885604,0.107128936,0.293951641,0.174882492,0.093863000,0.000000000,0.000000000,0.000000000,0.000000000,0.000000000,0.000000000,0.000000000,0.000000000,0.000000000,0.000000000,0.000000000,0.000000000,0.000000000,0.000000000,0.000000000,0.000000000
0.131715474,-0.510688886,0.700933477,0.942960602,0.020909741,0.050438492,-0.328396171,-1.012847048,-0.043911032,-0.073153110,0.692847765,0.034491483,0.029402518,-0.225085705,0.409367861,1.062364283,0.883909954,0.108012586,0.291979208,0.162304563,0.087883659,0.000000000,0.000000000,0.000000000,0.000000000,0.000000000,0.000000000,0.000000000,0.000000000,0.000000000,0.000000000,0.000000000,0.000000000,0.000000000,0.000000000,0.000000000,0.000000000
0.153379779,-0.519159505,0.703449647,0.949877716,0.017182782,0.054178648,-0.307411372,-0.997522627,-0.067706994,-0.114497006,0.704687994,0.036768137,0.042234616,-0.192535510,0.409603261,1.054063574,0.884942395,0.111391249,0.290623968,0.156548860,0.079527175,0.000000000,0.000000000,0.000000000,0.000000000,0.000000000,0.000000000,0.000000000,0.000000000,0.000000000,0.000000000,0.000000000,0.000000000,0.000000000,0.000000000,0.000000000,0.000000000
0.176741823,-0.523412527,0.718280918,0.957661509,0.016734481,0.072476748,-0.278121399,-0.940410622,-0.104345471,-0.183927215,0.624659153,0.052536662,0.053683796,-0.172165206,0.365775250,1.025776780,0.795624132,0.116573895,0.291551650,0.131797552,0.024384875,0.000000000,0.000000000,0.000000000,0.000000000,0.000000000,0.000000000,0.000000000,0.000000000,0.000000000,0.000000000,0.000000000,0.000000000,0.000000000,0.000000000,0.000000000,0.000000000
0.204160750,-0.518141899,0.741169425,0.967706264,0.039502518,0.094324239,-0.230406325,-0.802995361,-0.235256159,-0.546742789,0.396021192,0.071740697,0.076131818,-0.230404721,0.167551296,0.647426748,0.648221985,0.129069087,0.302305950,0.066957225,-0.067746888,0.000000000,0.000000000,0.000000000,0.000000000,0.000000000,0.000000000,0.000000000,0.000000000,0.000000000,0.000000000,0.000000000,0.000000000,0.000000000,0.000000000,0.000000000,0.000000000
0.222892832,-0.511955582,0.742340379,0.970123149,0.042510479,0.082668998,-0.224097684,-0.759166544,-0.322036894,-0.748431576,0.487852394,0.102109450,0.094815796,-0.235062861,0.062616804,0.369991722,0.684484785,0.143192388,0.307455712,0.088746191,-0.073947739,0.000000000,0.000000000,0.000000000,0.000000000,0.000000000,0.000000000,0.000000000,0.000000000,0.000000000,0.000000000,0.000000000,0.000000000,0.000000000,0.000000000,0.000000000,0.000000000
0.237778438,-0.502246223,0.740098112,0.973122278,0.045233414,0.064155811,-0.216497117,-0.699181900,-0.415180155,-0.895960589,0.594264939,0.141056779,0.110132254,-0.256808794,-0.046537194,0.149834425,0.791650486,0.146404193,0.305473804,0.118211351,-0.056970768,0.000000000,0.000000000,0.000000000,0.000000000,0.000000000,0.000000000,0.000000000,0.000000000,0.000000000,0.000000000,0.000000000,0.000000000,0.000000000,0.000000000,0.000000000,0.000000000
0.247079329,-0.487599888,0.739263825,0.978446737,0.045830901,0.043628272,-0.196565727,-0.618872233,-0.489878142,-1.000817804,0.665662843,0.183235026,0.121772646,-0.303144244,-0.137202559,0.055344626,0.919404678,0.131454746,0.296056132,0.126910921,-0.028379304,0.000000000,0.000000000,0.000000000,0.000000000,0.000000000,0.000000000,0.000000000,0.000000000,0.000000000,0.000000000,0.000000000,0.000000000,0.000000000,0.000000000,0.000000000,0.000000000
0.243724953,-0.469768975,0.737714007,0.984350729,0.041573756,-0.013490006,-0.170714045,-0.526667234,-0.523599000,-0.885463387,0.735334896,0.213187375,0.141820584,-0.309021068,-0.183495819,0.071156996,1.036583585,0.105747702,0.289805773,0.134974048,0.097127026,0.000000000,0.000000000,0.000000000,0.000000000,0.000000000,0.000000000,0.000000000,0.000000000,0.000000000,0.000000000,0.000000000,0.000000000,0.000000000,0.000000000,0.000000000,0.000000000
0.228937208,-0.449238810,0.741758573,0.990457536,0.043530183,-0.011269652,-0.130276580,-0.499848644,-0.523599000,-0.898719440,0.716177892,0.255703457,0.154991576,-0.395770370,-0.184144486,0.093540775,1.059996563,0.091223520,0.289717811,0.121544346,0.089984085,0.000000000,0.000000000,0.000000000,0.000000000,0.000000000,0.000000000,0.000000000,0.000000000,0.000000000,0.000000000,0.000000000,0.000000000,0.000000000,0.000000000,0.000000000,0.000000000
0.201884633,-0.427436247,0.744273570,0.994975277,0.046950421,-0.011558081,-0.087671359,-0.470102945,-0.523599000,-0.898714322,0.702225977,0.294726242,0.161625511,-0.498220621,-0.165175099,0.145678395,1.061303713,0.074771620,0.291494722,0.106276733,0.093653376,0.000000000,0.000000000,0.000000000,0.000000000,0.000000000,0.000000000,0.000000000,0.000000000,0.000000000,0.000000000,0.000000000,0.000000000,0.000000000,0.000000000,0.000000000,0.000000000
0.173448606,-0.409469474,0.745400917,0.997573182,0.051680396,-0.009965404,-0.045580416,-0.447221843,-0.523599000,-0.886266923,0.693478478,0.335346114,0.165957315,-0.581991228,-0.138294586,0.203981694,1.034162080,0.060433568,0.294541132,0.086001699,0.096786178,0.000000000,0.000000000,0.000000000,0.000000000,0.000000000,0.000000000,0.000000000,0.000000000,0.000000000,0.000000000,0.000000000,0.000000000,0.000000000,0.000000000,0.000000000,0.000000000
0.154219604,-0.402341981,0.750619936,0.997657508,0.067536304,0.009905312,0.004497605,-0.426126327,-0.523599000,-0.931063547,0.610206139,0.366418519,0.176198629,-0.670512493,-0.139366090,0.284217031,0.950546171,0.045191873,0.295553778,0.066568234,0.070326801,0.000000000,0.000000000,0.000000000,0.000000000,0.000000000,0.000000000,0.000000000,0.000000000,0.000000000,0.000000000,0.000000000,0.000000000,0.000000000,0.000000000,0.000000000,0.000000000
0.145570142,-0.399114672,0.753909638,0.995727323,0.071857862,0.023415947,0.053058832,-0.409317007,-0.523599000,-0.934074037,0.594818319,0.392989086,0.187357253,-0.733555844,-0.119948160,0.359333498,0.834541181,0.029222876,0.296205657,0.060935974,0.055809352,0.000000000,0.000000000,0.000000000,0.000000000,0.000000000,0.000000000,0.000000000,0.000000000,0.000000000,0.000000000,0.000000000,0.000000000,0.000000000,0.000000000,0.000000000,0.000000000
0.144126436,-0.399350995,0.757424449,0.991803932,0.075252470,0.037620672,0.096159821,-0.397322290,-0.523599000,-0.939482414,0.594634618,0.418323163,0.200218861,-0.773964036,-0.108468453,0.445976823,0.711537187,0.007146145,0.296722518,0.065573763,0.044335686,0.000000000,0.000000000,0.000000000,0.000000000,0.000000000,0.000000000,0.000000000,0.000000000,0.000000000,0.000000000,0.000000000,0.000000000,0.000000000,0.000000000,0.000000000,0.000000000
0.145349901,-0.399941786,0.761337623,0.987818730,0.074701437,0.052376091,0.126057911,-0.392593783,-0.517365711,-0.954355575,0.607838104,0.440087460,0.212317722,-0.810849040,-0.094232679,0.549597184,0.583981959,-0.025855613,0.295286118,0.065941003,0.031237894,0.000000000,0.000000000,0.000000000,0.000000000,0.000000000,0.000000000,0.000000000,0.000000000,0.000000000,0.000000000,0.000000000,0.000000000,0.000000000,0.000000000,0.000000000,0.000000000
0.147977183,-0.396940251,0.759999995,0.985288134,0.072108580,0.053648177,0.145359962,-0.367772704,-0.523583417,-0.975179213,0.667813768,0.468513721,0.211660334,-0.854115938,-0.070004306,0.583729022,0.547520199,-0.066259874,0.297845154,0.069768501,0.032399782,0.000000000,0.000000000,0.000000000,0.000000000,0.000000000,0.000000000,0.000000000,0.000000000,0.000000000,0.000000000,0.000000000,0.000000000,0.000000000,0.000000000,0.000000000,0.000000000
0.149410283,-0.389262224,0.757893014,0.983136941,0.066046817,0.058199296,0.160288535,-0.344392513,-0.523598961,-0.991513742,0.723062349,0.499275074,0.208983901,-0.883962341,-0.039060326,0.618994461,0.521136693,-0.104415868,0.308917824,0.071436626,0.025780542,0.000000000,0.000000000,0.000000000,0.000000000,0.000000000,0.000000000,0.000000000,0.000000000,0.000000000,0.000000000,0.000000000,0.000000000,0.000000000,0.000000000,0.000000000,0.000000000
0.152499244,-0.377081298,0.760890296,0.980045056,0.064775766,0.081706018,0.169233316,-0.331643495,-0.513918746,-1.035190418,0.701424663,0.525955026,0.208150015,-0.892070458,-0.034791646,0.689265657,0.438373620,-0.131860395,0.332926584,0.084266127,-0.008506627,0.000000000,0.000000000,0.000000000,0.000000000,0.000000000,0.000000000,0.000000000,0.000000000,0.000000000,0.000000000,0.000000000,0.000000000,0.000000000,0.000000000,0.000000000,0.000000000
0.160504633,-0.364652882,0.765898197,0.976197140,0.063097714,0.106784982,0.177917932,-0.316291072,-0.482982203,-1.068047438,0.650099314,0.549891538,0.207206261,-0.867567438,-0.041080544,0.775660902,0.364301145,-0.132114276,0.369499156,0.092649313,-0.055564973,0.000000000,0.000000000,0.000000000,0.000000000,0.000000000,0.000000000,0.000000000,0.000000000,0.000000000,0.000000000,0.000000000,0.000000000,0.000000000,0.000000000,0.000000000,0.000000000
0.172313665,-0.361132199,0.776520666,0.971679205,0.052693843,0.124849909,0.193585592,-0.354580683,-0.334172087,-0.764523733,0.546041484,0.565230587,0.196621041,-0.765180132,-0.044803370,1.042814192,0.254457112,-0.099341712,0.409302279,0.083602558,-0.116981043,0.000000000,0.000000000,0.000000000,0.000000000,0.000000000,0.000000000,0.000000000,0.000000000,0.000000000,0.000000000,0.000000000,0.000000000,0.000000000,0.000000000,0.000000000,0.000000000
0.182921619,-0.364646121,0.772009996,0.971145094,0.032139837,0.113699524,0.207163355,-0.416632893,-0.167202540,-0.372432774,0.673827752,0.597015144,0.201006555,-0.700981756,0.101627994,1.159932309,0.439318048,-0.059720598,0.463236124,0.073510072,-0.115051367,0.000000000,0.000000000,0.000000000,0.000000000,0.000000000,0.000000000,0.000000000,0.000000000,0.000000000,0.000000000,0.000000000,0.000000000,0.000000000,0.000000000,0.000000000,0.000000000
0.187960096,-0.366325700,0.764888736,0.968670319,0.029225192,0.095817010,0.227250528,-0.485060634,-0.051897518,-0.158272255,0.869715337,0.602138360,0.212992856,-0.616884215,0.214521999,1.227542367,0.612710406,-0.035749982,0.516876025,0.040251736,-0.073762928,0.000000000,0.000000000,0.000000000,0.000000000,0.000000000,0.000000000,0.000000000,0.000000000,0.000000000,0.000000000,0.000000000,0.000000000,0.000000000,0.000000000,0.000000000,0.000000000
0.183012722,-0.357821020,0.757547118,0.965817831,0.035270935,0.076337176,0.245203006,-0.552945732,0.003294644,-0.087290172,1.021760480,0.594832061,0.225731210,-0.525706247,0.288769110,1.250780081,0.724267603,-0.032540786,0.523582193,0.032781582,-0.027666762,0.000000000,0.000000000,0.000000000,0.000000000,0.000000000,0.000000000,0.000000000,0.000000000,0.000000000,0.000000000,0.000000000,0.000000000,0.000000000,0.000000000,0.000000000,0.000000000
0.170148674,-0.347610006,0.750234763,0.962982779,0.039471423,0.059365234,0.259965272,-0.630531171,0.047636234,-0.044946882,1.109773349,0.578106713,0.234335545,-0.433453582,0.335865050,1.279752634,0.786309187,-0.026625358,0.523598958,0.024753758,0.017423186,0.000000000,0.000000000,0.000000000,0.000000000,0.000000000,0.000000000,0.000000000,0.000000000,0.000000000,0.000000000,0.000000000,0.000000000,0.000000000,0.000000000,0.000000000,0.000000000
0.150679811,-0.335062072,0.744575863,0.960565422,0.040174436,0.044309814,0.271545070,-0.705921050,0.080206855,-0.020396778,1.149457234,0.560950286,0.240442864,-0.345096275,0.364444963,1.319158904,0.816126158,-0.020092755,0.523599000,0.017200346,0.051361458,0.000000000,0.000000000,0.000000000,0.000000000,0.000000000,0.000000000,0.000000000,0.000000000,0.000000000,0.000000000,0.000000000,0.000000000,0.000000000,0.000000000,0.000000000,0.000000000
0.131877504,-0.333559661,0.739144060,0.958085817,0.039118850,0.030374237,0.282167839,-0.767104801,0.100302686,-0.003257861,1.162951307,0.546943380,0.241967370,-0.257667236,0.384009547,1.359751108,0.839350108,-0.002883677,0.523599000,0.008553397,0.082619584,0.000000000,0.000000000,0.000000000,0.000000000,0.000000000,0.000000000,0.000000000,0.000000000,0.000000000,0.000000000,0.000000000,0.000000000,0.000000000,0.000000000,0.000000000,0.000000000
0.116052787,-0.340151780,0.729644302,0.955238990,0.042965299,0.002082531,0.292691164,-0.770697877,0.099861015,0.000538150,1.069027806,0.537173890,0.241059501,-0.119496707,0.416248088,1.431601999,0.884131659,0.015813309,0.523599000,-0.012346128,0.149781716,0.000000000,0.000000000,0.000000000,0.000000000,0.000000000,0.000000000,0.000000000,0.000000000,0.000000000,0.000000000,0.000000000,0.000000000,0.000000000,0.000000000,0.000000000,0.000000000
0.110266273,-0.337035379,0.724407367,0.950387828,0.039816382,-0.002854319,0.308495519,-0.784621952,0.056723636,0.010503740,0.897041401,0.528063911,0.237849511,-0.015591147,0.426597694,1.511443641,0.893283203,0.028816236,0.523599000,-0.024411543,0.171159196,0.000000000,0.000000000,0.000000000,0.000000000,0.000000000,0.000000000,0.000000000,0.000000000,0.000000000,0.000000000,0.000000000,0.000000000,0.000000000,0.000000000,0.000000000,0.000000000
0.115087962,-0.326584774,0.719196766,0.945470884,0.039715434,-0.001832455,0.323270991,-0.822436981,0.019718047,0.003338689,0.807863495,0.504733680,0.233130969,0.068794084,0.430417706,1.566824974,0.906779637,0.038099955,0.523592478,-0.037560557,0.180649376,0.000000000,0.000000000,0.000000000,0.000000000,0.000000000,0.000000000,0.000000000,0.000000000,0.000000000,0.000000000,0.000000000,0.000000000,0.000000000,0.000000000,0.000000000,0.000000000
0.126379531,-0.310133658,0.712677395,0.942497107,0.037357288,-0.000309439,0.332119768,-0.871726813,-0.008914512,-0.020398272,0.769387900,0.472679925,0.228235008,0.134206242,0.436368665,1.598684021,0.915630014,0.043701769,0.523088884,-0.042555511,0.190905082,0.000000000,0.000000000,0.000000000,0.000000000,0.000000000,0.000000000,0.000000000,0.000000000,0.000000000,0.000000000,0.000000000,0.000000000,0.000000000,0.000000000,0.000000000,0.000000000
0.140401344,-0.291932235,0.706135921,0.941903316,0.034497503,-0.001445667,0.334104738,-0.929050307,-0.020972869,-0.055239605,0.752819640,0.435626759,0.227029308,0.189508402,0.442331195,1.605895878,0.925311506,0.048863207,0.522326224,-0.044893037,0.198030073,0.000000000,0.000000000,0.000000000,0.000000000,0.000000000,0.000000000,0.000000000,0.000000000,0.000000000,0.000000000,0.000000000,0.000000000,0.000000000,0.000000000,0.000000000,0.000000000
0.152255870,-0.277369226,0.697858434,0.946332721,0.032490809,-0.012435736,0.321316169,-0.975322701,-0.036674599,-0.134045897,0.777806461,0.396660685,0.222059843,0.249785319,0.453516912,1.596828015,0.940942914,0.054268072,0.521814982,-0.011889869,0.227835393,0.000000000,0.000000000,0.000000000,0.000000000,0.000000000,0.000000000,0.000000000,0.000000000,0.000000000,0.000000000,0.000000000,0.000000000,0.000000000,0.000000000,0.000000000,0.000000000
0.161446392,-0.268052871,0.692548535,0.946638205,0.034551549,-0.016896002,0.319995039,-1.008803303,-0.084294686,-0.217354702,0.776644974,0.359080584,0.215146955,0.272312453,0.454389062,1.545158442,0.946697067,0.058433127,0.522264010,0.002957635,0.238329847,0.000000000,0.000000000,0.000000000,0.000000000,0.000000000,0.000000000,0.000000000,0.000000000,0.000000000,0.000000000,0.000000000,0.000000000,0.000000000,0.000000000,0.000000000,0.000000000
0.167620877,-0.266127286,0.701205271,0.937035293,0.030663710,-0.006622198,0.347822862,-0.982250872,-0.159190018,-0.359103401,0.638324912,0.323719606,0.206668930,0.211216875,0.426245741,1.398711874,0.878000063,0.065083421,0.520183164,-0.050182174,0.210701318,0.000000000,0.000000000,0.000000000,0.000000000,0.000000000,0.000000000,0.000000000,0.000000000,0.000000000,0.000000000,0.000000000,0.000000000,0.000000000,0.000000000,0.000000000,0.000000000
0.174086773,-0.258020220,0.720319526,0.912768203,0.033082887,0.037414253,0.405413250,-0.834070341,-0.196677130,-0.521183841,0.170261667,0.295087390,0.197594041,0.015976752,0.296939650,0.977665611,0.763832086,0.072237071,0.518308909,-0.179825010,0.109261400,0.000000000,0.000000000,0.000000000,0.000000000,0.000000000,0.000000000,0.000000000,0.000000000,0.000000000,0.000000000,0.000000000,0.000000000,0.000000000,0.000000000,0.000000000,0.000000000
0.176297142,-0.244717908,0.717981446,0.918766356,0.033158765,0.048318842,0.390428186,-0.832040722,-0.178316810,-0.550363496,0.160977358,0.313233662,0.210873357,-0.085792456,0.206953096,0.687296669,0.797120631,0.078446038,0.522715472,-0.143811724,0.083013798,0.000000000,0.000000000,0.000000000,0.000000000,0.000000000,0.000000000,0.000000000,0.000000000,0.000000000,0.000000000,0.000000000,0.000000000,0.000000000,0.000000000,0.000000000,0.000000000
0.176274444,-0.228270597,0.709281691,0.928726542,0.028886804,0.052542793,0.365884979,-0.926617378,-0.201730917,-0.477653316,0.376968934,0.334954922,0.203620458,-0.174374921,0.096817835,0.389440482,0.866145846,0.085265323,0.522221995,-0.107264405,0.065074003,0.000000000,0.000000000,0.000000000,0.000000000,0.000000000,0.000000000,0.000000000,0.000000000,0.000000000,0.000000000,0.000000000,0.000000000,0.000000000,0.000000000,0.000000000,0.000000000
0.176563484,-0.216914418,0.697510456,0.936776726,0.031006071,0.045331036,0.345590922,-1.027343391,-0.170851676,-0.243764902,0.596243031,0.349410567,0.199007670,-0.217255220,-0.003092372,0.180243664,0.960464255,0.089296859,0.522191945,-0.083597655,0.084381624,0.000000000,0.000000000,0.000000000,0.000000000,0.000000000,0.000000000,0.000000000,0.000000000,0.000000000,0.000000000,0.000000000,0.000000000,0.000000000,0.000000000,0.000000000,0.000000000
0.183131124,-0.207973483,0.685251456,0.946807916,0.035695340,0.033836284,0.318018426,-1.108196362,-0.119123624,-0.110263670,0.821743486,0.357284566,0.187771370,-0.239998767,-0.041680060,0.121036724,1.058649032,0.085427756,0.520265421,-0.053258166,0.117160291,0.000000000,0.000000000,0.000000000,0.000000000,0.000000000,0.000000000,0.000000000,0.000000000,0.000000000,0.000000000,0.000000000,0.000000000,0.000000000,0.000000000,0.000000000,0.000000000
0.188514435,-0.205737810,0.670293832,0.954596155,0.042128752,0.021386349,0.294132579,-1.172997534,-0.089675698,-0.065722719,0.990892392,0.348145343,0.177078283,-0.267678317,-0.056656385,0.108082079,1.155520919,0.079011244,0.520056178,-0.020334717,0.172144965,0.000000000,0.000000000,0.000000000,0.000000000,0.000000000,0.000000000,0.000000000,0.000000000,0.000000000,0.000000000,0.000000000,0.000000000,0.000000000,0.000000000,0.000000000,0.000000000
0.182422477,-0.212001249,0.654965579,0.958448211,0.048478445,0.010002708,0.280939163,-1.216795576,-0.060563486,-0.035803173,1.090249939,0.346014210,0.174743306,-0.282683239,-0.057636490,0.119061281,1.216523947,0.075983741,0.517894468,-0.007723489,0.219321778,0.000000000,0.000000000,0.000000000,0.000000000,0.000000000,0.000000000,0.000000000,0.000000000,0.000000000,0.000000000,0.000000000,0.000000000,0.000000000,0.000000000,0.000000000,0.000000000
0.157272648,-0.229469717,0.642858982,0.958905870,0.055912430,0.008146083,0.278041318,-1.244735242,-0.043728420,-0.006155092,1.110240422,0.353543882,0.174646783,-0.300283845,-0.075038232,0.129507763,1.257260530,0.082009965,0.513845585,0.005310166,0.238140684,0.000000000,0.000000000,0.000000000,0.000000000,0.000000000,0.000000000,0.000000000,0.000000000,0.000000000,0.000000000,0.000000000,0.000000000,0.000000000,0.000000000,0.000000000,0.000000000
0.123566303,-0.254657490,0.635598166,0.958336930,0.059185526,0.010554187,0.279241850,-1.283095721,-0.030140136,0.020500144,1.124716973,0.362672436,0.173269348,-0.320589125,-0.085071628,0.140377843,1.292769364,0.090334424,0.510084423,0.019157672,0.259525325,0.000000000,0.000000000,0.000000000,0.000000000,0.000000000,0.000000000,0.000000000,0.000000000,0.000000000,0.000000000,0.000000000,0.000000000,0.000000000,0.000000000,0.000000000,0.000000000
0.095844962,-0.278070838,0.628292326,0.958516751,0.064079200,0.008613292,0.277606385,-1.321101975,-0.016672023,0.044954649,1.172269705,0.372426158,0.170622687,-0.321669176,-0.097613760,0.150070126,1.328340859,0.098589365,0.506645087,0.020430305,0.289537744,0.000000000,0.000000000,0.000000000,0.000000000,0.000000000,0.000000000,0.000000000,0.000000000,0.000000000,0.000000000,0.000000000,0.000000000,0.000000000,0.000000000,0.000000000,0.000000000
0.072688517,-0.301435908,0.627009781,0.958259964,0.069983341,0.011640175,0.276956096,-1.367936013,-0.004308368,0.070020936,1.224215547,0.379584096,0.167956799,-0.327817625,-0.118879240,0.156799040,1.358291032,0.105462026,0.502959241,0.022466879,0.307665916,0.000000000,0.000000000,0.000000000,0.000000000,0.000000000,0.000000000,0.000000000,0.000000000,0.000000000,0.000000000,0.000000000,0.000000000,0.000000000,0.000000000,0.000000000,0.000000000
0.055657083,-0.323002181,0.630654786,0.957881825,0.075702084,0.008186846,0.276883693,-1.408267994,0.004828022,0.086774612,1.289166315,0.382865255,0.164536917,-0.307979413,-0.134025856,0.160592026,1.384686755,0.112118009,0.499634329,0.018998008,0.325567456,0.000000000,0.000000000,0.000000000,0.000000000,0.000000000,0.000000000,0.000000000,0.000000000,0.000000000,0.000000000,0.000000000,0.000000000,0.000000000,0.000000000,0.000000000,0.000000000
0.042153990,-0.342886545,0.638340143,0.957894846,0.080263238,0.005158379,0.275624143,-1.449835202,0.010469075,0.097966616,1.359214097,0.384393496,0.160314909,-0.289249434,-0.148680390,0.157756259,1.411049536,0.118116263,0.496739712,0.011356355,0.343662677,0.000000000,0.000000000,0.000000000,0.000000000,0.000000000,0.000000000,0.000000000,0.000000000,0.000000000,0.000000000,0.000000000,0.000000000,0.000000000,0.000000000,0.000000000,0.000000000
0.033700597,-0.358379262,0.644511053,0.957989400,0.084180103,0.002859406,0.274156604,-1.478171287,0.012976771,0.105738235,1.404292592,0.384486047,0.156514574,-0.263876043,-0.164572751,0.152599950,1.432672410,0.123874892,0.493082270,0.003978421,0.354902636,0.000000000,0.000000000,0.000000000,0.000000000,0.000000000,0.000000000,0.000000000,0.000000000,0.000000000,0.000000000,0.000000000,0.000000000,0.000000000,0.000000000,0.000000000,0.000000000
0.030910068,-0.366576002,0.647417909,0.957893426,0.085904509,0.002803441,0.273957553,-1.489770759,0.011773678,0.107022206,1.419106617,0.384318304,0.154271854,-0.238000104,-0.176405536,0.150050470,1.446175585,0.129397749,0.487856178,-0.002144610,0.367469646,0.000000000,0.000000000,0.000000000,0.000000000,0.000000000,0.000000000,0.000000000,0.000000000,0.000000000,0.000000000,0.000000000,0.000000000,0.000000000,0.000000000,0.000000000,0.000000000
0.033923887,-0.366247181,0.647898868,0.958616514,0.084759261,0.005089686,0.271743154,-1.502242306,0.005682467,0.102273632,1.423545991,0.381096652,0.152229549,-0.217403900,-0.183772700,0.150723191,1.453570346,0.132940618,0.482505270,-0.004975671,0.374390224,0.000000000,0.000000000,0.000000000,0.000000000,0.000000000,0.000000000,0.000000000,0.000000000,0.000000000,0.000000000,0.000000000,0.000000000,0.000000000,0.000000000,0.000000000,0.000000000
0.041232844,-0.361650694,0.646248692,0.959863853,0.081007829,0.009031321,0.268360860,-1.521561244,-0.001464373,0.089787122,1.431492995,0.376422032,0.150608615,-0.205564669,-0.186210195,0.150324837,1.465711514,0.134825555,0.477919410,-0.002866662,0.380384313,0.000000000,0.000000000,0.000000000,0.000000000,0.000000000,0.000000000,0.000000000,0.000000000,0.000000000,0.000000000,0.000000000,0.000000000,0.000000000,0.000000000,0.000000000,0.000000000
0.046838571,-0.358649915,0.646344251,0.961137924,0.079205662,0.011510020,0.264211795,-1.524292599,-0.007893444,0.075572357,1.428881099,0.373401095,0.149821715,-0.191731511,-0.185946510,0.153996865,1.464849778,0.135788279,0.473622844,-0.001786394,0.377289667,0.000000000,0.000000000,0.000000000,0.000000000,0.000000000,0.000000000,0.000000000,0.000000000,0.000000000,0.000000000,0.000000000,0.000000000,0.000000000,0.000000000,0.000000000,0.000000000
0.049907747,-0.357201296,0.647548303,0.961867982,0.075941673,0.013339410,0.262421242,-1.518408051,-0.010673985,0.057979007,1.413981566,0.371507824,0.150539122,-0.180090431,-0.182485193,0.156053980,1.454963228,0.135952793,0.468960715,0.003399936,0.372207041,0.000000000,0.000000000,0.000000000,0.000000000,0.000000000,0.000000000,0.000000000,0.000000000,0.000000000,0.000000000,0.000000000,0.000000000,0.000000000,0.000000000,0.000000000,0.000000000
0.050941060,-0.358004937,0.650502827,0.963421364,0.071131979,0.014633608,0.257963903,-1.510580836,-0.011496905,0.039044898,1.405667990,0.371705499,0.149650431,-0.169408514,-0.175308059,0.157634796,1.443885921,0.137342260,0.464349350,0.009113244,0.365219642,0.000000000,0.000000000,0.000000000,0.000000000,0.000000000,0.000000000,0.000000000,0.000000000,0.000000000,0.000000000,0.000000000,0.000000000,0.000000000,0.000000000,0.000000000,0.000000000
0.046557842,-0.361919710,0.653427956,0.965174999,0.066080190,0.016566756,0.252579040,-1.493456726,-0.013358061,0.017737011,1.389531646,0.375742178,0.148547382,-0.164100057,-0.167577154,0.158898043,1.429285190,0.138511154,0.460577778,0.011594875,0.358873441,0.000000000,0.000000000,0.000000000,0.000000000,0.000000000,0.000000000,0.000000000,0.000000000,0.000000000,0.000000000,0.000000000,0.000000000,0.000000000,0.000000000,0.000000000,0.000000000
0.035540083,-0.369240171,0.657735617,0.967152720,0.060442576,0.017714953,0.246269143,-1.483503553,-0.015780280,-0.001597860,1.376098031,0.380433993,0.146210062,-0.163853296,-0.152378829,0.160990989,1.409305151,0.139210316,0.458460031,0.021866991,0.364366041,0.000000000,0.000000000,0.000000000,0.000000000,0.000000000,0.000000000,0.000000000,0.000000000,0.000000000,0.000000000,0.000000000,0.000000000,0.000000000,0.000000000,0.000000000,0.000000000
0.026844228,-0.376470603,0.664072832,0.968864919,0.056843512,0.020136574,0.240133508,-1.463542168,-0.015801366,-0.014478562,1.347985417,0.384561120,0.143570280,-0.166820722,-0.137140397,0.170158072,1.377772117,0.137682041,0.456012104,0.031468045,0.362214405,0.000000000,0.000000000,0.000000000,0.000000000,0.000000000,0.000000000,0.000000000,0.000000000,0.000000000,0.000000000,0.000000000,0.000000000,0.000000000,0.000000000,0.000000000,0.000000000
0.021973548,-0.381401882,0.673584166,0.970609249,0.051175529,0.024884919,0.233836463,-1.438533974,-0.016457548,-0.028658330,1.315607703,0.388781367,0.140084428,-0.167448057,-0.114441320,0.183878138,1.326616381,0.134564044,0.453573760,0.038880799,0.354327525,0.000000000,0.000000000,0.000000000,0.000000000,0.000000000,0.000000000,0.000000000,0.000000000,0.000000000,0.000000000,0.000000000,0.000000000,0.000000000,0.000000000,0.000000000,0.000000000
0.020360205,-0.383817240,0.685090509,0.973363299,0.046838215,0.026965902,0.222806890,-1.395066993,-0.009305662,-0.037847095,1.278867061,0.393023045,0.136232510,-0.157500927,-0.094652483,0.211398703,1.260752686,0.130209231,0.450567740,0.057486243,0.356979244,0.000000000,0.000000000,0.000000000,0.000000000,0.000000000,0.000000000,0.000000000,0.000000000,0.000000000,0.000000000,0.000000000,0.000000000,0.000000000,0.000000000,0.000000000,0.000000000
0.019614190,-0.385310162,0.700645422,0.975102038,0.041176774,0.035951211,0.214913932,-1.347923346,-0.002889291,-0.045806860,1.210464931,0.396562536,0.133210693,-0.163528611,-0.072236689,0.244334550,1.189353833,0.124659357,0.447511194,0.067416393,0.350131555,0.000000000,0.000000000,0.000000000,0.000000000,0.000000000,0.000000000,0.000000000,0.000000000,0.000000000,0.000000000,0.000000000,0.000000000,0.000000000,0.000000000,0.000000000,0.000000000
0.014983853,-0.388215819,0.719314403,0.976919472,0.033448204,0.046879929,0.205698408,-1.295646071,0.006060734,-0.060383432,1.129193476,0.403199595,0.130182396,-0.178723627,-0.044417876,0.282101757,1.117199834,0.119988923,0.445763512,0.068489976,0.335087164,0.000000000,0.000000000,0.000000000,0.000000000,0.000000000,0.000000000,0.000000000,0.000000000,0.000000000,0.000000000,0.000000000,0.000000000,0.000000000,0.000000000,0.000000000,0.000000000
0.009262636,-0.389593538,0.738838119,0.978117059,0.024325974,0.060751081,0.197495752,-1.235059823,0.012754978,-0.077876380,1.035987541,0.412833123,0.127440052,-0.202528015,-0.012432011,0.329530903,1.040033127,0.113538509,0.444318704,0.062004640,0.305340603,0.000000000,0.000000000,0.000000000,0.000000000,0.000000000,0.000000000,0.000000000,0.000000000,0.000000000,0.000000000,0.000000000,0.000000000,0.000000000,0.000000000,0.000000000,0.000000000
0.007481772,-0.389159144,0.755423550,0.977502431,0.018964302,0.074926117,0.196253486,-1.174161350,0.012174576,-0.087333203,0.933486064,0.422543107,0.125376847,-0.218948461,0.012063112,0.379934065,0.975275890,0.106669897,0.441101910,0.080496370,0.260429795,0.000000000,0.000000000,0.000000000,0.000000000,0.000000000,0.000000000,0.000000000,0.000000000,0.000000000,0.000000000,0.000000000,0.000000000,0.000000000,0.000000000,0.000000000,0.000000000
0.010198787,-0.386836913,0.770284542,0.973774822,0.014299362,0.100228103,0.203746049,-1.127134481,-0.005162286,-0.103722373,0.819197642,0.435208377,0.123564952,-0.264820314,0.016793685,0.405469594,0.924732063,0.097612917,0.435328043,0.078926915,0.195832344,0.000000000,0.000000000,0.000000000,0.000000000,0.000000000,0.000000000,0.000000000,0.000000000,0.000000000,0.000000000,0.000000000,0.000000000,0.000000000,0.000000000,0.000000000,0.000000000
0.018201177,-0.376338373,0.780096525,0.966337103,0.012071896,0.138227988,0.216656169,-1.101953769,-0.049270692,-0.151995752,0.709462758,0.448790688,0.124038558,-0.364648843,-0.052355349,0.334866459,0.903394106,0.085894459,0.425273437,0.066420268,0.087887842,0.000000000,0.000000000,0.000000000,0.000000000,0.000000000,0.000000000,0.000000000,0.000000000,0.000000000,0.000000000,0.000000000,0.000000000,0.000000000,0.000000000,0.000000000,0.000000000
0.036613948,-0.357036143,0.784362674,0.958765955,0.021552668,0.146900529,0.242329446,-1.022236519,-0.117580330,-0.207542299,0.636215267,0.462905167,0.126563561,-0.417177760,-0.147033961,0.221938941,0.944861013,0.070123084,0.417099132,0.029244654,0.037764625,0.000000000,0.000000000,0.000000000,0.000000000,0.000000000,0.000000000,0.000000000,0.000000000,0.000000000,0.000000000,0.000000000,0.000000000,0.000000000,0.000000000,0.000000000,0.000000000
0.062997703,-0.331321568,0.786082639,0.949472612,0.029884152,0.146653315,0.275865006,-0.940843226,-0.186865041,-0.256108943,0.608641126,0.478501035,0.129504527,-0.475725026,-0.205689157,0.165860770,1.016583089,0.047603232,0.411676164,-0.009323803,0.003519267,0.000000000,0.000000000,0.000000000,0.000000000,0.000000000,0.000000000,0.000000000,0.000000000,0.000000000,0.000000000,0.000000000,0.000000000,0.000000000,0.000000000,0.000000000,0.000000000
0.087091784,-0.305258071,0.784350539,0.937400146,0.038606800,0.142947056,0.315208853,-0.865700056,-0.258094258,-0.309824777,0.582685718,0.489314296,0.132609325,-0.538570728,-0.240897967,0.140770818,1.109264054,0.023070894,0.409095390,-0.056576108,-0.013562165,0.000000000,0.000000000,0.000000000,0.000000000,0.000000000,0.000000000,0.000000000,0.000000000,0.000000000,0.000000000,0.000000000,0.000000000,0.000000000,0.000000000,0.000000000,0.000000000
0.102096953,-0.282998753,0.780435671,0.924859225,0.047410664,0.133078381,0.353097419,-0.797498034,-0.326510040,-0.350540212,0.599990753,0.503677817,0.133767722,-0.655535729,-0.256600090,0.168079826,1.179273281,-0.002786041,0.407052337,-0.115491142,-0.019538115,0.000000000,0.000000000,0.000000000,0.000000000,0.000000000,0.000000000,0.000000000,0.000000000,0.000000000,0.000000000,0.000000000,0.000000000,0.000000000,0.000000000,0.000000000,0.000000000
0.110373028,-0.265815364,0.774707972,0.913058536,0.051103657,0.124589513,0.384954517,-0.742750055,-0.375056763,-0.391559407,0.634040250,0.520072175,0.134814343,-0.775563489,-0.268404502,0.190734807,1.241699054,-0.028355028,0.405112876,-0.176586387,-0.024144799,0.000000000,0.000000000,0.000000000,0.000000000,0.000000000,0.000000000,0.000000000,0.000000000,0.000000000,0.000000000,0.000000000,0.000000000,0.000000000,0.000000000,0.000000000,0.000000000
0.116540352,-0.255002703,0.767161095,0.903755392,0.053952723,0.117381183,0.408089394,-0.686737457,-0.408829127,-0.418690777,0.673354259,0.537578138,0.133329872,-0.906756120,-0.264161781,0.221321217,1.254408157,-0.049825429,0.404662939,-0.211830689,-0.029673387,0.000000000,0.000000000,0.000000000,0.000000000,0.000000000,0.000000000,0.000000000,0.000000000,0.000000000,0.000000000,0.000000000,0.000000000,0.000000000,0.000000000,0.000000000,0.000000000
0.122521547,-0.248478867,0.758550669,0.896852503,0.053335011,0.118903565,0.422697180,-0.639277955,-0.430522046,-0.440771013,0.695344963,0.553232308,0.129323157,-1.023958310,-0.245056360,0.254710863,1.180244002,-0.062603888,0.404901522,-0.230715694,-0.052629352,0.000000000,0.000000000,0.000000000,0.000000000,0.000000000,0.000000000,0.000000000,0.000000000,0.000000000,0.000000000,0.000000000,0.000000000,0.000000000,0.000000000,0.000000000,0.000000000
0.125489713,-0.244074674,0.750678496,0.893644583,0.050383493,0.126113782,0.427733770,-0.595364336,-0.437325056,-0.463132715,0.688952339,0.567958154,0.126704340,-1.108286803,-0.222347496,0.297605742,0.959865818,-0.064291967,0.404601024,-0.211159593,-0.077517058,0.000000000,0.000000000,0.000000000,0.000000000,0.000000000,0.000000000,0.000000000,0.000000000,0.000000000,0.000000000,0.000000000,0.000000000,0.000000000,0.000000000,0.000000000,0.000000000
0.124859886,-0.244734996,0.743713610,0.894899832,0.044350281,0.132903595,0.423702701,-0.561975538,-0.433925551,-0.481335785,0.690074537,0.582634298,0.123741774,-1.160992779,-0.192974812,0.365906194,0.725188943,-0.075868109,0.402863155,-0.177237349,-0.102127968,0.000000000,0.000000000,0.000000000,0.000000000,0.000000000,0.000000000,0.000000000,0.000000000,0.000000000,0.000000000,0.000000000,0.000000000,0.000000000,0.000000000,0.000000000,0.000000000
0.118199206,-0.252079836,0.737027326,0.898065259,0.040665358,0.132303923,0.417517413,-0.532039650,-0.430559302,-0.491544380,0.715490099,0.599066009,0.119928491,-1.188580082,-0.176671975,0.442260717,0.540868899,-0.103697846,0.395772505,-0.136664763,-0.114940734,0.000000000,0.000000000,0.000000000,0.000000000,0.000000000,0.000000000,0.000000000,0.000000000,0.000000000,0.000000000,0.000000000,0.000000000,0.000000000,0.000000000,0.000000000,0.000000000
0.109048380,-0.260554292,0.731722623,0.902786043,0.039335345,0.131238153,0.407684485,-0.500596562,-0.421093840,-0.494831690,0.730966050,0.599182849,0.116320821,-1.197423458,-0.155037692,0.524421175,0.425089124,-0.139721202,0.386078893,-0.099308736,-0.120422119,0.000000000,0.000000000,0.000000000,0.000000000,0.000000000,0.000000000,0.000000000,0.000000000,0.000000000,0.000000000,0.000000000,0.000000000,0.000000000,0.000000000,0.000000000,0.000000000
0.102404408,-0.266247712,0.726675873,0.907256646,0.040873372,0.128730460,0.398300408,-0.463839958,-0.407096104,-0.489008628,0.736469937,0.599154074,0.114139500,-1.193838719,-0.131036593,0.602958477,0.369091124,-0.163151086,0.382978787,-0.072013701,-0.125396093,0.000000000,0.000000000,0.000000000,0.000000000,0.000000000,0.000000000,0.000000000,0.000000000,0.000000000,0.000000000,0.000000000,0.000000000,0.000000000,0.000000000,0.000000000,0.000000000
0.100144879,-0.268722230,0.725565909,0.909472468,0.041785779,0.130475452,0.392542908,-0.425099322,-0.369539351,-0.439909933,0.716498299,0.596438160,0.111437229,-1.165779461,-0.117235896,0.708806112,0.323627994,-0.156996187,0.388289281,-0.050055005,-0.144603310,0.000000000,0.000000000,0.000000000,0.000000000,0.000000000,0.000000000,0.000000000,0.000000000,0.000000000,0.000000000,0.000000000,0.000000000,0.000000000,0.000000000,0.000000000,0.000000000
0.102063685,-0.268707967,0.723898783,0.909823535,0.042362927,0.123370403,0.393962260,-0.370853107,-0.312082361,-0.362241245,0.721452504,0.595521534,0.109895010,-1.126703571,-0.074641857,0.778739382,0.388150584,-0.124431748,0.416976637,-0.041649154,-0.148532359,0.000000000,0.000000000,0.000000000,0.000000000,0.000000000,0.000000000,0.000000000,0.000000000,0.000000000,0.000000000,0.000000000,0.000000000,0.000000000,0.000000000,0.000000000,0.000000000
0.102100218,-0.270287788,0.722734089,0.911158085,0.046106338,0.110174862,0.394368673,-0.298722917,-0.230394567,-0.240520126,0.724688279,0.590089719,0.109926222,-1.068459506,-0.027488175,0.806628947,0.473816811,-0.085556780,0.448862271,-0.021699961,-0.128686106,0.000000000,0.000000000,0.000000000,0.000000000,0.000000000,0.000000000,0.000000000,0.000000000,0.000000000,0.000000000,0.000000000,0.000000000,0.000000000,0.000000000,0.000000000,0.000000000
0.098302971,-0.271564308,0.719689731,0.911968159,0.052280323,0.095699489,0.395502785,-0.233256643,-0.160750589,-0.146049433,0.754129429,0.592263454,0.114489992,-1.032948672,0.010854007,0.726247982,0.583222747,-0.052584272,0.486672802,-0.013494467,-0.100357326,0.000000000,0.000000000,0.000000000,0.000000000,0.000000000,0.000000000,0.000000000,0.000000000,0.000000000,0.000000000,0.000000000,0.000000000,0.000000000,0.000000000,0.000000000,0.000000000
0.097853284,-0.265163308,0.716071554,0.911621974,0.061018460,0.087825210,0.396873854,-0.193770629,-0.127891955,-0.118759951,0.790965327,0.593139542,0.125581827,-1.022305633,0.019345695,0.626971963,0.679024350,-0.028824235,0.521640052,-0.018569730,-0.069601317,0.000000000,0.000000000,0.000000000,0.000000000,0.000000000,0.000000000,0.000000000,0.000000000,0.000000000,0.000000000,0.000000000,0.000000000,0.000000000,0.000000000,0.000000000,0.000000000
0.096756079,-0.268622650,0.710818000,0.911792622,0.070446261,0.081296859,0.396310939,-0.171335167,-0.101646311,-0.099985866,0.840390078,0.596538166,0.136239230,-1.017392181,0.017504251,0.557828582,0.768543511,0.001434660,0.522816640,-0.027258436,-0.048372726,0.000000000,0.000000000,0.000000000,0.000000000,0.000000000,0.000000000,0.000000000,0.000000000,0.000000000,0.000000000,0.000000000,0.000000000,0.000000000,0.000000000,0.000000000,0.000000000
0.089161732,-0.295327882,0.703172466,0.911389892,0.078214177,0.073913386,0.397225149,-0.168305569,-0.071332378,-0.103282189,0.901754755,0.599199794,0.142890092,-1.013861087,0.005208264,0.502994498,0.859902778,0.040752458,0.523322565,-0.033153633,-0.025289803,0.000000000,0.000000000,0.000000000,0.000000000,0.000000000,0.000000000,0.000000000,0.000000000,0.000000000,0.000000000,0.000000000,0.000000000,0.000000000,0.000000000,0.000000000,0.000000000
0.069076560,-0.345189487,0.693829982,0.910010953,0.086493109,0.068247249,0.399676520,-0.173471802,-0.053799386,-0.123204382,0.954296985,0.599780537,0.145458752,-1.015451003,-0.015834000,0.467325542,0.956420570,0.076605752,0.521949679,-0.042540342,-0.008343273,0.000000000,0.000000000,0.000000000,0.000000000,0.000000000,0.000000000,0.000000000,0.000000000,0.000000000,0.000000000,0.000000000,0.000000000,0.000000000,0.000000000,0.000000000,0.000000000
0.046297788,-0.379555476,0.685451609,0.906500034,0.094753342,0.064213630,0.406394023,-0.178603238,-0.049771391,-0.144837669,0.990581964,0.599600766,0.148831322,-1.022130309,-0.047259497,0.437657834,1.044157477,0.107458343,0.523303626,-0.054172753,0.000326457,0.000000000,0.000000000,0.000000000,0.000000000,0.000000000,0.000000000,0.000000000,0.000000000,0.000000000,0.000000000,0.000000000,0.000000000,0.000000000,0.000000000,0.000000000,0.000000000
0.023090018,-0.391138321,0.678288204,0.905203223,0.099926994,0.056281380,0.409211593,-0.174692735,-0.042161789,-0.159828870,1.024975646,0.600234239,0.157364743,-1.034239131,-0.062848604,0.405338180,1.118792113,0.125326146,0.523598998,-0.075181943,0.022182606,0.000000000,0.000000000,0.000000000,0.000000000,0.000000000,0.000000000,0.000000000,0.000000000,0.000000000,0.000000000,0.000000000,0.000000000,0.000000000,0.000000000,0.000000000,0.000000000
-0.004016649,-0.393418780,0.672472422,0.904645837,0.105296802,0.053831242,0.409427272,-0.162999786,-0.048235168,-0.170930720,1.042901573,0.600025128,0.165891679,-1.061579518,-0.073504860,0.381898826,1.186237094,0.135421007,0.523596380,-0.087480792,0.037251780,0.000000000,0.000000000,0.000000000,0.000000000,0.000000000,0.000000000,0.000000000,0.000000000,0.000000000,0.000000000,0.000000000,0.000000000,0.000000000,0.000000000,0.000000000,0.000000000
-0.023557924,-0.390296940,0.668070521,0.903945557,0.109540566,0.052983875,0.409970734,-0.142949374,-0.062645606,-0.179734957,1.055402422,0.599749395,0.173054875,-1.091088916,-0.083239291,0.365493409,1.235326072,0.137921528,0.523599000,-0.099884129,0.057391753,0.000000000,0.000000000,0.000000000,0.000000000,0.000000000,0.000000000,0.000000000,0.000000000,0.000000000,0.000000000,0.000000000,0.000000000,0.000000000,0.000000000,0.000000000,0.000000000
-0.030039646,-0.385194882,0.663443556,0.903982572,0.111309173,0.052000319,0.409538452,-0.114884742,-0.070837342,-0.184110181,1.071301600,0.599607046,0.177499498,-1.131261471,-0.086555526,0.349589535,1.292655862,0.134451260,0.523599000,-0.104934671,0.076967098,0.000000000,0.000000000,0.000000000,0.000000000,0.000000000,0.000000000,0.000000000,0.000000000,0.000000000,0.000000000,0.000000000,0.000000000,0.000000000,0.000000000,0.000000000,0.000000000
-0.029836570,-0.379457179,0.656715812,0.906861318,0.111019730,0.051578576,0.403257758,-0.087650144,-0.071867133,-0.185295299,1.091996977,0.599543106,0.181413897,-1.179937402,-0.077153708,0.339451665,1.357997874,0.129585569,0.523599000,-0.120568905,0.097870869,0.000000000,0.000000000,0.000000000,0.000000000,0.000000000,0.000000000,0.000000000,0.000000000,0.000000000,0.000000000,0.000000000,0.000000000,0.000000000,0.000000000,0.000000000,0.000000000
-0.027433344,-0.372741112,0.645803417,0.909767849,0.110768107,0.050880271,0.396817447,-0.060440954,-0.072633474,-0.178689484,1.119628006,0.599545200,0.183204537,-1.238659067,-0.062212122,0.334280876,1.431579919,0.122722312,0.523485465,-0.132816092,0.115282104,0.000000000,0.000000000,0.000000000,0.000000000,0.000000000,0.000000000,0.000000000,0.000000000,0.000000000,0.000000000,0.000000000,0.000000000,0.000000000,0.000000000,0.000000000,0.000000000
-0.025056148,-0.365616501,0.630508835,0.911274108,0.110203280,0.050994865,0.393489849,-0.031152655,-0.071040163,-0.163296625,1.153456373,0.599668641,0.183196012,-1.304065928,-0.047997898,0.330633469,1.509514423,0.116461629,0.523598367,-0.138613070,0.132286195,0.000000000,0.000000000,0.000000000,0.000000000,0.000000000,0.000000000,0.000000000,0.000000000,0.000000000,0.000000000,0.000000000,0.000000000,0.000000000,0.000000000,0.000000000,0.000000000
-0.021975354,-0.358872168,0.615590882,0.912468345,0.109117509,0.050160585,0.391125050,0.000790880,-0.063511084,-0.144196639,1.185706430,0.599825763,0.182918173,-1.354962824,-0.039620414,0.325638612,1.575788024,0.112895410,0.523594564,-0.142962546,0.141828994,0.000000000,0.000000000,0.000000000,0.000000000,0.000000000,0.000000000,0.000000000,0.000000000,0.000000000,0.000000000,0.000000000,0.000000000,0.000000000,0.000000000,0.000000000,0.000000000
-0.020721673,-0.354726216,0.600883829,0.912236951,0.106780355,0.041288578,0.393340762,0.029922844,-0.038672474,-0.128963208,1.236035820,0.600680591,0.182733638,-1.392429421,-0.042345419,0.313723851,1.647038354,0.111011129,0.522473494,-0.156516452,0.169503361,0.000000000,0.000000000,0.000000000,0.000000000,0.000000000,0.000000000,0.000000000,0.000000000,0.000000000,0.000000000,0.000000000,0.000000000,0.000000000,0.000000000,0.000000000,0.000000000
-0.024084299,-0.354990047,0.586682029,0.911841860,0.106294097,0.035965372,0.394908190,0.056629454,-0.021560191,-0.112281691,1.279708606,0.601038445,0.182458543,-1.435614989,-0.038484227,0.310248213,1.715467832,0.111118809,0.522302163,-0.161630216,0.190787474,0.000000000,0.000000000,0.000000000,0.000000000,0.000000000,0.000000000,0.000000000,0.000000000,0.000000000,0.000000000,0.000000000,0.000000000,0.000000000,0.000000000,0.000000000,0.000000000
-0.031182908,-0.360396230,0.573774295,0.911423066,0.105308849,0.032066747,0.396471644,0.075614283,-0.006255846,-0.099514217,1.319922782,0.601119566,0.182368155,-1.478030351,-0.034028863,0.305770228,1.773716103,0.112791246,0.522303667,-0.163008602,0.211493995,0.000000000,0.000000000,0.000000000,0.000000000,0.000000000,0.000000000,0.000000000,0.000000000,0.000000000,0.000000000,0.000000000,0.000000000,0.000000000,0.000000000,0.000000000,0.000000000
-0.038275250,-0.367036892,0.566377611,0.911441084,0.105645682,0.029236471,0.396559414,0.094573748,0.002067812,-0.093171366,1.348546490,0.600640763,0.183136367,-1.510624534,-0.033597217,0.304850668,1.820368743,0.114885360,0.521945741,-0.163630549,0.225796045,0.000000000,0.000000000,0.000000000,0.000000000,0.000000000,0.000000000,0.000000000,0.000000000,0.000000000,0.000000000,0.000000000,0.000000000,0.000000000,0.000000000,0.000000000,0.000000000
-0.042442372,-0.371296730,0.567124931,0.912146855,0.105315040,0.027613954,0.395138365,0.108517924,0.007132654,-0.086577460,1.364941453,0.600162002,0.183396909,-1.525230517,-0.031993557,0.307423025,1.850300402,0.118301980,0.520394873,-0.167475796,0.238157568,0.000000000,0.000000000,0.000000000,0.000000000,0.000000000,0.000000000,0.000000000,0.000000000,0.000000000,0.000000000,0.000000000,0.000000000,0.000000000,0.000000000,0.000000000,0.000000000
-0.044444825,-0.372401820,0.572469126,0.912053762,0.106884898,0.028623139,0.394859811,0.119679811,0.004530555,-0.079751652,1.363403066,0.599798948,0.183241655,-1.524973841,-0.034372924,0.317068034,1.862103560,0.121837887,0.519104762,-0.165430403,0.249739758,0.000000000,0.000000000,0.000000000,0.000000000,0.000000000,0.000000000,0.000000000,0.000000000,0.000000000,0.000000000,0.000000000,0.000000000,0.000000000,0.000000000,0.000000000,0.000000000
-0.044799970,-0.370468698,0.581305287,0.912422120,0.108358329,0.032729468,0.393285048,0.123330147,-0.001990143,-0.077751866,1.346756883,0.599377223,0.185172577,-1.511960508,-0.036623167,0.328225999,1.857893843,0.125440341,0.519645230,-0.170359686,0.263164481,0.000000000,0.000000000,0.000000000,0.000000000,0.000000000,0.000000000,0.000000000,0.000000000,0.000000000,0.000000000,0.000000000,0.000000000,0.000000000,0.000000000,0.000000000,0.000000000
-0.042558343,-0.367784991,0.594324830,0.912489848,0.113278509,0.040601160,0.391001026,0.124153569,-0.015169797,-0.080688719,1.313542076,0.598471123,0.189144512,-1.495831549,-0.041373282,0.343149633,1.843250825,0.125912724,0.520896165,-0.175083466,0.276923581,0.000000000,0.000000000,0.000000000,0.000000000,0.000000000,0.000000000,0.000000000,0.000000000,0.000000000,0.000000000,0.000000000,0.000000000,0.000000000,0.000000000,0.000000000,0.000000000
-0.038240236,-0.365470232,0.612771091,0.909188479,0.117572157,0.038231517,0.397607154,0.144548645,-0.012826539,-0.105025693,1.253966450,0.594122602,0.193594829,-1.431466649,-0.064772163,0.341286213,1.809709138,0.126015890,0.522345244,-0.206557620,0.313697768,0.000000000,0.000000000,0.000000000,0.000000000,0.000000000,0.000000000,0.000000000,0.000000000,0.000000000,0.000000000,0.000000000,0.000000000,0.000000000,0.000000000,0.000000000,0.000000000
-0.031668997,-0.361969262,0.635416392,0.908955981,0.117448428,0.050979160,0.396744272,0.125882063,-0.025018278,-0.121136669,1.172966629,0.585031134,0.197041766,-1.364476162,-0.071495315,0.341132136,1.732137780,0.125248109,0.523599000,-0.210649408,0.317673998,0.000000000,0.000000000,0.000000000,0.000000000,0.000000000,0.000000000,0.000000000,0.000000000,0.000000000,0.000000000,0.000000000,0.000000000,0.000000000,0.000000000,0.000000000,0.000000000
-0.022958439,-0.356918504,0.661949329,0.907749300,0.114465807,0.067804981,0.397858357,0.087263456,-0.038181319,-0.137831515,1.080976047,0.573954273,0.198543866,-1.275728442,-0.072214817,0.335832733,1.619998925,0.123392232,0.523599000,-0.209888296,0.310472876,0.000000000,0.000000000,0.000000000,0.000000000,0.000000000,0.000000000,0.000000000,0.000000000,0.000000000,0.000000000,0.000000000,0.000000000,0.000000000,0.000000000,0.000000000,0.000000000
-0.015472152,-0.351382987,0.686703377,0.906792848,0.111580997,0.084300468,0.397705724,0.047506010,-0.056097795,-0.144009486,1.002175907,0.561034887,0.198616005,-1.186387421,-0.070287215,0.329337483,1.496079558,0.121146474,0.523599000,-0.215761078,0.299567741,0.000000000,0.000000000,0.000000000,0.000000000,0.000000000,0.000000000,0.000000000,0.000000000,0.000000000,0.000000000,0.000000000,0.000000000,0.000000000,0.000000000,0.000000000,0.000000000
-0.012103680,-0.343502764,0.706094201,0.910180450,0.107786632,0.122281455,0.380789753,-0.066195823,-0.103838088,-0.072293091,0.975233420,0.544078831,0.192926256,-1.145057676,-0.045063560,0.359845167,1.375834754,0.119527625,0.523478280,-0.148868475,0.235452137,0.000000000,0.000000000,0.000000000,0.000000000,0.000000000,0.000000000,0.000000000,0.000000000,0.000000000,0.000000000,0.000000000,0.000000000,0.000000000,0.000000000,0.000000000,0.000000000
-0.014981855,-0.337328820,0.719423239,0.912673896,0.099512435,0.137119330,0.371916555,-0.183895292,-0.103432531,0.012906054,1.013747140,0.521714721,0.186377151,-1.075877497,-0.035203523,0.356295160,1.252555527,0.118096278,0.523509987,-0.122242633,0.204522114,0.000000000,0.000000000,0.000000000,0.000000000,0.000000000,0.000000000,0.000000000,0.000000000,0.000000000,0.000000000,0.000000000,0.000000000,0.000000000,0.000000000,0.000000000,0.000000000
-0.019533673,-0.327135472,0.727956550,0.918818546,0.086850356,0.139329393,0.358910597,-0.317182156,-0.087881060,0.086604865,1.088429908,0.492257864,0.180379323,-1.000929964,-0.010843393,0.356926124,1.154611855,0.118250521,0.523210290,-0.092246891,0.178442205,0.000000000,0.000000000,0.000000000,0.000000000,0.000000000,0.000000000,0.000000000,0.000000000,0.000000000,0.000000000,0.000000000,0.000000000,0.000000000,0.000000000,0.000000000,0.000000000
-0.022843779,-0.318021366,0.733077399,0.929280677,0.074302830,0.119427933,0.341545724,-0.431800964,-0.062015711,0.113152094,1.163424988,0.458265989,0.176044310,-0.876303837,0.023417718,0.364666805,1.063995953,0.116980493,0.523475251,-0.064361993,0.189993543,0.000000000,0.000000000,0.000000000,0.000000000,0.000000000,0.000000000,0.000000000,0.000000000,0.000000000,0.000000000,0.000000000,0.000000000,0.000000000,0.000000000,0.000000000,0.000000000
-0.022594583,-0.313415236,0.734636689,0.939831240,0.059288903,0.107067819,0.318964807,-0.556159506,-0.036717978,0.105182757,1.192275738,0.429349660,0.173148469,-0.783071996,0.065687998,0.393534602,0.977473794,0.117708680,0.523254669,-0.024022089,0.181872026,0.000000000,0.000000000,0.000000000,0.000000000,0.000000000,0.000000000,0.000000000,0.000000000,0.000000000,0.000000000,0.000000000,0.000000000,0.000000000,0.000000000,0.000000000,0.000000000
-0.015603787,-0.311105247,0.733896248,0.948489685,0.047762187,0.096048241,0.298095330,-0.675402760,0.006463321,0.081870641,1.193903985,0.403086309,0.172494709,-0.711269304,0.099175168,0.438749876,0.912076165,0.119286713,0.520757493,0.000811851,0.169036016,0.000000000,0.000000000,0.000000000,0.000000000,0.000000000,0.000000000,0.000000000,0.000000000,0.000000000,0.000000000,0.000000000,0.000000000,0.000000000,0.000000000,0.000000000,0.000000000
-0.000957306,-0.304762353,0.732648511,0.953808037,0.040868538,0.088133298,0.284275419,-0.804195771,0.045726502,0.049625855,1.152728213,0.379802820,0.172546981,-0.651779550,0.122085918,0.498291130,0.866973222,0.120783122,0.516657312,0.016302621,0.161812389,0.000000000,0.000000000,0.000000000,0.000000000,0.000000000,0.000000000,0.000000000,0.000000000,0.000000000,0.000000000,0.000000000,0.000000000,0.000000000,0.000000000,0.000000000,0.000000000
0.019355681,-0.291564768,0.733068632,0.956398651,0.032271493,0.092751919,0.275058636,-0.901017432,0.081195457,0.008690834,1.042315585,0.363943800,0.173628336,-0.614174475,0.143338172,0.570524168,0.839387868,0.122204624,0.510907509,0.026813050,0.123959124,0.000000000,0.000000000,0.000000000,0.000000000,0.000000000,0.000000000,0.000000000,0.000000000,0.000000000,0.000000000,0.000000000,0.000000000,0.000000000,0.000000000,0.000000000,0.000000000
0.043437875,-0.273416000,0.731853470,0.955957313,0.026126302,0.091774919,0.277561518,-0.925589116,0.055573664,-0.035400383,0.804870856,0.355813921,0.173433492,-0.548725142,0.158938946,0.620675030,0.846228755,0.129547438,0.507232214,0.004509854,0.106524863,0.000000000,0.000000000,0.000000000,0.000000000,0.000000000,0.000000000,0.000000000,0.000000000,0.000000000,0.000000000,0.000000000,0.000000000,0.000000000,0.000000000,0.000000000,0.000000000
0.070930898,-0.261526023,0.725646797,0.957767841,0.019204067,0.086930506,0.273413703,-1.010343060,0.024561067,-0.073645785,0.701264868,0.320726201,0.165958277,-0.487910013,0.188153768,0.643274169,0.878749300,0.136529513,0.503872755,-0.018270292,0.088141453,0.000000000,0.000000000,0.000000000,0.000000000,0.000000000,0.000000000,0.000000000,0.000000000,0.000000000,0.000000000,0.000000000,0.000000000,0.000000000,0.000000000,0.000000000,0.000000000
0.099973095,-0.259776201,0.717365832,0.961211440,0.016417878,0.079811290,0.263501765,-1.076753938,0.001610051,-0.113844797,0.639661735,0.276686483,0.153946895,-0.425225111,0.216807912,0.655538719,0.902399952,0.142756140,0.500324756,-0.025512901,0.075580108,0.000000000,0.000000000,0.000000000,0.000000000,0.000000000,0.000000000,0.000000000,0.000000000,0.000000000,0.000000000,0.000000000,0.000000000,0.000000000,0.000000000,0.000000000,0.000000000
0.120729570,-0.263085830,0.709050220,0.963876109,0.015071062,0.072616720,0.255817358,-1.116500131,-0.010690631,-0.161004799,0.558955471,0.228153356,0.143172834,-0.366191091,0.239069900,0.661102974,0.913749027,0.149220601,0.497366789,-0.042856913,0.072075370,0.000000000,0.000000000,0.000000000,0.000000000,0.000000000,0.000000000,0.000000000,0.000000000,0.000000000,0.000000000,0.000000000,0.000000000,0.000000000,0.000000000,0.000000000,0.000000000
0.133318988,-0.265923384,0.702378388,0.963424780,0.015187843,0.075270158,0.256741945,-1.155327196,-0.027057770,-0.186044042,0.458504999,0.178238667,0.133806240,-0.338551108,0.249376204,0.656965058,0.922455483,0.156443948,0.497763468,-0.062456963,0.047769229,0.000000000,0.000000000,0.000000000,0.000000000,0.000000000,0.000000000,0.000000000,0.000000000,0.000000000,0.000000000,0.000000000,0.000000000,0.000000000,0.000000000,0.000000000,0.000000000
0.145500403,-0.265194484,0.698622658,0.961724403,0.013690568,0.080924227,0.261438351,-1.164687200,-0.054693262,-0.214246104,0.335445189,0.124856065,0.114696654,-0.318899211,0.254751190,0.633218993,0.914991052,0.161003818,0.500338358,-0.084165903,0.021456688,0.000000000,0.000000000,0.000000000,0.000000000,0.000000000,0.000000000,0.000000000,0.000000000,0.000000000,0.000000000,0.000000000,0.000000000,0.000000000,0.000000000,0.000000000,0.000000000
0.155965694,-0.264051432,0.694244414,0.959934703,0.013435885,0.079042208,0.268509165,-1.162698823,-0.074758445,-0.237667060,0.250526506,0.069595901,0.098989084,-0.289374466,0.256304718,0.603858978,0.919858556,0.167136195,0.502454221,-0.100530884,0.010562152,0.000000000,0.000000000,0.000000000,0.000000000,0.000000000,0.000000000,0.000000000,0.000000000,0.000000000,0.000000000,0.000000000,0.000000000,0.000000000,0.000000000,0.000000000,0.000000000
0.173010141,-0.258922962,0.692812856,0.956880767,0.016099656,0.076743227,0.279697113,-1.109983545,-0.096777745,-0.261613192,0.151236230,0.047384203,0.080202162,-0.244878993,0.226410646,0.545105996,0.916519090,0.176213969,0.502399685,-0.116489900,0.005525465,0.000000000,0.000000000,0.000000000,0.000000000,0.000000000,0.000000000,0.000000000,0.000000000,0.000000000,0.000000000,0.000000000,0.000000000,0.000000000,0.000000000,0.000000000,0.000000000
0.191992845,-0.249715211,0.688590766,0.955365224,0.017662299,0.065615343,0.287506451,-1.073869442,-0.113128317,-0.275007863,0.167006257,0.060768292,0.071606275,-0.182662182,0.202210644,0.490039387,0.913449868,0.182791992,0.501260339,-0.128208662,0.014285408,0.000000000,0.000000000,0.000000000,0.000000000,0.000000000,0.000000000,0.000000000,0.000000000,0.000000000,0.000000000,0.000000000,0.000000000,0.000000000,0.000000000,0.000000000,0.000000000
0.210055410,-0.234749596,0.683602613,0.956666615,0.019597405,0.051916946,0.285848842,-1.057884732,-0.123660891,-0.280667034,0.244414855,0.078422520,0.069051296,-0.119393141,0.177740107,0.446251064,0.916014512,0.186615373,0.500508654,-0.140167933,0.024382453,0.000000000,0.000000000,0.000000000,0.000000000,0.000000000,0.000000000,0.000000000,0.000000000,0.000000000,0.000000000,0.000000000,0.000000000,0.000000000,0.000000000,0.000000000,0.000000000
0.231884543,-0.214142217,0.678748422,0.958312600,0.019344635,0.036681199,0.282696366,-1.052585123,-0.132547375,-0.278774047,0.344884156,0.086700708,0.070844303,-0.057457560,0.161649729,0.410410976,0.919029428,0.185210675,0.499413743,-0.139145072,0.042021076,0.000000000,0.000000000,0.000000000,0.000000000,0.000000000,0.000000000,0.000000000,0.000000000,0.000000000,0.000000000,0.000000000,0.000000000,0.000000000,0.000000000,0.000000000,0.000000000
0.259488537,-0.198736143,0.673715058,0.961398376,0.021921368,0.013617521,0.273947401,-1.054620864,-0.140061784,-0.249052952,0.487112953,0.082840092,0.056113742,0.016900478,0.134693172,0.348341697,0.925892833,0.182561705,0.496935504,-0.137333106,0.086395781,0.000000000,0.000000000,0.000000000,0.000000000,0.000000000,0.000000000,0.000000000,0.000000000,0.000000000,0.000000000,0.000000000,0.000000000,0.000000000,0.000000000,0.000000000,0.000000000
0.282342199,-0.191468460,0.670429913,0.966333106,0.019288308,0.000915233,0.256568610,-1.097341285,-0.129210819,-0.223557723,0.647087059,0.071150086,0.036521638,0.065723428,0.127808318,0.333107370,0.941395115,0.184895733,0.493160323,-0.109405906,0.121023480,0.000000000,0.000000000,0.000000000,0.000000000,0.000000000,0.000000000,0.000000000,0.000000000,0.000000000,0.000000000,0.000000000,0.000000000,0.000000000,0.000000000,0.000000000,0.000000000
0.288636509,-0.189664238,0.667012910,0.969614010,0.019148955,-0.008917788,0.243726205,-1.139385381,-0.109814570,-0.195292730,0.788458430,0.078959063,0.034161037,0.105288839,0.117387330,0.323976624,0.961556439,0.193746736,0.490235238,-0.070762838,0.153070180,0.000000000,0.000000000,0.000000000,0.000000000,0.000000000,0.000000000,0.000000000,0.000000000,0.000000000,0.000000000,0.000000000,0.000000000,0.000000000,0.000000000,0.000000000,0.000000000
0.282732596,-0.192338208,0.661558349,0.973132727,0.018107158,-0.017095399,0.228894241,-1.186904388,-0.082618336,-0.174044855,0.917747579,0.092184063,0.034040179,0.119847324,0.117868012,0.320675678,0.990620669,0.200482141,0.491989012,-0.039720296,0.197997704,0.000000000,0.000000000,0.000000000,0.000000000,0.000000000,0.000000000,0.000000000,0.000000000,0.000000000,0.000000000,0.000000000,0.000000000,0.000000000,0.000000000,0.000000000,0.000000000
0.268983713,-0.208711402,0.657262272,0.974395191,0.019178109,-0.017931283,0.223304011,-1.212730836,-0.054573961,-0.149831106,0.973526685,0.108671420,0.030500827,0.118611586,0.113484480,0.308729070,1.012050183,0.210330765,0.489394759,-0.023797245,0.226421979,0.000000000,0.000000000,0.000000000,0.000000000,0.000000000,0.000000000,0.000000000,0.000000000,0.000000000,0.000000000,0.000000000,0.000000000,0.000000000,0.000000000,0.000000000,0.000000000
0.255130084,-0.237285598,0.653470197,0.974881793,0.020307128,-0.012982193,0.221414932,-1.251121239,-0.045622533,-0.127317127,1.037420190,0.125214416,0.016929279,0.110512422,0.113395849,0.293798902,1.024451203,0.220101334,0.485658282,-0.015617671,0.257122341,0.000000000,0.000000000,0.000000000,0.000000000,0.000000000,0.000000000,0.000000000,0.000000000,0.000000000,0.000000000,0.000000000,0.000000000,0.000000000,0.000000000,0.000000000,0.000000000
0.235114743,-0.269671706,0.648305596,0.974904997,0.022956337,-0.007105231,0.221320511,-1.294698539,-0.046146656,-0.105097484,1.106744239,0.142168692,0.004594533,0.110203005,0.111228132,0.285440952,1.030988251,0.230170146,0.482218974,-0.008092874,0.278064209,0.000000000,0.000000000,0.000000000,0.000000000,0.000000000,0.000000000,0.000000000,0.000000000,0.000000000,0.000000000,0.000000000,0.000000000,0.000000000,0.000000000,0.000000000,0.000000000
0.207096155,-0.302568751,0.642292343,0.974969599,0.024162455,-0.001842408,0.221013714,-1.339336087,-0.045296960,-0.086976833,1.171361503,0.158425275,-0.004571389,0.116471801,0.112059870,0.278951070,1.034014461,0.240709742,0.480001159,-0.002826253,0.290134745,0.000000000,0.000000000,0.000000000,0.000000000,0.000000000,0.000000000,0.000000000,0.000000000,0.000000000,0.000000000,0.000000000,0.000000000,0.000000000,0.000000000,0.000000000,0.000000000
0.163355319,-0.335528885,0.636507305,0.974769467,0.026235056,0.005636000,0.221595226,-1.394723806,-0.051928574,-0.069397074,1.235975700,0.174909966,-0.010306014,0.116763386,0.104905468,0.255639119,1.044684937,0.251572540,0.479871336,-0.005557151,0.301655494,0.000000000,0.000000000,0.000000000,0.000000000,0.000000000,0.000000000,0.000000000,0.000000000,0.000000000,0.000000000,0.000000000,0.000000000,0.000000000,0.000000000,0.000000000,0.000000000
0.113469369,-0.362859788,0.633039276,0.975814386,0.027357039,0.017355173,0.216186666,-1.463854457,-0.062555726,-0.060589662,1.298904184,0.188957631,-0.014317230,0.099871333,0.082407955,0.222305980,1.063021822,0.256243444,0.479664274,-0.003370837,0.301770722,0.000000000,0.000000000,0.000000000,0.000000000,0.000000000,0.000000000,0.000000000,0.000000000,0.000000000,0.000000000,0.000000000,0.000000000,0.000000000,0.000000000,0.000000000,0.000000000
0.076807784,-0.381620054,0.631152816,0.977994276,0.031631489,0.022924725,0.204941703,-1.517966482,-0.066190928,-0.048050507,1.357142020,0.197940056,-0.018540874,0.098267436,0.050877227,0.192715382,1.089102675,0.262593658,0.479411542,0.000511632,0.310921872,0.000000000,0.000000000,0.000000000,0.000000000,0.000000000,0.000000000,0.000000000,0.000000000,0.000000000,0.000000000,0.000000000,0.000000000,0.000000000,0.000000000,0.000000000,0.000000000
0.058286666,-0.395035199,0.629566587,0.981158155,0.036080833,0.025617787,0.188070671,-1.560550666,-0.051428821,-0.033743102,1.405991578,0.201092919,-0.024061692,0.097294362,0.021872223,0.180581858,1.123130494,0.272904878,0.477803149,0.012890821,0.346293874,0.000000000,0.000000000,0.000000000,0.000000000,0.000000000,0.000000000,0.000000000,0.000000000,0.000000000,0.000000000,0.000000000,0.000000000,0.000000000,0.000000000,0.000000000,0.000000000
0.050089149,-0.404349163,0.627582111,0.984219317,0.040437395,0.026596814,0.170205060,-1.595985641,-0.029745488,-0.022602644,1.444307423,0.199506668,-0.028937394,0.101658338,-0.009297346,0.177177373,1.158031464,0.282611920,0.473587954,0.024401564,0.366705766,0.000000000,0.000000000,0.000000000,0.000000000,0.000000000,0.000000000,0.000000000,0.000000000,0.000000000,0.000000000,0.000000000,0.000000000,0.000000000,0.000000000,0.000000000,0.000000000
0.050787742,-0.409229318,0.626106105,0.985677306,0.043107044,0.031294183,0.160008455,-1.639663262,-0.021240646,-0.012628355,1.481489363,0.194829120,-0.033304893,0.112500674,-0.036357970,0.166511556,1.183354273,0.291640502,0.468918999,0.032342471,0.371887723,0.000000000,0.000000000,0.000000000,0.000000000,0.000000000,0.000000000,0.000000000,0.000000000,0.000000000,0.000000000,0.000000000,0.000000000,0.000000000,0.000000000,0.000000000,0.000000000
0.053202286,-0.410812856,0.624954726,0.987049784,0.044523427,0.036995065,0.149605326,-1.681168036,-0.019539432,-0.006395045,1.511209837,0.189505297,-0.037556309,0.129793972,-0.054915273,0.163002675,1.193455714,0.298810363,0.465740020,0.033853595,0.381572361,0.000000000,0.000000000,0.000000000,0.000000000,0.000000000,0.000000000,0.000000000,0.000000000,0.000000000,0.000000000,0.000000000,0.000000000,0.000000000,0.000000000,0.000000000,0.000000000
0.055251834,-0.411123202,0.624399372,0.988725220,0.043510476,0.041568408,0.137117996,-1.713344549,-0.013876802,-0.008417952,1.532863859,0.184971867,-0.040842725,0.147874134,-0.063403278,0.165347666,1.196102948,0.304958952,0.464105389,0.030482395,0.391273970,0.000000000,0.000000000,0.000000000,0.000000000,0.000000000,0.000000000,0.000000000,0.000000000,0.000000000,0.000000000,0.000000000,0.000000000,0.000000000,0.000000000,0.000000000,0.000000000
0.056564187,-0.411094694,0.624536520,0.990507151,0.042516581,0.046036749,0.122345992,-1.730973756,-0.004963282,-0.012670485,1.538309985,0.181278792,-0.043776282,0.156041516,-0.072162595,0.174205480,1.196168248,0.308750073,0.463154980,0.030798020,0.405000650,0.000000000,0.000000000,0.000000000,0.000000000,0.000000000,0.000000000,0.000000000,0.000000000,0.000000000,0.000000000,0.000000000,0.000000000,0.000000000,0.000000000,0.000000000,0.000000000
0.056476943,-0.412029514,0.624417541,0.991936198,0.041028529,0.050231651,0.108885358,-1.751244185,0.003565995,-0.017710553,1.548076254,0.178357970,-0.046686546,0.162613790,-0.079098507,0.178770997,1.197795603,0.312828518,0.462817658,0.036106908,0.418172509,0.000000000,0.000000000,0.000000000,0.000000000,0.000000000,0.000000000,0.000000000,0.000000000,0.000000000,0.000000000,0.000000000,0.000000000,0.000000000,0.000000000,0.000000000,0.000000000
0.055030386,-0.414174553,0.625137231,0.993057603,0.043312578,0.054941616,0.094562342,-1.760095324,0.014955807,-0.018171372,1.551852768,0.177321418,-0.049404267,0.158744652,-0.094892340,0.188313274,1.198917202,0.313849835,0.461871893,0.039506128,0.432542142,0.000000000,0.000000000,0.000000000,0.000000000,0.000000000,0.000000000,0.000000000,0.000000000,0.000000000,0.000000000,0.000000000,0.000000000,0.000000000,0.000000000,0.000000000,0.000000000
0.053241788,-0.417644342,0.628628107,0.995014403,0.045827527,0.059165098,0.065921670,-1.749426106,0.060123419,-0.012718190,1.546461421,0.177088317,-0.052753166,0.141241320,-0.105179786,0.247627916,1.194839877,0.308231511,0.459176552,0.075552264,0.445416383,0.000000000,0.000000000,0.000000000,0.000000000,0.000000000,0.000000000,0.000000000,0.000000000,0.000000000,0.000000000,0.000000000,0.000000000,0.000000000,0.000000000,0.000000000,0.000000000
0.056456323,-0.418657979,0.638552978,0.995071616,0.043415413,0.067369961,0.058385521,-1.730285104,0.060054852,-0.016131127,1.514271747,0.175995599,-0.055256009,0.131719521,-0.085707173,0.292819553,1.152387501,0.299644201,0.455590678,0.073295085,0.444634443,0.000000000,0.000000000,0.000000000,0.000000000,0.000000000,0.000000000,0.000000000,0.000000000,0.000000000,0.000000000,0.000000000,0.000000000,0.000000000,0.000000000,0.000000000,0.000000000
0.060366329,-0.418401893,0.654489555,0.995155748,0.041623977,0.076025483,0.046396213,-1.690864391,0.063864663,-0.016211104,1.464575847,0.175187950,-0.058119278,0.114292245,-0.070824932,0.352533378,1.099948013,0.288225823,0.451564308,0.070639635,0.444800206,0.000000000,0.000000000,0.000000000,0.000000000,0.000000000,0.000000000,0.000000000,0.000000000,0.000000000,0.000000000,0.000000000,0.000000000,0.000000000,0.000000000,0.000000000,0.000000000
0.065864740,-0.417306604,0.674732200,0.995059539,0.037346569,0.084497848,0.036357403,-1.631086064,0.068441837,-0.019310863,1.386374625,0.174080444,-0.059900310,0.103241998,-0.045248206,0.432806881,1.035130451,0.276603369,0.444947226,0.068003337,0.426211771,0.000000000,0.000000000,0.000000000,0.000000000,0.000000000,0.000000000,0.000000000,0.000000000,0.000000000,0.000000000,0.000000000,0.000000000,0.000000000,0.000000000,0.000000000,0.000000000
0.073902852,-0.414101258,0.693731918,0.994413281,0.031249150,0.095441692,0.032505382,-1.555559769,0.069328488,-0.032630642,1.298459004,0.176127448,-0.059546699,0.093970033,-0.009658007,0.520782730,0.962931667,0.263917386,0.438952338,0.069776823,0.398686337,0.000000000,0.000000000,0.000000000,0.000000000,0.000000000,0.000000000,0.000000000,0.000000000,0.000000000,0.000000000,0.000000000,0.000000000,0.000000000,0.000000000,0.000000000,0.000000000
0.083902914,-0.411241453,0.716477129,0.993824902,0.024696768,0.104512900,0.027913923,-1.466652538,0.080729356,-0.046565695,1.210778754,0.180068406,-0.058889210,0.071623036,0.019906320,0.586757893,0.916568030,0.251872625,0.432777582,0.083882821,0.377528931,0.000000000,0.000000000,0.000000000,0.000000000,0.000000000,0.000000000,0.000000000,0.000000000,0.000000000,0.000000000,0.000000000,0.000000000,0.000000000,0.000000000,0.000000000,0.000000000
0.092836978,-0.411747251,0.745939648,0.993254254,0.023875441,0.111388166,0.021647778,-1.358918569,0.074226522,-0.062598956,1.111169424,0.185190400,-0.060903559,0.025473791,0.025504132,0.608849920,0.881681566,0.237391691,0.425960588,0.082068395,0.341202952,0.000000000,0.000000000,0.000000000,0.000000000,0.000000000,0.000000000,0.000000000,0.000000000,0.000000000,0.000000000,0.000000000,0.000000000,0.000000000,0.000000000,0.000000000,0.000000000
0.101092688,-0.414749880,0.775607764,0.993165384,0.026515142,0.112994915,0.012313237,-1.264840702,0.062966336,-0.075559882,1.040405939,0.189434754,-0.064677897,-0.077923297,-0.013916898,0.508103100,0.890210147,0.215200739,0.416079448,0.087531534,0.323041663,0.000000000,0.000000000,0.000000000,0.000000000,0.000000000,0.000000000,0.000000000,0.000000000,0.000000000,0.000000000,0.000000000,0.000000000,0.000000000,0.000000000,0.000000000,0.000000000
0.112239129,-0.414320946,0.798505499,0.985424124,0.028995724,0.164012441,0.034618812,-1.263241971,-0.018518280,-0.148145334,0.906731322,0.191092740,-0.064771451,-0.309714240,-0.098117473,0.284165859,0.917497454,0.189310599,0.408340840,0.051180228,0.186401884,0.000000000,0.000000000,0.000000000,0.000000000,0.000000000,0.000000000,0.000000000,0.000000000,0.000000000,0.000000000,0.000000000,0.000000000,0.000000000,0.000000000,0.000000000,0.000000000
0.123689164,-0.414930148,0.810340455,0.984560019,0.033526086,0.166362663,0.042907292,-1.189546738,-0.057031169,-0.179789731,0.846019084,0.196640832,-0.066350656,-0.446737364,-0.142057114,0.184630513,0.994096362,0.157854310,0.404445878,0.038940975,0.142915070,0.000000000,0.000000000,0.000000000,0.000000000,0.000000000,0.000000000,0.000000000,0.000000000,0.000000000,0.000000000,0.000000000,0.000000000,0.000000000,0.000000000,0.000000000,0.000000000
0.137239213,-0.415440739,0.817083466,0.985090011,0.041365808,0.159224774,0.050338960,-1.107778359,-0.097706037,-0.197315509,0.811501104,0.204710478,-0.068666353,-0.570692330,-0.172754188,0.160560639,1.049815752,0.129531756,0.401442953,0.011728543,0.134733590,0.000000000,0.000000000,0.000000000,0.000000000,0.000000000,0.000000000,0.000000000,0.000000000,0.000000000,0.000000000,0.000000000,0.000000000,0.000000000,0.000000000,0.000000000,0.000000000
0.148307598,-0.416052597,0.820688128,0.985087805,0.049317068,0.153463286,0.060156985,-1.021192607,-0.138339338,-0.224722998,0.737994539,0.211212228,-0.072322456,-0.655713071,-0.190822906,0.154345167,1.069751175,0.106641409,0.400455046,-0.006857183,0.110790258,0.000000000,0.000000000,0.000000000,0.000000000,0.000000000,0.000000000,0.000000000,0.000000000,0.000000000,0.000000000,0.000000000,0.000000000,0.000000000,0.000000000,0.000000000,0.000000000
0.159093857,-0.413905449,0.821487045,0.982181178,0.063661469,0.150955369,0.092085976,-0.920642108,-0.217724293,-0.274764865,0.638841897,0.221600979,-0.073825027,-0.775666688,-0.201811448,0.185271678,1.088942978,0.081626275,0.400716794,-0.032300038,0.085510881,0.000000000,0.000000000,0.000000000,0.000000000,0.000000000,0.000000000,0.000000000,0.000000000,0.000000000,0.000000000,0.000000000,0.000000000,0.000000000,0.000000000,0.000000000,0.000000000
0.167867722,-0.409324019,0.818601149,0.980133710,0.073846633,0.131408557,0.128904527,-0.820317089,-0.307292060,-0.328428098,0.640107263,0.232433159,-0.078758213,-0.878803414,-0.174477047,0.245904049,1.082539846,0.058548148,0.400781796,-0.064334500,0.106402384,0.000000000,0.000000000,0.000000000,0.000000000,0.000000000,0.000000000,0.000000000,0.000000000,0.000000000,0.000000000,0.000000000,0.000000000,0.000000000,0.000000000,0.000000000,0.000000000
0.173915259,-0.401616208,0.812751974,0.972807596,0.078380227,0.134101022,0.171810465,-0.774423228,-0.367647204,-0.339454098,0.644578616,0.254244926,-0.084161020,-0.968512185,-0.183096024,0.298942344,1.044608175,0.042352513,0.399377617,-0.087215703,0.071555997,0.000000000,0.000000000,0.000000000,0.000000000,0.000000000,0.000000000,0.000000000,0.000000000,0.000000000,0.000000000,0.000000000,0.000000000,0.000000000,0.000000000,0.000000000,0.000000000
0.179082737,-0.392369767,0.803368591,0.963589589,0.076678270,0.139159647,0.215058455,-0.751196046,-0.393689855,-0.314346981,0.673493449,0.270538491,-0.083692178,-1.064428989,-0.185114163,0.344882607,1.000905865,0.024113871,0.398073696,-0.116224596,0.036107402,0.000000000,0.000000000,0.000000000,0.000000000,0.000000000,0.000000000,0.000000000,0.000000000,0.000000000,0.000000000,0.000000000,0.000000000,0.000000000,0.000000000,0.000000000,0.000000000
0.181480303,-0.383923319,0.795106920,0.958767274,0.070667978,0.135604888,0.239546791,-0.702779128,-0.386024993,-0.281323442,0.705185104,0.280264428,-0.084309918,-1.117727946,-0.146529987,0.402513594,0.842847440,0.009902890,0.397628017,-0.120521241,0.024186824,0.000000000,0.000000000,0.000000000,0.000000000,0.000000000,0.000000000,0.000000000,0.000000000,0.000000000,0.000000000,0.000000000,0.000000000,0.000000000,0.000000000,0.000000000,0.000000000
0.180156781,-0.369617771,0.785273211,0.953381689,0.063212757,0.145744324,0.256565964,-0.681490199,-0.373549350,-0.263192545,0.722565046,0.298244000,-0.080769252,-1.168879209,-0.140466891,0.475805612,0.619644339,-0.004913825,0.396237676,-0.104108713,-0.017124238,0.000000000,0.000000000,0.000000000,0.000000000,0.000000000,0.000000000,0.000000000,0.000000000,0.000000000,0.000000000,0.000000000,0.000000000,0.000000000,0.000000000,0.000000000,0.000000000
0.176531305,-0.354350453,0.773580707,0.949569644,0.053566458,0.149438428,0.270400224,-0.662993517,-0.352153228,-0.243658684,0.759837698,0.315054721,-0.076370034,-1.200491168,-0.128403014,0.554795650,0.436803768,-0.035157450,0.397434291,-0.094102800,-0.042903445,0.000000000,0.000000000,0.000000000,0.000000000,0.000000000,0.000000000,0.000000000,0.000000000,0.000000000,0.000000000,0.000000000,0.000000000,0.000000000,0.000000000,0.000000000,0.000000000
0.168957000,-0.342666282,0.761043541,0.948940906,0.051411019,0.146701205,0.274493754,-0.625505110,-0.331303277,-0.227983464,0.782367833,0.333897326,-0.070845583,-1.219471061,-0.129665487,0.624926645,0.337423036,-0.076674893,0.397299270,-0.079717184,-0.059789635,0.000000000,0.000000000,0.000000000,0.000000000,0.000000000,0.000000000,0.000000000,0.000000000,0.000000000,0.000000000,0.000000000,0.000000000,0.000000000,0.000000000,0.000000000,0.000000000
0.160907220,-0.333601119,0.750214738,0.948593835,0.052617894,0.144587924,0.276578065,-0.581583632,-0.311984145,-0.222352069,0.784451830,0.351707168,-0.063711038,-1.227778967,-0.122017248,0.689187666,0.282762714,-0.112850375,0.410503456,-0.066931723,-0.072983433,0.000000000,0.000000000,0.000000000,0.000000000,0.000000000,0.000000000,0.000000000,0.000000000,0.000000000,0.000000000,0.000000000,0.000000000,0.000000000,0.000000000,0.000000000,0.000000000
0.147036994,-0.332069790,0.741221926,0.949423889,0.053740499,0.138965485,0.276396148,-0.529842003,-0.282097938,-0.218077952,0.790300733,0.374581563,-0.056401108,-1.220343890,-0.108990983,0.746220426,0.276179708,-0.114231866,0.427582480,-0.062049245,-0.087040073,0.000000000,0.000000000,0.000000000,0.000000000,0.000000000,0.000000000,0.000000000,0.000000000,0.000000000,0.000000000,0.000000000,0.000000000,0.000000000,0.000000000,0.000000000,0.000000000
0.124523996,-0.337119308,0.734415119,0.949754030,0.058877859,0.133121813,0.277090712,-0.468091628,-0.242400455,-0.198154777,0.793595730,0.397211870,-0.050084161,-1.203413845,-0.093262377,0.791988585,0.327438356,-0.083942237,0.447847445,-0.061781977,-0.108227469,0.000000000,0.000000000,0.000000000,0.000000000,0.000000000,0.000000000,0.000000000,0.000000000,0.000000000,0.000000000,0.000000000,0.000000000,0.000000000,0.000000000,0.000000000,0.000000000
0.101409899,-0.346077105,0.725809124,0.951500064,0.067999292,0.118804228,0.275516388,-0.387859427,-0.179585885,-0.153496202,0.808240343,0.413917987,-0.042497613,-1.176764734,-0.065762376,0.795431072,0.441264575,-0.045226730,0.465265819,-0.052510067,-0.105090940,0.000000000,0.000000000,0.000000000,0.000000000,0.000000000,0.000000000,0.000000000,0.000000000,0.000000000,0.000000000,0.000000000,0.000000000,0.000000000,0.000000000,0.000000000,0.000000000
0.085619126,-0.350103791,0.715549096,0.954343259,0.079051097,0.104535433,0.268425429,-0.298762846,-0.130639226,-0.144263275,0.819867757,0.425252905,-0.032445590,-1.150073763,-0.049650003,0.721734044,0.555133339,-0.005572834,0.484982659,-0.039749904,-0.076987145,0.000000000,0.000000000,0.000000000,0.000000000,0.000000000,0.000000000,0.000000000,0.000000000,0.000000000,0.000000000,0.000000000,0.000000000,0.000000000,0.000000000,0.000000000,0.000000000
0.083832574,-0.344382519,0.703933007,0.955271237,0.086683448,0.095185577,0.266237770,-0.222325142,-0.085676827,-0.143992755,0.837848025,0.434774535,-0.021076524,-1.130060915,-0.046431552,0.633550698,0.665382426,0.030713326,0.508000573,-0.029351713,-0.059794346,0.000000000,0.000000000,0.000000000,0.000000000,0.000000000,0.000000000,0.000000000,0.000000000,0.000000000,0.000000000,0.000000000,0.000000000,0.000000000,0.000000000,0.000000000,0.000000000
0.092734804,-0.336861192,0.688517906,0.955206601,0.101159261,0.086675119,0.264262328,-0.153916626,-0.063581169,-0.138123539,0.880611959,0.447249336,-0.009540243,-1.149625193,-0.062529979,0.553287141,0.822791536,0.065703567,0.520961641,-0.033800859,-0.035471372,0.000000000,0.000000000,0.000000000,0.000000000,0.000000000,0.000000000,0.000000000,0.000000000,0.000000000,0.000000000,0.000000000,0.000000000,0.000000000,0.000000000,0.000000000,0.000000000
0.101327728,-0.333201658,0.666853871,0.954690876,0.112507900,0.073921455,0.265410857,-0.100862139,-0.043181325,-0.149674704,0.948296574,0.459265134,0.002037035,-1.191754194,-0.085212181,0.499354599,0.993358480,0.091245350,0.519822810,-0.051110793,0.002121010,0.000000000,0.000000000,0.000000000,0.000000000,0.000000000,0.000000000,0.000000000,0.000000000,0.000000000,0.000000000,0.000000000,0.000000000,0.000000000,0.000000000,0.000000000,0.000000000
0.098125559,-0.341449551,0.641157273,0.952289576,0.121480423,0.059318867,0.273620800,-0.060363782,-0.014567163,-0.157212781,1.025518413,0.474307192,0.008779555,-1.239745486,-0.106295797,0.469837280,1.158620778,0.113614556,0.516754228,-0.072056962,0.038123912,0.000000000,0.000000000,0.000000000,0.000000000,0.000000000,0.000000000,0.000000000,0.000000000,0.000000000,0.000000000,0.000000000,0.000000000,0.000000000,0.000000000,0.000000000,0.000000000
0.071929715,-0.357125223,0.620332181,0.949913843,0.129601227,0.049053609,0.280108828,-0.018094742,-0.006602633,-0.177865806,1.068806640,0.489167201,0.013218846,-1.285409258,-0.120719285,0.460872274,1.289454110,0.134206848,0.516931518,-0.093354225,0.071957284,0.000000000,0.000000000,0.000000000,0.000000000,0.000000000,0.000000000,0.000000000,0.000000000,0.000000000,0.000000000,0.000000000,0.000000000,0.000000000,0.000000000,0.000000000,0.000000000
0.035288044,-0.364688361,0.608472323,0.949126394,0.134395389,0.041501041,0.281735037,0.011888953,-0.007387547,-0.190437814,1.104475541,0.501561761,0.017601251,-1.320413240,-0.124661251,0.451682540,1.395934280,0.150835779,0.521042953,-0.112460693,0.096767798,0.000000000,0.000000000,0.000000000,0.000000000,0.000000000,0.000000000,0.000000000,0.000000000,0.000000000,0.000000000,0.000000000,0.000000000,0.000000000,0.000000000,0.000000000,0.000000000
-0.005740480,-0.365275539,0.603198541,0.948802048,0.135981196,0.040031209,0.282278747,0.037614297,-0.014511557,-0.197662044,1.115265299,0.510851760,0.021463005,-1.343100150,-0.115798452,0.439221167,1.463456137,0.162356148,0.523597840,-0.137042575,0.115467845,0.000000000,0.000000000,0.000000000,0.000000000,0.000000000,0.000000000,0.000000000,0.000000000,0.000000000,0.000000000,0.000000000,0.000000000,0.000000000,0.000000000,0.000000000,0.000000000
-0.034614362,-0.366824125,0.598988888,0.947726272,0.136499614,0.041005680,0.285484331,0.067780401,-0.020106880,-0.201844368,1.111144113,0.518882933,0.024304207,-1.359470300,-0.111326920,0.423340050,1.514288505,0.171022761,0.523599000,-0.152166029,0.133852692,0.000000000,0.000000000,0.000000000,0.000000000,0.000000000,0.000000000,0.000000000,0.000000000,0.000000000,0.000000000,0.000000000,0.000000000,0.000000000,0.000000000,0.000000000,0.000000000
-0.045248832,-0.372503208,0.596494411,0.947168462,0.134557295,0.039786117,0.288415160,0.097014065,-0.018142937,-0.205896533,1.117286240,0.527988588,0.024724392,-1.373740596,-0.107130470,0.399299099,1.559609540,0.176078173,0.523599000,-0.173734943,0.163195363,0.000000000,0.000000000,0.000000000,0.000000000,0.000000000,0.000000000,0.000000000,0.000000000,0.000000000,0.000000000,0.000000000,0.000000000,0.000000000,0.000000000,0.000000000,0.000000000
-0.046375114,-0.376483691,0.597240643,0.947762030,0.132001657,0.038715550,0.287791250,0.126690533,-0.016864525,-0.205299638,1.125110543,0.537161714,0.023434944,-1.388849908,-0.101505593,0.378286089,1.600483147,0.178247251,0.523599000,-0.188191623,0.180391522,0.000000000,0.000000000,0.000000000,0.000000000,0.000000000,0.000000000,0.000000000,0.000000000,0.000000000,0.000000000,0.000000000,0.000000000,0.000000000,0.000000000,0.000000000,0.000000000
-0.044435199,-0.376195259,0.598978279,0.949014013,0.128888351,0.039935305,0.284895361,0.152346048,-0.015987591,-0.201025634,1.131381695,0.545257953,0.023039287,-1.409003615,-0.094822601,0.363186780,1.637035495,0.178735195,0.523597915,-0.196338531,0.194959137,0.000000000,0.000000000,0.000000000,0.000000000,0.000000000,0.000000000,0.000000000,0.000000000,0.000000000,0.000000000,0.000000000,0.000000000,0.000000000,0.000000000,0.000000000,0.000000000
-0.046538307,-0.372724017,0.598270646,0.951259540,0.124371066,0.042025338,0.279053752,0.174035576,-0.016205411,-0.196314654,1.136967157,0.551634505,0.024737662,-1.429040363,-0.089372887,0.350274770,1.667225143,0.180292901,0.523599000,-0.200734474,0.204697531,0.000000000,0.000000000,0.000000000,0.000000000,0.000000000,0.000000000,0.000000000,0.000000000,0.000000000,0.000000000,0.000000000,0.000000000,0.000000000,0.000000000,0.000000000,0.000000000
-0.051405096,-0.368610574,0.595092549,0.953448519,0.119021412,0.044398175,0.273493378,0.187676722,-0.015900581,-0.189620420,1.146969412,0.556058486,0.026484987,-1.451397576,-0.082945802,0.340010556,1.695886556,0.182186983,0.523599000,-0.204063669,0.217162099,0.000000000,0.000000000,0.000000000,0.000000000,0.000000000,0.000000000,0.000000000,0.000000000,0.000000000,0.000000000,0.000000000,0.000000000,0.000000000,0.000000000,0.000000000,0.000000000
-0.056410636,-0.366484151,0.590393601,0.955421419,0.113537826,0.046933722,0.268470296,0.198179690,-0.013830699,-0.181772125,1.157506307,0.559499252,0.027296330,-1.474488320,-0.078037184,0.331236261,1.725765853,0.184617516,0.523598787,-0.206650981,0.225401177,0.000000000,0.000000000,0.000000000,0.000000000,0.000000000,0.000000000,0.000000000,0.000000000,0.000000000,0.000000000,0.000000000,0.000000000,0.000000000,0.000000000,0.000000000,0.000000000
-0.065131912,-0.366223944,0.585987587,0.956451411,0.109775890,0.048997503,0.265987212,0.207711202,-0.013992524,-0.176278077,1.163872082,0.562467467,0.027850166,-1.502138893,-0.071356936,0.325576372,1.753055090,0.186514788,0.523599000,-0.207262908,0.233709600,0.000000000,0.000000000,0.000000000,0.000000000,0.000000000,0.000000000,0.000000000,0.000000000,0.000000000,0.000000000,0.000000000,0.000000000,0.000000000,0.000000000,0.000000000,0.000000000
-0.071712026,-0.364652729,0.583610830,0.957052433,0.106058543,0.048644581,0.265397684,0.211693630,-0.009418095,-0.171507559,1.175874764,0.563340668,0.028989106,-1.531895112,-0.068364190,0.317686902,1.782168407,0.186701750,0.523598780,-0.209545754,0.245725989,0.000000000,0.000000000,0.000000000,0.000000000,0.000000000,0.000000000,0.000000000,0.000000000,0.000000000,0.000000000,0.000000000,0.000000000,0.000000000,0.000000000,0.000000000,0.000000000
-0.077568724,-0.362465266,0.583160982,0.957215278,0.103583276,0.048355991,0.265840395,0.212460701,-0.005134787,-0.170459997,1.183754627,0.562496041,0.031460426,-1.553341280,-0.071398862,0.312620269,1.806888745,0.187260579,0.523598821,-0.210983422,0.252954811,0.000000000,0.000000000,0.000000000,0.000000000,0.000000000,0.000000000,0.000000000,0.000000000,0.000000000,0.000000000,0.000000000,0.000000000,0.000000000,0.000000000,0.000000000,0.000000000
-0.082943718,-0.361020056,0.583666516,0.956485772,0.103972641,0.050190922,0.267965536,0.215660080,-0.008285610,-0.177555659,1.177726767,0.561051870,0.034154567,-1.569381723,-0.072566413,0.314333962,1.825141257,0.187975733,0.523599000,-0.210608044,0.256486647,0.000000000,0.000000000,0.000000000,0.000000000,0.000000000,0.000000000,0.000000000,0.000000000,0.000000000,0.000000000,0.000000000,0.000000000,0.000000000,0.000000000,0.000000000,0.000000000
-0.089903709,-0.362500421,0.585897590,0.956005193,0.102853775,0.053175958,0.269531983,0.212161141,-0.009251799,-0.186827101,1.167066937,0.558539245,0.037055275,-1.581365358,-0.073055040,0.311383576,1.830652402,0.189068823,0.523599000,-0.211337427,0.268765086,0.000000000,0.000000000,0.000000000,0.000000000,0.000000000,0.000000000,0.000000000,0.000000000,0.000000000,0.000000000,0.000000000,0.000000000,0.000000000,0.000000000,0.000000000,0.000000000
-0.093099764,-0.363761460,0.590770121,0.954514255,0.103486038,0.058061882,0.273536092,0.209303164,-0.012086697,-0.195536906,1.147339827,0.556593410,0.038379895,-1.587237695,-0.071867908,0.313625923,1.831171718,0.189576797,0.523599000,-0.217115949,0.283988113,0.000000000,0.000000000,0.000000000,0.000000000,0.000000000,0.000000000,0.000000000,0.000000000,0.000000000,0.000000000,0.000000000,0.000000000,0.000000000,0.000000000,0.000000000,0.000000000
-0.092318358,-0.362591726,0.598822663,0.953342585,0.105359930,0.065075320,0.275322364,0.201370766,-0.022336011,-0.211734996,1.112002912,0.549023878,0.042296509,-1.577175080,-0.069358829,0.319823015,1.813227419,0.189472717,0.523599000,-0.225314248,0.290664130,0.000000000,0.000000000,0.000000000,0.000000000,0.000000000,0.000000000,0.000000000,0.000000000,0.000000000,0.000000000,0.000000000,0.000000000,0.000000000,0.000000000,0.000000000,0.000000000
-0.088770141,-0.360154736,0.610924033,0.952517222,0.108525584,0.075095552,0.274397151,0.188613107,-0.038609452,-0.231097743,1.064295554,0.539285248,0.048181771,-1.552224463,-0.064655585,0.331363806,1.772841204,0.189001636,0.523599000,-0.229727347,0.288103303,0.000000000,0.000000000,0.000000000,0.000000000,0.000000000,0.000000000,0.000000000,0.000000000,0.000000000,0.000000000,0.000000000,0.000000000,0.000000000,0.000000000,0.000000000,0.000000000
-0.083883849,-0.359900401,0.629339865,0.947963502,0.112545850,0.074142853,0.288446645,0.177951854,-0.036933599,-0.272713945,1.018103118,0.525236730,0.053406496,-1.485008891,-0.091084836,0.326412182,1.710804260,0.188039638,0.523577006,-0.269142630,0.330778531,0.000000000,0.000000000,0.000000000,0.000000000,0.000000000,0.000000000,0.000000000,0.000000000,0.000000000,0.000000000,0.000000000,0.000000000,0.000000000,0.000000000,0.000000000,0.000000000
-0.080662324,-0.360047510,0.652428187,0.945119566,0.117871214,0.086768291,0.292107252,0.136453383,-0.060514367,-0.293244389,0.962323072,0.508599763,0.056039124,-1.412848523,-0.093099646,0.334379276,1.602861264,0.186695539,0.523585237,-0.263476523,0.328865715,0.000000000,0.000000000,0.000000000,0.000000000,0.000000000,0.000000000,0.000000000,0.000000000,0.000000000,0.000000000,0.000000000,0.000000000,0.000000000,0.000000000,0.000000000,0.000000000
-0.078970795,-0.360331653,0.676233620,0.941823947,0.122815180,0.096935870,0.297468521,0.091746480,-0.076490329,-0.284882883,0.908806296,0.489311816,0.054566617,-1.316798474,-0.097033397,0.339290178,1.481615904,0.184896773,0.523500471,-0.266409183,0.329029220,0.000000000,0.000000000,0.000000000,0.000000000,0.000000000,0.000000000,0.000000000,0.000000000,0.000000000,0.000000000,0.000000000,0.000000000,0.000000000,0.000000000,0.000000000,0.000000000
-0.078210303,-0.356886688,0.696824922,0.942635986,0.126976965,0.137137223,0.276600126,-0.001647698,-0.143152813,-0.227207516,0.848650487,0.470546608,0.047375329,-1.284059721,-0.057516800,0.381645073,1.352966525,0.183976744,0.523489796,-0.199144881,0.266158651,0.000000000,0.000000000,0.000000000,0.000000000,0.000000000,0.000000000,0.000000000,0.000000000,0.000000000,0.000000000,0.000000000,0.000000000,0.000000000,0.000000000,0.000000000,0.000000000
-0.083975693,-0.354119541,0.710639882,0.941878823,0.112520496,0.110294447,0.296712918,-0.100302728,-0.052033837,-0.049705489,0.954989592,0.434549980,0.037333017,-1.123560583,-0.045701610,0.335474598,1.273877101,0.181607671,0.523583784,-0.224479793,0.309697470,0.000000000,0.000000000,0.000000000,0.000000000,0.000000000,0.000000000,0.000000000,0.000000000,0.000000000,0.000000000,0.000000000,0.000000000,0.000000000,0.000000000,0.000000000,0.000000000
-0.099636473,-0.345292149,0.721272378,0.945947126,0.107791208,0.140350991,0.271784269,-0.248654163,-0.097323641,0.039558039,0.980394065,0.410778673,0.029637055,-1.093626620,-0.015914495,0.364385649,1.157793931,0.182296146,0.523580378,-0.147015381,0.238768397,0.000000000,0.000000000,0.000000000,0.000000000,0.000000000,0.000000000,0.000000000,0.000000000,0.000000000,0.000000000,0.000000000,0.000000000,0.000000000,0.000000000,0.000000000,0.000000000
-0.118966004,-0.338344878,0.726563447,0.949194093,0.091230986,0.148095158,0.262250464,-0.378764213,-0.081000168,0.088766073,1.031106419,0.385819214,0.025118603,-1.041288133,0.009677201,0.369327385,1.064270157,0.185844071,0.523390706,-0.107535079,0.200680542,0.000000000,0.000000000,0.000000000,0.000000000,0.000000000,0.000000000,0.000000000,0.000000000,0.000000000,0.000000000,0.000000000,0.000000000,0.000000000,0.000000000,0.000000000,0.000000000
-0.126632389,-0.335495815,0.729455842,0.954318783,0.081416983,0.148617806,0.246088770,-0.480784439,-0.074300160,0.127978044,1.078837680,0.361170378,0.017492159,-0.983166660,0.030754183,0.391430457,0.980992878,0.189707058,0.523264687,-0.076889035,0.174684356,0.000000000,0.000000000,0.000000000,0.000000000,0.000000000,0.000000000,0.000000000,0.000000000,0.000000000,0.000000000,0.000000000,0.000000000,0.000000000,0.000000000,0.000000000,0.000000000
-0.110485114,-0.335195734,0.731084679,0.958699154,0.066009842,0.147206430,0.234241114,-0.601872272,-0.050459506,0.138546896,1.121932133,0.335710414,0.009580325,-0.923524665,0.067098423,0.419446885,0.920274126,0.193182666,0.521077426,-0.029116495,0.140237458,0.000000000,0.000000000,0.000000000,0.000000000,0.000000000,0.000000000,0.000000000,0.000000000,0.000000000,0.000000000,0.000000000,0.000000000,0.000000000,0.000000000,0.000000000,0.000000000
-0.077140417,-0.328255151,0.731188665,0.965370903,0.054866531,0.121454710,0.224270901,-0.695643168,-0.007055625,0.109693150,1.147056107,0.309563639,0.007123689,-0.816102777,0.103995466,0.460246956,0.885698494,0.192422436,0.518915127,-0.019390320,0.156968280,0.000000000,0.000000000,0.000000000,0.000000000,0.000000000,0.000000000,0.000000000,0.000000000,0.000000000,0.000000000,0.000000000,0.000000000,0.000000000,0.000000000,0.000000000,0.000000000
-0.044854971,-0.325268660,0.731212999,0.971243532,0.045951276,0.104940778,0.208714911,-0.803248376,0.031031472,0.066198381,1.140841033,0.286064900,0.005796967,-0.741253966,0.140000548,0.509310246,0.867280181,0.192754808,0.513972526,-0.008320954,0.164736131,0.000000000,0.000000000,0.000000000,0.000000000,0.000000000,0.000000000,0.000000000,0.000000000,0.000000000,0.000000000,0.000000000,0.000000000,0.000000000,0.000000000,0.000000000,0.000000000
-0.015599663,-0.319552332,0.733412632,0.973376822,0.038974793,0.104655669,0.200164230,-0.906546247,0.073049721,0.019350773,1.047745403,0.269853699,0.007115261,-0.692942734,0.160201516,0.565108603,0.850086052,0.194200162,0.508931996,0.013910413,0.133557219,0.000000000,0.000000000,0.000000000,0.000000000,0.000000000,0.000000000,0.000000000,0.000000000,0.000000000,0.000000000,0.000000000,0.000000000,0.000000000,0.000000000,0.000000000,0.000000000
0.011806990,-0.308697671,0.736070081,0.974374716,0.031078552,0.107671080,0.195025576,-0.907792031,0.068525575,-0.068997718,0.843616204,0.260665850,0.009112279,-0.629809940,0.178446724,0.636035924,0.821605309,0.197696600,0.503194020,-0.009614754,0.085298978,0.000000000,0.000000000,0.000000000,0.000000000,0.000000000,0.000000000,0.000000000,0.000000000,0.000000000,0.000000000,0.000000000,0.000000000,0.000000000,0.000000000,0.000000000,0.000000000
0.041558292,-0.300998474,0.729487807,0.978657004,0.024208212,0.095549499,0.180318397,-0.983201067,0.029778499,-0.108163546,0.749639291,0.230755337,0.001420222,-0.555530021,0.223988177,0.673281445,0.859610872,0.204230825,0.500293256,-0.034203531,0.075794513,0.000000000,0.000000000,0.000000000,0.000000000,0.000000000,0.000000000,0.000000000,0.000000000,0.000000000,0.000000000,0.000000000,0.000000000,0.000000000,0.000000000,0.000000000,0.000000000
0.072192638,-0.298309207,0.721271622,0.983268808,0.022111597,0.085453342,0.159346339,-1.042454107,0.019923433,-0.145056155,0.668226376,0.193237252,-0.005168986,-0.484762942,0.250935009,0.694970227,0.889259474,0.210944395,0.496279728,-0.046319853,0.073142784,0.000000000,0.000000000,0.000000000,0.000000000,0.000000000,0.000000000,0.000000000,0.000000000,0.000000000,0.000000000,0.000000000,0.000000000,0.000000000,0.000000000,0.000000000,0.000000000
0.094629998,-0.296952349,0.713392322,0.985426621,0.020447052,0.079058740,0.149217989,-1.082928549,0.016138756,-0.197066166,0.568538550,0.148227869,-0.007806806,-0.422930594,0.274239665,0.722289550,0.902280692,0.215521347,0.492973446,-0.059470979,0.071356820,0.000000000,0.000000000,0.000000000,0.000000000,0.000000000,0.000000000,0.000000000,0.000000000,0.000000000,0.000000000,0.000000000,0.000000000,0.000000000,0.000000000,0.000000000,0.000000000
0.113508995,-0.292213185,0.706442134,0.984750350,0.020710460,0.083909217,0.150986980,-1.127511322,0.003710131,-0.225711595,0.462742908,0.100872525,-0.007737877,-0.397875400,0.282131835,0.728749098,0.910253024,0.219055842,0.492764099,-0.068789890,0.046898084,0.000000000,0.000000000,0.000000000,0.000000000,0.000000000,0.000000000,0.000000000,0.000000000,0.000000000,0.000000000,0.000000000,0.000000000,0.000000000,0.000000000,0.000000000,0.000000000
0.128396693,-0.286880274,0.699722303,0.983937175,0.018851686,0.085183535,0.155743428,-1.165039354,-0.016326570,-0.249317271,0.384847130,0.045086191,-0.011833064,-0.372180432,0.290656322,0.721753646,0.917813214,0.222084836,0.493443686,-0.073490686,0.035873533,0.000000000,0.000000000,0.000000000,0.000000000,0.000000000,0.000000000,0.000000000,0.000000000,0.000000000,0.000000000,0.000000000,0.000000000,0.000000000,0.000000000,0.000000000,0.000000000
0.141559424,-0.284221996,0.694167910,0.983105573,0.017086782,0.083218052,0.162130286,-1.189763706,-0.046721755,-0.265429632,0.346063803,-0.010371289,-0.029162479,-0.340348822,0.296385761,0.704673735,0.922974612,0.226326259,0.494840499,-0.076838272,0.034184910,0.000000000,0.000000000,0.000000000,0.000000000,0.000000000,0.000000000,0.000000000,0.000000000,0.000000000,0.000000000,0.000000000,0.000000000,0.000000000,0.000000000,0.000000000,0.000000000
0.158936206,-0.283829610,0.691534695,0.981508248,0.013005762,0.083502995,0.171754650,-1.179773116,-0.064250077,-0.283658727,0.268295754,-0.055222571,-0.046251854,-0.302626300,0.296335575,0.689962181,0.907105885,0.230966544,0.493673265,-0.091651497,0.022471144,0.000000000,0.000000000,0.000000000,0.000000000,0.000000000,0.000000000,0.000000000,0.000000000,0.000000000,0.000000000,0.000000000,0.000000000,0.000000000,0.000000000,0.000000000,0.000000000
0.177311554,-0.282768104,0.689087404,0.980122590,0.014421050,0.080367906,0.180811342,-1.133011749,-0.075285284,-0.298797198,0.199990640,-0.064535714,-0.058855382,-0.260156398,0.278552912,0.657459806,0.902245587,0.238093506,0.492183808,-0.107895919,0.017583117,0.000000000,0.000000000,0.000000000,0.000000000,0.000000000,0.000000000,0.000000000,0.000000000,0.000000000,0.000000000,0.000000000,0.000000000,0.000000000,0.000000000,0.000000000,0.000000000
0.195925374,-0.273592840,0.686073440,0.980935417,0.018000458,0.071303376,0.179881959,-1.071520967,-0.082850078,-0.308343820,0.175571310,-0.045174699,-0.072348035,-0.213126261,0.249662854,0.612926951,0.900986433,0.240919232,0.492213394,-0.122499815,0.027935151,0.000000000,0.000000000,0.000000000,0.000000000,0.000000000,0.000000000,0.000000000,0.000000000,0.000000000,0.000000000,0.000000000,0.000000000,0.000000000,0.000000000,0.000000000,0.000000000
0.219888697,-0.254442739,0.681802466,0.982769549,0.018732769,0.057472682,0.174671086,-1.031774751,-0.094184392,-0.310537446,0.218566884,-0.029932171,-0.078332207,-0.151264592,0.223500243,0.564329642,0.895098994,0.239187993,0.494214811,-0.134934535,0.044145053,0.000000000,0.000000000,0.000000000,0.000000000,0.000000000,0.000000000,0.000000000,0.000000000,0.000000000,0.000000000,0.000000000,0.000000000,0.000000000,0.000000000,0.000000000,0.000000000
0.248199497,-0.233029015,0.666406573,0.994141577,0.014111965,-0.018336839,0.105580007,-1.047351506,-0.054453746,-0.306141231,0.634568380,-0.028271750,-0.096258750,0.021828180,0.226557457,0.591568389,0.956508359,0.236283016,0.487110025,-0.041632244,0.204521824,0.000000000,0.000000000,0.000000000,0.000000000,0.000000000,0.000000000,0.000000000,0.000000000,0.000000000,0.000000000,0.000000000,0.000000000,0.000000000,0.000000000,0.000000000,0.000000000
0.277456450,-0.227476472,0.668139456,0.993751329,0.009402379,-0.001875383,0.111204203,-1.062456074,-0.065393751,-0.275228409,0.630909045,-0.038174862,-0.115310832,0.045131716,0.216305757,0.571711315,0.930502945,0.241124958,0.483937370,-0.089634405,0.169692754,0.000000000,0.000000000,0.000000000,0.000000000,0.000000000,0.000000000,0.000000000,0.000000000,0.000000000,0.000000000,0.000000000,0.000000000,0.000000000,0.000000000,0.000000000,0.000000000
0.288034256,-0.224687658,0.663051624,0.997739795,0.006908207,-0.026171393,0.061503149,-1.094707696,0.064154645,-0.105846160,0.812088502,-0.037176310,-0.117186761,0.103000575,0.182193765,0.554492536,0.968482719,0.247864756,0.481056418,-0.021709934,0.245449804,0.000000000,0.000000000,0.000000000,0.000000000,0.000000000,0.000000000,0.000000000,0.000000000,0.000000000,0.000000000,0.000000000,0.000000000,0.000000000,0.000000000,0.000000000,0.000000000
0.295193394,-0.221589800,0.662768438,0.994468343,0.011191975,-0.010994614,0.103858426,-1.149250059,-0.031612180,-0.134217070,0.858586782,-0.033142820,-0.121314028,0.102809845,0.120109403,0.377160232,0.934185811,0.254660507,0.482533196,-0.124227519,0.240236549,0.000000000,0.000000000,0.000000000,0.000000000,0.000000000,0.000000000,0.000000000,0.000000000,0.000000000,0.000000000,0.000000000,0.000000000,0.000000000,0.000000000,0.000000000,0.000000000
0.288153546,-0.229770093,0.651017111,0.998967892,0.018581118,-0.019513453,0.036566628,-1.211261772,0.089534389,-0.047814589,1.034590567,-0.025490282,-0.133198355,0.082237831,0.054046042,0.399170415,1.031647289,0.263168289,0.474589415,0.014103126,0.300972772,0.000000000,0.000000000,0.000000000,0.000000000,0.000000000,0.000000000,0.000000000,0.000000000,0.000000000,0.000000000,0.000000000,0.000000000,0.000000000,0.000000000,0.000000000,0.000000000
0.283908559,-0.248803290,0.643526375,0.998374341,0.023787381,-0.008729919,0.051055102,-1.275055397,0.044658489,-0.046179687,1.109525935,-0.016683288,-0.151570840,0.087642714,0.041191768,0.354074881,1.038275608,0.272878960,0.471003751,-0.018730307,0.307331778,0.000000000,0.000000000,0.000000000,0.000000000,0.000000000,0.000000000,0.000000000,0.000000000,0.000000000,0.000000000,0.000000000,0.000000000,0.000000000,0.000000000,0.000000000,0.000000000
0.275824349,-0.271948825,0.633731763,0.996508556,0.031769112,-0.001641530,0.077192784,-1.325848895,-0.035099998,-0.042842581,1.171210571,-0.006802379,-0.170479951,0.102868116,-0.005281733,0.234946405,1.035065711,0.277660704,0.466693206,-0.074598061,0.328724613,0.000000000,0.000000000,0.000000000,0.000000000,0.000000000,0.000000000,0.000000000,0.000000000,0.000000000,0.000000000,0.000000000,0.000000000,0.000000000,0.000000000,0.000000000,0.000000000
0.253748224,-0.302725841,0.622273027,0.996368704,0.041826882,-0.001987121,0.074134805,-1.355121218,-0.055260556,-0.006574657,1.239449940,0.006421072,-0.187806718,0.120869365,-0.045123292,0.197442929,1.049705792,0.283655318,0.461480349,-0.069490310,0.367575419,0.000000000,0.000000000,0.000000000,0.000000000,0.000000000,0.000000000,0.000000000,0.000000000,0.000000000,0.000000000,0.000000000,0.000000000,0.000000000,0.000000000,0.000000000,0.000000000
0.214581679,-0.332283736,0.614526707,0.996425203,0.048155552,-0.000446477,0.069409353,-1.379462466,-0.064651482,0.019847064,1.290378705,0.021373117,-0.199235363,0.131289689,-0.062803875,0.193792897,1.064093130,0.293008268,0.457417098,-0.054163038,0.389235004,0.000000000,0.000000000,0.000000000,0.000000000,0.000000000,0.000000000,0.000000000,0.000000000,0.000000000,0.000000000,0.000000000,0.000000000,0.000000000,0.000000000,0.000000000,0.000000000
0.171306898,-0.355037657,0.611759469,0.996607209,0.053204778,0.001415506,0.062779930,-1.406048470,-0.072392729,0.037716891,1.338925641,0.035386025,-0.207722607,0.144632979,-0.075373139,0.194247228,1.076404744,0.303249949,0.454852841,-0.039359816,0.406120838,0.000000000,0.000000000,0.000000000,0.000000000,0.000000000,0.000000000,0.000000000,0.000000000,0.000000000,0.000000000,0.000000000,0.000000000,0.000000000,0.000000000,0.000000000,0.000000000
0.143020162,-0.373760576,0.612909472,0.997061192,0.056794075,0.003698460,0.051280931,-1.439366876,-0.073949389,0.048057254,1.381040104,0.042976078,-0.216994211,0.154600901,-0.089350608,0.190360959,1.092969306,0.314148428,0.451930085,-0.023168788,0.417486126,0.000000000,0.000000000,0.000000000,0.000000000,0.000000000,0.000000000,0.000000000,0.000000000,0.000000000,0.000000000,0.000000000,0.000000000,0.000000000,0.000000000,0.000000000,0.000000000
0.128488264,-0.389964981,0.615165339,0.997592172,0.057620938,0.006892358,0.037976053,-1.481196280,-0.067496215,0.049831365,1.424178534,0.044064522,-0.226445254,0.156817151,-0.102430140,0.181310329,1.117034971,0.325144318,0.447726348,-0.001419216,0.422049203,0.000000000,0.000000000,0.000000000,0.000000000,0.000000000,0.000000000,0.000000000,0.000000000,0.000000000,0.000000000,0.000000000,0.000000000,0.000000000,0.000000000,0.000000000,0.000000000
0.119320382,-0.403032978,0.616572586,0.997875650,0.058352377,0.012905961,0.025934987,-1.519938708,-0.059267094,0.045670723,1.457879843,0.044330175,-0.233471217,0.153907241,-0.115048276,0.176415918,1.137731499,0.334884497,0.442521173,0.019784822,0.418828520,0.000000000,0.000000000,0.000000000,0.000000000,0.000000000,0.000000000,0.000000000,0.000000000,0.000000000,0.000000000,0.000000000,0.000000000,0.000000000,0.000000000,0.000000000,0.000000000
0.110984100,-0.412404866,0.617393385,0.997981092,0.058890425,0.018026010,0.015515203,-1.556367560,-0.052347787,0.041892699,1.484445422,0.043441757,-0.238848301,0.149527790,-0.130794579,0.174307605,1.158330575,0.343375774,0.436264083,0.039539372,0.413852371,0.000000000,0.000000000,0.000000000,0.000000000,0.000000000,0.000000000,0.000000000,0.000000000,0.000000000,0.000000000,0.000000000,0.000000000,0.000000000,0.000000000,0.000000000,0.000000000
0.104076570,-0.418865525,0.618188886,0.997990471,0.058645712,0.022786776,0.007514210,-1.589985778,-0.047110679,0.037183947,1.510372544,0.042838250,-0.242720114,0.148050363,-0.142593618,0.178670673,1.172053852,0.350398454,0.429282732,0.056179868,0.409258848,0.000000000,0.000000000,0.000000000,0.000000000,0.000000000,0.000000000,0.000000000,0.000000000,0.000000000,0.000000000,0.000000000,0.000000000,0.000000000,0.000000000,0.000000000,0.000000000
0.094963837,-0.425466128,0.617934315,0.998087444,0.056482526,0.025118525,-0.000488040,-1.616728248,-0.040431889,0.027514167,1.528864439,0.042488116,-0.246257194,0.143847924,-0.150202841,0.180112408,1.187756335,0.355917221,0.422928804,0.067948778,0.410865745,0.000000000,0.000000000,0.000000000,0.000000000,0.000000000,0.000000000,0.000000000,0.000000000,0.000000000,0.000000000,0.000000000,0.000000000,0.000000000,0.000000000,0.000000000,0.000000000
0.082552440,-0.430918719,0.618431361,0.998078576,0.055701940,0.026507543,-0.005813874,-1.635360532,-0.030904064,0.019635480,1.538964336,0.043877428,-0.247648361,0.137972799,-0.159577152,0.183701475,1.199035209,0.359611675,0.416085441,0.072268404,0.413943034,0.000000000,0.000000000,0.000000000,0.000000000,0.000000000,0.000000000,0.000000000,0.000000000,0.000000000,0.000000000,0.000000000,0.000000000,0.000000000,0.000000000,0.000000000,0.000000000
0.068792636,-0.435490249,0.620567981,0.998140210,0.053743883,0.027323055,-0.009009249,-1.648365812,-0.020006225,0.012375958,1.542673967,0.045777029,-0.248296161,0.135712407,-0.161315603,0.192603307,1.200480723,0.362222206,0.409137342,0.071838934,0.417975057,0.000000000,0.000000000,0.000000000,0.000000000,0.000000000,0.000000000,0.000000000,0.000000000,0.000000000,0.000000000,0.000000000,0.000000000,0.000000000,0.000000000,0.000000000,0.000000000
0.056469615,-0.438408017,0.624923176,0.998163558,0.051144438,0.028252888,-0.015985398,-1.653023407,-0.009101654,0.006991491,1.533212260,0.046186587,-0.250015950,0.131395520,-0.158709607,0.209591156,1.191148235,0.362659445,0.403926683,0.071918567,0.425441666,0.000000000,0.000000000,0.000000000,0.000000000,0.000000000,0.000000000,0.000000000,0.000000000,0.000000000,0.000000000,0.000000000,0.000000000,0.000000000,0.000000000,0.000000000,0.000000000
0.045126472,-0.440910913,0.629834437,0.997832498,0.045467186,0.027038059,-0.039140579,-1.650970028,0.036528902,0.002031313,1.530931839,0.045909155,-0.252432531,0.120292173,-0.146995719,0.263282591,1.183358828,0.360166443,0.400434320,0.098438866,0.443041062,0.000000000,0.000000000,0.000000000,0.000000000,0.000000000,0.000000000,0.000000000,0.000000000,0.000000000,0.000000000,0.000000000,0.000000000,0.000000000,0.000000000,0.000000000,0.000000000
0.036950830,-0.441737578,0.636060341,0.997499352,0.041773173,0.029974119,-0.048493267,-1.642764449,0.038488437,-0.004133308,1.505661756,0.045482752,-0.255804362,0.116857428,-0.131614483,0.295001312,1.146234828,0.353934485,0.398698935,0.088502864,0.448260678,0.000000000,0.000000000,0.000000000,0.000000000,0.000000000,0.000000000,0.000000000,0.000000000,0.000000000,0.000000000,0.000000000,0.000000000,0.000000000,0.000000000,0.000000000,0.000000000
0.032898436,-0.441584428,0.645176042,0.996850995,0.039283735,0.035201718,-0.059209124,-1.615028269,0.044933308,-0.006368794,1.460331091,0.045227899,-0.258584090,0.113928651,-0.112193190,0.342661375,1.099816096,0.346457584,0.397353970,0.078836794,0.451743739,0.000000000,0.000000000,0.000000000,0.000000000,0.000000000,0.000000000,0.000000000,0.000000000,0.000000000,0.000000000,0.000000000,0.000000000,0.000000000,0.000000000,0.000000000,0.000000000
0.033605059,-0.439508579,0.657861970,0.995858818,0.034776579,0.044474660,-0.071258750,-1.573501277,0.055911506,-0.012864292,1.397167088,0.045211517,-0.260243686,0.105908415,-0.086314367,0.394865449,1.052252292,0.340743426,0.398350999,0.066082825,0.457905892,0.000000000,0.000000000,0.000000000,0.000000000,0.000000000,0.000000000,0.000000000,0.000000000,0.000000000,0.000000000,0.000000000,0.000000000,0.000000000,0.000000000,0.000000000,0.000000000
0.039261477,-0.434974826,0.674963949,0.994048576,0.027987974,0.056909064,-0.088574600,-1.524832161,0.074282495,-0.026001602,1.335259949,0.046602955,-0.261330007,0.090649118,-0.048525773,0.475322709,1.001341106,0.332788593,0.400793276,0.067757339,0.456373138,0.000000000,0.000000000,0.000000000,0.000000000,0.000000000,0.000000000,0.000000000,0.000000000,0.000000000,0.000000000,0.000000000,0.000000000,0.000000000,0.000000000,0.000000000,0.000000000
0.050450766,-0.427618782,0.697288771,0.991291602,0.020727954,0.072178758,-0.108173654,-1.452431519,0.094391250,-0.048004247,1.257872543,0.049820684,-0.261117375,0.046384051,-0.029727697,0.515145713,0.953635072,0.322064641,0.403548052,0.061377115,0.446705198,0.000000000,0.000000000,0.000000000,0.000000000,0.000000000,0.000000000,0.000000000,0.000000000,0.000000000,0.000000000,0.000000000,0.000000000,0.000000000,0.000000000,0.000000000,0.000000000
0.062309379,-0.421132696,0.724218838,0.987510259,0.011775841,0.089272204,-0.129287627,-1.369908008,0.116108334,-0.074892420,1.151019327,0.051906408,-0.261893437,-0.009436871,0.003269720,0.555462608,0.914057410,0.310062318,0.407854391,0.063686926,0.431047928,0.000000000,0.000000000,0.000000000,0.000000000,0.000000000,0.000000000,0.000000000,0.000000000,0.000000000,0.000000000,0.000000000,0.000000000,0.000000000,0.000000000,0.000000000,0.000000000
0.072925683,-0.419553551,0.752450711,0.982776667,0.012894161,0.101933810,-0.153600984,-1.276391046,0.132086841,-0.086781559,1.042586626,0.054711018,-0.264192824,-0.096259865,0.000953281,0.539144273,0.901433638,0.291628347,0.410493843,0.070161344,0.408746027,0.000000000,0.000000000,0.000000000,0.000000000,0.000000000,0.000000000,0.000000000,0.000000000,0.000000000,0.000000000,0.000000000,0.000000000,0.000000000,0.000000000,0.000000000,0.000000000
0.085840911,-0.420622340,0.778191272,0.978899955,0.017084341,0.111519287,-0.170371511,-1.194181404,0.116125556,-0.109262589,0.953017186,0.056812139,-0.269019975,-0.203605475,-0.028642026,0.433545046,0.913834069,0.269967159,0.411988310,0.078254750,0.387189690,0.000000000,0.000000000,0.000000000,0.000000000,0.000000000,0.000000000,0.000000000,0.000000000,0.000000000,0.000000000,0.000000000,0.000000000,0.000000000,0.000000000,0.000000000,0.000000000
0.103449680,-0.424436508,0.801896196,0.976349684,0.028975541,0.131858924,-0.168863666,-1.117383427,0.054251231,-0.161559117,0.827028258,0.058875563,-0.275135702,-0.330599212,-0.064826491,0.296600420,0.924750960,0.244938915,0.415251978,0.040819226,0.317784719,0.000000000,0.000000000,0.000000000,0.000000000,0.000000000,0.000000000,0.000000000,0.000000000,0.000000000,0.000000000,0.000000000,0.000000000,0.000000000,0.000000000,0.000000000,0.000000000
0.124607713,-0.428258121,0.816628101,0.970077624,0.050302308,0.179454021,-0.155612774,-1.100948823,-0.035664412,-0.256780978,0.685822728,0.062097772,-0.276726549,-0.547840015,-0.110664253,0.150192613,0.966689857,0.216914576,0.423728345,-0.004445703,0.188135152,0.000000000,0.000000000,0.000000000,0.000000000,0.000000000,0.000000000,0.000000000,0.000000000,0.000000000,0.000000000,0.000000000,0.000000000,0.000000000,0.000000000,0.000000000,0.000000000
0.146081837,-0.433020958,0.823701599,0.971126686,0.058094878,0.174561904,-0.151875235,-1.033747709,-0.086236349,-0.294069051,0.655834108,0.067964126,-0.280556112,-0.675425912,-0.129729508,0.099199546,1.035172777,0.187011620,0.427811618,-0.023459318,0.177740542,0.000000000,0.000000000,0.000000000,0.000000000,0.000000000,0.000000000,0.000000000,0.000000000,0.000000000,0.000000000,0.000000000,0.000000000,0.000000000,0.000000000,0.000000000,0.000000000
0.166355248,-0.437207431,0.826969256,0.973910316,0.061915457,0.165238309,-0.142693636,-0.976002363,-0.129894941,-0.328126861,0.634540759,0.070941773,-0.283107363,-0.767340618,-0.155868360,0.081814378,1.080245384,0.161919679,0.427625412,-0.042155093,0.170988447,0.000000000,0.000000000,0.000000000,0.000000000,0.000000000,0.000000000,0.000000000,0.000000000,0.000000000,0.000000000,0.000000000,0.000000000,0.000000000,0.000000000,0.000000000,0.000000000
0.182573917,-0.440369783,0.828336952,0.976277092,0.068335223,0.157539003,-0.131889347,-0.914241257,-0.184750697,-0.379981126,0.600754677,0.074519398,-0.290943764,-0.812069212,-0.167078324,0.093540179,1.068417974,0.145959831,0.428295188,-0.046750859,0.143602740,0.000000000,0.000000000,0.000000000,0.000000000,0.000000000,0.000000000,0.000000000,0.000000000,0.000000000,0.000000000,0.000000000,0.000000000,0.000000000,0.000000000,0.000000000,0.000000000
0.193850110,-0.442179401,0.828382089,0.983241170,0.071735869,0.138073600,-0.095007621,-0.816940972,-0.264877667,-0.483505153,0.570740714,0.080338231,-0.291824625,-0.886917416,-0.157716852,0.149369623,1.058174756,0.122929458,0.427490000,-0.050736447,0.166327467,0.000000000,0.000000000,0.000000000,0.000000000,0.000000000,0.000000000,0.000000000,0.000000000,0.000000000,0.000000000,0.000000000,0.000000000,0.000000000,0.000000000,0.000000000,0.000000000
0.201784702,-0.443339152,0.823729219,0.988346225,0.075709487,0.125843968,-0.040038832,-0.750067170,-0.352820444,-0.569945370,0.584748978,0.090302125,-0.293337640,-0.971810204,-0.143391871,0.220947867,1.035644949,0.101660943,0.427111380,-0.055321425,0.181145474,0.000000000,0.000000000,0.000000000,0.000000000,0.000000000,0.000000000,0.000000000,0.000000000,0.000000000,0.000000000,0.000000000,0.000000000,0.000000000,0.000000000,0.000000000,0.000000000
0.208174071,-0.442817744,0.816730471,0.989509191,0.078751490,0.120128029,0.015460300,-0.691075968,-0.425260391,-0.626636408,0.606542965,0.104085629,-0.298974671,-1.027822606,-0.137453696,0.282050825,0.989626367,0.082594473,0.427486441,-0.076291464,0.157147350,0.000000000,0.000000000,0.000000000,0.000000000,0.000000000,0.000000000,0.000000000,0.000000000,0.000000000,0.000000000,0.000000000,0.000000000,0.000000000,0.000000000,0.000000000,0.000000000
0.213414490,-0.439185137,0.808811696,0.987160511,0.076945539,0.121144953,0.070124251,-0.645441372,-0.465625178,-0.647333541,0.624846571,0.118308668,-0.302474639,-1.078894991,-0.140726621,0.321687309,0.922545035,0.062354617,0.428500776,-0.101302235,0.112475579,0.000000000,0.000000000,0.000000000,0.000000000,0.000000000,0.000000000,0.000000000,0.000000000,0.000000000,0.000000000,0.000000000,0.000000000,0.000000000,0.000000000,0.000000000,0.000000000
0.216067771,-0.432271858,0.800100931,0.981787201,0.071345124,0.132372214,0.116109267,-0.629797782,-0.471382175,-0.619400449,0.642125912,0.128848638,-0.300154206,-1.134467446,-0.136228081,0.361880484,0.775287563,0.044332784,0.429785197,-0.113625234,0.070321015,0.000000000,0.000000000,0.000000000,0.000000000,0.000000000,0.000000000,0.000000000,0.000000000,0.000000000,0.000000000,0.000000000,0.000000000,0.000000000,0.000000000,0.000000000,0.000000000
0.215543397,-0.422809333,0.791782906,0.977810697,0.066712656,0.141478587,0.139353765,-0.611558536,-0.462811754,-0.589715659,0.658471687,0.139143914,-0.296166622,-1.163881082,-0.125235203,0.428410533,0.568708706,0.020447967,0.430929828,-0.101493128,0.032907415,0.000000000,0.000000000,0.000000000,0.000000000,0.000000000,0.000000000,0.000000000,0.000000000,0.000000000,0.000000000,0.000000000,0.000000000,0.000000000,0.000000000,0.000000000,0.000000000
0.213122234,-0.409419091,0.782901249,0.973519628,0.059641898,0.154463253,0.157618148,-0.610826619,-0.439407863,-0.542387069,0.676988242,0.156477818,-0.290100525,-1.174763211,-0.128270019,0.527338272,0.362631576,-0.011392387,0.434438473,-0.087632611,-0.012892338,0.000000000,0.000000000,0.000000000,0.000000000,0.000000000,0.000000000,0.000000000,0.000000000,0.000000000,0.000000000,0.000000000,0.000000000,0.000000000,0.000000000,0.000000000,0.000000000
0.206772190,-0.395247681,0.772570735,0.971778766,0.057223295,0.153072327,0.170118747,-0.576684053,-0.421258976,-0.518453866,0.705178129,0.182537931,-0.284490601,-1.171098779,-0.147989846,0.598906895,0.234474693,-0.050022236,0.440145532,-0.069239952,-0.037422837,0.000000000,0.000000000,0.000000000,0.000000000,0.000000000,0.000000000,0.000000000,0.000000000,0.000000000,0.000000000,0.000000000,0.000000000,0.000000000,0.000000000,0.000000000,0.000000000
0.191585817,-0.383800542,0.761993217,0.971210600,0.056814368,0.147461141,0.178261912,-0.538260440,-0.393856862,-0.495049403,0.731672086,0.212183536,-0.277416243,-1.164852689,-0.164166554,0.653076182,0.158221812,-0.077469665,0.452531492,-0.052281686,-0.047180897,0.000000000,0.000000000,0.000000000,0.000000000,0.000000000,0.000000000,0.000000000,0.000000000,0.000000000,0.000000000,0.000000000,0.000000000,0.000000000,0.000000000,0.000000000,0.000000000
0.165026324,-0.375079165,0.751641879,0.969910869,0.060783002,0.144225969,0.186486469,-0.498759986,-0.351128011,-0.454129675,0.744113282,0.241295962,-0.268920631,-1.160056214,-0.189866047,0.707632429,0.116651977,-0.076491744,0.468216667,-0.044444024,-0.053647181,0.000000000,0.000000000,0.000000000,0.000000000,0.000000000,0.000000000,0.000000000,0.000000000,0.000000000,0.000000000,0.000000000,0.000000000,0.000000000,0.000000000,0.000000000,0.000000000
0.135839781,-0.372666691,0.738128517,0.969332560,0.065190162,0.138081869,0.192556561,-0.460640135,-0.288782236,-0.393809300,0.778659267,0.268607104,-0.259478271,-1.179802044,-0.179939433,0.762333787,0.202856756,-0.053381581,0.481379080,-0.035637817,-0.055142308,0.000000000,0.000000000,0.000000000,0.000000000,0.000000000,0.000000000,0.000000000,0.000000000,0.000000000,0.000000000,0.000000000,0.000000000,0.000000000,0.000000000,0.000000000,0.000000000
0.115536637,-0.373781540,0.723955060,0.968489884,0.070720911,0.130840211,0.199766706,-0.416767868,-0.221420293,-0.352130523,0.813192853,0.291397356,-0.248391242,-1.201025432,-0.148660789,0.798589743,0.351353466,-0.021408738,0.497217142,-0.035407811,-0.044615302,0.000000000,0.000000000,0.000000000,0.000000000,0.000000000,0.000000000,0.000000000,0.000000000,0.000000000,0.000000000,0.000000000,0.000000000,0.000000000,0.000000000,0.000000000,0.000000000
0.099589793,-0.365603445,0.709639687,0.967919861,0.078948411,0.124223304,0.203634139,-0.348315553,-0.173651859,-0.339945877,0.828848878,0.307302987,-0.237200320,-1.215550699,-0.125209274,0.754129338,0.488393934,0.005371959,0.519986606,-0.032193619,-0.027259701,0.000000000,0.000000000,0.000000000,0.000000000,0.000000000,0.000000000,0.000000000,0.000000000,0.000000000,0.000000000,0.000000000,0.000000000,0.000000000,0.000000000,0.000000000,0.000000000
0.094808467,-0.353689581,0.693515462,0.968045467,0.089765439,0.112534084,0.205344149,-0.255938154,-0.146856203,-0.342145051,0.848920938,0.322276279,-0.227465047,-1.244562621,-0.119404868,0.631061008,0.648062601,0.030064904,0.521379099,-0.030505937,0.002146367,0.000000000,0.000000000,0.000000000,0.000000000,0.000000000,0.000000000,0.000000000,0.000000000,0.000000000,0.000000000,0.000000000,0.000000000,0.000000000,0.000000000,0.000000000,0.000000000
0.095848871,-0.346206856,0.673886007,0.967409198,0.102226056,0.102321960,0.207844878,-0.174651165,-0.133276583,-0.343526426,0.883073468,0.341924984,-0.220165283,-1.288903113,-0.114234802,0.563550546,0.831113109,0.057065724,0.522994123,-0.045466381,0.039755180,0.000000000,0.000000000,0.000000000,0.000000000,0.000000000,0.000000000,0.000000000,0.000000000,0.000000000,0.000000000,0.000000000,0.000000000,0.000000000,0.000000000,0.000000000,0.000000000
0.096289006,-0.335799431,0.652869102,0.966120666,0.114838464,0.090548528,0.212659235,-0.097366431,-0.125924375,-0.347751404,0.925806220,0.362052170,-0.212363158,-1.342968689,-0.123491608,0.531769357,1.011017884,0.075864331,0.523537766,-0.061063691,0.078801485,0.000000000,0.000000000,0.000000000,0.000000000,0.000000000,0.000000000,0.000000000,0.000000000,0.000000000,0.000000000,0.000000000,0.000000000,0.000000000,0.000000000,0.000000000,0.000000000
0.094702671,-0.331714143,0.634185943,0.963524705,0.126449812,0.080042002,0.221864523,-0.031141350,-0.126671115,-0.366456922,0.955574344,0.377710614,-0.206435175,-1.391429132,-0.141795382,0.517977131,1.158227020,0.088742180,0.523582901,-0.082923895,0.118293364,0.000000000,0.000000000,0.000000000,0.000000000,0.000000000,0.000000000,0.000000000,0.000000000,0.000000000,0.000000000,0.000000000,0.000000000,0.000000000,0.000000000,0.000000000,0.000000000
0.087435025,-0.329718251,0.617493266,0.960739518,0.130545200,0.069995586,0.234602104,0.018141112,-0.109926309,-0.378901174,0.994865960,0.393742493,-0.202196114,-1.428413239,-0.153929917,0.503501351,1.280330051,0.098782739,0.523598998,-0.106254446,0.158860854,0.000000000,0.000000000,0.000000000,0.000000000,0.000000000,0.000000000,0.000000000,0.000000000,0.000000000,0.000000000,0.000000000,0.000000000,0.000000000,0.000000000,0.000000000,0.000000000
0.066476487,-0.331733113,0.605642782,0.958260657,0.136066631,0.067940394,0.242087770,0.059027297,-0.106359996,-0.384446205,1.006000428,0.407712936,-0.200337262,-1.454494951,-0.163760824,0.496227783,1.359596738,0.111083725,0.523599000,-0.118107939,0.179279836,0.000000000,0.000000000,0.000000000,0.000000000,0.000000000,0.000000000,0.000000000,0.000000000,0.000000000,0.000000000,0.000000000,0.000000000,0.000000000,0.000000000,0.000000000,0.000000000
0.026667211,-0.336504092,0.597318634,0.956221936,0.141020186,0.070924597,0.246419597,0.086187057,-0.107813031,-0.380833548,1.012964180,0.421099652,-0.199077385,-1.483669374,-0.162183314,0.493556098,1.431346804,0.125008640,0.523597022,-0.119853890,0.198762159,0.000000000,0.000000000,0.000000000,0.000000000,0.000000000,0.000000000,0.000000000,0.000000000,0.000000000,0.000000000,0.000000000,0.000000000,0.000000000,0.000000000,0.000000000,0.000000000
-0.017891693,-0.345168043,0.591907818,0.954009936,0.144073805,0.075895225,0.251689680,0.108149239,-0.106633466,-0.372923799,1.018331555,0.434023823,-0.198549635,-1.509740158,-0.158397564,0.489990802,1.495173561,0.138127857,0.523578171,-0.120760969,0.219036118,0.000000000,0.000000000,0.000000000,0.000000000,0.000000000,0.000000000,0.000000000,0.000000000,0.000000000,0.000000000,0.000000000,0.000000000,0.000000000,0.000000000,0.000000000,0.000000000
-0.042199094,-0.356905320,0.588782182,0.951629864,0.143221473,0.078442124,0.260259571,0.125491167,-0.094604950,-0.368442650,1.027746083,0.446348075,-0.199535283,-1.525669209,-0.160172744,0.478444056,1.547001672,0.147233135,0.523598997,-0.129507286,0.239851734,0.000000000,0.000000000,0.000000000,0.000000000,0.000000000,0.000000000,0.000000000,0.000000000,0.000000000,0.000000000,0.000000000,0.000000000,0.000000000,0.000000000,0.000000000,0.000000000
-0.051143407,-0.364987091,0.588642965,0.950392286,0.138964383,0.078073769,0.267110257,0.140786729,-0.076228012,-0.367178438,1.036300961,0.456424838,-0.201600045,-1.529081190,-0.171060524,0.460396776,1.584637064,0.152825955,0.523598313,-0.152033160,0.250794291,0.000000000,0.000000000,0.000000000,0.000000000,0.000000000,0.000000000,0.000000000,0.000000000,0.000000000,0.000000000,0.000000000,0.000000000,0.000000000,0.000000000,0.000000000,0.000000000
-0.054102666,-0.367162661,0.590228353,0.950443601,0.133414349,0.078506742,0.269618738,0.150916087,-0.059308580,-0.366056242,1.042873201,0.463769406,-0.201418632,-1.534184723,-0.179247869,0.443226852,1.616228884,0.156371309,0.523588662,-0.174758754,0.262922548,0.000000000,0.000000000,0.000000000,0.000000000,0.000000000,0.000000000,0.000000000,0.000000000,0.000000000,0.000000000,0.000000000,0.000000000,0.000000000,0.000000000,0.000000000,0.000000000
-0.057561041,-0.364774036,0.591930986,0.951391693,0.129738077,0.080191929,0.267565193,0.159763368,-0.051303847,-0.364175077,1.046748656,0.469127429,-0.197863166,-1.546274395,-0.184231094,0.434122768,1.642666579,0.158724278,0.523591963,-0.186334241,0.272811556,0.000000000,0.000000000,0.000000000,0.000000000,0.000000000,0.000000000,0.000000000,0.000000000,0.000000000,0.000000000,0.000000000,0.000000000,0.000000000,0.000000000,0.000000000,0.000000000
-0.063073973,-0.360849965,0.592990798,0.953070521,0.126714099,0.082536578,0.262274346,0.165663446,-0.049443229,-0.366346629,1.045945331,0.471124293,-0.191906625,-1.561613030,-0.185749235,0.428932154,1.667504559,0.161210464,0.523595715,-0.196744484,0.280401989,0.000000000,0.000000000,0.000000000,0.000000000,0.000000000,0.000000000,0.000000000,0.000000000,0.000000000,0.000000000,0.000000000,0.000000000,0.000000000,0.000000000,0.000000000,0.000000000
-0.070448543,-0.358617824,0.593643791,0.953875365,0.126235896,0.086090954,0.258407883,0.166947995,-0.051241098,-0.369517185,1.039877610,0.471708742,-0.186410230,-1.572082387,-0.184769678,0.428697487,1.684703157,0.163987634,0.523599000,-0.209063167,0.286459588,0.000000000,0.000000000,0.000000000,0.000000000,0.000000000,0.000000000,0.000000000,0.000000000,0.000000000,0.000000000,0.000000000,0.000000000,0.000000000,0.000000000,0.000000000,0.000000000
-0.078991858,-0.357641408,0.595526455,0.953547080,0.128957104,0.089967963,0.256950963,0.164191060,-0.054399545,-0.375125688,1.026857690,0.470615691,-0.180039851,-1.587185521,-0.183682183,0.432484185,1.698822041,0.165887765,0.523599000,-0.213041975,0.301477166,0.000000000,0.000000000,0.000000000,0.000000000,0.000000000,0.000000000,0.000000000,0.000000000,0.000000000,0.000000000,0.000000000,0.000000000,0.000000000,0.000000000,0.000000000,0.000000000
-0.087441835,-0.358028937,0.601229130,0.952753721,0.133481728,0.095600084,0.255545691,0.161885974,-0.067036829,-0.393836553,1.000650488,0.468722808,-0.173071109,-1.593674789,-0.181257657,0.440539566,1.700816240,0.167799479,0.523599000,-0.223352044,0.314101507,0.000000000,0.000000000,0.000000000,0.000000000,0.000000000,0.000000000,0.000000000,0.000000000,0.000000000,0.000000000,0.000000000,0.000000000,0.000000000,0.000000000,0.000000000,0.000000000
-0.092345055,-0.357434635,0.611427332,0.950538908,0.140144992,0.102329619,0.257611751,0.157080730,-0.089146258,-0.422680922,0.963204155,0.463489624,-0.167185289,-1.580619541,-0.183881810,0.456750512,1.682384040,0.168920747,0.523599000,-0.233368806,0.319809077,0.000000000,0.000000000,0.000000000,0.000000000,0.000000000,0.000000000,0.000000000,0.000000000,0.000000000,0.000000000,0.000000000,0.000000000,0.000000000,0.000000000,0.000000000,0.000000000
-0.096805216,-0.355953983,0.624207572,0.950166874,0.145051305,0.112427085,0.251998377,0.142548505,-0.119689108,-0.458132790,0.917286058,0.451609040,-0.157795320,-1.562463454,-0.181383241,0.470442577,1.642392254,0.169810398,0.523599000,-0.246545968,0.328168337,0.000000000,0.000000000,0.000000000,0.000000000,0.000000000,0.000000000,0.000000000,0.000000000,0.000000000,0.000000000,0.000000000,0.000000000,0.000000000,0.000000000,0.000000000,0.000000000
-0.099297934,-0.355050547,0.637309083,0.949645538,0.151666006,0.124835566,0.244104190,0.123080779,-0.154644818,-0.492032746,0.867127276,0.437035563,-0.148909444,-1.534863814,-0.178167569,0.488435070,1.592653521,0.171014047,0.523589392,-0.257861773,0.337399509,0.000000000,0.000000000,0.000000000,0.000000000,0.000000000,0.000000000,0.000000000,0.000000000,0.000000000,0.000000000,0.000000000,0.000000000,0.000000000,0.000000000,0.000000000,0.000000000
-0.099225215,-0.353408045,0.651581343,0.948682589,0.156618875,0.137473590,0.237850552,0.082795050,-0.187860106,-0.491292519,0.831880854,0.417312721,-0.147838330,-1.491548712,-0.168914857,0.497075009,1.536813003,0.171973447,0.523561933,-0.265606141,0.336706015,0.000000000,0.000000000,0.000000000,0.000000000,0.000000000,0.000000000,0.000000000,0.000000000,0.000000000,0.000000000,0.000000000,0.000000000,0.000000000,0.000000000,0.000000000,0.000000000
-0.101098042,-0.351551656,0.666924568,0.946320299,0.166873108,0.159534994,0.226229624,0.016422355,-0.227678732,-0.423822553,0.786890718,0.397359439,-0.153509894,-1.449982198,-0.150154187,0.520991863,1.465108294,0.172814774,0.523567135,-0.247530097,0.309732770,0.000000000,0.000000000,0.000000000,0.000000000,0.000000000,0.000000000,0.000000000,0.000000000,0.000000000,0.000000000,0.000000000,0.000000000,0.000000000,0.000000000,0.000000000,0.000000000
-0.115332194,-0.352122989,0.680603173,0.948371198,0.155032235,0.118616433,0.249974437,-0.027951397,-0.116338768,-0.174268880,0.860918949,0.373457146,-0.167768945,-1.266378421,-0.158089499,0.452260854,1.401318890,0.171125144,0.523574022,-0.318578333,0.398316051,0.000000000,0.000000000,0.000000000,0.000000000,0.000000000,0.000000000,0.000000000,0.000000000,0.000000000,0.000000000,0.000000000,0.000000000,0.000000000,0.000000000,0.000000000,0.000000000
-0.129749634,-0.337371172,0.692031374,0.949373963,0.157910217,0.153540116,0.224006415,-0.178316456,-0.190731721,-0.021388260,0.884855244,0.349326352,-0.184741778,-1.259841205,-0.116715101,0.480408938,1.308386282,0.171101864,0.523599000,-0.248546341,0.339132023,0.000000000,0.000000000,0.000000000,0.000000000,0.000000000,0.000000000,0.000000000,0.000000000,0.000000000,0.000000000,0.000000000,0.000000000,0.000000000,0.000000000,0.000000000,0.000000000
-0.145782009,-0.326557799,0.696530845,0.953254292,0.142705912,0.161597878,0.211724828,-0.331221580,-0.168747575,0.132415756,1.006900067,0.323391545,-0.202514087,-1.218328424,-0.080544123,0.455897188,1.240344220,0.172037162,0.523544077,-0.215883150,0.320521932,0.000000000,0.000000000,0.000000000,0.000000000,0.000000000,0.000000000,0.000000000,0.000000000,0.000000000,0.000000000,0.000000000,0.000000000,0.000000000,0.000000000,0.000000000,0.000000000
-0.151633311,-0.321211814,0.695133029,0.960270839,0.129817562,0.156422759,0.191204699,-0.456867720,-0.135896831,0.226892784,1.139725455,0.295438205,-0.216413588,-1.170919133,-0.040581859,0.435863801,1.200111622,0.173972559,0.523478782,-0.177824632,0.308322534,0.000000000,0.000000000,0.000000000,0.000000000,0.000000000,0.000000000,0.000000000,0.000000000,0.000000000,0.000000000,0.000000000,0.000000000,0.000000000,0.000000000,0.000000000,0.000000000
-0.145158404,-0.322944415,0.693350152,0.968611197,0.117257962,0.149654573,0.160145020,-0.568711125,-0.103715352,0.249934165,1.204507165,0.270498383,-0.222584691,-1.118551866,-0.006954442,0.421193170,1.141476779,0.175859114,0.523372110,-0.150000952,0.298698938,0.000000000,0.000000000,0.000000000,0.000000000,0.000000000,0.000000000,0.000000000,0.000000000,0.000000000,0.000000000,0.000000000,0.000000000,0.000000000,0.000000000,0.000000000,0.000000000
-0.129124314,-0.329493276,0.692711327,0.977512548,0.105417431,0.120847701,0.136938730,-0.656863096,-0.053242718,0.218199852,1.259339944,0.243160574,-0.225687123,-1.016344934,0.019446419,0.407838939,1.096192551,0.174236839,0.523538324,-0.135526521,0.335164447,0.000000000,0.000000000,0.000000000,0.000000000,0.000000000,0.000000000,0.000000000,0.000000000,0.000000000,0.000000000,0.000000000,0.000000000,0.000000000,0.000000000,0.000000000,0.000000000
-0.109678816,-0.328665087,0.694330775,0.983116108,0.096711815,0.108729919,0.110938485,-0.739112334,-0.025003863,0.160134151,1.216857527,0.227329406,-0.225439568,-0.947336108,0.031948463,0.415268143,1.034722457,0.172846355,0.522883602,-0.115888010,0.339840442,0.000000000,0.000000000,0.000000000,0.000000000,0.000000000,0.000000000,0.000000000,0.000000000,0.000000000,0.000000000,0.000000000,0.000000000,0.000000000,0.000000000,0.000000000,0.000000000
-0.086987044,-0.321413162,0.700279935,0.987612694,0.089700525,0.105651053,0.073571985,-0.818044440,-0.006331280,0.068671392,1.105076001,0.217123015,-0.223365505,-0.897405070,0.034024969,0.434572843,0.955577370,0.172144501,0.519682449,-0.110989302,0.329410654,0.000000000,0.000000000,0.000000000,0.000000000,0.000000000,0.000000000,0.000000000,0.000000000,0.000000000,0.000000000,0.000000000,0.000000000,0.000000000,0.000000000,0.000000000,0.000000000
-0.061813656,-0.303533820,0.707789954,0.988924226,0.084568214,0.118801684,0.027627037,-0.895511790,0.008312513,-0.062722308,0.971551357,0.205483211,-0.217600245,-0.892499426,0.027792027,0.452877261,0.893367594,0.171558712,0.514454256,-0.097421470,0.272828623,0.000000000,0.000000000,0.000000000,0.000000000,0.000000000,0.000000000,0.000000000,0.000000000,0.000000000,0.000000000,0.000000000,0.000000000,0.000000000,0.000000000,0.000000000,0.000000000
-0.035590816,-0.276230211,0.712014877,0.988678470,0.079020279,0.120025835,-0.043179602,-0.939557240,0.014173058,-0.180669947,0.913107902,0.182007589,-0.210018714,-0.869005226,0.039144390,0.466081214,0.870909818,0.173659505,0.509537093,-0.089016431,0.195209949,0.000000000,0.000000000,0.000000000,0.000000000,0.000000000,0.000000000,0.000000000,0.000000000,0.000000000,0.000000000,0.000000000,0.000000000,0.000000000,0.000000000,0.000000000,0.000000000
-0.010504050,-0.248638250,0.716277549,0.980468570,0.080102085,0.128386122,-0.125626599,-0.976184722,0.026654309,-0.312553372,0.841043605,0.157541916,-0.198515950,-0.873214526,0.033844289,0.460427821,0.855411124,0.177770917,0.504950066,-0.068047796,0.126475432,0.000000000,0.000000000,0.000000000,0.000000000,0.000000000,0.000000000,0.000000000,0.000000000,0.000000000,0.000000000,0.000000000,0.000000000,0.000000000,0.000000000,0.000000000,0.000000000
0.014635540,-0.222432033,0.720434999,0.966606060,0.086136351,0.130829273,-0.202822471,-0.968798950,0.035314192,-0.422337245,0.788117346,0.130292288,-0.182266402,-0.869830482,0.023942915,0.459109965,0.842452146,0.182168103,0.502953738,-0.045316844,0.082850959,0.000000000,0.000000000,0.000000000,0.000000000,0.000000000,0.000000000,0.000000000,0.000000000,0.000000000,0.000000000,0.000000000,0.000000000,0.000000000,0.000000000,0.000000000,0.000000000
0.034452369,-0.199108886,0.723922418,0.948068272,0.096314491,0.132668261,-0.272560457,-0.948484748,0.030717894,-0.523683985,0.722695416,0.099863274,-0.166730290,-0.867467664,0.016033119,0.461730528,0.833883702,0.190003468,0.505180125,-0.028048530,0.052909177,0.000000000,0.000000000,0.000000000,0.000000000,0.000000000,0.000000000,0.000000000,0.000000000,0.000000000,0.000000000,0.000000000,0.000000000,0.000000000,0.000000000,0.000000000,0.000000000
0.047182080,-0.184545711,0.724831706,0.925339187,0.108178550,0.142314640,-0.334352109,-0.966870542,0.033641256,-0.580571008,0.692193033,0.068980564,-0.155318721,-0.875376768,0.020644268,0.459679539,0.841206707,0.208218821,0.512218735,-0.012238740,0.006237289,0.000000000,0.000000000,0.000000000,0.000000000,0.000000000,0.000000000,0.000000000,0.000000000,0.000000000,0.000000000,0.000000000,0.000000000,0.000000000,0.000000000,0.000000000,0.000000000
0.055617660,-0.175872637,0.724302029,0.900141854,0.122616478,0.144191704,-0.392324604,-0.958051682,0.024018339,-0.615382167,0.666552558,0.038681014,-0.155875352,-0.870431911,0.016570457,0.458275183,0.846703999,0.228259085,0.518754576,0.001114720,-0.016189095,0.000000000,0.000000000,0.000000000,0.000000000,0.000000000,0.000000000,0.000000000,0.000000000,0.000000000,0.000000000,0.000000000,0.000000000,0.000000000,0.000000000,0.000000000,0.000000000
0.064895858,-0.173950251,0.723773833,0.872854491,0.133129613,0.144705767,-0.446611447,-0.936044706,0.021567826,-0.648856898,0.648581719,0.009204349,-0.159670133,-0.858191908,0.005163191,0.454226250,0.837614777,0.246960133,0.520657012,0.011999856,-0.037681882,0.000000000,0.000000000,0.000000000,0.000000000,0.000000000,0.000000000,0.000000000,0.000000000,0.000000000,0.000000000,0.000000000,0.000000000,0.000000000,0.000000000,0.000000000,0.000000000
0.082731414,-0.178598197,0.724403073,0.842422892,0.145483479,0.144081719,-0.498396114,-0.926726132,0.010601414,-0.667388250,0.631779598,-0.030319213,-0.158081087,-0.855339771,-0.016377281,0.459917426,0.833295525,0.258950948,0.519164565,0.023475318,-0.048548441,0.000000000,0.000000000,0.000000000,0.000000000,0.000000000,0.000000000,0.000000000,0.000000000,0.000000000,0.000000000,0.000000000,0.000000000,0.000000000,0.000000000,0.000000000,0.000000000
0.115869269,-0.189802987,0.724684799,0.805134286,0.158260692,0.134127385,-0.555627734,-0.895288568,-0.025231809,-0.658238887,0.649377063,-0.068264416,-0.158505178,-0.860999925,-0.058539211,0.475257155,0.830421693,0.260322299,0.515183161,0.023740799,-0.063590144,0.000000000,0.000000000,0.000000000,0.000000000,0.000000000,0.000000000,0.000000000,0.000000000,0.000000000,0.000000000,0.000000000,0.000000000,0.000000000,0.000000000,0.000000000,0.000000000
0.150231564,-0.211416841,0.725453176,0.760697309,0.169334171,0.121476009,-0.614743135,-0.864391265,-0.063183083,-0.639499839,0.670229382,-0.107128166,-0.155597796,-0.867121469,-0.108230350,0.501350222,0.809261760,0.258849673,0.507922313,0.035706430,-0.084626271,0.000000000,0.000000000,0.000000000,0.000000000,0.000000000,0.000000000,0.000000000,0.000000000,0.000000000,0.000000000,0.000000000,0.000000000,0.000000000,0.000000000,0.000000000,0.000000000
0.178371220,-0.237821325,0.722097017,0.720066586,0.174315227,0.104732645,-0.663437552,-0.853563915,-0.099354623,-0.600039384,0.702203982,-0.145488118,-0.148393102,-0.886621035,-0.158588904,0.518634774,0.795882782,0.252598635,0.498102497,0.051485596,-0.073545611,0.000000000,0.000000000,0.000000000,0.000000000,0.000000000,0.000000000,0.000000000,0.000000000,0.000000000,0.000000000,0.000000000,0.000000000,0.000000000,0.000000000,0.000000000,0.000000000
0.210790609,-0.277814256,0.715358286,0.687087081,0.167738433,0.090335823,-0.701152337,-0.883184628,-0.104116135,-0.513276223,0.732991108,-0.178888931,-0.133698769,-0.883267239,-0.173975898,0.543097239,0.792023021,0.242198969,0.492256094,0.073441710,-0.059669816,0.000000000,0.000000000,0.000000000,0.000000000,0.000000000,0.000000000,0.000000000,0.000000000,0.000000000,0.000000000,0.000000000,0.000000000,0.000000000,0.000000000,0.000000000,0.000000000
0.226940512,-0.320324067,0.714859169,0.674943750,0.160374896,0.078183386,-0.715973593,-0.872400376,-0.122558954,-0.497711170,0.733379860,-0.203688029,-0.124230045,-0.877711657,-0.178087357,0.561385357,0.793586953,0.225258226,0.487219404,0.058877855,-0.044304866,0.000000000,0.000000000,0.000000000,0.000000000,0.000000000,0.000000000,0.000000000,0.000000000,0.000000000,0.000000000,0.000000000,0.000000000,0.000000000,0.000000000,0.000000000,0.000000000
0.242899830,-0.348070312,0.715741586,0.669754378,0.147532275,0.064449184,-0.724920412,-0.840220492,-0.142595312,-0.500562755,0.737163198,-0.218669524,-0.115678601,-0.883877309,-0.165065444,0.560262928,0.791719533,0.198198047,0.487117499,0.034150865,-0.028041967,0.000000000,0.000000000,0.000000000,0.000000000,0.000000000,0.000000000,0.000000000,0.000000000,0.000000000,0.000000000,0.000000000,0.000000000,0.000000000,0.000000000,0.000000000,0.000000000
0.252720993,-0.381639754,0.716102295,0.666586889,0.134106465,0.054372439,-0.731246205,-0.813890076,-0.156651255,-0.515276492,0.734394148,-0.233931690,-0.108225415,-0.889371399,-0.139430666,0.542302579,0.780304635,0.172015443,0.489030749,0.025893871,-0.014333091,0.000000000,0.000000000,0.000000000,0.000000000,0.000000000,0.000000000,0.000000000,0.000000000,0.000000000,0.000000000,0.000000000,0.000000000,0.000000000,0.000000000,0.000000000,0.000000000
0.238685332,-0.404281878,0.713899850,0.662259658,0.118044821,0.043813647,-0.738618934,-0.792373236,-0.162559522,-0.528707160,0.742140254,-0.256951069,-0.110059128,-0.880121919,-0.115137846,0.518007189,0.767908146,0.150675355,0.484800399,0.015909370,0.000548925,0.000000000,0.000000000,0.000000000,0.000000000,0.000000000,0.000000000,0.000000000,0.000000000,0.000000000,0.000000000,0.000000000,0.000000000,0.000000000,0.000000000,0.000000000,0.000000000
0.200914641,-0.412922724,0.715388492,0.657610022,0.104833734,0.035777103,-0.745170414,-0.773646790,-0.165639465,-0.530237930,0.750236701,-0.277563589,-0.129081722,-0.866294505,-0.105207404,0.473263875,0.758085450,0.144383110,0.470571670,-0.001775035,0.010946681,0.000000000,0.000000000,0.000000000,0.000000000,0.000000000,0.000000000,0.000000000,0.000000000,0.000000000,0.000000000,0.000000000,0.000000000,0.000000000,0.000000000,0.000000000,0.000000000
0.152124435,-0.412172369,0.716658504,0.656286115,0.095069687,0.028468358,-0.747957113,-0.764706742,-0.169477064,-0.521662999,0.758681009,-0.291451144,-0.150969397,-0.855087880,-0.110819873,0.435900437,0.757508716,0.146946992,0.451454280,-0.015939666,0.011713624,0.000000000,0.000000000,0.000000000,0.000000000,0.000000000,0.000000000,0.000000000,0.000000000,0.000000000,0.000000000,0.000000000,0.000000000,0.000000000,0.000000000,0.000000000,0.000000000
0.113514561,-0.404949681,0.718396960,0.658755124,0.085438041,0.020664248,-0.747204802,-0.750735624,-0.173654631,-0.514079108,0.759042699,-0.302265875,-0.174440406,-0.834635734,-0.119158203,0.419068777,0.754384603,0.151465106,0.431752208,-0.027155505,0.015729037,0.000000000,0.000000000,0.000000000,0.000000000,0.000000000,0.000000000,0.000000000,0.000000000,0.000000000,0.000000000,0.000000000,0.000000000,0.000000000,0.000000000,0.000000000,0.000000000
0.090792284,-0.394682940,0.719758953,0.667411040,0.077904692,0.010394425,-0.740530430,-0.737226685,-0.188174265,-0.500637546,0.767970671,-0.305201495,-0.196944695,-0.835253540,-0.140677658,0.387517745,0.774384570,0.149634655,0.414038440,-0.043298940,0.029007768,0.000000000,0.000000000,0.000000000,0.000000000,0.000000000,0.000000000,0.000000000,0.000000000,0.000000000,0.000000000,0.000000000,0.000000000,0.000000000,0.000000000,0.000000000,0.000000000
0.076618459,-0.387094550,0.723144750,0.677740752,0.075167756,0.004425649,-0.731435366,-0.730200331,-0.191093731,-0.473775575,0.771428671,-0.299538884,-0.211594760,-0.837876128,-0.152310933,0.378223290,0.782816057,0.142169080,0.403432203,-0.050725518,0.040923326,0.000000000,0.000000000,0.000000000,0.000000000,0.000000000,0.000000000,0.000000000,0.000000000,0.000000000,0.000000000,0.000000000,0.000000000,0.000000000,0.000000000,0.000000000,0.000000000
0.066105093,-0.381719274,0.730593039,0.685345753,0.070116371,-0.000016861,-0.724834390,-0.709381551,-0.187387501,-0.467136391,0.769561641,-0.290363177,-0.220140046,-0.818598513,-0.147639897,0.387904542,0.775452330,0.137581594,0.396782724,-0.060313704,0.052719116,0.000000000,0.000000000,0.000000000,0.000000000,0.000000000,0.000000000,0.000000000,0.000000000,0.000000000,0.000000000,0.000000000,0.000000000,0.000000000,0.000000000,0.000000000,0.000000000
0.057825917,-0.380270258,0.738893036,0.692839487,0.066115365,0.000075137,-0.718054454,-0.686179014,-0.184921990,-0.481303505,0.765800589,-0.279019092,-0.226673735,-0.794399934,-0.132888217,0.398324896,0.773698251,0.139034198,0.394922325,-0.074531120,0.059244760,0.000000000,0.000000000,0.000000000,0.000000000,0.000000000,0.000000000,0.000000000,0.000000000,0.000000000,0.000000000,0.000000000,0.000000000,0.000000000,0.000000000,0.000000000,0.000000000
0.049727392,-0.379781162,0.749594754,0.701282676,0.063555179,0.008910432,-0.709988699,-0.680190615,-0.163459642,-0.493926869,0.747271589,-0.273622205,-0.229293046,-0.763664328,-0.106960019,0.416179287,0.753352621,0.145523629,0.393347369,-0.083904598,0.071502803,0.000000000,0.000000000,0.000000000,0.000000000,0.000000000,0.000000000,0.000000000,0.000000000,0.000000000,0.000000000,0.000000000,0.000000000,0.000000000,0.000000000,0.000000000,0.000000000
0.040784853,-0.380292887,0.758183366,0.707353202,0.061010214,0.019085376,-0.703963742,-0.679596288,-0.134088121,-0.499462763,0.724511282,-0.272898106,-0.232271917,-0.727143997,-0.075965226,0.451911736,0.727528696,0.156699731,0.388885829,-0.090356083,0.064145408,0.000000000,0.000000000,0.000000000,0.000000000,0.000000000,0.000000000,0.000000000,0.000000000,0.000000000,0.000000000,0.000000000,0.000000000,0.000000000,0.000000000,0.000000000,0.000000000
0.032792151,-0.383634392,0.763271658,0.710303212,0.061653584,0.023703308,-0.700789794,-0.673236827,-0.118966163,-0.497814561,0.710616775,-0.270200718,-0.237711211,-0.700264695,-0.057358466,0.484099789,0.727596590,0.171786587,0.384383618,-0.093464915,0.043518320,0.000000000,0.000000000,0.000000000,0.000000000,0.000000000,0.000000000,0.000000000,0.000000000,0.000000000,0.000000000,0.000000000,0.000000000,0.000000000,0.000000000,0.000000000,0.000000000
0.027102197,-0.386316490,0.766022861,0.712750616,0.061191449,0.026222420,-0.698251065,-0.666890254,-0.102862827,-0.489764961,0.696469036,-0.269240411,-0.240312956,-0.671841103,-0.040115784,0.519147507,0.727838878,0.185217671,0.381575030,-0.083849165,0.026274631,0.000000000,0.000000000,0.000000000,0.000000000,0.000000000,0.000000000,0.000000000,0.000000000,0.000000000,0.000000000,0.000000000,0.000000000,0.000000000,0.000000000,0.000000000,0.000000000
0.023227515,-0.388926850,0.769167515,0.715557282,0.064696026,0.032236344,-0.694804302,-0.686682721,-0.076752146,-0.439291035,0.695131736,-0.267510178,-0.240345013,-0.669896290,-0.025974715,0.539520321,0.738243916,0.192670278,0.379540582,-0.088821281,0.013122161,0.000000000,0.000000000,0.000000000,0.000000000,0.000000000,0.000000000,0.000000000,0.000000000,0.000000000,0.000000000,0.000000000,0.000000000,0.000000000,0.000000000,0.000000000,0.000000000
0.020983835,-0.390135014,0.769934123,0.716484482,0.070998639,0.041386492,-0.692745508,-0.725595044,-0.038709155,-0.355983428,0.706536841,-0.262881343,-0.237248287,-0.689035095,-0.009332657,0.555499818,0.751839742,0.193426507,0.378715346,-0.086852386,-0.008936881,0.000000000,0.000000000,0.000000000,0.000000000,0.000000000,0.000000000,0.000000000,0.000000000,0.000000000,0.000000000,0.000000000,0.000000000,0.000000000,0.000000000,0.000000000,0.000000000
0.021118581,-0.390294551,0.770092916,0.717291132,0.069434466,0.046184669,-0.691765324,-0.753374575,-0.012376329,-0.310694904,0.740631002,-0.259936603,-0.232102103,-0.706666062,0.002337775,0.536118874,0.775819277,0.190378493,0.378017077,-0.098334327,0.002736244,0.000000000,0.000000000,0.000000000,0.000000000,0.000000000,0.000000000,0.000000000,0.000000000,0.000000000,0.000000000,0.000000000,0.000000000,0.000000000,0.000000000,0.000000000,0.000000000
0.022344532,-0.389334328,0.770716191,0.716766328,0.059975556,0.041367255,-0.693496730,-0.746706896,0.002394688,-0.295297616,0.768999094,-0.258553494,-0.228116844,-0.692356195,0.016634101,0.531096736,0.793958500,0.189184325,0.379136658,-0.099506255,0.024986287,0.000000000,0.000000000,0.000000000,0.000000000,0.000000000,0.000000000,0.000000000,0.000000000,0.000000000,0.000000000,0.000000000,0.000000000,0.000000000,0.000000000,0.000000000,0.000000000
0.023892669,-0.388206219,0.771646292,0.716388535,0.058399735,0.042787799,-0.693935258,-0.755677268,0.014105811,-0.284025849,0.779121776,-0.259967833,-0.223734685,-0.701454049,0.018415982,0.512442887,0.800017266,0.185281469,0.379816316,-0.095203619,0.036601564,0.000000000,0.000000000,0.000000000,0.000000000,0.000000000,0.000000000,0.000000000,0.000000000,0.000000000,0.000000000,0.000000000,0.000000000,0.000000000,0.000000000,0.000000000,0.000000000
0.025212350,-0.387592287,0.769458908,0.714366153,0.062401870,0.047211406,-0.695383411,-0.785950774,0.022748216,-0.263570446,0.801972968,-0.262918746,-0.221231499,-0.735711544,0.013041956,0.478866845,0.819554959,0.180863870,0.379978510,-0.091487370,0.036346584,0.000000000,0.000000000,0.000000000,0.000000000,0.000000000,0.000000000,0.000000000,0.000000000,0.000000000,0.000000000,0.000000000,0.000000000,0.000000000,0.000000000,0.000000000,0.000000000
0.026914452,-0.387511438,0.766556660,0.713071541,0.058518722,0.045827134,-0.697140165,-0.785777692,0.030228670,-0.261657256,0.808366730,-0.267386388,-0.218363362,-0.742482324,0.009074341,0.449457109,0.827923374,0.175893970,0.380454747,-0.089945053,0.053217833,0.000000000,0.000000000,0.000000000,0.000000000,0.000000000,0.000000000,0.000000000,0.000000000,0.000000000,0.000000000,0.000000000,0.000000000,0.000000000,0.000000000,0.000000000,0.000000000
0.029356079,-0.386877364,0.757966765,0.711542456,0.060076144,0.048098543,-0.698415865,-0.836817929,0.049874515,-0.214350522,0.869254394,-0.272086112,-0.214512801,-0.804100419,-0.016102532,0.364103621,0.889574143,0.169997668,0.380111224,-0.086491603,0.061123317,0.000000000,0.000000000,0.000000000,0.000000000,0.000000000,0.000000000,0.000000000,0.000000000,0.000000000,0.000000000,0.000000000,0.000000000,0.000000000,0.000000000,0.000000000,0.000000000
0.030756812,-0.384187802,0.744025228,0.710135024,0.052079941,0.039761067,-0.701009975,-0.880132537,0.083560474,-0.150294199,0.969182884,-0.275021233,-0.210519118,-0.850516805,-0.038656715,0.293726821,0.978154159,0.164371315,0.379743789,-0.075192154,0.098029599,0.000000000,0.000000000,0.000000000,0.000000000,0.000000000,0.000000000,0.000000000,0.000000000,0.000000000,0.000000000,0.000000000,0.000000000,0.000000000,0.000000000,0.000000000,0.000000000
0.030782854,-0.378859151,0.727141885,0.710307402,0.041383627,0.029676800,-0.702047062,-0.924336916,0.116289848,-0.109659358,1.069236556,-0.280007758,-0.206383679,-0.897621623,-0.059943102,0.240663421,1.068533341,0.156559332,0.378174575,-0.064513196,0.171884699,0.000000000,0.000000000,0.000000000,0.000000000,0.000000000,0.000000000,0.000000000,0.000000000,0.000000000,0.000000000,0.000000000,0.000000000,0.000000000,0.000000000,0.000000000,0.000000000
0.029926922,-0.370645362,0.709662048,0.709432538,0.030648866,0.019510080,-0.703836257,-0.948631620,0.140991666,-0.087380078,1.136645845,-0.282354700,-0.205304116,-0.914069043,-0.071677046,0.219074939,1.112964373,0.153443811,0.376701728,-0.055789971,0.214281133,0.000000000,0.000000000,0.000000000,0.000000000,0.000000000,0.000000000,0.000000000,0.000000000,0.000000000,0.000000000,0.000000000,0.000000000,0.000000000,0.000000000,0.000000000,0.000000000
0.028207535,-0.362235242,0.691052518,0.707032615,0.025103575,0.012007727,-0.706633219,-0.983832682,0.155597270,-0.072001156,1.203294786,-0.284512848,-0.206623372,-0.943291122,-0.084262981,0.207887590,1.162738848,0.152619335,0.373946327,-0.046921026,0.244385083,0.000000000,0.000000000,0.000000000,0.000000000,0.000000000,0.000000000,0.000000000,0.000000000,0.000000000,0.000000000,0.000000000,0.000000000,0.000000000,0.000000000,0.000000000,0.000000000
0.025578244,-0.354847733,0.670901156,0.704266922,0.021234784,0.007054306,-0.709582570,-1.042395084,0.174109463,-0.056681144,1.286397756,-0.289424236,-0.209080961,-0.993709805,-0.098947229,0.196255137,1.229445887,0.150417417,0.369530839,-0.044913985,0.299655917,0.000000000,0.000000000,0.000000000,0.000000000,0.000000000,0.000000000,0.000000000,0.000000000,0.000000000,0.000000000,0.000000000,0.000000000,0.000000000,0.000000000,0.000000000,0.000000000
0.023416658,-0.347258403,0.652440467,0.701245142,0.016553829,0.003874039,-0.712717485,-1.087922179,0.191920686,-0.051216269,1.348874332,-0.292179934,-0.210658916,-1.034020770,-0.111105248,0.187131065,1.280678789,0.149500360,0.365202573,-0.046720774,0.330552047,0.000000000,0.000000000,0.000000000,0.000000000,0.000000000,0.000000000,0.000000000,0.000000000,0.000000000,0.000000000,0.000000000,0.000000000,0.000000000,0.000000000,0.000000000,0.000000000
0.021288816,-0.341762382,0.636261798,0.697659828,0.013561331,0.000840761,-0.716300320,-1.125438244,0.203431818,-0.049596314,1.401142469,-0.294349069,-0.212149462,-1.074301625,-0.124334998,0.183953574,1.331172769,0.148811453,0.360450100,-0.044954211,0.361475229,0.000000000,0.000000000,0.000000000,0.000000000,0.000000000,0.000000000,0.000000000,0.000000000,0.000000000,0.000000000,0.000000000,0.000000000,0.000000000,0.000000000,0.000000000,0.000000000
0.020220090,-0.338247160,0.622910233,0.693568512,0.009036063,0.000213796,-0.720333967,-1.150967718,0.214647378,-0.055782018,1.437850342,-0.296041159,-0.213161379,-1.101401891,-0.131406120,0.178966410,1.365595206,0.148301236,0.356539890,-0.052808880,0.381145704,0.000000000,0.000000000,0.000000000,0.000000000,0.000000000,0.000000000,0.000000000,0.000000000,0.000000000,0.000000000,0.000000000,0.000000000,0.000000000,0.000000000,0.000000000,0.000000000
0.020787944,-0.335432138,0.611862467,0.689508507,0.004110872,-0.001487567,-0.724264390,-1.170248674,0.226583068,-0.061375069,1.471689995,-0.297516221,-0.212890572,-1.121461386,-0.139141325,0.172844817,1.399382285,0.148526541,0.353708237,-0.059040502,0.396727987,0.000000000,0.000000000,0.000000000,0.000000000,0.000000000,0.000000000,0.000000000,0.000000000,0.000000000,0.000000000,0.000000000,0.000000000,0.000000000,0.000000000,0.000000000,0.000000000
0.022175374,-0.331554541,0.602161031,0.686072932,-0.000373215,-0.004922878,-0.727516019,-1.197594607,0.238862101,-0.062990396,1.509797570,-0.300265555,-0.211958321,-1.151392660,-0.149966368,0.167545544,1.441102025,0.147494985,0.351346377,-0.057308657,0.431804353,0.000000000,0.000000000,0.000000000,0.000000000,0.000000000,0.000000000,0.000000000,0.000000000,0.000000000,0.000000000,0.000000000,0.000000000,0.000000000,0.000000000,0.000000000,0.000000000
0.023347823,-0.325797355,0.594562145,0.682829988,-0.011979155,-0.014902487,-0.730327066,-1.212776148,0.251645654,-0.065648705,1.553657009,-0.303279559,-0.211151506,-1.167974278,-0.161288299,0.163476474,1.488925516,0.146137105,0.348678471,-0.058382555,0.487412411,0.000000000,0.000000000,0.000000000,0.000000000,0.000000000,0.000000000,0.000000000,0.000000000,0.000000000,0.000000000,0.000000000,0.000000000,0.000000000,0.000000000,0.000000000,0.000000000
0.024301912,-0.320097425,0.588003703,0.679545697,-0.012705517,-0.016230604,-0.733343565,-1.254765509,0.262919078,-0.068232963,1.588574860,-0.306115775,-0.209979684,-1.212132373,-0.174431407,0.160675371,1.527520953,0.145037193,0.346173974,-0.056824461,0.506508748,0.000000000,0.000000000,0.000000000,0.000000000,0.000000000,0.000000000,0.000000000,0.000000000,0.000000000,0.000000000,0.000000000,0.000000000,0.000000000,0.000000000,0.000000000,0.000000000
0.025530667,-0.316326663,0.580985925,0.675607232,-0.008756627,-0.014509093,-0.737066941,-1.316967357,0.271943454,-0.072357379,1.630152715,-0.310057113,-0.209086073,-1.279086207,-0.186841234,0.161061275,1.573534477,0.142716176,0.344062598,-0.057171938,0.523596864,0.000000000,0.000000000,0.000000000,0.000000000,0.000000000,0.000000000,0.000000000,0.000000000,0.000000000,0.000000000,0.000000000,0.000000000,0.000000000,0.000000000,0.000000000,0.000000000
0.026619157,-0.313529704,0.575155461,0.672539290,-0.001823433,-0.008416376,-0.740011313,-1.396171292,0.280639300,-0.080058450,1.673779058,-0.314162867,-0.208309131,-1.356502209,-0.194114415,0.161053803,1.618115709,0.140117459,0.342556189,-0.058744467,0.523599000,0.000000000,0.000000000,0.000000000,0.000000000,0.000000000,0.000000000,0.000000000,0.000000000,0.000000000,0.000000000,0.000000000,0.000000000,0.000000000,0.000000000,0.000000000,0.000000000
0.027185410,-0.311059809,0.571728870,0.670504165,0.002971877,-0.004604305,-0.741885525,-1.469030005,0.288626057,-0.089593134,1.716197313,-0.318027753,-0.207253985,-1.426541479,-0.200241641,0.159712000,1.660051199,0.137170701,0.341623489,-0.057269281,0.523599000,0.000000000,0.000000000,0.000000000,0.000000000,0.000000000,0.000000000,0.000000000,0.000000000,0.000000000,0.000000000,0.000000000,0.000000000,0.000000000,0.000000000,0.000000000,0.000000000
0.027167552,-0.308409897,0.570398432,0.669381556,0.007433783,-0.002501804,-0.742877387,-1.537671175,0.294110462,-0.098061704,1.758572476,-0.321469379,-0.206205299,-1.496000846,-0.203333852,0.161838997,1.701778374,0.133909232,0.340996228,-0.055446951,0.523599000,0.000000000,0.000000000,0.000000000,0.000000000,0.000000000,0.000000000,0.000000000,0.000000000,0.000000000,0.000000000,0.000000000,0.000000000,0.000000000,0.000000000,0.000000000,0.000000000
0.026332378,-0.305353643,0.571460065,0.668924328,0.008881625,-0.001352253,-0.743276215,-1.598994802,0.301148022,-0.109763099,1.798106439,-0.324608442,-0.205169077,-1.556275964,-0.203686248,0.161185229,1.738923064,0.130652237,0.340447432,-0.056951184,0.523599000,0.000000000,0.000000000,0.000000000,0.000000000,0.000000000,0.000000000,0.000000000,0.000000000,0.000000000,0.000000000,0.000000000,0.000000000,0.000000000,0.000000000,0.000000000,0.000000000
0.025702376,-0.302235019,0.573519707,0.668568447,0.008314580,-0.003372842,-0.743596479,-1.642752503,0.304664721,-0.118750247,1.833119076,-0.327166625,-0.204192143,-1.602002156,-0.203708887,0.163383126,1.775605163,0.128005441,0.339998157,-0.056166348,0.523599000,0.000000000,0.000000000,0.000000000,0.000000000,0.000000000,0.000000000,0.000000000,0.000000000,0.000000000,0.000000000,0.000000000,0.000000000,0.000000000,0.000000000,0.000000000,0.000000000
0.025665540,-0.299321694,0.577043272,0.669138424,0.007260037,-0.005223022,-0.743083967,-1.671985385,0.303283277,-0.127039470,1.854516214,-0.331880566,-0.202224373,-1.633758264,-0.205894187,0.165545660,1.799611741,0.126099321,0.339855620,-0.057008068,0.523599000,0.000000000,0.000000000,0.000000000,0.000000000,0.000000000,0.000000000,0.000000000,0.000000000,0.000000000,0.000000000,0.000000000,0.000000000,0.000000000,0.000000000,0.000000000,0.000000000
0.026127413,-0.296517252,0.582634956,0.670013766,0.005077155,-0.008014258,-0.742288049,-1.686073478,0.298895359,-0.132983918,1.863407318,-0.338224429,-0.199545233,-1.650189061,-0.206596654,0.166652801,1.812684241,0.124658917,0.339942964,-0.059820311,0.523599000,0.000000000,0.000000000,0.000000000,0.000000000,0.000000000,0.000000000,0.000000000,0.000000000,0.000000000,0.000000000,0.000000000,0.000000000,0.000000000,0.000000000,0.000000000,0.000000000
0.026571741,-0.294430773,0.587485067,0.670812685,0.004422088,-0.009765681,-0.741549336,-1.694107052,0.293415479,-0.135727385,1.864306394,-0.343760818,-0.197212025,-1.661372397,-0.204223249,0.169283715,1.819118547,0.123631150,0.340071659,-0.061649329,0.523599000,0.000000000,0.000000000,0.000000000,0.000000000,0.000000000,0.000000000,0.000000000,0.000000000,0.000000000,0.000000000,0.000000000,0.000000000,0.000000000,0.000000000,0.000000000,0.000000000
0.027085710,-0.292058504,0.593225264,0.670478466,0.001946750,-0.012717991,-0.741817423,-1.685699820,0.288425815,-0.136720562,1.853318239,-0.346623519,-0.195880992,-1.656758715,-0.199404801,0.169154538,1.812442219,0.122987095,0.340024143,-0.059422321,0.523599000,0.000000000,0.000000000,0.000000000,0.000000000,0.000000000,0.000000000,0.000000000,0.000000000,0.000000000,0.000000000,0.000000000,0.000000000,0.000000000,0.000000000,0.000000000,0.000000000
0.027760273,-0.290302027,0.599645420,0.668427125,0.000200500,-0.013245252,-0.743659668,-1.672359213,0.287252734,-0.137295241,1.831440072,-0.347319594,-0.195369668,-1.645041892,-0.187100234,0.166415659,1.794181656,0.122564391,0.339847251,-0.059892170,0.523599000,0.000000000,0.000000000,0.000000000,0.000000000,0.000000000,0.000000000,0.000000000,0.000000000,0.000000000,0.000000000,0.000000000,0.000000000,0.000000000,0.000000000,0.000000000,0.000000000
0.028322972,-0.289111869,0.607644820,0.667835602,-0.000295676,-0.015119634,-0.744155171,-1.642366822,0.278249183,-0.129914590,1.793202113,-0.347702022,-0.194854252,-1.623978947,-0.177057809,0.167307839,1.764414869,0.122412202,0.339639496,-0.062583567,0.523599000,0.000000000,0.000000000,0.000000000,0.000000000,0.000000000,0.000000000,0.000000000,0.000000000,0.000000000,0.000000000,0.000000000,0.000000000,0.000000000,0.000000000,0.000000000,0.000000000
0.028478388,-0.288609845,0.615804640,0.667813146,-0.001528970,-0.017306338,-0.744126168,-1.602037413,0.267117402,-0.119192386,1.744474759,-0.347914539,-0.194341557,-1.589103415,-0.165539132,0.164719749,1.723938459,0.122477693,0.339326520,-0.065872018,0.523599000,0.000000000,0.000000000,0.000000000,0.000000000,0.000000000,0.000000000,0.000000000,0.000000000,0.000000000,0.000000000,0.000000000,0.000000000,0.000000000,0.000000000,0.000000000,0.000000000
0.028559123,-0.288416707,0.624840918,0.667617367,-0.005206937,-0.021664313,-0.744171081,-1.545592186,0.254703489,-0.105522972,1.684207882,-0.348003478,-0.193821273,-1.534993868,-0.152014451,0.159150084,1.668970786,0.122713080,0.338895210,-0.070095808,0.523599000,0.000000000,0.000000000,0.000000000,0.000000000,0.000000000,0.000000000,0.000000000,0.000000000,0.000000000,0.000000000,0.000000000,0.000000000,0.000000000,0.000000000,0.000000000,0.000000000
0.028995762,-0.287715767,0.635495305,0.666581723,-0.013110969,-0.029643874,-0.744726896,-1.456373256,0.238557650,-0.088248661,1.600612965,-0.347941258,-0.193197483,-1.442890624,-0.134614706,0.154256262,1.584829448,0.122907655,0.338256255,-0.076410281,0.523599000,0.000000000,0.000000000,0.000000000,0.000000000,0.000000000,0.000000000,0.000000000,0.000000000,0.000000000,0.000000000,0.000000000,0.000000000,0.000000000,0.000000000,0.000000000,0.000000000
0.029294490,-0.286963262,0.650174435,0.665129417,-0.021065251,-0.038864809,-0.745418433,-1.341559405,0.216382958,-0.070916007,1.498564360,-0.348486780,-0.192714383,-1.335594776,-0.115761307,0.157598989,1.490581376,0.122447292,0.337850166,-0.082998747,0.523599000,0.000000000,0.000000000,0.000000000,0.000000000,0.000000000,0.000000000,0.000000000,0.000000000,0.000000000,0.000000000,0.000000000,0.000000000,0.000000000,0.000000000,0.000000000,0.000000000
0.028992341,-0.287774881,0.672337789,0.664995665,-0.026281320,-0.045477799,-0.744997871,-1.221655718,0.189690195,-0.058613289,1.389209295,-0.349342239,-0.192662549,-1.230437084,-0.098831670,0.167534093,1.405795898,0.122011256,0.337866624,-0.086153765,0.523599000,0.000000000,0.000000000,0.000000000,0.000000000,0.000000000,0.000000000,0.000000000,0.000000000,0.000000000,0.000000000,0.000000000,0.000000000,0.000000000,0.000000000,0.000000000,0.000000000
0.028658603,-0.292912317,0.703952906,0.665298402,-0.025868861,-0.044815915,-0.744782097,-1.121168903,0.161105864,-0.057399096,1.290433787,-0.349301959,-0.193105202,-1.142976732,-0.082265233,0.181518747,1.331133791,0.122108610,0.337679173,-0.092945009,0.515250513,0.000000000,0.000000000,0.000000000,0.000000000,0.000000000,0.000000000,0.000000000,0.000000000,0.000000000,0.000000000,0.000000000,0.000000000,0.000000000,0.000000000,0.000000000,0.000000000
0.028341238,-0.305264814,0.738789643,0.666847699,-0.012283660,-0.032077257,-0.744401980,-1.057245417,0.133906801,-0.063647225,1.202469108,-0.348547238,-0.193205639,-1.083426982,-0.074251110,0.194644050,1.250436058,0.122120577,0.337207647,-0.093725740,0.460797207,0.000000000,0.000000000,0.000000000,0.000000000,0.000000000,0.000000000,0.000000000,0.000000000,0.000000000,0.000000000,0.000000000,0.000000000,0.000000000,0.000000000,0.000000000,0.000000000
0.028363488,-0.322688189,0.769292768,0.667563870,0.007817019,-0.014946538,-0.744361454,-1.021845284,0.106413836,-0.075302545,1.132719798,-0.346867912,-0.193397470,-1.048536529,-0.063860890,0.217889478,1.181506746,0.122567354,0.336359114,-0.096282121,0.384926312,0.000000000,0.000000000,0.000000000,0.000000000,0.000000000,0.000000000,0.000000000,0.000000000,0.000000000,0.000000000,0.000000000,0.000000000,0.000000000,0.000000000,0.000000000,0.000000000
0.028392492,-0.341171673,0.789968828,0.667456051,0.021246310,-0.004411211,-0.744332960,-0.970734575,0.084888586,-0.086134195,1.068254126,-0.343825443,-0.193676506,-0.992394909,-0.054775062,0.243289276,1.111093978,0.124259519,0.336163926,-0.095395175,0.309164184,0.000000000,0.000000000,0.000000000,0.000000000,0.000000000,0.000000000,0.000000000,0.000000000,0.000000000,0.000000000,0.000000000,0.000000000,0.000000000,0.000000000,0.000000000,0.000000000
0.028909961,-0.358930258,0.802519573,0.665850468,0.031028440,0.004639286,-0.745425293,-0.918603382,0.067751475,-0.101787300,1.007342181,-0.339996600,-0.194406785,-0.931633970,-0.043513667,0.273462288,1.038449291,0.126936627,0.335966224,-0.096839387,0.239012144,0.000000000,0.000000000,0.000000000,0.000000000,0.000000000,0.000000000,0.000000000,0.000000000,0.000000000,0.000000000,0.000000000,0.000000000,0.000000000,0.000000000,0.000000000,0.000000000
0.029389096,-0.374508909,0.807801317,0.665354024,0.038033298,0.009572288,-0.745497057,-0.872403967,0.052412640,-0.115117730,0.962892932,-0.335054197,-0.194909325,-0.883104237,-0.034067998,0.306999725,0.992731535,0.130473651,0.336367598,-0.092317061,0.178664908,0.000000000,0.000000000,0.000000000,0.000000000,0.000000000,0.000000000,0.000000000,0.000000000,0.000000000,0.000000000,0.000000000,0.000000000,0.000000000,0.000000000,0.000000000,0.000000000
0.029963582,-0.386535989,0.807990045,0.665398916,0.042032356,0.013517058,-0.745181087,-0.838213099,0.042866870,-0.124919132,0.934940195,-0.329720279,-0.196006010,-0.841616012,-0.024542699,0.337823444,0.957777399,0.134332431,0.336989510,-0.092044501,0.138282612,0.000000000,0.000000000,0.000000000,0.000000000,0.000000000,0.000000000,0.000000000,0.000000000,0.000000000,0.000000000,0.000000000,0.000000000,0.000000000,0.000000000,0.000000000,0.000000000
0.030467092,-0.394832293,0.805092820,0.667656125,0.043611634,0.016621729,-0.743005412,-0.810460414,0.037785344,-0.132784254,0.914024557,-0.323816204,-0.196666829,-0.807445061,-0.013608761,0.365655931,0.931931877,0.137137656,0.338481096,-0.093336284,0.111391729,0.000000000,0.000000000,0.000000000,0.000000000,0.000000000,0.000000000,0.000000000,0.000000000,0.000000000,0.000000000,0.000000000,0.000000000,0.000000000,0.000000000,0.000000000,0.000000000
0.030553853,-0.399482632,0.800292014,0.671373760,0.044433137,0.020191560,-0.739510157,-0.782898597,0.033471083,-0.146190816,0.882920632,-0.317976154,-0.197356882,-0.773967961,-0.001806056,0.395039956,0.895588080,0.138511461,0.340297804,-0.103859656,0.084932203,0.000000000,0.000000000,0.000000000,0.000000000,0.000000000,0.000000000,0.000000000,0.000000000,0.000000000,0.000000000,0.000000000,0.000000000,0.000000000,0.000000000,0.000000000,0.000000000
0.030676118,-0.400657068,0.793952350,0.676156907,0.043727501,0.022992606,-0.735099369,-0.766007036,0.032142108,-0.157071537,0.864979947,-0.311880555,-0.197827006,-0.750236464,0.010191106,0.420843392,0.869076568,0.138269965,0.342362530,-0.120896483,0.079957673,0.000000000,0.000000000,0.000000000,0.000000000,0.000000000,0.000000000,0.000000000,0.000000000,0.000000000,0.000000000,0.000000000,0.000000000,0.000000000,0.000000000,0.000000000,0.000000000
0.030788028,-0.399250700,0.788670839,0.682118475,0.045921101,0.025302371,-0.729359602,-0.735282676,0.021550904,-0.180717447,0.809373003,-0.306321438,-0.198075759,-0.717666957,0.016499270,0.461461376,0.819720874,0.138749782,0.344647382,-0.125107735,0.051165561,0.000000000,0.000000000,0.000000000,0.000000000,0.000000000,0.000000000,0.000000000,0.000000000,0.000000000,0.000000000,0.000000000,0.000000000,0.000000000,0.000000000,0.000000000,0.000000000
0.031294483,-0.396372516,0.783231119,0.688007383,0.046040219,0.028539182,-0.723679249,-0.721550627,0.014131664,-0.208435561,0.776409255,-0.302187771,-0.197961059,-0.698426424,0.028199735,0.495123462,0.791030108,0.138031491,0.347586684,-0.133752058,0.050615386,0.000000000,0.000000000,0.000000000,0.000000000,0.000000000,0.000000000,0.000000000,0.000000000,0.000000000,0.000000000,0.000000000,0.000000000,0.000000000,0.000000000,0.000000000,0.000000000
0.031941451,-0.392296214,0.777672074,0.693085450,0.045605171,0.030612520,-0.718759766,-0.713322775,0.008925604,-0.230998766,0.755604412,-0.297527185,-0.197541098,-0.683632808,0.038690340,0.525223670,0.770119264,0.137210964,0.350770538,-0.143855371,0.044871973,0.000000000,0.000000000,0.000000000,0.000000000,0.000000000,0.000000000,0.000000000,0.000000000,0.000000000,0.000000000,0.000000000,0.000000000,0.000000000,0.000000000,0.000000000,0.000000000
0.031978478,-0.388065124,0.771766521,0.698318073,0.044272600,0.033831906,-0.713615588,-0.713411735,0.010055082,-0.249395579,0.745382405,-0.293251889,-0.196349021,-0.672396837,0.052170041,0.550196637,0.753840501,0.136116637,0.354478255,-0.150067908,0.038902770,0.000000000,0.000000000,0.000000000,0.000000000,0.000000000,0.000000000,0.000000000,0.000000000,0.000000000,0.000000000,0.000000000,0.000000000,0.000000000,0.000000000,0.000000000,0.000000000
0.031547568,-0.383157945,0.766667634,0.703743991,0.043759206,0.036581633,-0.708160513,-0.712958387,0.010086736,-0.267604682,0.731581573,-0.288775104,-0.195164748,-0.662986397,0.063758023,0.578538763,0.733782225,0.132872725,0.357762158,-0.154369835,0.032997431,0.000000000,0.000000000,0.000000000,0.000000000,0.000000000,0.000000000,0.000000000,0.000000000,0.000000000,0.000000000,0.000000000,0.000000000,0.000000000,0.000000000,0.000000000,0.000000000
0.030801644,-0.380154960,0.762992580,0.709526916,0.043982283,0.038132852,-0.702269891,-0.715323909,0.007600902,-0.282617547,0.727100596,-0.284655095,-0.193201855,-0.658660894,0.071811684,0.601193386,0.725971036,0.128708133,0.359697033,-0.161251877,0.026858305,0.000000000,0.000000000,0.000000000,0.000000000,0.000000000,0.000000000,0.000000000,0.000000000,0.000000000,0.000000000,0.000000000,0.000000000,0.000000000,0.000000000,0.000000000,0.000000000
0.030006552,-0.377325855,0.760854851,0.714409231,0.044048740,0.040384957,-0.697171582,-0.719888067,0.007890937,-0.293645916,0.724105096,-0.281456499,-0.191670922,-0.655815910,0.079273960,0.619233685,0.717539034,0.124841838,0.360957686,-0.168552332,0.028361398,0.000000000,0.000000000,0.000000000,0.000000000,0.000000000,0.000000000,0.000000000,0.000000000,0.000000000,0.000000000,0.000000000,0.000000000,0.000000000,0.000000000,0.000000000,0.000000000
0.028796690,-0.374493739,0.759693578,0.718667163,0.044690457,0.041853912,-0.692653248,-0.721318376,0.005956823,-0.305522393,0.717778835,-0.278272158,-0.191098670,-0.651983189,0.082985192,0.639631613,0.704477634,0.120510367,0.360463891,-0.179284350,0.021547386,0.000000000,0.000000000,0.000000000,0.000000000,0.000000000,0.000000000,0.000000000,0.000000000,0.000000000,0.000000000,0.000000000,0.000000000,0.000000000,0.000000000,0.000000000,0.000000000
0.027275011,-0.372218693,0.758170876,0.721912653,0.044217315,0.043416032,-0.689203888,-0.730974083,0.009334725,-0.307804954,0.727281332,-0.276183319,-0.189991511,-0.653777061,0.090014803,0.649901789,0.705097972,0.117351629,0.359574940,-0.188289721,0.028891050,0.000000000,0.000000000,0.000000000,0.000000000,0.000000000,0.000000000,0.000000000,0.000000000,0.000000000,0.000000000,0.000000000,0.000000000,0.000000000,0.000000000,0.000000000,0.000000000
0.025823951,-0.370110024,0.758143555,0.723615969,0.048881194,0.047074964,-0.686858433,-0.743752917,0.013101453,-0.301535787,0.720315739,-0.275578195,-0.189680390,-0.663166877,0.086859364,0.653039564,0.699413018,0.117993588,0.358598489,-0.195932945,0.019306058,0.000000000,0.000000000,0.000000000,0.000000000,0.000000000,0.000000000,0.000000000,0.000000000,0.000000000,0.000000000,0.000000000,0.000000000,0.000000000,0.000000000,0.000000000,0.000000000
0.024606749,-0.367673722,0.756091825,0.723073347,0.051697052,0.046163205,-0.687285464,-0.750281726,0.011244383,-0.294473009,0.723147955,-0.275606469,-0.191572309,-0.667954171,0.081919822,0.656296420,0.702076067,0.120436287,0.356654620,-0.202543872,0.008752131,0.000000000,0.000000000,0.000000000,0.000000000,0.000000000,0.000000000,0.000000000,0.000000000,0.000000000,0.000000000,0.000000000,0.000000000,0.000000000,0.000000000,0.000000000,0.000000000
0.024355390,-0.366750489,0.753871637,0.722001796,0.053642612,0.045174455,-0.688327790,-0.759073528,0.008593228,-0.287982254,0.734724044,-0.277054962,-0.193228045,-0.673095478,0.077443055,0.650782009,0.712168945,0.124293346,0.355514253,-0.208730318,0.009790578,0.000000000,0.000000000,0.000000000,0.000000000,0.000000000,0.000000000,0.000000000,0.000000000,0.000000000,0.000000000,0.000000000,0.000000000,0.000000000,0.000000000,0.000000000,0.000000000
0.025594534,-0.365830589,0.752437695,0.718895862,0.070990548,0.049702076,-0.689694705,-0.789886942,-0.011418321,-0.281156536,0.733117454,-0.277074566,-0.195257232,-0.726128748,0.042585406,0.600109887,0.730344717,0.129434691,0.353748651,-0.221972459,-0.023011965,0.000000000,0.000000000,0.000000000,0.000000000,0.000000000,0.000000000,0.000000000,0.000000000,0.000000000,0.000000000,0.000000000,0.000000000,0.000000000,0.000000000,0.000000000,0.000000000
0.026546958,-0.363883020,0.749858190,0.716992787,0.068958204,0.046697871,-0.692087724,-0.791236452,-0.010813198,-0.268990363,0.752412724,-0.275122654,-0.197824853,-0.726677730,0.036090725,0.579251512,0.744179675,0.134539781,0.352980938,-0.226578742,-0.005924846,0.000000000,0.000000000,0.000000000,0.000000000,0.000000000,0.000000000,0.000000000,0.000000000,0.000000000,0.000000000,0.000000000,0.000000000,0.000000000,0.000000000,0.000000000,0.000000000
0.028012165,-0.361875994,0.746257813,0.713639652,0.070854380,0.045385038,-0.695441084,-0.801078464,-0.014810604,-0.254662389,0.771460022,-0.274002214,-0.202247449,-0.741290290,0.024350513,0.553541988,0.758910238,0.138042089,0.351753409,-0.228315210,0.009489291,0.000000000,0.000000000,0.000000000,0.000000000,0.000000000,0.000000000,0.000000000,0.000000000,0.000000000,0.000000000,0.000000000,0.000000000,0.000000000,0.000000000,0.000000000,0.000000000
0.030382181,-0.359656994,0.739799661,0.708717539,0.077372277,0.044865629,-0.699800012,-0.828137053,-0.022737655,-0.228861389,0.804825460,-0.273161405,-0.207126599,-0.788861906,-0.007614325,0.484428476,0.798492760,0.142068103,0.348691293,-0.236352806,0.024412236,0.000000000,0.000000000,0.000000000,0.000000000,0.000000000,0.000000000,0.000000000,0.000000000,0.000000000,0.000000000,0.000000000,0.000000000,0.000000000,0.000000000,0.000000000,0.000000000
0.033557282,-0.357837943,0.732127622,0.700499632,0.074412718,0.042644849,-0.708480367,-0.843690635,-0.017734123,-0.207738283,0.849464274,-0.274511463,-0.212636608,-0.811539281,-0.023403984,0.434583258,0.832540423,0.147456971,0.345115716,-0.242939444,0.057227900,0.000000000,0.000000000,0.000000000,0.000000000,0.000000000,0.000000000,0.000000000,0.000000000,0.000000000,0.000000000,0.000000000,0.000000000,0.000000000,0.000000000,0.000000000,0.000000000
0.037676604,-0.357292535,0.719588918,0.689165560,0.070208827,0.041530146,-0.719997777,-0.881597367,-0.002455043,-0.170021723,0.936918951,-0.276050220,-0.219214139,-0.866792537,-0.045440421,0.349950862,0.912146602,0.152067473,0.341034592,-0.248391968,0.091043646,0.000000000,0.000000000,0.000000000,0.000000000,0.000000000,0.000000000,0.000000000,0.000000000,0.000000000,0.000000000,0.000000000,0.000000000,0.000000000,0.000000000,0.000000000,0.000000000
0.041129624,-0.357328248,0.704726237,0.676513223,0.060725438,0.038773365,-0.732897610,-0.909609861,0.023082112,-0.136627594,1.032320860,-0.276013358,-0.225363766,-0.915270108,-0.052867992,0.283454552,0.994094699,0.151129497,0.339131905,-0.245325359,0.140080093,0.000000000,0.000000000,0.000000000,0.000000000,0.000000000,0.000000000,0.000000000,0.000000000,0.000000000,0.000000000,0.000000000,0.000000000,0.000000000,0.000000000,0.000000000,0.000000000
0.043739055,-0.356991681,0.692155782,0.662111228,0.052032105,0.035863498,-0.746736360,-0.922524980,0.047128036,-0.116671887,1.095676241,-0.278252080,-0.230211197,-0.939234687,-0.045415892,0.248914162,1.031842642,0.148344564,0.339416674,-0.226856693,0.176338642,0.000000000,0.000000000,0.000000000,0.000000000,0.000000000,0.000000000,0.000000000,0.000000000,0.000000000,0.000000000,0.000000000,0.000000000,0.000000000,0.000000000,0.000000000,0.000000000
0.046484671,-0.355325654,0.680957475,0.647873581,0.042592081,0.032176024,-0.759875280,-0.933278076,0.069241939,-0.103326740,1.142606208,-0.284249595,-0.234177952,-0.954572108,-0.038510648,0.224391745,1.058394371,0.145999135,0.338251968,-0.214730676,0.231911311,0.000000000,0.000000000,0.000000000,0.000000000,0.000000000,0.000000000,0.000000000,0.000000000,0.000000000,0.000000000,0.000000000,0.000000000,0.000000000,0.000000000,0.000000000,0.000000000
0.048920389,-0.352231466,0.670148364,0.635045382,0.035128589,0.031894823,-0.771016255,-0.971616990,0.098881708,-0.089696695,1.203802956,-0.293549174,-0.236304818,-0.984545036,-0.033243309,0.199630141,1.098464217,0.144599963,0.335317986,-0.199161644,0.285960085,0.000000000,0.000000000,0.000000000,0.000000000,0.000000000,0.000000000,0.000000000,0.000000000,0.000000000,0.000000000,0.000000000,0.000000000,0.000000000,0.000000000,0.000000000,0.000000000
0.051739013,-0.347814644,0.658705660,0.621806271,0.030349462,0.031194700,-0.781960845,-1.022848370,0.122997033,-0.081453451,1.267399893,-0.304418324,-0.237583377,-1.018744462,-0.028063124,0.186090567,1.137115342,0.143730779,0.332002253,-0.174576644,0.336723059,0.000000000,0.000000000,0.000000000,0.000000000,0.000000000,0.000000000,0.000000000,0.000000000,0.000000000,0.000000000,0.000000000,0.000000000,0.000000000,0.000000000,0.000000000,0.000000000
0.055000792,-0.342581680,0.646743792,0.609435336,0.027297039,0.030388182,-0.791782799,-1.077756344,0.146022930,-0.076660594,1.319778730,-0.315449332,-0.237607474,-1.054340815,-0.028524896,0.174198399,1.176963488,0.144452269,0.328377254,-0.153697704,0.382029891,0.000000000,0.000000000,0.000000000,0.000000000,0.000000000,0.000000000,0.000000000,0.000000000,0.000000000,0.000000000,0.000000000,0.000000000,0.000000000,0.000000000,0.000000000,0.000000000
0.057773299,-0.336431876,0.634241558,0.599857539,0.016440375,0.025005117,-0.799546991,-1.122816037,0.169500274,-0.080895779,1.374959052,-0.326538587,-0.236731440,-1.080526994,-0.028488052,0.157437829,1.231623168,0.144301184,0.325453438,-0.141258104,0.451007339,0.000000000,0.000000000,0.000000000,0.000000000,0.000000000,0.000000000,0.000000000,0.000000000,0.000000000,0.000000000,0.000000000,0.000000000,0.000000000,0.000000000,0.000000000,0.000000000
0.060310279,-0.331512375,0.620826803,0.591386851,0.012641655,0.022238480,-0.805982153,-1.185558869,0.184803412,-0.087464993,1.428501916,-0.337289460,-0.235791268,-1.128426163,-0.032770205,0.145816448,1.292349462,0.143101860,0.322660226,-0.122545840,0.495582455,0.000000000,0.000000000,0.000000000,0.000000000,0.000000000,0.000000000,0.000000000,0.000000000,0.000000000,0.000000000,0.000000000,0.000000000,0.000000000,0.000000000,0.000000000,0.000000000
0.062892020,-0.327666156,0.604721779,0.583666493,0.016354226,0.024779243,-0.811450524,-1.267235431,0.195856752,-0.097718873,1.483980042,-0.346015628,-0.235011826,-1.199185518,-0.035292136,0.136227236,1.354999962,0.141567034,0.320844081,-0.117518911,0.514685347,0.000000000,0.000000000,0.000000000,0.000000000,0.000000000,0.000000000,0.000000000,0.000000000,0.000000000,0.000000000,0.000000000,0.000000000,0.000000000,0.000000000,0.000000000,0.000000000
0.066271693,-0.324025028,0.589884022,0.576920122,0.022433613,0.027025948,-0.816045038,-1.344975311,0.198234565,-0.106859811,1.534787271,-0.352366360,-0.234589997,-1.278867561,-0.039945302,0.131754590,1.422707783,0.139722849,0.319178851,-0.112357203,0.523597886,0.000000000,0.000000000,0.000000000,0.000000000,0.000000000,0.000000000,0.000000000,0.000000000,0.000000000,0.000000000,0.000000000,0.000000000,0.000000000,0.000000000,0.000000000,0.000000000
0.067426412,-0.319731712,0.579575434,0.571861189,0.028874372,0.030381236,-0.819278971,-1.414702219,0.195876004,-0.116760065,1.576020047,-0.356757162,-0.235331725,-1.351670125,-0.039962760,0.129618552,1.476932059,0.137763041,0.317213675,-0.113058215,0.523599000,0.000000000,0.000000000,0.000000000,0.000000000,0.000000000,0.000000000,0.000000000,0.000000000,0.000000000,0.000000000,0.000000000,0.000000000,0.000000000,0.000000000,0.000000000,0.000000000
0.069015916,-0.316954105,0.572521125,0.567255677,0.034684597,0.031553071,-0.822205801,-1.475750134,0.191966429,-0.122287916,1.611217082,-0.361086118,-0.235635176,-1.418033396,-0.039176538,0.131286405,1.526410813,0.135261682,0.315859941,-0.114583581,0.523599000,0.000000000,0.000000000,0.000000000,0.000000000,0.000000000,0.000000000,0.000000000,0.000000000,0.000000000,0.000000000,0.000000000,0.000000000,0.000000000,0.000000000,0.000000000,0.000000000
0.069323334,-0.314111000,0.567710680,0.563053817,0.037959458,0.032416971,-0.824911279,-1.534373312,0.192549429,-0.128724491,1.645177682,-0.365414529,-0.235887625,-1.478067673,-0.040212268,0.127216633,1.567453431,0.132233719,0.314373190,-0.116833114,0.523599000,0.000000000,0.000000000,0.000000000,0.000000000,0.000000000,0.000000000,0.000000000,0.000000000,0.000000000,0.000000000,0.000000000,0.000000000,0.000000000,0.000000000,0.000000000,0.000000000
0.070170275,-0.313041259,0.564298452,0.559210094,0.038245806,0.030594578,-0.827577973,-1.578241496,0.192878930,-0.133200812,1.671926841,-0.369420413,-0.235827045,-1.526028253,-0.041890374,0.123993204,1.600232882,0.128962065,0.313355081,-0.113354283,0.523599000,0.000000000,0.000000000,0.000000000,0.000000000,0.000000000,0.000000000,0.000000000,0.000000000,0.000000000,0.000000000,0.000000000,0.000000000,0.000000000,0.000000000,0.000000000,0.000000000
0.070688540,-0.312355957,0.562200062,0.555620030,0.038804197,0.029978792,-0.829989089,-1.626338425,0.195100207,-0.138629353,1.698844170,-0.373353894,-0.235666458,-1.574141187,-0.043878828,0.118829041,1.628017363,0.125777947,0.312400108,-0.113273567,0.523599000,0.000000000,0.000000000,0.000000000,0.000000000,0.000000000,0.000000000,0.000000000,0.000000000,0.000000000,0.000000000,0.000000000,0.000000000,0.000000000,0.000000000,0.000000000,0.000000000
0.071242666,-0.312084952,0.562886746,0.552483494,0.026531130,0.019589154,-0.832871150,-1.636092058,0.201066677,-0.140285279,1.732477030,-0.376325663,-0.235409758,-1.589481888,-0.046928600,0.115488450,1.662972770,0.122838606,0.311641287,-0.113143735,0.523599000,0.000000000,0.000000000,0.000000000,0.000000000,0.000000000,0.000000000,0.000000000,0.000000000,0.000000000,0.000000000,0.000000000,0.000000000,0.000000000,0.000000000,0.000000000,0.000000000
0.072607650,-0.312469614,0.564201462,0.548511837,0.024852536,0.017062271,-0.835599184,-1.667812281,0.206471529,-0.144254733,1.760134687,-0.378721790,-0.234982352,-1.625640862,-0.049031268,0.112107171,1.690977895,0.120528274,0.311011647,-0.113825078,0.523599000,0.000000000,0.000000000,0.000000000,0.000000000,0.000000000,0.000000000,0.000000000,0.000000000,0.000000000,0.000000000,0.000000000,0.000000000,0.000000000,0.000000000,0.000000000,0.000000000
0.073814095,-0.313700151,0.565182429,0.544208737,0.024104054,0.015437236,-0.838461410,-1.693301143,0.209715120,-0.147970451,1.778761441,-0.380681835,-0.234851364,-1.654004426,-0.050755688,0.109195709,1.708863527,0.118926693,0.310470275,-0.114959885,0.523599000,0.000000000,0.000000000,0.000000000,0.000000000,0.000000000,0.000000000,0.000000000,0.000000000,0.000000000,0.000000000,0.000000000,0.000000000,0.000000000,0.000000000,0.000000000,0.000000000
0.074846055,-0.314788546,0.566981698,0.540016509,0.022125784,0.013898886,-0.841248739,-1.707727629,0.212972007,-0.150651077,1.790757707,-0.382090927,-0.234898589,-1.672507556,-0.053242910,0.105119462,1.721410238,0.117746994,0.309949967,-0.116121282,0.523599000,0.000000000,0.000000000,0.000000000,0.000000000,0.000000000,0.000000000,0.000000000,0.000000000,0.000000000,0.000000000,0.000000000,0.000000000,0.000000000,0.000000000,0.000000000,0.000000000
0.076109340,-0.315738464,0.571244791,0.536589899,0.021169327,0.012596618,-0.843483530,-1.712698345,0.213078933,-0.150682925,1.796860840,-0.383004514,-0.234976356,-1.684612626,-0.052534483,0.105003169,1.727694032,0.116783067,0.309584999,-0.117375027,0.523599000,0.000000000,0.000000000,0.000000000,0.000000000,0.000000000,0.000000000,0.000000000,0.000000000,0.000000000,0.000000000,0.000000000,0.000000000,0.000000000,0.000000000,0.000000000,0.000000000
0.077751540,-0.317237545,0.576270490,0.533215534,0.032883276,0.019813179,-0.845107876,-1.737500259,0.208828515,-0.150682285,1.786093627,-0.383975575,-0.234870166,-1.714002712,-0.049584912,0.108997596,1.718175428,0.116119539,0.309276425,-0.119938994,0.523599000,0.000000000,0.000000000,0.000000000,0.000000000,0.000000000,0.000000000,0.000000000,0.000000000,0.000000000,0.000000000,0.000000000,0.000000000,0.000000000,0.000000000,0.000000000,0.000000000
0.079074761,-0.319291838,0.583018344,0.531103905,0.031450175,0.018798815,-0.846514107,-1.721188480,0.207135100,-0.148241702,1.773385859,-0.384706867,-0.234750331,-1.702128462,-0.046701118,0.112468150,1.707557936,0.115624691,0.309030128,-0.125212860,0.523599000,0.000000000,0.000000000,0.000000000,0.000000000,0.000000000,0.000000000,0.000000000,0.000000000,0.000000000,0.000000000,0.000000000,0.000000000,0.000000000,0.000000000,0.000000000,0.000000000
0.080214682,-0.321634100,0.590878119,0.530520008,0.027707894,0.015140071,-0.847084159,-1.682642068,0.203771655,-0.140117608,1.751446751,-0.385112870,-0.234666907,-1.668495280,-0.044053956,0.118315045,1.687721817,0.115469162,0.308785768,-0.130337658,0.523599000,0.000000000,0.000000000,0.000000000,0.000000000,0.000000000,0.000000000,0.000000000,0.000000000,0.000000000,0.000000000,0.000000000,0.000000000,0.000000000,0.000000000,0.000000000,0.000000000
0.080785754,-0.324132103,0.599393699,0.531082310,0.025541444,0.012789903,-0.846838611,-1.640587406,0.199285337,-0.131040001,1.721811743,-0.385423958,-0.234592483,-1.632608529,-0.039061689,0.126952234,1.659956031,0.115365300,0.308555982,-0.136603502,0.523599000,0.000000000,0.000000000,0.000000000,0.000000000,0.000000000,0.000000000,0.000000000,0.000000000,0.000000000,0.000000000,0.000000000,0.000000000,0.000000000,0.000000000,0.000000000,0.000000000
0.081701869,-0.326600202,0.609233223,0.531033539,0.022750091,0.011389105,-0.846968773,-1.594577145,0.197021260,-0.122237766,1.686875085,-0.385735347,-0.234566559,-1.589249183,-0.035564778,0.129908500,1.624661910,0.115278823,0.308330359,-0.143983021,0.523599000,0.000000000,0.000000000,0.000000000,0.000000000,0.000000000,0.000000000,0.000000000,0.000000000,0.000000000,0.000000000,0.000000000,0.000000000,0.000000000,0.000000000,0.000000000,0.000000000
0.082864539,-0.329220012,0.621607334,0.530593932,0.019451461,0.009364818,-0.847351179,-1.542007527,0.191897144,-0.113205661,1.648341738,-0.386088158,-0.234586605,-1.540468964,-0.031840367,0.136748217,1.587196649,0.115130356,0.308066099,-0.147837894,0.523599000,0.000000000,0.000000000,0.000000000,0.000000000,0.000000000,0.000000000,0.000000000,0.000000000,0.000000000,0.000000000,0.000000000,0.000000000,0.000000000,0.000000000,0.000000000,0.000000000
0.083804112,-0.332645029,0.637999299,0.530038766,0.015196026,0.008272133,-0.847796885,-1.480082555,0.184561503,-0.106796389,1.602670280,-0.386464854,-0.234673436,-1.476829172,-0.025099115,0.141403173,1.539560853,0.114995688,0.307829367,-0.149920716,0.523599000,0.000000000,0.000000000,0.000000000,0.000000000,0.000000000,0.000000000,0.000000000,0.000000000,0.000000000,0.000000000,0.000000000,0.000000000,0.000000000,0.000000000,0.000000000,0.000000000
0.084772569,-0.336796626,0.660672767,0.530168067,0.010029057,0.007770692,-0.847797650,-1.406810583,0.179179656,-0.100600876,1.543854224,-0.386956885,-0.234696140,-1.398635769,-0.019252878,0.144234468,1.481492547,0.114807642,0.307593869,-0.150865713,0.523599000,0.000000000,0.000000000,0.000000000,0.000000000,0.000000000,0.000000000,0.000000000,0.000000000,0.000000000,0.000000000,0.000000000,0.000000000,0.000000000,0.000000000,0.000000000,0.000000000
0.085074993,-0.342372260,0.689707283,0.530374313,0.003633063,0.008380080,-0.847714376,-1.323508685,0.172504745,-0.098738575,1.475321024,-0.387558171,-0.234765174,-1.308123289,-0.012553358,0.144516974,1.412043749,0.114512122,0.307276337,-0.150685913,0.523599000,0.000000000,0.000000000,0.000000000,0.000000000,0.000000000,0.000000000,0.000000000,0.000000000,0.000000000,0.000000000,0.000000000,0.000000000,0.000000000,0.000000000,0.000000000,0.000000000
0.084192588,-0.350200978,0.721936132,0.530328630,-0.003561681,0.008403960,-0.847743023,-1.228111775,0.164702808,-0.099400414,1.395257831,-0.388273976,-0.234999094,-1.208717387,-0.004107606,0.151392497,1.335791890,0.114295404,0.306634811,-0.154579892,0.521730317,0.000000000,0.000000000,0.000000000,0.000000000,0.000000000,0.000000000,0.000000000,0.000000000,0.000000000,0.000000000,0.000000000,0.000000000,0.000000000,0.000000000,0.000000000,0.000000000
0.082082986,-0.360027610,0.753198752,0.530062477,-0.006630117,0.008058909,-0.847894372,-1.133569729,0.154598097,-0.097829234,1.308720255,-0.388805758,-0.235457154,-1.114531678,0.003942071,0.167967290,1.255564267,0.114458845,0.305683847,-0.163148414,0.495705564,0.000000000,0.000000000,0.000000000,0.000000000,0.000000000,0.000000000,0.000000000,0.000000000,0.000000000,0.000000000,0.000000000,0.000000000,0.000000000,0.000000000,0.000000000,0.000000000
0.079043320,-0.371634676,0.780628513,0.530711885,0.015964943,0.020032411,-0.847165107,-1.088764343,0.130418759,-0.100683983,1.203876620,-0.389020146,-0.235797444,-1.073918096,0.005114941,0.192839128,1.158102175,0.114729629,0.304531467,-0.174662265,0.403909969,0.000000000,0.000000000,0.000000000,0.000000000,0.000000000,0.000000000,0.000000000,0.000000000,0.000000000,0.000000000,0.000000000,0.000000000,0.000000000,0.000000000,0.000000000,0.000000000
0.076346351,-0.382705496,0.803448747,0.529192958,0.028397733,0.024499856,-0.847672188,-1.024358080,0.106070332,-0.105023884,1.109453999,-0.388235058,-0.237118656,-1.015740025,0.004109657,0.222608151,1.070734580,0.116049005,0.302641065,-0.181157795,0.334516743,0.000000000,0.000000000,0.000000000,0.000000000,0.000000000,0.000000000,0.000000000,0.000000000,0.000000000,0.000000000,0.000000000,0.000000000,0.000000000,0.000000000,0.000000000,0.000000000
0.073457138,-0.392651758,0.820517306,0.526959362,0.037613929,0.027757674,-0.848603874,-0.968141532,0.084687296,-0.111667219,1.032431745,-0.386367738,-0.239790630,-0.959423591,0.005394557,0.256521379,0.992920993,0.118593480,0.300287397,-0.181674757,0.281995393,0.000000000,0.000000000,0.000000000,0.000000000,0.000000000,0.000000000,0.000000000,0.000000000,0.000000000,0.000000000,0.000000000,0.000000000,0.000000000,0.000000000,0.000000000,0.000000000
0.070141840,-0.402417679,0.831691441,0.526693366,0.044605370,0.030966172,-0.848319253,-0.925632246,0.069661150,-0.115660993,0.980194838,-0.382947935,-0.242909957,-0.910062074,0.006969351,0.294848820,0.933197645,0.122277276,0.297162730,-0.184395873,0.235037459,0.000000000,0.000000000,0.000000000,0.000000000,0.000000000,0.000000000,0.000000000,0.000000000,0.000000000,0.000000000,0.000000000,0.000000000,0.000000000,0.000000000,0.000000000,0.000000000
0.066613201,-0.411270875,0.838829210,0.526905146,0.051629976,0.034743071,-0.847642750,-0.883301984,0.056664081,-0.123100433,0.919093495,-0.379760530,-0.246274623,-0.860298753,0.010082180,0.340203349,0.868287066,0.126398172,0.294173583,-0.188335272,0.186970335,0.000000000,0.000000000,0.000000000,0.000000000,0.000000000,0.000000000,0.000000000,0.000000000,0.000000000,0.000000000,0.000000000,0.000000000,0.000000000,0.000000000,0.000000000,0.000000000
0.061623784,-0.418778970,0.840950484,0.530731088,0.056699327,0.038075635,-0.844783963,-0.854786189,0.045999412,-0.129699379,0.884223560,-0.374764143,-0.250191431,-0.821888254,0.014233491,0.385459190,0.824345379,0.129557950,0.290847413,-0.188530322,0.152543090,0.000000000,0.000000000,0.000000000,0.000000000,0.000000000,0.000000000,0.000000000,0.000000000,0.000000000,0.000000000,0.000000000,0.000000000,0.000000000,0.000000000,0.000000000,0.000000000
0.056852442,-0.424409657,0.840133367,0.538849135,0.062530811,0.039594363,-0.839144680,-0.817433767,0.027332470,-0.141816249,0.828193853,-0.369085133,-0.254285453,-0.787430310,0.014994447,0.438554140,0.783966863,0.131077057,0.288407767,-0.197813916,0.114592915,0.000000000,0.000000000,0.000000000,0.000000000,0.000000000,0.000000000,0.000000000,0.000000000,0.000000000,0.000000000,0.000000000,0.000000000,0.000000000,0.000000000,0.000000000,0.000000000
0.052760808,-0.428306618,0.833515108,0.548782780,0.057958075,0.037979608,-0.833088153,-0.786537389,0.018729838,-0.151315606,0.812898208,-0.363232025,-0.257566336,-0.753163537,0.023147073,0.472041138,0.783186509,0.133490891,0.287863943,-0.205711648,0.105840730,0.000000000,0.000000000,0.000000000,0.000000000,0.000000000,0.000000000,0.000000000,0.000000000,0.000000000,0.000000000,0.000000000,0.000000000,0.000000000,0.000000000,0.000000000,0.000000000
0.048439625,-0.431015036,0.828256421,0.560262107,0.056873463,0.039582898,-0.825412003,-0.761487885,0.012107216,-0.166768993,0.784242088,-0.357737079,-0.260249811,-0.717828599,0.033861572,0.513579869,0.760127113,0.134010733,0.288378118,-0.224556302,0.091889204,0.000000000,0.000000000,0.000000000,0.000000000,0.000000000,0.000000000,0.000000000,0.000000000,0.000000000,0.000000000,0.000000000,0.000000000,0.000000000,0.000000000,0.000000000,0.000000000
0.043557322,-0.432133722,0.822188493,0.574614774,0.056599183,0.039704722,-0.815498577,-0.736370872,0.002551991,-0.183625712,0.753816374,-0.350528216,-0.262576812,-0.688339169,0.043315081,0.554320199,0.744089414,0.132379044,0.290002352,-0.239457839,0.067986207,0.000000000,0.000000000,0.000000000,0.000000000,0.000000000,0.000000000,0.000000000,0.000000000,0.000000000,0.000000000,0.000000000,0.000000000,0.000000000,0.000000000,0.000000000,0.000000000
0.038902369,-0.433706786,0.815219892,0.590091978,0.057866031,0.039534170,-0.804288523,-0.714500296,-0.010181173,-0.205496088,0.725283699,-0.342489668,-0.263740559,-0.665835826,0.047694289,0.590696983,0.726223942,0.127133045,0.291597463,-0.255427527,0.044244808,0.000000000,0.000000000,0.000000000,0.000000000,0.000000000,0.000000000,0.000000000,0.000000000,0.000000000,0.000000000,0.000000000,0.000000000,0.000000000,0.000000000,0.000000000,0.000000000
0.035599608,-0.434604989,0.808444688,0.604808842,0.057757428,0.040435526,-0.793243539,-0.700139422,-0.022426062,-0.234077483,0.710792189,-0.333738338,-0.264452566,-0.648828956,0.056070993,0.621269354,0.714978487,0.120472565,0.293826936,-0.278109640,0.028446790,0.000000000,0.000000000,0.000000000,0.000000000,0.000000000,0.000000000,0.000000000,0.000000000,0.000000000,0.000000000,0.000000000,0.000000000,0.000000000,0.000000000,0.000000000,0.000000000
0.033617622,-0.434081388,0.802051374,0.617991208,0.055610752,0.041428724,-0.783120662,-0.691238573,-0.031670265,-0.262813037,0.703370185,-0.327549587,-0.264785174,-0.638831321,0.068968254,0.639993318,0.711878786,0.111434301,0.297739321,-0.291178653,0.023540044,0.000000000,0.000000000,0.000000000,0.000000000,0.000000000,0.000000000,0.000000000,0.000000000,0.000000000,0.000000000,0.000000000,0.000000000,0.000000000,0.000000000,0.000000000,0.000000000
0.032441267,-0.432714622,0.796132362,0.627245385,0.053623985,0.041919172,-0.775841787,-0.682382184,-0.039847093,-0.292635629,0.697435911,-0.321818919,-0.264881205,-0.628609222,0.077738599,0.652563897,0.705751298,0.105935335,0.301735318,-0.298589098,0.017221550,0.000000000,0.000000000,0.000000000,0.000000000,0.000000000,0.000000000,0.000000000,0.000000000,0.000000000,0.000000000,0.000000000,0.000000000,0.000000000,0.000000000,0.000000000,0.000000000
0.033760571,-0.429544199,0.790472697,0.632933896,0.052544039,0.040832482,-0.771340726,-0.673316706,-0.052970453,-0.325604348,0.695565146,-0.314045887,-0.264257474,-0.618161678,0.077914464,0.666771281,0.695832021,0.104203521,0.304736616,-0.310052242,0.010793252,0.000000000,0.000000000,0.000000000,0.000000000,0.000000000,0.000000000,0.000000000,0.000000000,0.000000000,0.000000000,0.000000000,0.000000000,0.000000000,0.000000000,0.000000000,0.000000000
0.037506477,-0.424519958,0.785081412,0.635443139,0.050937205,0.039170452,-0.769469358,-0.664461454,-0.067302403,-0.360416079,0.699951102,-0.304159960,-0.262866684,-0.612341695,0.074535094,0.672745714,0.694505618,0.107010190,0.307325731,-0.323768202,0.009002730,0.000000000,0.000000000,0.000000000,0.000000000,0.000000000,0.000000000,0.000000000,0.000000000,0.000000000,0.000000000,0.000000000,0.000000000,0.000000000,0.000000000,0.000000000,0.000000000
0.041797001,-0.418158760,0.779686941,0.632159405,0.049900973,0.038071839,-0.772291988,-0.658458151,-0.081491794,-0.396026138,0.702641716,-0.298577081,-0.264696904,-0.608248894,0.070133118,0.677117243,0.692811789,0.116104660,0.309180327,-0.335291713,0.012078946,0.000000000,0.000000000,0.000000000,0.000000000,0.000000000,0.000000000,0.000000000,0.000000000,0.000000000,0.000000000,0.000000000,0.000000000,0.000000000,0.000000000,0.000000000,0.000000000
0.046047610,-0.412078276,0.779094748,0.628107993,0.060172670,0.042285864,-0.774642824,-0.658539340,-0.095170757,-0.438471884,0.662748871,-0.296091250,-0.266190258,-0.616141376,0.045462061,0.678532806,0.667049391,0.131424724,0.309196202,-0.341691403,-0.002652014,0.000000000,0.000000000,0.000000000,0.000000000,0.000000000,0.000000000,0.000000000,0.000000000,0.000000000,0.000000000,0.000000000,0.000000000,0.000000000,0.000000000,0.000000000,0.000000000
0.050342785,-0.407000017,0.774669219,0.619978618,0.066072192,0.043312760,-0.780631144,-0.663381668,-0.112389238,-0.481369024,0.657320149,-0.296018118,-0.268015918,-0.629620782,0.029013132,0.671395963,0.665444356,0.145650283,0.308068455,-0.343993856,-0.005414656,0.000000000,0.000000000,0.000000000,0.000000000,0.000000000,0.000000000,0.000000000,0.000000000,0.000000000,0.000000000,0.000000000,0.000000000,0.000000000,0.000000000,0.000000000,0.000000000
0.055253377,-0.402550944,0.769752250,0.607365309,0.068593972,0.045576616,-0.790142406,-0.678802373,-0.118249075,-0.501676022,0.668321578,-0.301631836,-0.270735903,-0.638469081,0.020126132,0.656507576,0.675567973,0.167751123,0.307354818,-0.337344311,0.008161938,0.000000000,0.000000000,0.000000000,0.000000000,0.000000000,0.000000000,0.000000000,0.000000000,0.000000000,0.000000000,0.000000000,0.000000000,0.000000000,0.000000000,0.000000000,0.000000000
0.060802247,-0.396856945,0.766020246,0.587750766,0.091170500,0.053531777,-0.802104311,-0.742876970,-0.118710810,-0.464591994,0.667170261,-0.309069265,-0.275362587,-0.712740165,-0.021293944,0.573325618,0.694206817,0.193614998,0.306812999,-0.332005253,-0.015453807,0.000000000,0.000000000,0.000000000,0.000000000,0.000000000,0.000000000,0.000000000,0.000000000,0.000000000,0.000000000,0.000000000,0.000000000,0.000000000,0.000000000,0.000000000,0.000000000
0.066199411,-0.386069290,0.758310164,0.563048392,0.092013314,0.055875495,-0.819382687,-0.800253561,-0.084713878,-0.369787909,0.717199844,-0.316608327,-0.282813253,-0.750199506,-0.028524973,0.500669104,0.735442119,0.220852599,0.306436862,-0.317125934,0.015173465,0.000000000,0.000000000,0.000000000,0.000000000,0.000000000,0.000000000,0.000000000,0.000000000,0.000000000,0.000000000,0.000000000,0.000000000,0.000000000,0.000000000,0.000000000,0.000000000
0.072082381,-0.374653733,0.748875725,0.538900633,0.088248954,0.058842817,-0.835664856,-0.866921376,-0.039620529,-0.272357477,0.793597957,-0.326746386,-0.291414756,-0.804412190,-0.038506788,0.401749483,0.797224621,0.241439266,0.302910184,-0.292682653,0.060782651,0.000000000,0.000000000,0.000000000,0.000000000,0.000000000,0.000000000,0.000000000,0.000000000,0.000000000,0.000000000,0.000000000,0.000000000,0.000000000,0.000000000,0.000000000,0.000000000
0.078248657,-0.365258740,0.735284099,0.516157860,0.079002030,0.065087132,-0.850354872,-0.953385313,0.020369468,-0.183105382,0.915563165,-0.339219662,-0.299684633,-0.872144805,-0.040043221,0.299941546,0.893464239,0.255374335,0.297841422,-0.269033776,0.130364586,0.000000000,0.000000000,0.000000000,0.000000000,0.000000000,0.000000000,0.000000000,0.000000000,0.000000000,0.000000000,0.000000000,0.000000000,0.000000000,0.000000000,0.000000000,0.000000000
0.085278020,-0.358438949,0.718450707,0.498438322,0.061555217,0.067872886,-0.862069293,-1.024250870,0.060181422,-0.148823934,1.058151566,-0.347859877,-0.308223761,-0.952727509,-0.047023666,0.198706465,1.015087665,0.250837047,0.293912508,-0.247702728,0.209616670,0.000000000,0.000000000,0.000000000,0.000000000,0.000000000,0.000000000,0.000000000,0.000000000,0.000000000,0.000000000,0.000000000,0.000000000,0.000000000,0.000000000,0.000000000,0.000000000
0.092582269,-0.350931197,0.703177869,0.476933845,0.040638086,0.067312264,-0.875415166,-1.057910501,0.091361585,-0.142067788,1.157129663,-0.354670475,-0.317266478,-0.988275759,-0.033335778,0.148726651,1.068637827,0.244370210,0.292475877,-0.212885830,0.282285303,0.000000000,0.000000000,0.000000000,0.000000000,0.000000000,0.000000000,0.000000000,0.000000000,0.000000000,0.000000000,0.000000000,0.000000000,0.000000000,0.000000000,0.000000000,0.000000000
0.095480735,-0.342547234,0.692402857,0.463718732,0.031030186,0.062796212,-0.883209319,-1.075125763,0.099878051,-0.134900366,1.196679324,-0.360162981,-0.325037017,-1.016311199,-0.027389213,0.128130289,1.092878116,0.238289614,0.291244081,-0.169159653,0.313223549,0.000000000,0.000000000,0.000000000,0.000000000,0.000000000,0.000000000,0.000000000,0.000000000,0.000000000,0.000000000,0.000000000,0.000000000,0.000000000,0.000000000,0.000000000,0.000000000
0.098436108,-0.339808961,0.680508390,0.448433599,0.024682506,0.061597739,-0.891349427,-1.126305329,0.120209103,-0.122804635,1.270112400,-0.370244100,-0.329809390,-1.053079970,-0.021942459,0.103083903,1.142443444,0.236446485,0.290460738,-0.146629881,0.356533024,0.000000000,0.000000000,0.000000000,0.000000000,0.000000000,0.000000000,0.000000000,0.000000000,0.000000000,0.000000000,0.000000000,0.000000000,0.000000000,0.000000000,0.000000000,0.000000000
0.103330801,-0.340418836,0.663473636,0.431233420,0.010408620,0.055585006,-0.900466382,-1.176134300,0.132569442,-0.122895757,1.370145061,-0.381781336,-0.332504919,-1.094068986,-0.013632519,0.085744963,1.227561259,0.233025472,0.290651200,-0.126902791,0.418539272,0.000000000,0.000000000,0.000000000,0.000000000,0.000000000,0.000000000,0.000000000,0.000000000,0.000000000,0.000000000,0.000000000,0.000000000,0.000000000,0.000000000,0.000000000,0.000000000
0.107708615,-0.340140359,0.650413417,0.415777930,0.002561531,0.049039083,-0.908139483,-1.209258901,0.134427415,-0.121029953,1.428113165,-0.389653620,-0.335685576,-1.124999639,-0.003832369,0.079571063,1.272760981,0.229761674,0.291539059,-0.109537635,0.463818437,0.000000000,0.000000000,0.000000000,0.000000000,0.000000000,0.000000000,0.000000000,0.000000000,0.000000000,0.000000000,0.000000000,0.000000000,0.000000000,0.000000000,0.000000000,0.000000000
0.110935552,-0.341472711,0.640643448,0.402077886,0.000653347,0.044417360,-0.914527225,-1.244625271,0.132625493,-0.120364846,1.471512278,-0.396276549,-0.337845698,-1.170957099,0.002336300,0.075354329,1.315677836,0.224582615,0.292014333,-0.099821011,0.497632293,0.000000000,0.000000000,0.000000000,0.000000000,0.000000000,0.000000000,0.000000000,0.000000000,0.000000000,0.000000000,0.000000000,0.000000000,0.000000000,0.000000000,0.000000000,0.000000000
0.113370878,-0.346498831,0.631760162,0.389102229,0.003488799,0.042034580,-0.920228438,-1.287677658,0.128972785,-0.119953416,1.506283627,-0.403471306,-0.339236672,-1.218267568,0.007376658,0.073450665,1.357001772,0.221199895,0.292517025,-0.092643413,0.511475280,0.000000000,0.000000000,0.000000000,0.000000000,0.000000000,0.000000000,0.000000000,0.000000000,0.000000000,0.000000000,0.000000000,0.000000000,0.000000000,0.000000000,0.000000000,0.000000000
0.114336309,-0.353057901,0.620984120,0.376134309,0.008646104,0.041015126,-0.925616544,-1.343088307,0.127487160,-0.119883568,1.548789796,-0.410606386,-0.340421262,-1.280355040,0.012885284,0.070015890,1.407325392,0.216766195,0.292918497,-0.089806999,0.523597485,0.000000000,0.000000000,0.000000000,0.000000000,0.000000000,0.000000000,0.000000000,0.000000000,0.000000000,0.000000000,0.000000000,0.000000000,0.000000000,0.000000000,0.000000000,0.000000000
0.117718549,-0.352639768,0.607392990,0.369383436,0.016446456,0.041859838,-0.928188098,-1.410573080,0.128257090,-0.121487226,1.597556395,-0.413892200,-0.340630424,-1.355381887,0.019809068,0.062296669,1.461262589,0.213667374,0.294568167,-0.088703517,0.523599000,0.000000000,0.000000000,0.000000000,0.000000000,0.000000000,0.000000000,0.000000000,0.000000000,0.000000000,0.000000000,0.000000000,0.000000000,0.000000000,0.000000000,0.000000000,0.000000000
0.119321513,-0.352945581,0.599477010,0.361850811,0.022535504,0.041976573,-0.931017781,-1.468662020,0.124950688,-0.123053637,1.632648094,-0.418415148,-0.341798689,-1.417561994,0.022067190,0.059943498,1.498081303,0.210131898,0.293790348,-0.088235755,0.523599000,0.000000000,0.000000000,0.000000000,0.000000000,0.000000000,0.000000000,0.000000000,0.000000000,0.000000000,0.000000000,0.000000000,0.000000000,0.000000000,0.000000000,0.000000000,0.000000000
0.119617726,-0.353583055,0.594407663,0.347908347,0.027022549,0.039738905,-0.936296098,-1.519602154,0.125212671,-0.122240222,1.671438591,-0.422743009,-0.343822396,-1.484941372,0.016778749,0.054441993,1.537169232,0.205806380,0.291442977,-0.086784968,0.523599000,0.000000000,0.000000000,0.000000000,0.000000000,0.000000000,0.000000000,0.000000000,0.000000000,0.000000000,0.000000000,0.000000000,0.000000000,0.000000000,0.000000000,0.000000000,0.000000000
0.126050774,-0.353002047,0.594694679,0.325552499,0.027671491,0.036464480,-0.944415269,-1.548872542,0.131349557,-0.122108918,1.697203982,-0.425472084,-0.345546561,-1.531058092,0.010858978,0.065634365,1.571972135,0.204979041,0.287829281,-0.086371246,0.523599000,0.000000000,0.000000000,0.000000000,0.000000000,0.000000000,0.000000000,0.000000000,0.000000000,0.000000000,0.000000000,0.000000000,0.000000000,0.000000000,0.000000000,0.000000000,0.000000000
0.124618410,-0.357844927,0.583241365,0.329870917,0.036486001,0.036617072,-0.942609749,-1.605180958,0.124850269,-0.120125436,1.735295624,-0.427126785,-0.344234987,-1.591435194,0.017530674,0.053240203,1.609356769,0.202165384,0.290692756,-0.080224657,0.523599000,0.000000000,0.000000000,0.000000000,0.000000000,0.000000000,0.000000000,0.000000000,0.000000000,0.000000000,0.000000000,0.000000000,0.000000000,0.000000000,0.000000000,0.000000000,0.000000000
0.130005108,-0.358680802,0.586188316,0.323305853,0.037198855,0.035932383,-0.944880116,-1.634692317,0.125256668,-0.120837220,1.758449692,-0.429015913,-0.344043576,-1.626407441,0.013401110,0.049830623,1.631055997,0.200163489,0.290076380,-0.077255821,0.523599000,0.000000000,0.000000000,0.000000000,0.000000000,0.000000000,0.000000000,0.000000000,0.000000000,0.000000000,0.000000000,0.000000000,0.000000000,0.000000000,0.000000000,0.000000000,0.000000000
0.127846781,-0.359908601,0.587739332,0.314370741,0.033340660,0.032977783,-0.948141289,-1.646806168,0.124675643,-0.117475479,1.772731524,-0.431550287,-0.345135673,-1.646489183,0.010790318,0.049520434,1.645913312,0.198223621,0.289109411,-0.074824625,0.523599000,0.000000000,0.000000000,0.000000000,0.000000000,0.000000000,0.000000000,0.000000000,0.000000000,0.000000000,0.000000000,0.000000000,0.000000000,0.000000000,0.000000000,0.000000000,0.000000000
0.124893571,-0.361055809,0.588086013,0.306899232,0.031372492,0.031817679,-0.950692518,-1.655702131,0.123636063,-0.118317266,1.785561432,-0.433362072,-0.346092332,-1.661157505,0.010221111,0.047934666,1.654499120,0.196955060,0.288337992,-0.073401848,0.523599000,0.000000000,0.000000000,0.000000000,0.000000000,0.000000000,0.000000000,0.000000000,0.000000000,0.000000000,0.000000000,0.000000000,0.000000000,0.000000000,0.000000000,0.000000000,0.000000000
0.129352481,-0.367542110,0.587720662,0.300526101,0.032661936,0.031956242,-0.952678361,-1.656860708,0.125588958,-0.114734904,1.791559551,-0.433870462,-0.345856615,-1.664929983,0.008311810,0.044825927,1.659187936,0.197040354,0.288433763,-0.072257448,0.523599000,0.000000000,0.000000000,0.000000000,0.000000000,0.000000000,0.000000000,0.000000000,0.000000000,0.000000000,0.000000000,0.000000000,0.000000000,0.000000000,0.000000000,0.000000000,0.000000000
0.130903276,-0.369614978,0.591861297,0.295405435,0.028958314,0.031652130,-0.954408292,-1.644014652,0.129296663,-0.111276925,1.785878645,-0.434760004,-0.346137102,-1.656824943,0.003621298,0.041961270,1.651911865,0.196508549,0.288045212,-0.071836571,0.523599000,0.000000000,0.000000000,0.000000000,0.000000000,0.000000000,0.000000000,0.000000000,0.000000000,0.000000000,0.000000000,0.000000000,0.000000000,0.000000000,0.000000000,0.000000000,0.000000000
0.133402461,-0.372151259,0.597709020,0.288446975,0.025167125,0.031143054,-0.956658282,-1.623872575,0.130742079,-0.105809865,1.770721784,-0.435667213,-0.346557567,-1.640177562,-0.000575737,0.039938558,1.637350969,0.196207794,0.287608287,-0.069336641,0.523599000,0.000000000,0.000000000,0.000000000,0.000000000,0.000000000,0.000000000,0.000000000,0.000000000,0.000000000,0.000000000,0.000000000,0.000000000,0.000000000,0.000000000,0.000000000,0.000000000
0.135763835,-0.374346586,0.604775484,0.280950214,0.020630571,0.030906030,-0.959002698,-1.601816509,0.136560975,-0.100447112,1.753900865,-0.436597910,-0.346964867,-1.619750547,-0.003195267,0.038749718,1.618439273,0.195853550,0.287051322,-0.070490758,0.523599000,0.000000000,0.000000000,0.000000000,0.000000000,0.000000000,0.000000000,0.000000000,0.000000000,0.000000000,0.000000000,0.000000000,0.000000000,0.000000000,0.000000000,0.000000000,0.000000000
0.137275600,-0.376633719,0.613908002,0.274865528,0.016290039,0.029923458,-0.960878849,-1.574372808,0.140829590,-0.092824334,1.730670682,-0.437560399,-0.347321088,-1.590632966,-0.006477051,0.041524706,1.592735660,0.195581247,0.286462016,-0.069748571,0.523599000,0.000000000,0.000000000,0.000000000,0.000000000,0.000000000,0.000000000,0.000000000,0.000000000,0.000000000,0.000000000,0.000000000,0.000000000,0.000000000,0.000000000,0.000000000,0.000000000
0.137117261,-0.378753489,0.624169197,0.270985516,0.013040827,0.028893715,-0.962061298,-1.540952011,0.141004001,-0.083573232,1.704187894,-0.438373616,-0.347748185,-1.557927355,-0.005960755,0.046915810,1.563232912,0.195285101,0.285916056,-0.073022837,0.523599000,0.000000000,0.000000000,0.000000000,0.000000000,0.000000000,0.000000000,0.000000000,0.000000000,0.000000000,0.000000000,0.000000000,0.000000000,0.000000000,0.000000000,0.000000000,0.000000000
0.136168647,-0.380648523,0.635641096,0.269035735,0.008427194,0.027146601,-0.962710662,-1.496799882,0.137830757,-0.073126993,1.668913878,-0.439170654,-0.348168520,-1.510208925,-0.005941309,0.051542284,1.523805854,0.195152896,0.285488814,-0.073399874,0.523599000,0.000000000,0.000000000,0.000000000,0.000000000,0.000000000,0.000000000,0.000000000,0.000000000,0.000000000,0.000000000,0.000000000,0.000000000,0.000000000,0.000000000,0.000000000,0.000000000
0.134993795,-0.382994663,0.648718736,0.267809173,0.004539878,0.026779027,-0.963089051,-1.449323202,0.135880254,-0.063733166,1.624572675,-0.440048045,-0.348571970,-1.453571687,-0.004989291,0.054881003,1.478490136,0.195302236,0.285087854,-0.072285325,0.523599000,0.000000000,0.000000000,0.000000000,0.000000000,0.000000000,0.000000000,0.000000000,0.000000000,0.000000000,0.000000000,0.000000000,0.000000000,0.000000000,0.000000000,0.000000000,0.000000000
0.134776321,-0.385968205,0.664638452,0.266971317,0.001003553,0.026644127,-0.963335559,-1.393048675,0.131416962,-0.055254592,1.567827111,-0.440941701,-0.348916643,-1.384886177,-0.004089093,0.059781489,1.418795058,0.195575744,0.284708162,-0.069341530,0.523599000,0.000000000,0.000000000,0.000000000,0.000000000,0.000000000,0.000000000,0.000000000,0.000000000,0.000000000,0.000000000,0.000000000,0.000000000,0.000000000,0.000000000,0.000000000,0.000000000
0.134508436,-0.389302961,0.683477404,0.263597816,-0.003813919,0.027083007,-0.964244863,-1.327890466,0.127755665,-0.049512587,1.507123569,-0.441701965,-0.349555445,-1.306861602,-0.001705340,0.067667293,1.357788225,0.196588960,0.283686062,-0.070775314,0.523599000,0.000000000,0.000000000,0.000000000,0.000000000,0.000000000,0.000000000,0.000000000,0.000000000,0.000000000,0.000000000,0.000000000,0.000000000,0.000000000,0.000000000,0.000000000,0.000000000
0.132616927,-0.392859021,0.705110254,0.259375909,-0.009288316,0.027500221,-0.965340149,-1.253356317,0.124332359,-0.047173691,1.439726819,-0.442377152,-0.350315870,-1.221532896,-0.001447160,0.078108966,1.290220622,0.197932278,0.281845294,-0.070170648,0.523305271,0.000000000,0.000000000,0.000000000,0.000000000,0.000000000,0.000000000,0.000000000,0.000000000,0.000000000,0.000000000,0.000000000,0.000000000,0.000000000,0.000000000,0.000000000,0.000000000
0.128534564,-0.397817818,0.729551121,0.255219233,0.005744154,0.033327886,-0.966291571,-1.215985590,0.118248808,-0.047434633,1.360330930,-0.443140254,-0.350887846,-1.172444447,-0.004101572,0.094051636,1.208690770,0.199291382,0.279065144,-0.068671508,0.470595452,0.000000000,0.000000000,0.000000000,0.000000000,0.000000000,0.000000000,0.000000000,0.000000000,0.000000000,0.000000000,0.000000000,0.000000000,0.000000000,0.000000000,0.000000000,0.000000000
0.122811157,-0.402321272,0.755103138,0.252307636,0.016962782,0.036626769,-0.966804841,-1.165074597,0.110828772,-0.046805508,1.276959843,-0.443708075,-0.351410602,-1.105521221,-0.007769588,0.120742882,1.122503843,0.201580173,0.275408634,-0.063679198,0.418356030,0.000000000,0.000000000,0.000000000,0.000000000,0.000000000,0.000000000,0.000000000,0.000000000,0.000000000,0.000000000,0.000000000,0.000000000,0.000000000,0.000000000,0.000000000,0.000000000
0.115943286,-0.406111441,0.779827790,0.248237367,0.029589495,0.040206254,-0.967412078,-1.114239129,0.105041724,-0.049542909,1.188077040,-0.443960200,-0.352088901,-1.035379848,-0.008647946,0.156010956,1.029454769,0.205613784,0.270313753,-0.063270043,0.358992204,0.000000000,0.000000000,0.000000000,0.000000000,0.000000000,0.000000000,0.000000000,0.000000000,0.000000000,0.000000000,0.000000000,0.000000000,0.000000000,0.000000000,0.000000000,0.000000000
0.108741808,-0.410004366,0.800859434,0.242930665,0.040851809,0.044860081,-0.968144305,-1.070903853,0.101870502,-0.056785355,1.115770056,-0.443173646,-0.353131977,-0.974246049,-0.005735851,0.197099269,0.954850152,0.212865847,0.262930292,-0.063517633,0.305428008,0.000000000,0.000000000,0.000000000,0.000000000,0.000000000,0.000000000,0.000000000,0.000000000,0.000000000,0.000000000,0.000000000,0.000000000,0.000000000,0.000000000,0.000000000,0.000000000
0.101926198,-0.412955445,0.817410793,0.237897102,0.050981947,0.050228322,-0.968650053,-1.029346501,0.100693523,-0.066479843,1.047482476,-0.441186615,-0.354658168,-0.917666246,0.000877336,0.243507479,0.885697084,0.222487826,0.254294592,-0.065639511,0.254812436,0.000000000,0.000000000,0.000000000,0.000000000,0.000000000,0.000000000,0.000000000,0.000000000,0.000000000,0.000000000,0.000000000,0.000000000,0.000000000,0.000000000,0.000000000,0.000000000
0.094945622,-0.414348503,0.830577918,0.234688043,0.061812926,0.055627025,-0.968507263,-0.993071275,0.102082146,-0.075517756,0.981825242,-0.438127976,-0.356180600,-0.864638701,0.009497470,0.299086685,0.824503851,0.235769225,0.244948858,-0.065821042,0.206520393,0.000000000,0.000000000,0.000000000,0.000000000,0.000000000,0.000000000,0.000000000,0.000000000,0.000000000,0.000000000,0.000000000,0.000000000,0.000000000,0.000000000,0.000000000,0.000000000
0.089729180,-0.414351500,0.836694033,0.230462842,0.062676943,0.057953868,-0.969329577,-0.946596190,0.103125588,-0.084747701,0.932185542,-0.434143539,-0.358779706,-0.807684445,0.014542287,0.347852649,0.787341760,0.252021934,0.235583752,-0.066527650,0.174594781,0.000000000,0.000000000,0.000000000,0.000000000,0.000000000,0.000000000,0.000000000,0.000000000,0.000000000,0.000000000,0.000000000,0.000000000,0.000000000,0.000000000,0.000000000,0.000000000
0.086169397,-0.416424696,0.842149252,0.226931915,0.069466177,0.059911663,-0.969580811,-0.901796933,0.097584807,-0.095785027,0.870381938,-0.427762580,-0.360496513,-0.754632290,0.016598937,0.413577596,0.744145066,0.271012379,0.227498593,-0.067638623,0.123112872,0.000000000,0.000000000,0.000000000,0.000000000,0.000000000,0.000000000,0.000000000,0.000000000,0.000000000,0.000000000,0.000000000,0.000000000,0.000000000,0.000000000,0.000000000,0.000000000
0.084222387,-0.418767684,0.844721192,0.222589608,0.077395501,0.060878742,-0.969926586,-0.859359958,0.088257043,-0.111402321,0.802232427,-0.421219542,-0.362314950,-0.707720513,0.022465756,0.497981817,0.701121653,0.289670146,0.220757365,-0.077129472,0.073455393,0.000000000,0.000000000,0.000000000,0.000000000,0.000000000,0.000000000,0.000000000,0.000000000,0.000000000,0.000000000,0.000000000,0.000000000,0.000000000,0.000000000,0.000000000,0.000000000
0.081085265,-0.420789870,0.844336398,0.222994119,0.084047551,0.061341005,-0.969250697,-0.826430679,0.075328678,-0.130158017,0.750207826,-0.414008749,-0.364957501,-0.666593660,0.033601667,0.592455560,0.675437013,0.305570306,0.215843243,-0.098280518,0.029526749,0.000000000,0.000000000,0.000000000,0.000000000,0.000000000,0.000000000,0.000000000,0.000000000,0.000000000,0.000000000,0.000000000,0.000000000,0.000000000,0.000000000,0.000000000,0.000000000
0.079587121,-0.420919689,0.833627362,0.224463975,0.069331744,0.058949347,-0.970223689,-0.799998310,0.069354412,-0.144650675,0.786335943,-0.404876330,-0.366789868,-0.629880605,0.060408635,0.639310172,0.726557868,0.317422777,0.215608325,-0.105907687,0.022008685,0.000000000,0.000000000,0.000000000,0.000000000,0.000000000,0.000000000,0.000000000,0.000000000,0.000000000,0.000000000,0.000000000,0.000000000,0.000000000,0.000000000,0.000000000,0.000000000
0.075687658,-0.422825293,0.836599104,0.230750602,0.085713526,0.063902089,-0.967121437,-0.769839121,0.058911258,-0.175219848,0.693992825,-0.397877918,-0.368889969,-0.578992211,0.062347934,0.756122832,0.652969744,0.329937325,0.212262180,-0.122378149,-0.038052370,0.000000000,0.000000000,0.000000000,0.000000000,0.000000000,0.000000000,0.000000000,0.000000000,0.000000000,0.000000000,0.000000000,0.000000000,0.000000000,0.000000000,0.000000000,0.000000000
0.073960340,-0.422823236,0.826587169,0.225145575,0.075661329,0.060847600,-0.969475324,-0.754206760,0.050149136,-0.194687242,0.733955254,-0.390150559,-0.371986741,-0.537417012,0.089485678,0.812059095,0.706824842,0.351655629,0.214026165,-0.120456706,-0.057009401,0.000000000,0.000000000,0.000000000,0.000000000,0.000000000,0.000000000,0.000000000,0.000000000,0.000000000,0.000000000,0.000000000,0.000000000,0.000000000,0.000000000,0.000000000,0.000000000
0.071950142,-0.422282295,0.819211447,0.213084615,0.071234727,0.062579808,-0.972421888,-0.738489389,0.049167250,-0.219344120,0.746592317,-0.385668436,-0.377712889,-0.494272925,0.112609271,0.870802903,0.722879598,0.371828323,0.215355883,-0.124820839,-0.073677183,0.000000000,0.000000000,0.000000000,0.000000000,0.000000000,0.000000000,0.000000000,0.000000000,0.000000000,0.000000000,0.000000000,0.000000000,0.000000000,0.000000000,0.000000000,0.000000000
0.071888336,-0.420310419,0.811254572,0.199730356,0.066846884,0.064599436,-0.975431285,-0.722363594,0.047562705,-0.245971508,0.756390090,-0.380875366,-0.384742852,-0.455098666,0.134462906,0.931954737,0.727896928,0.387573126,0.216965900,-0.129217227,-0.091104220,0.000000000,0.000000000,0.000000000,0.000000000,0.000000000,0.000000000,0.000000000,0.000000000,0.000000000,0.000000000,0.000000000,0.000000000,0.000000000,0.000000000,0.000000000,0.000000000
0.071664290,-0.418418945,0.803415539,0.190500725,0.062472959,0.067057081,-0.977399586,-0.710133542,0.043738505,-0.273920426,0.767536414,-0.377736805,-0.391852415,-0.419295170,0.155872287,0.991283522,0.733222760,0.399222075,0.217921009,-0.123467587,-0.104059093,0.000000000,0.000000000,0.000000000,0.000000000,0.000000000,0.000000000,0.000000000,0.000000000,0.000000000,0.000000000,0.000000000,0.000000000,0.000000000,0.000000000,0.000000000,0.000000000
0.072949901,-0.418066973,0.796378238,0.177014515,0.059031379,0.070940848,-0.979871703,-0.703312634,0.041442300,-0.300907608,0.775845758,-0.378823288,-0.399586881,-0.382955322,0.180787452,1.051904032,0.739133372,0.413175978,0.222241479,-0.120353064,-0.108925287,0.000000000,0.000000000,0.000000000,0.000000000,0.000000000,0.000000000,0.000000000,0.000000000,0.000000000,0.000000000,0.000000000,0.000000000,0.000000000,0.000000000,0.000000000,0.000000000
0.075373336,-0.416500807,0.789514308,0.152633869,0.056345260,0.073587922,-0.983927300,-0.698812254,0.036810501,-0.326269894,0.786899816,-0.382691796,-0.410959721,-0.353241840,0.201072281,1.107791001,0.737427540,0.427892457,0.228525932,-0.127970714,-0.098755400,0.000000000,0.000000000,0.000000000,0.000000000,0.000000000,0.000000000,0.000000000,0.000000000,0.000000000,0.000000000,0.000000000,0.000000000,0.000000000,0.000000000,0.000000000,0.000000000
0.078197432,-0.413987759,0.782909815,0.131996944,0.052191539,0.077257061,-0.986855712,-0.694207778,0.033653064,-0.352681732,0.802158827,-0.385902078,-0.422380133,-0.323742555,0.220554676,1.165870843,0.733442285,0.439971543,0.232342054,-0.124449333,-0.088923169,0.000000000,0.000000000,0.000000000,0.000000000,0.000000000,0.000000000,0.000000000,0.000000000,0.000000000,0.000000000,0.000000000,0.000000000,0.000000000,0.000000000,0.000000000,0.000000000
0.080093770,-0.410608669,0.777864901,0.117782830,0.048802541,0.080876469,-0.988536551,-0.690754901,0.029237237,-0.378422401,0.816853886,-0.388214340,-0.433655769,-0.295660148,0.244530524,1.222857275,0.735211362,0.448807446,0.236630071,-0.113290750,-0.074009427,0.000000000,0.000000000,0.000000000,0.000000000,0.000000000,0.000000000,0.000000000,0.000000000,0.000000000,0.000000000,0.000000000,0.000000000,0.000000000,0.000000000,0.000000000,0.000000000
0.085147564,-0.401929761,0.773586702,0.102296551,0.044268084,0.079748251,-0.990563460,-0.682724237,0.013752397,-0.399069944,0.831016627,-0.387705089,-0.451141156,-0.272018607,0.253375250,1.285929756,0.730550868,0.457846276,0.235683728,-0.112481983,-0.057582247,0.000000000,0.000000000,0.000000000,0.000000000,0.000000000,0.000000000,0.000000000,0.000000000,0.000000000,0.000000000,0.000000000,0.000000000,0.000000000,0.000000000,0.000000000,0.000000000
0.090787259,-0.392069111,0.766867229,0.066277619,0.021739363,0.079396256,-0.994399775,-0.642721897,-0.000337213,-0.430664845,0.877864713,-0.389741921,-0.471947871,-0.204993430,0.287642255,1.379278519,0.763991490,0.477526355,0.236216710,-0.087620814,-0.004168230,0.000000000,0.000000000,0.000000000,0.000000000,0.000000000,0.000000000,0.000000000,0.000000000,0.000000000,0.000000000,0.000000000,0.000000000,0.000000000,0.000000000,0.000000000,0.000000000
0.090900635,-0.384098856,0.769138926,0.047497216,0.030438540,0.080791190,-0.995133304,-0.644671004,-0.017180881,-0.451946046,0.854588787,-0.395831733,-0.492209141,-0.191961715,0.273975112,1.427900855,0.732079207,0.496176012,0.238482666,-0.099309736,0.001515783,0.000000000,0.000000000,0.000000000,0.000000000,0.000000000,0.000000000,0.000000000,0.000000000,0.000000000,0.000000000,0.000000000,0.000000000,0.000000000,0.000000000,0.000000000,0.000000000
0.089670280,-0.373592394,0.765023106,0.013277441,0.018950420,0.078728862,-0.996627492,-0.616876567,-0.039376828,-0.483473984,0.886340420,-0.402640993,-0.512081629,-0.145359889,0.295103950,1.491882151,0.771268160,0.519340294,0.239383633,-0.054533985,0.051901273,0.000000000,0.000000000,0.000000000,0.000000000,0.000000000,0.000000000,0.000000000,0.000000000,0.000000000,0.000000000,0.000000000,0.000000000,0.000000000,0.000000000,0.000000000,0.000000000
0.086579424,-0.361868386,0.768094852,0.015244151,0.030320255,0.078800403,-0.996312599,-0.625081639,-0.047810844,-0.509498064,0.862241893,-0.406679666,-0.523570207,-0.136317949,0.279793420,1.536550165,0.752851926,0.537729526,0.234585158,-0.044036841,0.057887795,0.000000000,0.000000000,0.000000000,0.000000000,0.000000000,0.000000000,0.000000000,0.000000000,0.000000000,0.000000000,0.000000000,0.000000000,0.000000000,0.000000000,0.000000000,0.000000000
0.087114017,-0.351453900,0.767894529,0.009870316,0.035789172,0.078927435,-0.996188823,-0.632786540,-0.051551893,-0.530221400,0.862692348,-0.409196308,-0.523598928,-0.132991098,0.272692129,1.576932962,0.750750255,0.554986606,0.226957250,-0.047277211,0.078906286,0.000000000,0.000000000,0.000000000,0.000000000,0.000000000,0.000000000,0.000000000,0.000000000,0.000000000,0.000000000,0.000000000,0.000000000,0.000000000,0.000000000,0.000000000,0.000000000
0.090175715,-0.344948235,0.767718488,0.004009183,0.038468825,0.079084835,-0.996117295,-0.638484814,-0.052444596,-0.546292470,0.865662762,-0.410446370,-0.523599000,-0.127878371,0.258027032,1.610661545,0.747343469,0.575091849,0.219989340,-0.045498977,0.097778325,0.000000000,0.000000000,0.000000000,0.000000000,0.000000000,0.000000000,0.000000000,0.000000000,0.000000000,0.000000000,0.000000000,0.000000000,0.000000000,0.000000000,0.000000000,0.000000000
0.092987694,-0.344484907,0.763535744,-0.025407715,0.026295078,0.079789828,-0.996140854,-0.614556413,-0.053160742,-0.560880314,0.897860151,-0.413310035,-0.523599000,-0.093574835,0.262699220,1.640273562,0.775082062,0.598669101,0.223774815,-0.018163455,0.135637314,0.000000000,0.000000000,0.000000000,0.000000000,0.000000000,0.000000000,0.000000000,0.000000000,0.000000000,0.000000000,0.000000000,0.000000000,0.000000000,0.000000000,0.000000000,0.000000000
0.094115725,-0.342505393,0.761501648,-0.048370699,0.022601219,0.079891018,-0.995372737,-0.595016262,-0.053100139,-0.581436947,0.899285162,-0.417417115,-0.523599000,-0.079589062,0.250938274,1.657536833,0.774163420,0.602138566,0.226582955,-0.018019947,0.147607012,0.000000000,0.000000000,0.000000000,0.000000000,0.000000000,0.000000000,0.000000000,0.000000000,0.000000000,0.000000000,0.000000000,0.000000000,0.000000000,0.000000000,0.000000000,0.000000000
0.094548888,-0.338881732,0.763223161,-0.050494175,0.030312088,0.080467609,-0.995015819,-0.593112306,-0.052362559,-0.604043774,0.876024239,-0.418023728,-0.523599000,-0.091147014,0.227166449,1.659602441,0.743735458,0.602138999,0.225308946,-0.030619127,0.132171421,0.000000000,0.000000000,0.000000000,0.000000000,0.000000000,0.000000000,0.000000000,0.000000000,0.000000000,0.000000000,0.000000000,0.000000000,0.000000000,0.000000000,0.000000000,0.000000000
0.095429645,-0.340666756,0.775928826,-0.042680044,0.052190255,0.079560233,-0.994547515,-0.588444172,-0.042276533,-0.640379713,0.777212609,-0.416714007,-0.523599000,-0.127052385,0.161733029,1.656459941,0.645719251,0.602024794,0.225929193,-0.062214471,0.093877319,0.000000000,0.000000000,0.000000000,0.000000000,0.000000000,0.000000000,0.000000000,0.000000000,0.000000000,0.000000000,0.000000000,0.000000000,0.000000000,0.000000000,0.000000000,0.000000000
0.097891189,-0.341792702,0.774877625,-0.061754178,0.054296832,0.078813392,-0.993492187,-0.578728962,-0.054541839,-0.674407473,0.785237685,-0.418217969,-0.523599000,-0.127572436,0.159333739,1.644240625,0.661353806,0.601924278,0.238576546,-0.042578154,0.090366440,0.000000000,0.000000000,0.000000000,0.000000000,0.000000000,0.000000000,0.000000000,0.000000000,0.000000000,0.000000000,0.000000000,0.000000000,0.000000000,0.000000000,0.000000000,0.000000000
0.098153013,-0.339977934,0.777772792,-0.053958008,0.067129723,0.078451118,-0.993190594,-0.583799672,-0.061861057,-0.707827681,0.758286113,-0.414802111,-0.523599000,-0.155542102,0.134833696,1.630573646,0.627940649,0.602138973,0.233009149,-0.050561897,0.065131475,0.000000000,0.000000000,0.000000000,0.000000000,0.000000000,0.000000000,0.000000000,0.000000000,0.000000000,0.000000000,0.000000000,0.000000000,0.000000000,0.000000000,0.000000000,0.000000000
0.102831024,-0.342512221,0.771939601,-0.047861022,0.059670841,0.083600086,-0.993559127,-0.589049930,-0.081175733,-0.722992175,0.831578435,-0.399495825,-0.523599000,-0.151314920,0.172335941,1.621928879,0.695808376,0.599990291,0.220836821,-0.021800038,0.071901898,0.000000000,0.000000000,0.000000000,0.000000000,0.000000000,0.000000000,0.000000000,0.000000000,0.000000000,0.000000000,0.000000000,0.000000000,0.000000000,0.000000000,0.000000000,0.000000000
0.107339518,-0.338513077,0.781525097,-0.014891101,0.067035405,0.085685445,-0.993952974,-0.580725376,-0.073795412,-0.747062703,0.768946595,-0.390593218,-0.523599000,-0.172796559,0.134881419,1.600049299,0.634406426,0.600499555,0.200206932,-0.023669666,0.058121981,0.000000000,0.000000000,0.000000000,0.000000000,0.000000000,0.000000000,0.000000000,0.000000000,0.000000000,0.000000000,0.000000000,0.000000000,0.000000000,0.000000000,0.000000000,0.000000000
0.107916848,-0.329230116,0.785938912,0.011206048,0.072873909,0.085754882,-0.993584379,-0.583011452,-0.081016304,-0.772548367,0.749011200,-0.386223349,-0.523599000,-0.185864213,0.120730466,1.583495454,0.621746006,0.602138795,0.179204899,-0.022462380,0.043387127,0.000000000,0.000000000,0.000000000,0.000000000,0.000000000,0.000000000,0.000000000,0.000000000,0.000000000,0.000000000,0.000000000,0.000000000,0.000000000,0.000000000,0.000000000,0.000000000
0.100402603,-0.314538755,0.788681947,0.021771155,0.081015645,0.085045107,-0.992839268,-0.589090978,-0.084046013,-0.795189827,0.734417059,-0.395351244,-0.523599000,-0.191424034,0.114961039,1.565817193,0.619158640,0.602139000,0.169522595,-0.026456112,0.032675592,0.000000000,0.000000000,0.000000000,0.000000000,0.000000000,0.000000000,0.000000000,0.000000000,0.000000000,0.000000000,0.000000000,0.000000000,0.000000000,0.000000000,0.000000000,0.000000000
0.092614072,-0.301291684,0.782781158,0.016136884,0.076813315,0.084096149,-0.993361542,-0.600660618,-0.106155865,-0.802350201,0.794464830,-0.411196021,-0.523599000,-0.178110022,0.154509629,1.567996734,0.691313629,0.602139000,0.162642243,-0.011013070,0.048630034,0.000000000,0.000000000,0.000000000,0.000000000,0.000000000,0.000000000,0.000000000,0.000000000,0.000000000,0.000000000,0.000000000,0.000000000,0.000000000,0.000000000,0.000000000,0.000000000
0.090937834,-0.297717952,0.784683799,0.003669043,0.052536500,0.085194444,-0.994971538,-0.544148333,-0.092512351,-0.803507260,0.785525053,-0.425221589,-0.523598998,-0.115480714,0.167221755,1.575125611,0.684609084,0.601503192,0.175359948,0.012235022,0.112072879,0.000000000,0.000000000,0.000000000,0.000000000,0.000000000,0.000000000,0.000000000,0.000000000,0.000000000,0.000000000,0.000000000,0.000000000,0.000000000,0.000000000,0.000000000,0.000000000
0.085073560,-0.295652708,0.778887209,-0.007268959,0.053329992,0.084371568,-0.994979654,-0.561350103,-0.108460283,-0.808683342,0.828103939,-0.438771965,-0.523528213,-0.105731466,0.187968344,1.583428909,0.719774652,0.602137410,0.182953911,0.009407404,0.100154773,0.000000000,0.000000000,0.000000000,0.000000000,0.000000000,0.000000000,0.000000000,0.000000000,0.000000000,0.000000000,0.000000000,0.000000000,0.000000000,0.000000000,0.000000000,0.000000000
0.080192329,-0.294206276,0.776687310,-0.011106222,0.051614685,0.086425561,-0.994858381,-0.562983072,-0.109828458,-0.809477014,0.849970234,-0.444554274,-0.523598823,-0.098215240,0.193716054,1.588827731,0.733827949,0.602138996,0.177322647,0.014938842,0.091446470,0.000000000,0.000000000,0.000000000,0.000000000,0.000000000,0.000000000,0.000000000,0.000000000,0.000000000,0.000000000,0.000000000,0.000000000,0.000000000,0.000000000,0.000000000,0.000000000
0.075691476,-0.301990304,0.784604465,0.005094298,0.062908706,0.089657153,-0.993970894,-0.560783676,-0.083616116,-0.810963320,0.774201112,-0.443894467,-0.522350552,-0.107674348,0.146857966,1.582908813,0.644541922,0.600367577,0.175479478,-0.002726847,0.061759625,0.000000000,0.000000000,0.000000000,0.000000000,0.000000000,0.000000000,0.000000000,0.000000000,0.000000000,0.000000000,0.000000000,0.000000000,0.000000000,0.000000000,0.000000000,0.000000000
0.076429274,-0.313074715,0.779596442,-0.008846498,0.033153849,0.088856743,-0.995453184,-0.508464012,-0.083078611,-0.777234095,0.806244357,-0.442952984,-0.516825448,-0.062436700,0.155788357,1.545951524,0.673000316,0.591697469,0.184491302,0.029899403,0.113864455,0.000000000,0.000000000,0.000000000,0.000000000,0.000000000,0.000000000,0.000000000,0.000000000,0.000000000,0.000000000,0.000000000,0.000000000,0.000000000,0.000000000,0.000000000,0.000000000
0.068930677,-0.319932662,0.779973785,-0.002821585,0.050355056,0.086336152,-0.994988681,-0.533477051,-0.085999835,-0.775242428,0.770496252,-0.449969200,-0.517354661,-0.078510351,0.129329192,1.519100769,0.627249177,0.590974458,0.200010318,0.004447123,0.067922919,0.000000000,0.000000000,0.000000000,0.000000000,0.000000000,0.000000000,0.000000000,0.000000000,0.000000000,0.000000000,0.000000000,0.000000000,0.000000000,0.000000000,0.000000000,0.000000000
0.066822420,-0.323306588,0.783698354,0.000957813,0.062350487,0.081983167,-0.994680984,-0.557776906,-0.058130484,-0.698324440,0.723621925,-0.448427340,-0.518879016,-0.156164411,0.083121516,1.300233695,0.581165892,0.591905912,0.206800877,0.009410559,0.037499463,0.000000000,0.000000000,0.000000000,0.000000000,0.000000000,0.000000000,0.000000000,0.000000000,0.000000000,0.000000000,0.000000000,0.000000000,0.000000000,0.000000000,0.000000000,0.000000000
0.065626807,-0.329775369,0.786922649,0.032149878,0.114619035,0.078064901,-0.989815505,-0.661310589,-0.049870005,-0.657664985,0.670689270,-0.425632660,-0.509331982,-0.295692102,0.013653684,1.066804239,0.552946200,0.599611101,0.204098335,-0.021020426,-0.074169252,0.000000000,0.000000000,0.000000000,0.000000000,0.000000000,0.000000000,0.000000000,0.000000000,0.000000000,0.000000000,0.000000000,0.000000000,0.000000000,0.000000000,0.000000000,0.000000000
0.066638053,-0.346520998,0.781338975,0.057355193,0.134507060,0.072182051,-0.986614405,-0.719415883,-0.062301195,-0.602594456,0.688983982,-0.396577826,-0.486359139,-0.412388877,-0.060465204,0.788032006,0.624070778,0.600042360,0.195468964,0.005425791,-0.131300790,0.000000000,0.000000000,0.000000000,0.000000000,0.000000000,0.000000000,0.000000000,0.000000000,0.000000000,0.000000000,0.000000000,0.000000000,0.000000000,0.000000000,0.000000000,0.000000000
0.058519828,-0.366939066,0.771824198,0.117888515,0.139393478,0.067143471,-0.980899338,-0.767235234,-0.102514898,-0.538552914,0.732199614,-0.381146065,-0.463478449,-0.508351208,-0.178123887,0.470426416,0.758599446,0.579086604,0.178433821,0.001907858,-0.158078063,0.000000000,0.000000000,0.000000000,0.000000000,0.000000000,0.000000000,0.000000000,0.000000000,0.000000000,0.000000000,0.000000000,0.000000000,0.000000000,0.000000000,0.000000000,0.000000000
0.048790274,-0.369373604,0.765353019,0.176790221,0.114673342,0.069845925,-0.975047070,-0.736781412,-0.112428695,-0.514145083,0.754526988,-0.380447608,-0.460058067,-0.472596543,-0.181234748,0.453383519,0.801093342,0.545196059,0.165446097,0.010760471,-0.113711993,0.000000000,0.000000000,0.000000000,0.000000000,0.000000000,0.000000000,0.000000000,0.000000000,0.000000000,0.000000000,0.000000000,0.000000000,0.000000000,0.000000000,0.000000000,0.000000000
0.041929862,-0.366550021,0.764321764,0.209929236,0.098630113,0.071318311,-0.970111084,-0.703517810,-0.113973692,-0.531488145,0.749583092,-0.381538917,-0.458759772,-0.471100836,-0.123746508,0.463482936,0.795835107,0.507357723,0.168039809,-0.003682513,-0.073126500,0.000000000,0.000000000,0.000000000,0.000000000,0.000000000,0.000000000,0.000000000,0.000000000,0.000000000,0.000000000,0.000000000,0.000000000,0.000000000,0.000000000,0.000000000,0.000000000
0.032872157,-0.369580662,0.767269222,0.256493379,0.097134186,0.077780082,-0.958502141,-0.692211934,-0.107402755,-0.555711688,0.723109751,-0.378817426,-0.452219399,-0.491088675,-0.082594146,0.529049545,0.742945152,0.471136849,0.161840377,-0.014927287,-0.056892948,0.000000000,0.000000000,0.000000000,0.000000000,0.000000000,0.000000000,0.000000000,0.000000000,0.000000000,0.000000000,0.000000000,0.000000000,0.000000000,0.000000000,0.000000000,0.000000000
0.026937980,-0.363746217,0.764562823,0.309593374,0.083032441,0.083505678,-0.943548811,-0.694740731,-0.089510462,-0.556399211,0.755233378,-0.370682018,-0.441577143,-0.477377081,-0.054142402,0.619881028,0.752179845,0.440554796,0.141253866,0.007570162,-0.018343227,0.000000000,0.000000000,0.000000000,0.000000000,0.000000000,0.000000000,0.000000000,0.000000000,0.000000000,0.000000000,0.000000000,0.000000000,0.000000000,0.000000000,0.000000000,0.000000000
0.015414405,-0.356784555,0.773124523,0.369078896,0.098037140,0.094855635,-0.919332310,-0.731980285,-0.054215896,-0.554732738,0.699463169,-0.363527677,-0.430869749,-0.462043353,-0.048399056,0.718695146,0.718756551,0.424164983,0.113788734,0.019926328,-0.054532556,0.000000000,0.000000000,0.000000000,0.000000000,0.000000000,0.000000000,0.000000000,0.000000000,0.000000000,0.000000000,0.000000000,0.000000000,0.000000000,0.000000000,0.000000000,0.000000000
-0.003186758,-0.341103766,0.768324862,0.413218744,0.090480757,0.091980139,-0.901445038,-0.770026826,-0.041382041,-0.551274206,0.747373793,-0.362850171,-0.416748808,-0.440723950,-0.029781303,0.762066891,0.785215322,0.419027389,0.087182707,0.041337670,-0.041142888,0.000000000,0.000000000,0.000000000,0.000000000,0.000000000,0.000000000,0.000000000,0.000000000,0.000000000,0.000000000,0.000000000,0.000000000,0.000000000,0.000000000,0.000000000,0.000000000
-0.026908913,-0.320696332,0.771823562,0.475996799,0.094829059,0.100236077,-0.868554676,-0.820150948,-0.011521316,-0.527468844,0.703130633,-0.365575144,-0.414459329,-0.403295458,0.021468874,0.837649685,0.771268628,0.400597014,0.066309354,0.032450929,-0.043429707,0.000000000,0.000000000,0.000000000,0.000000000,0.000000000,0.000000000,0.000000000,0.000000000,0.000000000,0.000000000,0.000000000,0.000000000,0.000000000,0.000000000,0.000000000,0.000000000
-0.054532060,-0.304151863,0.765124489,0.525158419,0.082446377,0.088301310,-0.842385962,-0.844333229,-0.039071865,-0.501609794,0.749171688,-0.369594412,-0.421933756,-0.392917768,0.077525353,0.854500766,0.814952941,0.369797994,0.053395146,0.042842591,-0.017527572,0.000000000,0.000000000,0.000000000,0.000000000,0.000000000,0.000000000,0.000000000,0.000000000,0.000000000,0.000000000,0.000000000,0.000000000,0.000000000,0.000000000,0.000000000,0.000000000
-0.087150497,-0.308220905,0.759751317,0.606463430,0.057745721,0.071331266,-0.789797056,-0.829779766,-0.065177577,-0.425767538,0.753773787,-0.374005422,-0.425319235,-0.363408683,0.151481771,0.849632710,0.829984511,0.331328976,0.043691695,0.006610721,0.058335666,0.000000000,0.000000000,0.000000000,0.000000000,0.000000000,0.000000000,0.000000000,0.000000000,0.000000000,0.000000000,0.000000000,0.000000000,0.000000000,0.000000000,0.000000000,0.000000000
-0.088862965,-0.342260015,0.761248682,0.671269226,0.071512110,0.063754939,-0.734995886,-0.827330476,-0.080731591,-0.292244708,0.659065912,-0.374494392,-0.416502823,-0.439071439,0.135852350,0.749693774,0.791682722,0.294918750,0.046022839,-0.043705685,0.022893951,0.000000000,0.000000000,0.000000000,0.000000000,0.000000000,0.000000000,0.000000000,0.000000000,0.000000000,0.000000000,0.000000000,0.000000000,0.000000000,0.000000000,0.000000000,0.000000000
-0.054394169,-0.356691467,0.755020957,0.693973452,0.072509272,0.048802230,-0.714675868,-0.826687548,-0.115960317,-0.262399356,0.661678673,-0.376157854,-0.390609771,-0.485777129,0.108285722,0.628286352,0.817194279,0.263004341,0.060377242,-0.044432396,0.024225529,0.000000000,0.000000000,0.000000000,0.000000000,0.000000000,0.000000000,0.000000000,0.000000000,0.000000000,0.000000000,0.000000000,0.000000000,0.000000000,0.000000000,0.000000000,0.000000000
-0.017149083,-0.354980403,0.747591584,0.702243033,0.069857874,0.036054604,-0.707583681,-0.838888733,-0.132636811,-0.224729576,0.707090833,-0.369063467,-0.360319557,-0.503950919,0.082124058,0.534154291,0.850116170,0.246681844,0.080110778,-0.048294887,0.035187382,0.000000000,0.000000000,0.000000000,0.000000000,0.000000000,0.000000000,0.000000000,0.000000000,0.000000000,0.000000000,0.000000000,0.000000000,0.000000000,0.000000000,0.000000000,0.000000000
0.007827291,-0.353649251,0.738346636,0.710720975,0.070436064,0.028301927,-0.699366469,-0.861380385,-0.144853381,-0.200767437,0.750831022,-0.359918178,-0.329761998,-0.534900215,0.052492417,0.449292678,0.889722093,0.233962564,0.097373444,-0.048162773,0.035951963,0.000000000,0.000000000,0.000000000,0.000000000,0.000000000,0.000000000,0.000000000,0.000000000,0.000000000,0.000000000,0.000000000,0.000000000,0.000000000,0.000000000,0.000000000,0.000000000
0.018160164,-0.356714403,0.726944222,0.722703034,0.066839090,0.017588213,-0.687694348,-0.869468132,-0.154753450,-0.181215739,0.800037458,-0.353919945,-0.308087268,-0.558213284,0.021739259,0.376418399,0.937007515,0.218572606,0.105007406,-0.060941400,0.044182892,0.000000000,0.000000000,0.000000000,0.000000000,0.000000000,0.000000000,0.000000000,0.000000000,0.000000000,0.000000000,0.000000000,0.000000000,0.000000000,0.000000000,0.000000000,0.000000000
0.022146809,-0.367141202,0.714257002,0.732558041,0.060553687,0.011024169,-0.677916245,-0.865652195,-0.151640167,-0.173174256,0.823475094,-0.357601825,-0.295968298,-0.557503808,0.019814141,0.351921922,0.963776665,0.206299052,0.107224394,-0.066543760,0.055603730,0.000000000,0.000000000,0.000000000,0.000000000,0.000000000,0.000000000,0.000000000,0.000000000,0.000000000,0.000000000,0.000000000,0.000000000,0.000000000,0.000000000,0.000000000,0.000000000
0.025476153,-0.379929554,0.701947240,0.737913602,0.055114068,0.006620833,-0.672608445,-0.862234887,-0.145475768,-0.168618836,0.839721919,-0.364623329,-0.288103203,-0.559508676,0.018422184,0.332935811,0.982898738,0.194836667,0.107163437,-0.073854233,0.065291283,0.000000000,0.000000000,0.000000000,0.000000000,0.000000000,0.000000000,0.000000000,0.000000000,0.000000000,0.000000000,0.000000000,0.000000000,0.000000000,0.000000000,0.000000000,0.000000000
0.027635789,-0.388832397,0.692056380,0.739666919,0.050589563,0.002106113,-0.671065653,-0.849994330,-0.146089892,-0.177907802,0.834246634,-0.373596022,-0.284848278,-0.559588505,0.013546593,0.314700829,0.996253891,0.186605916,0.106480903,-0.076617910,0.078253942,0.000000000,0.000000000,0.000000000,0.000000000,0.000000000,0.000000000,0.000000000,0.000000000,0.000000000,0.000000000,0.000000000,0.000000000,0.000000000,0.000000000,0.000000000,0.000000000
0.028976169,-0.387083850,0.691497487,0.738510104,0.043650010,-0.005068013,-0.672808902,-0.819907211,-0.154720598,-0.199848109,0.807968896,-0.381393301,-0.287311009,-0.549356096,0.012959635,0.305760830,0.989737520,0.180341354,0.106434974,-0.065947189,0.092634278,0.000000000,0.000000000,0.000000000,0.000000000,0.000000000,0.000000000,0.000000000,0.000000000,0.000000000,0.000000000,0.000000000,0.000000000,0.000000000,0.000000000,0.000000000,0.000000000
0.030095971,-0.385192012,0.696221470,0.740858229,0.045213530,-0.007253419,-0.670098656,-0.802933882,-0.178250061,-0.232364283,0.769754663,-0.389650382,-0.290886151,-0.567118153,-0.005540493,0.280486254,0.995602903,0.174200258,0.105391050,-0.068464083,0.091314650,0.000000000,0.000000000,0.000000000,0.000000000,0.000000000,0.000000000,0.000000000,0.000000000,0.000000000,0.000000000,0.000000000,0.000000000,0.000000000,0.000000000,0.000000000,0.000000000
0.031683958,-0.382666352,0.698347436,0.742157720,0.041453599,-0.013718588,-0.668801405,-0.781208756,-0.197293118,-0.259633454,0.747632670,-0.398976144,-0.294506674,-0.557488024,-0.016621913,0.263300048,1.005261701,0.174766825,0.105636726,-0.058032128,0.097699416,0.000000000,0.000000000,0.000000000,0.000000000,0.000000000,0.000000000,0.000000000,0.000000000,0.000000000,0.000000000,0.000000000,0.000000000,0.000000000,0.000000000,0.000000000,0.000000000
0.030603211,-0.376369927,0.701105592,0.745802735,0.037279110,-0.017249014,-0.664899256,-0.763308277,-0.211927108,-0.288800143,0.720560760,-0.406294390,-0.301324924,-0.543727075,-0.020183772,0.253329004,0.997942452,0.176220122,0.104635743,-0.057393112,0.100990812,0.000000000,0.000000000,0.000000000,0.000000000,0.000000000,0.000000000,0.000000000,0.000000000,0.000000000,0.000000000,0.000000000,0.000000000,0.000000000,0.000000000,0.000000000,0.000000000
