0.011345849372446537,-0.3787984251976013,1.1017392873764038,0.03500276431441307,-0.08478181064128876,-0.3426649868488312,0.9349693059921265,0.0,0.0,0.006111581809818745,-0.8648474812507629,-0.021814394742250443,-1.7891572542387167e-17,-0.0027226994279772043,-0.06991645693778992,-0.015001718886196613,0.02028006501495838,-0.9455394744873047,0.15853221714496613,-1.9034934672282464e-17,0.14613845944404602,-0.053962592035532,-0.23353256285190582,0.21501044929027557,-0.30547896027565,-0.3445369303226471,-0.1745297908782959,-0.13978610932826996,-0.14388257265090942,-0.14068348705768585,-0.06455004215240479,0.03945433720946312,0.05538429319858551,-0.1002938449382782,0.15810300409793854,0.009811725467443466,-0.08319990336894989,0.015211989171802998
0.009348399937152863,-0.36461055278778076,1.095711350440979,0.03404293209314346,-0.09130866080522537,-0.3588242828845978,0.9283043146133423,0.0,0.0,0.010668039321899414,-0.9823266267776489,-0.026135317981243134,8.805205271728971e-19,-0.004224306903779507,-0.08508167415857315,-0.017931964248418808,0.0039520589634776115,-1.092289686203003,0.17742756009101868,-1.1033586001374362e-17,0.16404151916503906,-0.06906534731388092,-0.23788759112358093,0.22646810114383698,-0.31896549463272095,-0.3461165428161621,-0.17452985048294067,-0.14602874219417572,-0.1307024359703064,-0.14687392115592957,-0.07447495311498642,0.04452408105134964,0.08119168877601624,-0.10533014684915543,0.14191487431526184,-0.006877902429550886,-0.09624890983104706,0.017008958384394646
0.010555458255112171,-0.3410892188549042,1.0806639194488525,0.02704140916466713,-0.10051881521940231,-0.3814917504787445,0.9184926748275757,0.0,0.0,0.02017916366457939,-1.1585474014282227,-0.03486558794975281,1.0852397051278297e-17,-0.0070391204208135605,-0.10345422476530075,-0.023743897676467896,-0.03239255025982857,-1.3294601440429688,0.20400898158550262,-1.1622751182929544e-17,0.18951857089996338,-0.08926326781511307,-0.2336280792951584,0.245830237865448,-0.33827465772628784,-0.34090059995651245,-0.17452989518642426,-0.15178470313549042,-0.11389930546283722,-0.1689351499080658,-0.0975702628493309,0.05306866019964218,0.1151919737458229,-0.11161360144615173,0.11378136277198792,-0.04120178520679474,-0.12019588053226471,0.016658833250403404
0.001947429496794939,-0.31987521052360535,1.0594642162322998,0.015524966642260551,-0.111998051404953,-0.4036865830421448,0.9078835844993591,0.0,0.0,0.03737008199095726,-1.3202389478683472,-0.04538938030600548,8.032042861898106e-18,-0.0103588392958045,-0.11495545506477356,-0.029355790466070175,-0.0794842466711998,-1.5055041313171387,0.2313632369041443,-6.217889781191201e-18,0.21439874172210693,-0.09903483092784882,-0.22857478260993958,0.2779613137245178,-0.3523879647254944,-0.32440435886383057,-0.17409688234329224,-0.15043936669826508,-0.10245559364557266,-0.21612854301929474,-0.12630094587802887,0.05991404131054878,0.14825153350830078,-0.11632907390594482,0.08126653730869293,-0.09192891418933868,-0.1429653763771057,0.008911254815757275
-0.0065925405360758305,-0.2993428409099579,1.002375602722168,-0.02173185907304287,-0.12950041890144348,-0.4430466890335083,0.8868297338485718,0.0,0.0,0.06359022110700607,-1.458371639251709,-0.06381485611200333,0.0002496063825674355,-0.019137395545840263,-0.11581955850124359,-0.0408146008849144,-0.12946817278862,-1.6199877262115479,0.26820680499076843,-2.4082685246379107e-18,0.2438877373933792,-0.10035361349582672,-0.2156006395816803,0.4322495460510254,-0.36064088344573975,-0.2735905349254608,-0.16172607243061066,-0.10321639478206635,-0.15357917547225952,-0.46940261125564575,-0.08351819217205048,0.052623432129621506,0.1882433444261551,-0.12031123042106628,-0.03550218790769577,-0.3516959547996521,-0.07104562222957611,-0.007053009700030088
-0.01207754947245121,-0.28870832920074463,0.9440339803695679,-0.05309377610683441,-0.14328669011592865,-0.4763832092285156,0.8658573627471924,0.0,0.0,0.08451025187969208,-1.560007095336914,-0.07952472567558289,0.0002479709801264107,-0.02727750688791275,-0.11310969293117523,-0.04854638874530792,-0.16562648117542267,-1.6944019794464111,0.2986133098602295,1.9427753232606852e-19,0.26715677976608276,-0.09762494266033173,-0.20814308524131775,0.5555551052093506,-0.35730499029159546,-0.23492008447647095,-0.13952991366386414,-0.051111169159412384,-0.20057642459869385,-0.6998206377029419,-0.002770017832517624,0.04433184489607811,0.21889005601406097,-0.1296103298664093,-0.1299160271883011,-0.5949670672416687,0.04234389215707779,-0.0266681257635355
-0.014154619537293911,-0.2867687940597534,0.8915764689445496,-0.08111412823200226,-0.15868133306503296,-0.5055037140846252,0.8442196846008301,0.0,0.0,0.09402225911617279,-1.6351702213287354,-0.09292903542518616,0.00023180435528047383,-0.03505513072013855,-0.10871672630310059,-0.053361691534519196,-0.18325009942054749,-1.7427712678909302,0.3248266577720642,-1.8176131772092146e-18,0.2856808304786682,-0.09471254050731659,-0.20451468229293823,0.6360000371932983,-0.346697062253952,-0.20705944299697876,-0.11032725125551224,-0.00025507062673568726,-0.23213127255439758,-0.9136807918548584,0.10562057048082352,0.03881972283124924,0.2464188188314438,-0.13896459341049194,-0.19709622859954834,-0.8280878067016602,0.18663032352924347,-0.04909303039312363
-0.01395116001367569,-0.2897768020629883,0.8416958451271057,-0.10020498186349869,-0.171970933675766,-0.532505989074707,0.8226921558380127,0.0,0.0,0.09938423335552216,-1.689698338508606,-0.1051417738199234,0.00022736088430974633,-0.04371874779462814,-0.10511495918035507,-0.055714938789606094,-0.18929699063301086,-1.7742112874984741,0.3497408330440521,-2.455635574849688e-18,0.30169224739074707,-0.09649693965911865,-0.20356065034866333,0.688289999961853,-0.33039647340774536,-0.18190406262874603,-0.08041828125715256,0.04636538028717041,-0.24084767699241638,-1.1084272861480713,0.22596856951713562,0.03728362172842026,0.27350395917892456,-0.1438637524843216,-0.23418068885803223,-1.0422344207763672,0.3434422016143799,-0.07164067029953003
-0.008224451914429665,-0.29385319352149963,0.7914505004882812,-0.08609603345394135,-0.18175166845321655,-0.5810514092445374,0.7886273264884949,0.0,0.0,0.12887343764305115,-1.727189302444458,-0.1411500871181488,0.00014778465265408158,-0.09045195579528809,-0.15506498515605927,-0.05681469663977623,-0.19029560685157776,-1.7946473360061646,0.4202418625354767,-3.6356469757599124e-18,0.34657126665115356,-0.208347350358963,-0.1942179799079895,0.6604812145233154,-0.28750497102737427,-0.1144307479262352,-0.07382163405418396,0.09538085758686066,-0.0393248125910759,-1.3768621683120728,0.3643563985824585,0.05439884215593338,0.3147645592689514,-0.1077946200966835,-0.0677696093916893,-1.334829330444336,0.527737021446228,-0.09332062304019928
-0.0031177352648228407,-0.29740530252456665,0.7569782137870789,-0.07336181402206421,-0.1865609735250473,-0.6134796142578125,0.7638428211212158,0.0,0.0,0.14907726645469666,-1.7491059303283691,-0.19216929376125336,9.606010280549526e-05,-0.1657688319683075,-0.26408517360687256,-0.059621602296829224,-0.19296449422836304,-1.8079307079315186,0.5006827116012573,3.618777846825516e-11,0.40158337354660034,-0.3918394446372986,-0.17690938711166382,0.5424099564552307,-0.2536671757698059,-0.06477979570627213,-0.1015053391456604,0.10232116281986237,0.27398648858070374,-1.594221830368042,0.4194018244743347,0.07572614401578903,0.3322942852973938,-0.06177322939038277,0.23772281408309937,-1.5796754360198975,0.6113860607147217,-0.10381585359573364
-0.0007309940410777926,-0.2980496883392334,0.7280700206756592,-0.06571165472269058,-0.1797223538160324,-0.6294190883636475,0.7531358003616333,0.0,0.0,0.1646653413772583,-1.7629764080047607,-0.2426912486553192,0.000763958552852273,-0.22995653748512268,-0.35689547657966614,-0.06246579438447952,-0.2049241065979004,-1.816564917564392,0.5660830140113831,0.00043858870049007237,0.4429730772972107,-0.5387225151062012,-0.16070613265037537,0.4614912271499634,-0.2180362045764923,-0.042463622987270355,-0.12704125046730042,0.08877887576818466,0.5022852420806885,-1.7361054420471191,0.44300076365470886,0.08600646257400513,0.3325915038585663,-0.03262103721499443,0.47320157289505005,-1.73724365234375,0.6448768973350525,-0.10582447797060013
0.0006062560714781284,-0.29816508293151855,0.7056032419204712,-0.060757555067539215,-0.17271524667739868,-0.6379489302635193,0.7479966878890991,0.0,0.0,0.174576073884964,-1.7713983058929443,-0.29186737537384033,0.0029711301904171705,-0.28587377071380615,-0.43766680359840393,-0.06564252823591232,-0.2159028798341751,-1.8221771717071533,0.6202188730239868,0.0007161705289036036,0.47469979524612427,-0.6600074172019958,-0.14526057243347168,0.4022388458251953,-0.1936436891555786,-0.03094414994120598,-0.14366230368614197,0.0731840431690216,0.6666463613510132,-1.8296809196472168,0.4518226385116577,0.0911896750330925,0.33188921213150024,-0.01385105587542057,0.6466250419616699,-1.8405561447143555,0.6570814251899719,-0.1062227338552475
0.0014425109839066863,-0.2982780337333679,0.6909655332565308,-0.05739614740014076,-0.1674359291791916,-0.642566978931427,0.7455055117607117,0.0,0.0,0.1799418032169342,-1.7764447927474976,-0.3395525813102722,0.007239981554448605,-0.33541005849838257,-0.5091683268547058,-0.06928075850009918,-0.22419854998588562,-1.8258250951766968,0.6656065583229065,0.0009323816630057991,0.49929413199424744,-0.7618003487586975,-0.13059359788894653,0.35875657200813293,-0.17815549671649933,-0.024980777874588966,-0.15446600317955017,0.060054369270801544,0.7833116054534912,-1.8914620876312256,0.45359376072883606,0.09403286874294281,0.33113083243370056,-0.0008766856044530869,0.7705727815628052,-1.908630609512329,0.6603233814239502,-0.1059635728597641
0.001941499998793006,-0.2984858453273773,0.6812264919281006,-0.05490374565124512,-0.16355018317699432,-0.6449982523918152,0.7444556355476379,0.0,0.0,0.18218056857585907,-1.7798752784729004,-0.3857927918434143,0.013390199281275272,-0.37983179092407227,-0.5729547739028931,-0.07339279353618622,-0.23016615211963654,-1.8281962871551514,0.7042367458343506,0.0016546903643757105,0.5186359882354736,-0.8482537865638733,-0.11673354357481003,0.32765668630599976,-0.1685565710067749,-0.02212728187441826,-0.1614883989095688,0.04989682510495186,0.8653677105903625,-1.9323885440826416,0.45225149393081665,0.09569315612316132,0.3303786516189575,0.008400151506066322,0.8576599359512329,-1.9535181522369385,0.6601523160934448,-0.1055082157254219
0.002177927177399397,-0.298776239156723,0.674512505531311,-0.05283705145120621,-0.16049572825431824,-0.6462392210960388,0.7441936135292053,0.0,0.0,0.18237364292144775,-1.782535433769226,-0.43074584007263184,0.02128027379512787,-0.42000269889831543,-0.630008339881897,-0.07796779274940491,-0.23421145975589752,-1.8297375440597534,0.7377231121063232,0.00366800744086504,0.5341023802757263,-0.9223775267601013,-0.10367023944854736,0.30632197856903076,-0.1625787615776062,-0.020951630547642708,-0.1660529524087906,0.042438969016075134,0.9228073358535767,-1.959690809249878,0.4498237371444702,0.09669408202171326,0.3296688199043274,0.015170720405876637,0.918206512928009,-1.9832475185394287,0.6588417291641235,-0.10499916970729828
0.0022483374923467636,-0.2991589307785034,0.6698164939880371,-0.05073101818561554,-0.15791159868240356,-0.6467545628547668,0.7444453239440918,0.0,0.0,0.1817595213651657,-1.7848403453826904,-0.4746460020542145,0.030728798359632492,-0.45655739307403564,-0.680863082408905,-0.08294546604156494,-0.2370162308216095,-1.8307393789291382,0.7674448490142822,0.006634675897657871,0.5467166304588318,-0.9864187240600586,-0.09139744192361832,0.29265716671943665,-0.1592288613319397,-0.02060503140091896,-0.1690199077129364,0.03699774667620659,0.963127851486206,-1.9781944751739502,0.4471660256385803,0.09734605252742767,0.32897090911865234,0.020200006663799286,0.960237979888916,-2.0030081272125244,0.6574879288673401,-0.10487917065620422
0.002157670445740223,-0.299452543258667,0.6666498184204102,-0.0489475280046463,-0.15587536990642548,-0.6469470858573914,0.7448264956474304,0.0,0.0,0.1798141747713089,-1.786716341972351,-0.5176849365234375,0.04151148721575737,-0.4899209141731262,-0.7263871431350708,-0.08839583396911621,-0.23878039419651031,-1.8313905000686646,0.7942169904708862,0.010369486175477505,0.5571408867835999,-1.0421992540359497,-0.07980179041624069,0.2841389775276184,-0.15713642537593842,-0.02077948860824108,-0.17094844579696655,0.03314342349767685,0.9910762310028076,-1.9901325702667236,0.44491147994995117,0.0978180319070816,0.32861971855163574,0.023772750049829483,0.9890233278274536,-2.015737771987915,0.6558142900466919,-0.10498461872339249
0.0019451873376965523,-0.2997693419456482,0.6644119620323181,-0.04723142459988594,-0.15414959192276,-0.6469373106956482,0.7453048229217529,0.0,0.0,0.17769505083560944,-1.7885960340499878,-0.5601261854171753,0.05343320965766907,-0.5204647183418274,-0.7668916583061218,-0.09428445994853973,-0.24056899547576904,-1.8318138122558594,0.8187274932861328,0.014126886613667011,0.5659114122390747,-1.090946912765503,-0.06882571429014206,0.279308557510376,-0.15597686171531677,-0.021209409460425377,-0.1722019910812378,0.030416380614042282,1.0108494758605957,-1.9982935190200806,0.44295114278793335,0.09765101969242096,0.32849740982055664,0.02632157690823078,1.0091084241867065,-2.0238873958587646,0.6544402241706848,-0.10571535676717758
0.0016572324093431234,-0.3000466525554657,0.662701427936554,-0.045590758323669434,-0.15268054604530334,-0.6467685103416443,0.7458556890487671,0.0,0.0,0.17546865344047546,-1.7904503345489502,-0.6022181510925293,0.06636952608823776,-0.5484665632247925,-0.8027976751327515,-0.10062117129564285,-0.24236157536506653,-1.8320889472961426,0.8413853645324707,0.01761140301823616,0.5733698606491089,-1.133676290512085,-0.058388788253068924,0.27707862854003906,-0.15550833940505981,-0.021822774782776833,-0.17301678657531738,0.028401844203472137,1.0251500606536865,-2.0041489601135254,0.44167929887771606,0.09719443321228027,0.3286643922328949,0.028218593448400497,1.0233118534088135,-2.029550552368164,0.6533227562904358,-0.10641643404960632
0.00132531498093158,-0.30029261112213135,0.661361038684845,-0.0440656952559948,-0.15138569474220276,-0.6464674472808838,0.7464720010757446,0.0,0.0,0.17303875088691711,-1.792144775390625,-0.644153892993927,0.08014120906591415,-0.5741509795188904,-0.834524393081665,-0.10741875320672989,-0.2441885620355606,-1.8322677612304688,0.8624329566955566,0.021033845841884613,0.5797357559204102,-1.1711682081222534,-0.04840563237667084,0.2765464186668396,-0.15544985234737396,-0.022630687803030014,-0.17354640364646912,0.02692427858710289,1.0355029106140137,-2.0085926055908203,0.4409891963005066,0.09651581197977066,0.3287789225578308,0.02964209020137787,1.0335979461669922,-2.033485174179077,0.6522408723831177,-0.10712487995624542
0.0009742918191477656,-0.3005252778530121,0.6602380871772766,-0.042599428445100784,-0.15009762346744537,-0.6461388468742371,0.7471014261245728,0.0,0.0,0.1702735275030136,-1.7938854694366455,-0.6860685348510742,0.09427829086780548,-0.5977348685264587,-0.8625198602676392,-0.11467662453651428,-0.24587681889533997,-1.8323839902877808,0.8821269869804382,0.024757537990808487,0.5851571559906006,-1.2040209770202637,-0.03881804272532463,0.2771870791912079,-0.15556098520755768,-0.023567311465740204,-0.17389065027236938,0.02564213052392006,1.0435291528701782,-2.0121500492095947,0.44059082865715027,0.09566716104745865,0.3291773200035095,0.03080984205007553,1.0412542819976807,-2.036463737487793,0.6514821648597717,-0.10781688243150711
0.0006296964129433036,-0.30068376660346985,0.6594290733337402,-0.041365787386894226,-0.1489984095096588,-0.6457787156105042,0.7477019429206848,0.0,0.0,0.1668059378862381,-1.7953612804412842,-0.7280014753341675,0.10843522101640701,-0.6194196939468384,-0.8872971534729004,-0.12239803373813629,-0.2468627542257309,-1.832459568977356,0.9007425904273987,0.02856234833598137,0.5897729396820068,-1.2329055070877075,-0.029560882598161697,0.2782420516014099,-0.15575489401817322,-0.024593448266386986,-0.1741144210100174,0.024546895176172256,1.0492101907730103,-2.0147013664245605,0.440360963344574,0.0948965847492218,0.3294781744480133,0.03160196170210838,1.0466442108154297,-2.038321018218994,0.6508054733276367,-0.10838749259710312
0.00030361898825503886,-0.3008289337158203,0.6589145064353943,-0.040278054773807526,-0.14795365929603577,-0.6454086303710938,0.7482881546020508,0.0,0.0,0.1628287434577942,-1.7966043949127197,-0.7699968814849854,0.12242598831653595,-0.6393803358078003,-0.909207820892334,-0.13057281076908112,-0.24730223417282104,-1.8325086832046509,0.9185373783111572,0.032660748809576035,0.5936800241470337,-1.2582756280899048,-0.02058844268321991,0.27958565950393677,-0.15593799948692322,-0.025653693825006485,-0.17425987124443054,0.023655857890844345,1.053213357925415,-2.01639986038208,0.44019848108291626,0.09419843554496765,0.3297398090362549,0.032093048095703125,1.050411343574524,-2.0393121242523193,0.650255560874939,-0.10894421488046646
-3.6517158150672913e-06,-0.300956666469574,0.6586312651634216,-0.039272524416446686,-0.1469440758228302,-0.6450402140617371,0.7488579154014587,0.0,0.0,0.15829028189182281,-1.7973849773406982,-0.8120501041412354,0.1362532377243042,-0.6577470302581787,-0.9285110831260681,-0.1391962319612503,-0.2471567690372467,-1.8325406312942505,0.9357665181159973,0.03703545033931732,0.5969743728637695,-1.2805454730987549,-0.011862862855196,0.28119096159935,-0.1561432182788849,-0.026717504486441612,-0.1743544042110443,0.022864414379000664,1.0559685230255127,-2.0173826217651367,0.4400777816772461,0.0937095433473587,0.3299984335899353,0.03243669867515564,1.0530474185943604,-2.0396602153778076,0.6497687101364136,-0.10962168872356415
-0.0003004145692102611,-0.30106082558631897,0.6585087776184082,-0.0383659265935421,-0.1459706425666809,-0.6447054743766785,0.7493833899497986,0.0,0.0,0.15338316559791565,-1.7977198362350464,-0.8541968464851379,0.14993785321712494,-0.6746534109115601,-0.9454891681671143,-0.14825834333896637,-0.2463807314634323,-1.8325613737106323,0.9526478052139282,0.041871752589941025,0.5997226238250732,-1.3000504970550537,-0.003345032688230276,0.28292208909988403,-0.1562991738319397,-0.027784036472439766,-0.17441585659980774,0.022305553779006004,1.057770013809204,-2.0179314613342285,0.43996042013168335,0.0933733731508255,0.33022767305374146,0.0326046422123909,1.054821252822876,-2.039639711380005,0.6493167877197266,-0.1101367324590683
-0.0005877020303159952,-0.3011743128299713,0.6584900617599487,-0.037487857043743134,-0.14497749507427216,-0.6444053649902344,0.7498785853385925,0.0,0.0,0.1482636034488678,-1.7976378202438354,-0.8964501619338989,0.16349351406097412,-0.6902021169662476,-0.9602988958358765,-0.15774713456630707,-0.24524769186973572,-1.8325748443603516,0.9694223403930664,0.04737049713730812,0.6019850969314575,-1.317036509513855,0.0050008357502520084,0.2847912311553955,-0.15643370151519775,-0.02881292998790741,-0.17445579171180725,0.02180537022650242,1.05916428565979,-2.0180959701538086,0.43983763456344604,0.09312192350625992,0.33059555292129517,0.03266973793506622,1.0560271739959717,-2.039386510848999,0.6489207744598389,-0.11065544188022614
-0.0008866300340741873,-0.30133503675460815,0.6585294604301453,-0.036461226642131805,-0.1439078450202942,-0.6441471576690674,0.750356912612915,0.0,0.0,0.1431005597114563,-1.797133207321167,-0.9387946128845215,0.17683815956115723,-0.7044937610626221,-0.9729799628257751,-0.16764044761657715,-0.24396777153015137,-1.8325835466384888,0.9864076375961304,0.053015366196632385,0.6038528680801392,-1.3317034244537354,0.013197312131524086,0.2869921922683716,-0.15663796663284302,-0.02969793975353241,-0.17448174953460693,0.021340861916542053,1.060444712638855,-2.018063545227051,0.439627468585968,0.09285867214202881,0.3309832811355591,0.032773591578006744,1.0569736957550049,-2.038980007171631,0.6486285924911499,-0.11132757365703583
-0.0011738456087186933,-0.30149731040000916,0.6586319804191589,-0.03540096804499626,-0.14281286299228668,-0.6438743472099304,0.7508509159088135,0.0,0.0,0.1380365788936615,-1.7960927486419678,-0.9812448024749756,0.19013278186321259,-0.7176095843315125,-0.9836541414260864,-0.17793123424053192,-0.24260061979293823,-1.8325892686843872,1.0037624835968018,0.05909174680709839,0.6053742170333862,-1.3442542552947998,0.021278217434883118,0.289366751909256,-0.15689006447792053,-0.030542440712451935,-0.17449863255023956,0.020903974771499634,1.061549186706543,-2.0177369117736816,0.4394596815109253,0.09264381229877472,0.3314044177532196,0.0329861119389534,1.0578670501708984,-2.0383670330047607,0.6483275294303894,-0.11198192089796066
-0.001450150040909648,-0.3016524612903595,0.6587042212486267,-0.034312330186367035,-0.14175039529800415,-0.643571138381958,0.7513625621795654,0.0,0.0,0.13305893540382385,-1.7945683002471924,-1.0237935781478882,0.20326314866542816,-0.7296457290649414,-0.9924403429031372,-0.18860578536987305,-0.241065114736557,-1.8325929641723633,1.021737813949585,0.06546743959188461,0.6066160202026367,-1.3548864126205444,0.029266852885484695,0.29194191098213196,-0.1572502702474594,-0.03134952485561371,-0.17450961470603943,0.020501023158431053,1.0624382495880127,-2.0174474716186523,0.43939071893692017,0.09237216413021088,0.3317814767360687,0.03314374014735222,1.058589220046997,-2.037775993347168,0.648012101650238,-0.11275405436754227
-0.0017050274182111025,-0.3017364740371704,0.6588827967643738,-0.033396050333976746,-0.1407730132341385,-0.6432660222053528,0.7518486976623535,0.0,0.0,0.12764659523963928,-1.79243004322052,-1.0663926601409912,0.21620498597621918,-0.7406765222549438,-0.9996217489242554,-0.19967186450958252,-0.2386302649974823,-1.8325953483581543,1.0404341220855713,0.0722910538315773,0.6076065301895142,-1.3638149499893188,0.03720162808895111,0.29421085119247437,-0.15753328800201416,-0.03217201679944992,-0.1745167374610901,0.020081087946891785,1.0628540515899658,-2.0169289112091064,0.43940985202789307,0.09215940535068512,0.332122266292572,0.03324602544307709,1.0591013431549072,-2.03696608543396,0.6476969718933105,-0.11341527104377747
-0.0019560004584491253,-0.3018037974834442,0.6592574715614319,-0.032760992646217346,-0.1397145539522171,-0.643107533454895,0.7522095441818237,0.0,0.0,0.12180668115615845,-1.789937973022461,-1.1090292930603027,0.22891724109649658,-0.7507894039154053,-1.0054855346679688,-0.2111303061246872,-0.23554998636245728,-1.8325968980789185,1.0600967407226562,0.08020089566707611,0.6083604693412781,-1.3711590766906738,0.04510967805981636,0.2962228059768677,-0.15707987546920776,-0.03294564038515091,-0.17452137172222137,0.01995447650551796,1.0627269744873047,-2.016087055206299,0.43944957852363586,0.09198758006095886,0.33219608664512634,0.03325290605425835,1.0589568614959717,-2.0359649658203125,0.6472042202949524,-0.11409895122051239
-0.002189750550314784,-0.30184251070022583,0.6597463488578796,-0.03226696699857712,-0.13873839378356934,-0.6429073810577393,0.7525826096534729,0.0,0.0,0.11580759286880493,-1.7869141101837158,-1.151666522026062,0.24144285917282104,-0.7600499987602234,-1.0101368427276611,-0.22295916080474854,-0.23164987564086914,-1.8325979709625244,1.0810678005218506,0.0894806906580925,0.6089062094688416,-1.3770592212677002,0.05302398279309273,0.2979133129119873,-0.15655159950256348,-0.03368139639496803,-0.17452439665794373,0.01969476416707039,1.0621752738952637,-2.0149128437042236,0.4392855763435364,0.09190259873867035,0.33230358362197876,0.03320193290710449,1.058441400527954,-2.0345659255981445,0.6468005776405334,-0.11461174488067627
-0.0024144635535776615,-0.30184441804885864,0.6601575016975403,-0.03180862218141556,-0.13783274590969086,-0.6426891684532166,0.75295490026474,0.0,0.0,0.1097235158085823,-1.7832200527191162,-1.194200038909912,0.25378096103668213,-0.7685114145278931,-1.013664960861206,-0.23514124751091003,-0.22667117416858673,-1.8325986862182617,1.1037858724594116,0.10023084282875061,0.6092713475227356,-1.3815970420837402,0.06098112463951111,0.2993500530719757,-0.1561218798160553,-0.03434694558382034,-0.1745263636112213,0.019236039370298386,1.0618185997009277,-2.014045476913452,0.4392874240875244,0.09178626537322998,0.33245325088500977,0.033041998744010925,1.0581066608428955,-2.033395767211914,0.6466784477233887,-0.11483218520879745
-0.002621039282530546,-0.301887184381485,0.6606099605560303,-0.031327202916145325,-0.13684073090553284,-0.6425663232803345,0.7532607913017273,0.0,0.0,0.10373318195343018,-1.7792890071868896,-1.2366567850112915,0.26598596572875977,-0.7762218713760376,-1.016148567199707,-0.247665673494339,-0.220851331949234,-1.8325990438461304,1.1287156343460083,0.11319553852081299,0.6094533205032349,-1.3847899436950684,0.0690167099237442,0.3007687032222748,-0.1554551124572754,-0.03490355983376503,-0.1745276302099228,0.018853116780519485,1.0616741180419922,-2.0131382942199707,0.4392472505569458,0.09174355864524841,0.332468181848526,0.03294691815972328,1.057877779006958,-2.032050848007202,0.6463636755943298,-0.11507517844438553
-0.0027759980875998735,-0.30194294452667236,0.6611613035202026,-0.03069767914712429,-0.1357884407043457,-0.642464816570282,0.753563642501831,0.0,0.0,0.09792400896549225,-1.774827241897583,-1.2789280414581299,0.2779909372329712,-0.7832263708114624,-1.0176304578781128,-0.2605125904083252,-0.21371164917945862,-1.8325992822647095,1.1564788818359375,0.12862847745418549,0.6094724535942078,-1.3866925239562988,0.07716278731822968,0.30227428674697876,-0.1548888385295868,-0.035332582890987396,-0.17452844977378845,0.018311701714992523,1.061579942703247,-2.0119290351867676,0.43897053599357605,0.091779425740242,0.33234739303588867,0.03292915225028992,1.057729721069336,-2.0303351879119873,0.6459635496139526,-0.11510592699050903
-0.0028687473386526108,-0.30200546979904175,0.6618363857269287,-0.029855940490961075,-0.13468164205551147,-0.6423577070236206,0.7538872957229614,0.0,0.0,0.09256929904222488,-1.7697402238845825,-1.3209073543548584,0.2898227870464325,-0.7895582914352417,-1.0181243419647217,-0.27367204427719116,-0.2049662172794342,-1.8325995206832886,1.1878161430358887,0.147012859582901,0.6093419790267944,-1.3873157501220703,0.0854567140340805,0.3039360046386719,-0.15464963018894196,-0.03559897467494011,-0.17452898621559143,0.017735645174980164,1.0613257884979248,-2.0104403495788574,0.4385964274406433,0.09200726449489594,0.33213791251182556,0.03291681781411171,1.0576859712600708,-2.028456926345825,0.6454329490661621,-0.11500100791454315
-0.002869298914447427,-0.3021388649940491,0.6624954342842102,-0.028691790997982025,-0.13324576616287231,-0.6423214673995972,0.7542184591293335,0.0,0.0,0.08776769042015076,-1.764384388923645,-1.362605094909668,0.30136996507644653,-0.7952628135681152,-1.017654538154602,-0.2871193587779999,-0.19457849860191345,-1.8325996398925781,1.2234309911727905,0.16937333345413208,0.6090288162231445,-1.386629581451416,0.09393784403800964,0.3063091039657593,-0.1544765681028366,-0.035696376115083694,-0.17452934384346008,0.017168233171105385,1.0613945722579956,-2.0090491771698,0.4381861686706543,0.09212768822908401,0.3319147825241089,0.03308334946632385,1.0579893589019775,-2.026707649230957,0.6448333263397217,-0.11487558484077454
-0.0027735347393900156,-0.302266389131546,0.6630575060844421,-0.027332229539752007,-0.13148289918899536,-0.6424492001533508,0.7544695138931274,0.0,0.0,0.08319215476512909,-1.7586216926574707,-1.4039790630340576,0.3127661943435669,-0.8003571033477783,-1.0163562297821045,-0.30084550380706787,-0.18189243972301483,-1.8325997591018677,1.264053225517273,0.19669899344444275,0.6084773540496826,-1.384637475013733,0.1026628389954567,0.3091697096824646,-0.15414951741695404,-0.035586755722761154,-0.174529567360878,0.01653202995657921,1.062097191810608,-2.008037567138672,0.4379280209541321,0.0920257419347763,0.3317146599292755,0.03360278904438019,1.0589492321014404,-2.025376319885254,0.6444683074951172,-0.11443927884101868
-0.0024571402464061975,-0.30241864919662476,0.663611114025116,-0.025620361790060997,-0.12940946221351624,-0.6424750685691833,0.7548660039901733,0.0,0.0,0.07936340570449829,-1.7521225214004517,-1.4449777603149414,0.3243473172187805,-0.8048608303070068,-1.0143697261810303,-0.31482380628585815,-0.16631799936294556,-1.8325997591018677,1.3097652196884155,0.23053960502147675,0.6075944304466248,-1.3814983367919922,0.11167456209659576,0.31284838914871216,-0.1542036533355713,-0.03551758825778961,-0.17452971637248993,0.015996303409337997,1.0628401041030884,-2.006988525390625,0.4376504719257355,0.09224876761436462,0.3311852216720581,0.034120529890060425,1.0602463483810425,-2.024172782897949,0.6439276933670044,-0.11393117904663086
-0.001870561740361154,-0.302554726600647,0.6641058325767517,-0.023708704859018326,-0.1268833428621292,-0.6424819827079773,0.755351185798645,0.0,0.0,0.07548035681247711,-1.7449054718017578,-1.4856762886047363,0.33649110794067383,-0.8087656497955322,-1.0120234489440918,-0.3290516138076782,-0.1473495364189148,-1.8325997591018677,1.3596985340118408,0.27197620272636414,0.6062151193618774,-1.377483606338501,0.12102046608924866,0.3174111247062683,-0.1543508768081665,-0.03568880259990692,-0.1745298206806183,0.015495860949158669,1.06376051902771,-2.0058846473693848,0.4373360276222229,0.09287407994270325,0.3306516408920288,0.034764617681503296,1.0619964599609375,-2.0232670307159424,0.6434624791145325,-0.11309415102005005
-0.0009475980186834931,-0.302725613117218,0.6646071672439575,-0.021429048851132393,-0.1238262727856636,-0.642346978187561,0.7560411691665649,0.0,0.0,0.07157880067825317,-1.7367029190063477,-1.526118516921997,0.34975528717041016,-0.8120458722114563,-1.0095607042312622,-0.34351009130477905,-0.1251048892736435,-1.8325997591018677,1.4116051197052002,0.3210119307041168,0.6041797399520874,-1.3730207681655884,0.13070902228355408,0.3230353891849518,-0.15496456623077393,-0.03634632006287575,-0.17452988028526306,0.014972399920225143,1.064713954925537,-2.004624128341675,0.4368610382080078,0.09403690695762634,0.33011510968208313,0.03558600693941116,1.0642950534820557,-2.02266263961792,0.6430663466453552,-0.11185210943222046
0.00026854348834604025,-0.30297115445137024,0.6650575399398804,-0.018829524517059326,-0.12004243582487106,-0.6421356201171875,0.7568995952606201,0.0,0.0,0.06745831668376923,-1.7277071475982666,-1.566401720046997,0.3645215928554535,-0.8146791458129883,-1.007198691368103,-0.35818397998809814,-0.10050629079341888,-1.8325997591018677,1.4619661569595337,0.37589094042778015,0.6013742685317993,-1.3685898780822754,0.14070239663124084,0.3299570381641388,-0.1556495875120163,-0.03750680759549141,-0.17452991008758545,0.014708197675645351,1.065824031829834,-2.003460168838501,0.43636152148246765,0.09572452306747437,0.3297045826911926,0.036435045301914215,1.06704843044281,-2.0226001739501953,0.6427120566368103,-0.11044219136238098
0.0016436673467978835,-0.3033117949962616,0.6653850078582764,-0.015988409519195557,-0.11558865010738373,-0.6420199871063232,0.7577558755874634,0.0,0.0,0.06337329000234604,-1.7182016372680664,-1.6066206693649292,0.38097965717315674,-0.8166499137878418,-1.0050146579742432,-0.3730418384075165,-0.07523027807474136,-1.8325169086456299,1.5078332424163818,0.43383538722991943,0.5977306365966797,-1.3646202087402344,0.15092846751213074,0.3380661904811859,-0.1560177206993103,-0.03882152959704399,-0.17452993988990784,0.01468571461737156,1.0671746730804443,-2.0027544498443604,0.4358682334423065,0.09760917723178864,0.3295021951198578,0.037344031035900116,1.0699933767318726,-2.0231120586395264,0.6425822377204895,-0.10911615192890167
0.002821058500558138,-0.30371740460395813,0.6656115055084229,-0.013209029100835323,-0.11076588183641434,-0.6423879265785217,0.7582178115844727,0.0,0.0,0.05940435081720352,-1.7089507579803467,-1.6468985080718994,0.3989495635032654,-0.8179789185523987,-1.002974033355713,-0.38807016611099243,-0.05031950771808624,-1.830620288848877,1.5494152307510376,0.4920084476470947,0.5934147834777832,-1.3610488176345825,0.16127997636795044,0.3467560410499573,-0.1551685482263565,-0.03956163302063942,-0.17452995479106903,0.014841403812170029,1.068800926208496,-2.002546787261963,0.4354938566684723,0.09921061992645264,0.3295286297798157,0.038374342024326324,1.0727226734161377,-2.0239336490631104,0.6426764130592346,-0.10811959207057953
0.0035524475388228893,-0.30419009923934937,0.6657828688621521,-0.010701235383749008,-0.10577596724033356,-0.6434339284896851,0.758082926273346,0.0,0.0,0.05561249703168869,-1.7004647254943848,-1.6872645616531372,0.41798511147499084,-0.8187137842178345,-1.001017451286316,-0.40325838327407837,-0.026718683540821075,-1.8253166675567627,1.5883152484893799,0.5484559535980225,0.5886417627334595,-1.3575669527053833,0.17168575525283813,0.3556225299835205,-0.1524519920349121,-0.039349883794784546,-0.17452996969223022,0.015094487927854061,1.070579171180725,-2.0028512477874756,0.4352878928184509,0.10011908411979675,0.3297056555747986,0.03937152028083801,1.0748358964920044,-2.024700164794922,0.6429105997085571,-0.10756222158670425
0.003985888324677944,-0.3047349452972412,0.6660665273666382,-0.00828313548117876,-0.1007700115442276,-0.6449378132820129,0.7575169801712036,0.0,0.0,0.05197269469499588,-1.692300796508789,-1.7274909019470215,0.43712687492370605,-0.8189287185668945,-0.9990736842155457,-0.4185670018196106,-0.004302597604691982,-1.8170138597488403,1.6255552768707275,0.6014909148216248,0.5835849642753601,-1.3540188074111938,0.18209043145179749,0.36476704478263855,-0.14858409762382507,-0.038199666887521744,-0.17452996969223022,0.015322043560445309,1.0718510150909424,-2.0028798580169678,0.43492937088012695,0.10116125643253326,0.32987159490585327,0.04008294641971588,1.0757791996002197,-2.024684429168701,0.6428955793380737,-0.10760027170181274
0.004215001594275236,-0.3052975833415985,0.6660507917404175,-0.005972642917186022,-0.09569742530584335,-0.6467226147651672,0.7566744685173035,0.0,0.0,0.048925574868917465,-1.684279441833496,-1.7672300338745117,0.45585525035858154,-0.8186647891998291,-0.9970783591270447,-0.43395668268203735,0.015743829309940338,-1.8068203926086426,1.6612720489501953,0.6501312255859375,0.578321099281311,-1.3503384590148926,0.19248080253601074,0.37421655654907227,-0.14398729801177979,-0.036490969359874725,-0.17452996969223022,0.01554691419005394,1.0733938217163086,-2.0038955211639404,0.4349291920661926,0.10179466754198074,0.33029383420944214,0.04050556942820549,1.0764894485473633,-2.0252809524536133,0.6432365775108337,-0.1080871969461441
0.004292874597012997,-0.30579715967178345,0.6658104658126831,-0.0039493730291724205,-0.09087558090686798,-0.6485890746116638,0.7556838989257812,0.0,0.0,0.046469081193208694,-1.676302194595337,-1.8062548637390137,0.4742284417152405,-0.817929208278656,-0.9950677752494812,-0.44941791892051697,0.0333455428481102,-1.7952880859375,1.695174217224121,0.6939491629600525,0.5728999376296997,-1.3465540409088135,0.20285901427268982,0.38317999243736267,-0.1390535533428192,-0.03456722944974899,-0.17452996969223022,0.015555322170257568,1.0750606060028076,-2.0055837631225586,0.43521445989608765,0.10221637785434723,0.33088773488998413,0.04081176593899727,1.0769577026367188,-2.026310682296753,0.6439958214759827,-0.10856471955776215
0.0043080952018499374,-0.3062475919723511,0.6653103828430176,-0.002189355669543147,-0.08640652149915695,-0.6503099799156189,0.7547358274459839,0.0,0.0,0.04468647390604019,-1.6682045459747314,-1.8442730903625488,0.49188196659088135,-0.8167561292648315,-0.9930291771888733,-0.464918315410614,0.04847586154937744,-1.783172845840454,1.7269511222839355,0.7329501509666443,0.5673518776893616,-1.3426859378814697,0.21323028206825256,0.3914347290992737,-0.13424085080623627,-0.0327710285782814,-0.17452996969223022,0.01530090719461441,1.0769193172454834,-2.008066177368164,0.4357264041900635,0.10232830047607422,0.33150795102119446,0.040862422436475754,1.0775532722473145,-2.0276038646698,0.6449912786483765,-0.10894683003425598
0.004296416416764259,-0.30665719509124756,0.6646654009819031,-0.0006747896550223231,-0.08225829154253006,-0.6518665552139282,0.7538588047027588,0.0,0.0,0.04349030554294586,-1.6599922180175781,-1.8810944557189941,0.508560836315155,-0.8151843547821045,-0.9909621477127075,-0.4804338216781616,0.060962677001953125,-1.7711572647094727,1.7564897537231445,0.7671526670455933,0.5617136359214783,-1.3387713432312012,0.22358712553977966,0.3989475965499878,-0.1295757293701172,-0.031223256140947342,-0.17452996969223022,0.014761226251721382,1.0787875652313232,-2.011082172393799,0.43633073568344116,0.10208941251039505,0.3321150541305542,0.04085277020931244,1.0780162811279297,-2.029008626937866,0.6461409330368042,-0.10915166884660721
0.004264478106051683,-0.3070269525051117,0.6639783382415771,0.0005683649214915931,-0.07845278084278107,-0.6532531976699829,0.7530638575553894,0.0,0.0,0.042700186371803284,-1.6517174243927002,-1.9165087938308716,0.5240737199783325,-0.8132498264312744,-0.9889024496078491,-0.4959494471549988,0.07117480039596558,-1.7594223022460938,1.7834935188293457,0.7963193655014038,0.5560311675071716,-1.334890365600586,0.2339080274105072,0.4058377146720886,-0.12500622868537903,-0.02995346486568451,-0.17452996969223022,0.014061078429222107,1.080286979675293,-2.0142569541931152,0.4370991587638855,0.10172849148511887,0.33252325654029846,0.04082249104976654,1.0780421495437622,-2.030093193054199,0.6471720933914185,-0.10922345519065857
0.004249449819326401,-0.30737176537513733,0.6631747484207153,0.0017097879899665713,-0.0748785212635994,-0.6544331908226013,0.7524011731147766,0.0,0.0,0.042627934366464615,-1.6435226202011108,-1.9502296447753906,0.537952721118927,-0.8110051155090332,-0.9868075847625732,-0.511430561542511,0.07877102494239807,-1.748549222946167,1.8078200817108154,0.8205355405807495,0.550342321395874,-1.331080675125122,0.2441687285900116,0.4122331738471985,-0.12076075375080109,-0.029019687324762344,-0.17452996969223022,0.0133498664945364,1.0817285776138306,-2.0180952548980713,0.4381881356239319,0.1010492667555809,0.3328688144683838,0.04071096330881119,1.078015923500061,-2.0314016342163086,0.6483163237571716,-0.1094890907406807
0.004258282482624054,-0.3076503872871399,0.6622311472892761,0.00267978198826313,-0.07172396779060364,-0.6553971171379089,0.7518664598464966,0.0,0.0,0.043209537863731384,-1.6354032754898071,-1.982132911682129,0.5501896142959595,-0.8084806203842163,-0.9846956729888916,-0.5268606543540955,0.08445575833320618,-1.7386670112609863,1.829716444015503,0.8404510617256165,0.5446780920028687,-1.327368974685669,0.25435492396354675,0.4178514778614044,-0.11701634526252747,-0.028330665081739426,-0.17452996969223022,0.012508844025433064,1.082974910736084,-2.022526741027832,0.43929967284202576,0.10013244301080704,0.333240270614624,0.04070568084716797,1.0778595209121704,-2.032654285430908,0.6497200727462769,-0.10962390899658203
0.004296679049730301,-0.30788397789001465,0.6611350774765015,0.0034994399175047874,-0.06900668144226074,-0.6561580300331116,0.7514536380767822,0.0,0.0,0.04469669982790947,-1.6274747848510742,-2.012172222137451,0.5608623027801514,-0.8057132363319397,-0.9825676083564758,-0.5422196388244629,0.0884169340133667,-1.7297823429107666,1.8494499921798706,0.8566639423370361,0.5390661954879761,-1.3237699270248413,0.2644518315792084,0.4229270815849304,-0.11369651556015015,-0.027842078357934952,-0.17452996969223022,0.011723903007805347,1.0837007761001587,-2.027686595916748,0.44059836864471436,0.09897178411483765,0.33342471718788147,0.04071418568491936,1.0771182775497437,-2.0337347984313965,0.6510523557662964,-0.10997197777032852
0.004355526529252529,-0.3080461323261261,0.6600883603096008,0.004086524713784456,-0.06677035987377167,-0.6567664742469788,0.7511210441589355,0.0,0.0,0.04652821272611618,-1.6196002960205078,-2.040248155593872,0.5698968172073364,-0.8027231097221375,-0.9804694652557373,-0.5575113296508789,0.09135358035564423,-1.7218092679977417,1.867195725440979,0.8699363470077515,0.5335143804550171,-1.3202911615371704,0.2744605839252472,0.4273029565811157,-0.11074622720479965,-0.02751125767827034,-0.17452996969223022,0.010941489599645138,1.083592414855957,-2.033111572265625,0.4420226216316223,0.09782420098781586,0.3335167169570923,0.040652621537446976,1.075748085975647,-2.034440040588379,0.652336061000824,-0.11039990186691284
0.004436951596289873,-0.308167040348053,0.6600804328918457,0.004531420301645994,-0.06491103023290634,-0.6572566628456116,0.750852644443512,0.0,0.0,0.04882436990737915,-1.6120109558105469,-2.06626033782959,0.5773653388023376,-0.799522876739502,-0.9783927202224731,-0.5727301239967346,0.09344935417175293,-1.7149126529693604,1.883091926574707,0.8808131814002991,0.5280221700668335,-1.3169217109680176,0.28438568115234375,0.43107932806015015,-0.1081266701221466,-0.02732885256409645,-0.17452996969223022,0.010331613011658192,1.0830037593841553,-2.0391130447387695,0.44381779432296753,0.09651229530572891,0.3335675299167633,0.040453724563121796,1.0741215944290161,-2.035043478012085,0.6536850333213806,-0.11104664206504822
0.0045149726793169975,-0.30826038122177124,0.6600632667541504,0.004821037873625755,-0.06333869695663452,-0.6576961278915405,0.7506002187728882,0.0,0.0,0.051421552896499634,-1.6051334142684937,-2.0903615951538086,0.5836200714111328,-0.7961268424987793,-0.9763553142547607,-0.587873101234436,0.09483436495065689,-1.7090884447097778,1.8972080945968628,0.8895385265350342,0.5225924849510193,-1.3136651515960693,0.29422733187675476,0.43429630994796753,-0.10566328465938568,-0.02729671262204647,-0.17452996969223022,0.009972400963306427,1.0819616317749023,-2.045673131942749,0.44592851400375366,0.09505900740623474,0.3335992693901062,0.04009255766868591,1.0724204778671265,-2.0355372428894043,0.6550296545028687,-0.11186099052429199
0.004601876717060804,-0.30836397409439087,0.6600472331047058,0.005172631237655878,-0.062006354331970215,-0.658046305179596,0.7504022121429443,0.0,0.0,0.054642364382743835,-1.5988507270812988,-2.1124298572540283,0.5882818102836609,-0.7925843596458435,-0.9743210673332214,-0.6029160618782043,0.0952710434794426,-1.7041442394256592,1.909498929977417,0.8962423801422119,0.5172498226165771,-1.3105311393737793,0.30396199226379395,0.43733060359954834,-0.1036791130900383,-0.027365203946828842,-0.17452996969223022,0.009883584454655647,1.0802569389343262,-2.0521953105926514,0.44830429553985596,0.09369371831417084,0.33353883028030396,0.039630718529224396,1.0706170797348022,-2.0359225273132324,0.6562401652336121,-0.11291912198066711
0.004696696996688843,-0.30844393372535706,0.6600807309150696,0.005585524253547192,-0.060924921184778214,-0.6583439111709595,0.7502268552780151,0.0,0.0,0.05793222784996033,-1.5932868719100952,-2.132640838623047,0.5913004875183105,-0.7889323234558105,-0.9722924828529358,-0.6178584098815918,0.09522783756256104,-1.7000885009765625,1.9202330112457275,0.9012616872787476,0.5120094418525696,-1.3075182437896729,0.3135822117328644,0.4399595260620117,-0.1022283136844635,-0.027481691911816597,-0.17452996969223022,0.009988930076360703,1.0779922008514404,-2.0582435131073,0.4511415362358093,0.09225635975599289,0.33345991373062134,0.039111003279685974,1.0690209865570068,-2.0360476970672607,0.6573253870010376,-0.11420940607786179
0.004776994232088327,-0.30848538875579834,0.6601604223251343,0.005853487644344568,-0.060166388750076294,-0.6586402654647827,0.7500258088111877,0.0,0.0,0.06108865514397621,-1.5882498025894165,-2.1511356830596924,0.5932793021202087,-0.7851606607437134,-0.9703229069709778,-0.6327179074287415,0.09478762745857239,-1.6967096328735352,1.9296287298202515,0.9052406549453735,0.5068668127059937,-1.3046103715896606,0.32309582829475403,0.44184190034866333,-0.10099312663078308,-0.027558641508221626,-0.17452996969223022,0.010323300026357174,1.0752382278442383,-2.0634000301361084,0.45420512557029724,0.09081355482339859,0.3333525061607361,0.038581423461437225,1.0675842761993408,-2.0359182357788086,0.6583424806594849,-0.11548206210136414
0.0048607210628688335,-0.3085554540157318,0.6601570844650269,0.00629072543233633,-0.05955285206437111,-0.6588028073310852,0.7499284744262695,0.0,0.0,0.06431958079338074,-1.5838963985443115,-2.16811203956604,0.5939682126045227,-0.7813321948051453,-0.9683446288108826,-0.6474589705467224,0.09409340471029282,-1.6938631534576416,1.937840461730957,0.9081460237503052,0.5018448233604431,-1.3018125295639038,0.33248573541641235,0.44351524114608765,-0.10031003504991531,-0.027641326189041138,-0.17452996969223022,0.01076395995914936,1.0724984407424927,-2.068147659301758,0.45782387256622314,0.08924361318349838,0.33318644762039185,0.03807217627763748,1.0668938159942627,-2.0358848571777344,0.659098744392395,-0.11685226112604141
0.004908670671284199,-0.3085951805114746,0.6601113677024841,0.006603721994906664,-0.059144001454114914,-0.6588770747184753,0.7498928904533386,0.0,0.0,0.06736551970243454,-1.58005952835083,-2.183713912963867,0.5937584638595581,-0.7774554491043091,-0.9664362668991089,-0.6620899438858032,0.09326252341270447,-1.6913416385650635,1.944796085357666,0.9101903438568115,0.49693751335144043,-1.2991329431533813,0.34175732731819153,0.44466063380241394,-0.09979985654354095,-0.027732405811548233,-0.17452996969223022,0.011343009769916534,1.0694339275360107,-2.0720887184143066,0.4618953466415405,0.08792860805988312,0.33290523290634155,0.03740188851952553,1.0666342973709106,-2.0358357429504395,0.6595116853713989,-0.11808991432189941
0.00495776254683733,-0.30859336256980896,0.6601914763450623,0.006713293958455324,-0.05908055976033211,-0.6588200330734253,0.7499471306800842,0.0,0.0,0.0696459412574768,-1.5763635635375977,-2.1980512142181396,0.5929884910583496,-0.7735028862953186,-0.9646360874176025,-0.6766393780708313,0.09317471086978912,-1.6893141269683838,1.9509109258651733,0.9124640226364136,0.49210768938064575,-1.2965245246887207,0.35095319151878357,0.4448508322238922,-0.09949523955583572,-0.027699485421180725,-0.17452996969223022,0.011868024244904518,1.0660918951034546,-2.0748109817504883,0.4659631848335266,0.0869290754199028,0.33238470554351807,0.036815106868743896,1.0668379068374634,-2.035188913345337,0.659540057182312,-0.11897017806768417
0.004988713189959526,-0.30862611532211304,0.6601724624633789,0.0068391417153179646,-0.0591001957654953,-0.6586830019950867,0.7500647306442261,0.0,0.0,0.07201126217842102,-1.5731844902038574,-2.2111799716949463,0.592011570930481,-0.7694761753082275,-0.9628835320472717,-0.6910935640335083,0.09311164915561676,-1.6876943111419678,1.9561655521392822,0.9144896268844604,0.4873749315738678,-1.2939956188201904,0.360054075717926,0.44487011432647705,-0.09941861033439636,-0.027532123029232025,-0.17452996969223022,0.012620223686099052,1.0628950595855713,-2.0768370628356934,0.47002720832824707,0.08626613765954971,0.3318716585636139,0.03628060594201088,1.0676238536834717,-2.034658908843994,0.6591620445251465,-0.11979275941848755
0.005011284723877907,-0.30866098403930664,0.6600540280342102,0.006976981181651354,-0.059177521616220474,-0.658460795879364,0.7502524852752686,0.0,0.0,0.07399177551269531,-1.5704869031906128,-2.223440170288086,0.590857982635498,-0.7654082775115967,-0.961166501045227,-0.7054445743560791,0.0930914655327797,-1.6864209175109863,1.9607014656066895,0.9163354635238647,0.4827427864074707,-1.2915410995483398,0.36906006932258606,0.44481873512268066,-0.09965739399194717,-0.027302395552396774,-0.17452996969223022,0.013142822310328484,1.0598222017288208,-2.0780510902404785,0.4740374684333801,0.08580611646175385,0.33156734704971313,0.03594342619180679,1.068703055381775,-2.0344865322113037,0.6585873961448669,-0.12009254842996597
0.005044711288064718,-0.30871546268463135,0.6604049801826477,0.007187748793512583,-0.059248242527246475,-0.6581876277923584,0.7504845261573792,0.0,0.0,0.07578564435243607,-1.5681252479553223,-2.234931230545044,0.5894855856895447,-0.7613223195075989,-0.9594459533691406,-0.7196797132492065,0.09318386018276215,-1.685680866241455,1.9648966789245605,0.9179031848907471,0.478230744600296,-1.2891570329666138,0.3779612183570862,0.4448859393596649,-0.10021184384822845,-0.0270247682929039,-0.17452996969223022,0.013733619824051857,1.0568838119506836,-2.078749179840088,0.47782978415489197,0.0855540856719017,0.3314400315284729,0.03582119941711426,1.0701403617858887,-2.0345230102539062,0.6579864025115967,-0.12035827338695526
0.005084492266178131,-0.30877459049224854,0.6609398126602173,0.007529657334089279,-0.05935465544462204,-0.6578407287597656,0.7507769465446472,0.0,0.0,0.0777672603726387,-1.566004753112793,-2.2455835342407227,0.587842583656311,-0.7572245597839355,-0.9576836824417114,-0.7337941527366638,0.09304627776145935,-1.6852641105651855,1.9686814546585083,0.9193592667579651,0.47383415699005127,-1.2868378162384033,0.38675832748413086,0.4450612962245941,-0.10118786990642548,-0.026747282594442368,-0.17452996969223022,0.014703426510095596,1.05397629737854,-2.0791022777557373,0.4814760684967041,0.08558902144432068,0.33146610856056213,0.03583087772130966,1.0717251300811768,-2.0348713397979736,0.6572414040565491,-0.12063205242156982
0.005113671533763409,-0.3088330030441284,0.6613758206367493,0.00794102530926466,-0.059428729116916656,-0.657468855381012,0.7510924339294434,0.0,0.0,0.07966537773609161,-1.5644022226333618,-2.2556653022766113,0.5862385630607605,-0.7531263828277588,-0.9558812379837036,-0.7477854490280151,0.09261547029018402,-1.6849281787872314,1.9720500707626343,0.9205735325813293,0.46955522894859314,-1.2845958471298218,0.3954482674598694,0.44530099630355835,-0.10242680460214615,-0.026481976732611656,-0.17452996969223022,0.01582304760813713,1.0515177249908447,-2.0791594982147217,0.484748899936676,0.08594120293855667,0.3317409157752991,0.03609767556190491,1.0736136436462402,-2.0355777740478516,0.6565279960632324,-0.12073229998350143
0.005142041482031345,-0.3088749647140503,0.6618250608444214,0.0084505844861269,-0.0596308559179306,-0.6571224927902222,0.7513739466667175,0.0,0.0,0.08139589428901672,-1.5627936124801636,-2.2651631832122803,0.5846890211105347,-0.7490225434303284,-0.9540654420852661,-0.761658251285553,0.0922727882862091,-1.6844955682754517,1.9751489162445068,0.9218021035194397,0.46539661288261414,-1.282433032989502,0.404029905796051,0.44547608494758606,-0.10410438477993011,-0.026202470064163208,-0.17452996969223022,0.017063751816749573,1.049304485321045,-2.0789523124694824,0.4873844385147095,0.08652638643980026,0.3320813775062561,0.03659285604953766,1.07557213306427,-2.0363359451293945,0.655780553817749,-0.12084168195724487
0.005161448381841183,-0.30887600779533386,0.662161648273468,0.008907845243811607,-0.05999772250652313,-0.6568421721458435,0.751584529876709,0.0,0.0,0.08277923613786697,-1.5612860918045044,-2.274388313293457,0.5837005972862244,-0.7449206113815308,-0.9522932171821594,-0.7754092216491699,0.09237740933895111,-1.6837972402572632,1.9783748388290405,0.9233826398849487,0.46136850118637085,-1.280349612236023,0.41250020265579224,0.4454329013824463,-0.10597695410251617,-0.025919649749994278,-0.17452996969223022,0.018344860523939133,1.0473113059997559,-2.0787792205810547,0.48980405926704407,0.08764364570379257,0.33237332105636597,0.0373847670853138,1.0778303146362305,-2.037240505218506,0.6550251841545105,-0.12051943689584732
0.005186311434954405,-0.3088793456554413,0.6622189879417419,0.00944466982036829,-0.06040792167186737,-0.6566634178161621,0.7517012357711792,0.0,0.0,0.08408069610595703,-1.5595006942749023,-2.2832398414611816,0.583235502243042,-0.7408052682876587,-0.9505468606948853,-0.7890335321426392,0.09259718656539917,-1.683002233505249,1.9817957878112793,0.9253875017166138,0.4574620723724365,-1.2783234119415283,0.4208613634109497,0.44547462463378906,-0.10817898064851761,-0.02555064484477043,-0.17452996969223022,0.019945725798606873,1.0459843873977661,-2.079066753387451,0.4922181963920593,0.0888192355632782,0.33273300528526306,0.038585614413022995,1.0809348821640015,-2.038762092590332,0.6542642712593079,-0.11996842920780182
0.0051686628721654415,-0.30887916684150696,0.6621333360671997,0.009928576648235321,-0.06077530235052109,-0.656622052192688,0.7517015933990479,0.0,0.0,0.08446306735277176,-1.5579372644424438,-2.2923920154571533,0.5842859745025635,-0.7366666793823242,-0.9488862156867981,-0.8025352954864502,0.09326666593551636,-1.6820399761199951,1.9855144023895264,0.9275868535041809,0.45366644859313965,-1.2763606309890747,0.42912477254867554,0.44545450806617737,-0.11030080914497375,-0.02516840398311615,-0.17452996969223022,0.021631602197885513,1.0451127290725708,-2.079596757888794,0.4945750832557678,0.09012756496667862,0.3329324424266815,0.04035862162709236,1.0849566459655762,-2.0406150817871094,0.6534055471420288,-0.11891704797744751
0.005164008587598801,-0.30889469385147095,0.6618267893791199,0.010489464737474918,-0.06111876666545868,-0.6567287445068359,0.7515729069709778,0.0,0.0,0.08362406492233276,-1.5556180477142334,-2.3019680976867676,0.5867184400558472,-0.7325143218040466,-0.9473394155502319,-0.8158995509147644,0.0949622094631195,-1.680424690246582,1.990106225013733,0.9302554130554199,0.4499998092651367,-1.2744625806808472,0.43727806210517883,0.4455627202987671,-0.11255670338869095,-0.02454928681254387,-0.17452996969223022,0.02341822162270546,1.0448449850082397,-2.0803768634796143,0.49675142765045166,0.09197618067264557,0.33306869864463806,0.042824886739254,1.0898905992507935,-2.0431783199310303,0.6528662443161011,-0.11704322695732117
0.005183845292776823,-0.30887371301651,0.6611930131912231,0.010961905121803284,-0.06158573925495148,-0.6567684412002563,0.7514933347702026,0.0,0.0,0.08179982006549835,-1.552734375,-2.3124656677246094,0.5914078950881958,-0.7283629775047302,-0.9459501504898071,-0.829095184803009,0.09789001941680908,-1.677522897720337,1.9959602355957031,0.9350016117095947,0.44641661643981934,-1.2725775241851807,0.4453584551811218,0.4454265236854553,-0.1152493953704834,-0.023971131071448326,-0.17452996969223022,0.02497926726937294,1.0449938774108887,-2.0818638801574707,0.49893319606781006,0.09535878896713257,0.333034485578537,0.04567497596144676,1.0962520837783813,-2.0469672679901123,0.652850866317749,-0.11435309052467346
0.005269960965961218,-0.3088986277580261,0.6603519916534424,0.011624714359641075,-0.06201767548918724,-0.6568199396133423,0.7514028549194336,0.0,0.0,0.07827578485012054,-1.5489025115966797,-2.3247368335723877,0.5983737111091614,-0.7243099808692932,-0.9447236657142639,-0.8420774936676025,0.10310246050357819,-1.6732513904571533,2.004848003387451,0.9427460432052612,0.4429672956466675,-1.270660400390625,0.45335060358047485,0.44534099102020264,-0.11846241354942322,-0.023234477266669273,-0.17452996969223022,0.02603011392056942,1.0455166101455688,-2.0833301544189453,0.5013488531112671,0.10119381546974182,0.3329359292984009,0.04897625371813774,1.1038533449172974,-2.051248073577881,0.6532702445983887,-0.111453577876091
0.005385784897953272,-0.30909115076065063,0.6588259339332581,0.012728479690849781,-0.06183460354804993,-0.6571549773216248,0.7511070370674133,0.0,0.0,0.07469415664672852,-1.5430715084075928,-2.339010238647461,0.6082560420036316,-0.7203848361968994,-0.9436554908752441,-0.8547866344451904,0.10870803892612457,-1.666578769683838,2.0176331996917725,0.9529460668563843,0.4397059381008148,-1.2687329053878784,0.4612005650997162,0.4464380443096161,-0.12147371470928192,-0.022087018936872482,-0.17452996969223022,0.027233045548200607,1.0477265119552612,-2.086432456970215,0.5044227838516235,0.10902918875217438,0.3329699635505676,0.05305660516023636,1.1135616302490234,-2.0569069385528564,0.6548360586166382,-0.10910715162754059
0.005504966713488102,-0.3094654679298401,0.6560730338096619,0.014118783175945282,-0.06059207022190094,-0.6575421094894409,0.7508446574211121,0.0,0.0,0.07127164304256439,-1.5357561111450195,-2.3561034202575684,0.6219488382339478,-0.7166211605072021,-0.9427217245101929,-0.8671755790710449,0.11349473893642426,-1.6581546068191528,2.034583330154419,0.9660855531692505,0.43654340505599976,-1.266733169555664,0.46897250413894653,0.4491737484931946,-0.12386074662208557,-0.02098018303513527,-0.17452996969223022,0.027972955256700516,1.0525462627410889,-2.0916125774383545,0.5085059404373169,0.11935456097126007,0.3331604599952698,0.05831625312566757,1.1273119449615479,-2.0637311935424805,0.6570698022842407,-0.10741110146045685
0.005622188560664654,-0.30996912717819214,0.6517069339752197,0.01580141857266426,-0.058381088078022,-0.657872200012207,0.7506970763206482,0.0,0.0,0.06699399650096893,-1.526605248451233,-2.376699924468994,0.6395543813705444,-0.7130494117736816,-0.9420207142829895,-0.8792366981506348,0.11896359920501709,-1.6476165056228638,2.0560197830200195,0.9823209047317505,0.4334229826927185,-1.2647026777267456,0.476723849773407,0.45368003845214844,-0.12572866678237915,-0.020063349977135658,-0.17452996969223022,0.027851665392518044,1.060313105583191,-2.0988988876342773,0.5141597390174866,0.13261833786964417,0.3330141603946686,0.06535150110721588,1.1464124917984009,-2.071915864944458,0.6594029068946838,-0.10524128377437592
0.005845874082297087,-0.31089261174201965,0.646920382976532,0.01779739372432232,-0.05439692363142967,-0.6579169034957886,0.7509125471115112,0.0,0.0,0.06150166317820549,-1.5160235166549683,-2.4005370140075684,0.6594895124435425,-0.7096951007843018,-0.9414918422698975,-0.8909683227539062,0.12419110536575317,-1.6357840299606323,2.079686403274536,0.9994274973869324,0.4302070140838623,-1.262723445892334,0.4845394492149353,0.46102896332740784,-0.1266600340604782,-0.02001410908997059,-0.17452996969223022,0.026738019660115242,1.0716733932495117,-2.107372760772705,0.521369218826294,0.14683479070663452,0.33298423886299133,0.07389605045318604,1.171509027481079,-2.0810043811798096,0.6604443788528442,-0.10329319536685944
0.006357160862535238,-0.31249067187309265,0.6423670649528503,0.02064395323395729,-0.048648856580257416,-0.6573646068572998,0.7517173886299133,0.0,0.0,0.05853983759880066,-1.505035161972046,-2.4255409240722656,0.6793918609619141,-0.7064982652664185,-0.9408707618713379,-0.9023721814155579,0.12669609487056732,-1.6248304843902588,2.1027121543884277,1.015694499015808,0.42678895592689514,-1.2608202695846558,0.4924570918083191,0.4716964364051819,-0.12823855876922607,-0.021091721951961517,-0.17452996969223022,0.02545015886425972,1.0864018201828003,-2.1166982650756836,0.5296217799186707,0.15972411632537842,0.33354559540748596,0.0834057480096817,1.2024681568145752,-2.08998966217041,0.6591693758964539,-0.10239763557910919
0.0072810109704732895,-0.31477439403533936,0.6384240984916687,0.02408325858414173,-0.04206926003098488,-0.6563360095024109,0.7529098391532898,0.0,0.0,0.056575290858745575,-1.4936710596084595,-2.450369358062744,0.6983081102371216,-0.7033315896987915,-0.9402893781661987,-0.913580060005188,0.12979058921337128,-1.6150398254394531,2.1238245964050293,1.0317951440811157,0.42312145233154297,-1.2590490579605103,0.5005230903625488,0.48272284865379333,-0.13126637041568756,-0.023095455020666122,-0.17452996969223022,0.0244312547147274,1.1013398170471191,-2.1249942779541016,0.5380470752716064,0.169504776597023,0.3343445658683777,0.0927530825138092,1.2355153560638428,-2.0980374813079834,0.6556124687194824,-0.10187363624572754
0.008843492716550827,-0.31846028566360474,0.6359448432922363,0.028566157445311546,-0.03374708816409111,-0.6548781394958496,0.7544400095939636,0.0,0.0,0.05499451607465744,-1.4827989339828491,-2.4744350910186768,0.7136099338531494,-0.7003117799758911,-0.9396382570266724,-0.9245864152908325,0.133897066116333,-1.607336401939392,2.1432151794433594,1.0461920499801636,0.4192971885204315,-1.2574329376220703,0.5086780190467834,0.493613064289093,-0.13505610823631287,-0.025921670719981194,-0.17452996969223022,0.023533185943961143,1.115699052810669,-2.1320457458496094,0.5472761392593384,0.17577385902404785,0.33613789081573486,0.10046689957380295,1.2685846090316772,-2.1054131984710693,0.6509153842926025,-0.10234589874744415
0.010978343896567822,-0.32349568605422974,0.6348878145217896,0.034019067883491516,-0.024396294727921486,-0.652535617351532,0.7566007971763611,0.0,0.0,0.055492103099823,-1.4731638431549072,-2.495706558227539,0.7215691208839417,-0.6975334882736206,-0.9387874603271484,-0.9353638291358948,0.13753558695316315,-1.6013333797454834,2.1582233905792236,1.0577536821365356,0.4153120219707489,-1.2560352087020874,0.5168861746788025,0.5038608312606812,-0.14053061604499817,-0.02962149679660797,-0.17452996969223022,0.022872863337397575,1.1269960403442383,-2.1389074325561523,0.5581006407737732,0.17746974527835846,0.33876553177833557,0.10563875734806061,1.299492359161377,-2.113190174102783,0.645463228225708,-0.10284073650836945
0.013475630432367325,-0.3294867277145386,0.6350879073143005,0.039786942303180695,-0.014826432801783085,-0.649366557598114,0.7592893242835999,0.0,0.0,0.061326831579208374,-1.4657342433929443,-2.5117568969726562,0.7209964990615845,-0.6949228644371033,-0.9376349449157715,-0.9459061026573181,0.13829085230827332,-1.597722053527832,2.166538715362549,1.065205454826355,0.41116416454315186,-1.2548646926879883,0.5251033902168274,0.5128263235092163,-0.14716267585754395,-0.03405044227838516,-0.17452996969223022,0.02239224873483181,1.1344218254089355,-2.145275354385376,0.5708343982696533,0.17493651807308197,0.34213078022003174,0.10816038399934769,1.327043056488037,-2.1211721897125244,0.6401535272598267,-0.10282555222511292
0.016113324090838432,-0.33581435680389404,0.6363008618354797,0.04493538662791252,-0.006313109304755926,-0.6456581354141235,0.7622771859169006,0.0,0.0,0.07217324525117874,-1.460533857345581,-2.52182936668396,0.7121794819831848,-0.6924228668212891,-0.9362795948982239,-0.956244945526123,0.1374204456806183,-1.5959675312042236,2.1676268577575684,1.0682284832000732,0.40690848231315613,-1.2539654970169067,0.5332843065261841,0.5197576284408569,-0.15411251783370972,-0.038832858204841614,-0.17452996969223022,0.02219225838780403,1.1360148191452026,-2.150846004486084,0.5855023264884949,0.16979871690273285,0.34541448950767517,0.10774002969264984,1.3484704494476318,-2.1285018920898438,0.6352673172950745,-0.10190300643444061
0.018801404163241386,-0.34221071004867554,0.6386880278587341,0.0484434999525547,0.0008182280580513179,-0.6418127417564392,0.7653293013572693,0.0,0.0,0.08644626289606094,-1.4579031467437744,-2.525850534439087,0.6958972215652466,-0.689974308013916,-0.9348185062408447,-0.9664331078529358,0.1335783749818802,-1.5976221561431885,2.1608433723449707,1.0670905113220215,0.40254485607147217,-1.2532514333724976,0.541424036026001,0.5237627625465393,-0.15980543196201324,-0.04355016350746155,-0.17452996969223022,0.022382132709026337,1.1315312385559082,-2.154127597808838,0.602039635181427,0.16224369406700134,0.3482744097709656,0.10460013896226883,1.3627039194107056,-2.134287118911743,0.6314643621444702,-0.09987939894199371
0.02150501310825348,-0.348884642124176,0.643181324005127,0.050717487931251526,0.006834548898041248,-0.6382250189781189,0.7681469917297363,0.0,0.0,0.10216309875249863,-1.458496332168579,-2.525028705596924,0.673279345035553,-0.6876342296600342,-0.9333683252334595,-0.9764881134033203,0.13077352941036224,-1.6006321907043457,2.1482114791870117,1.0576293468475342,0.39839261770248413,-1.2529538869857788,0.549319863319397,0.5247389674186707,-0.1633288413286209,-0.04714760184288025,-0.17452996969223022,0.021503709256649017,1.1209487915039062,-2.152392864227295,0.6195957660675049,0.15434300899505615,0.34921836853027344,0.10020995140075684,1.369035005569458,-2.136359691619873,0.6297757625579834,-0.095835380256176
0.02442685142159462,-0.35602885484695435,0.6497403979301453,0.0520344115793705,0.011943561024963856,-0.6345751881599426,0.7710150480270386,0.0,0.0,0.12141662836074829,-1.4621155261993408,-2.519148111343384,0.6441067457199097,-0.6854134798049927,-0.9317855834960938,-0.9864081144332886,0.12486293166875839,-1.6064099073410034,2.1292121410369873,1.0409700870513916,0.3944176733493805,-1.2528998851776123,0.5569930672645569,0.5228532552719116,-0.16550108790397644,-0.04996322840452194,-0.17452996969223022,0.019653039053082466,1.1047897338867188,-2.1458921432495117,0.6388070583343506,0.1456875503063202,0.347514808177948,0.09520018845796585,1.369910717010498,-2.1342837810516357,0.6287848949432373,-0.08971654623746872
0.027625344693660736,-0.3637121915817261,0.6589025855064392,0.05251314491033554,0.01606162078678608,-0.6309235095977783,0.7738991975784302,0.0,0.0,0.14006026089191437,-1.4682278633117676,-2.509615898132324,0.6088376641273499,-0.6833311915397644,-0.9301968216896057,-0.9962977170944214,0.11882776021957397,-1.614640712738037,2.1054115295410156,1.0186638832092285,0.3906313180923462,-1.2530534267425537,0.5644932985305786,0.5166420340538025,-0.16617301106452942,-0.05109857767820358,-0.17452996969223022,0.016627022996544838,1.0839256048202515,-2.132873773574829,0.6580628752708435,0.1381058543920517,0.34176596999168396,0.09020932018756866,1.3656373023986816,-2.1269924640655518,0.6289262175559998,-0.080010324716568
0.031348537653684616,-0.37220844626426697,0.6712579131126404,0.051750387996435165,0.019869189709424973,-0.6274852156639099,0.7766527533531189,0.0,0.0,0.15500590205192566,-1.477443814277649,-2.4986045360565186,0.5702687501907349,-0.6814342737197876,-0.9289524555206299,-1.006263256072998,0.11212854832410812,-1.6249792575836182,2.0784451961517334,0.9936941862106323,0.387024462223053,-1.2533222436904907,0.5718874931335449,0.5045179128646851,-0.16363148391246796,-0.05097479000687599,-0.17452996969223022,0.011175842955708504,1.0598632097244263,-2.1119940280914307,0.6766986846923828,0.1320541501045227,0.33141764998435974,0.08595243096351624,1.3576388359069824,-2.1127431392669678,0.6308673024177551,-0.06782622635364532
0.0356828048825264,-0.38181886076927185,0.6863475441932678,0.049094412475824356,0.022618448361754417,-0.6245408654212952,0.7791193127632141,0.0,0.0,0.16546675562858582,-1.485793113708496,-2.4858205318450928,0.5305513739585876,-0.6793500185012817,-0.929008424282074,-1.0166783332824707,0.10564669966697693,-1.6332991123199463,2.0454976558685303,0.9671589136123657,0.3833774924278259,-1.2539204359054565,0.5793633460998535,0.48453232645988464,-0.15718643367290497,-0.049556586891412735,-0.17452996969223022,0.0031533469446003437,1.0331083536148071,-2.084578037261963,0.6930273771286011,0.12666237354278564,0.31690698862075806,0.08232329785823822,1.3440816402435303,-2.0917539596557617,0.6346861124038696,-0.05159580707550049
0.041306231170892715,-0.3932563066482544,0.7050704956054688,0.04475655034184456,0.023994168266654015,-0.6226425170898438,0.7808568477630615,0.0,0.0,0.16861703991889954,-1.4929438829421997,-2.471696615219116,0.4911123812198639,-0.676824688911438,-0.9312477111816406,-1.0265123844146729,0.10423778742551804,-1.6410877704620361,2.008728504180908,0.9426215887069702,0.37972816824913025,-1.2549360990524292,0.5870193243026733,0.453745037317276,-0.1469784677028656,-0.046254001557826996,-0.17452996969223022,-0.008762483485043049,1.00434148311615,-2.048961639404297,0.707719087600708,0.12273643910884857,0.2973868250846863,0.08133120834827423,1.3255281448364258,-2.0617403984069824,0.6421651840209961,-0.03054962307214737
0.04860968142747879,-0.4072785973548889,0.7252293825149536,0.038280803710222244,0.02291174605488777,-0.621774435043335,0.7819246649742126,0.0,0.0,0.16618531942367554,-1.497475028038025,-2.4554128646850586,0.45414796471595764,-0.6733596324920654,-0.936532735824585,-1.0330239534378052,0.10828829556703568,-1.6464996337890625,1.9656627178192139,0.9262385368347168,0.3756946921348572,-1.2564083337783813,0.5952826738357544,0.4133387804031372,-0.13462340831756592,-0.04178785905241966,-0.17452996969223022,-0.02244190126657486,0.9727151393890381,-2.0088930130004883,0.7173525094985962,0.12106545269489288,0.2750077247619629,0.07996490597724915,1.299406886100769,-2.026247501373291,0.6523662209510803,-0.006033661775290966
0.05772341787815094,-0.4246513843536377,0.7480446100234985,0.02918226458132267,0.018916571512818336,-0.6220391392707825,0.7822134494781494,0.0,0.0,0.15589189529418945,-1.4988161325454712,-2.436201572418213,0.4207162857055664,-0.6683933734893799,-0.9458206295967102,-1.0375112295150757,0.12375634908676147,-1.649266004562378,1.9136927127838135,0.9248790144920349,0.37106770277023315,-1.2583684921264648,0.6045911312103271,0.3614456355571747,-0.11977893859148026,-0.036547139286994934,-0.17452996969223022,-0.037804894149303436,0.9353952407836914,-1.9608488082885742,0.723307728767395,0.12199766933917999,0.25020352005958557,0.07897214591503143,1.2657535076141357,-1.9830732345581055,0.6659005284309387,0.021125437691807747
0.06816184520721436,-0.44607335329055786,0.7735781073570251,0.019471215084195137,0.012370264157652855,-0.6237572431564331,0.7812776565551758,0.0,0.0,0.1368684321641922,-1.4975216388702393,-2.4138057231903076,0.39341413974761963,-0.6614299416542053,-0.9593220949172974,-1.0408077239990234,0.157559335231781,-1.651711106300354,1.8534696102142334,0.9468169212341309,0.36627423763275146,-1.2603591680526733,0.6148940324783325,0.3033154010772705,-0.10622108727693558,-0.027163948863744736,-0.17452996969223022,-0.05160151794552803,0.8940346837043762,-1.9086300134658813,0.7196371555328369,0.128526508808136,0.22595460712909698,0.07546024769544601,1.2185113430023193,-1.9343119859695435,0.6842294335365295,0.04951304942369461
0.07912519574165344,-0.471491277217865,0.8031178116798401,0.010858902707695961,0.007229723036289215,-0.6271243691444397,0.7788098454475403,0.0,0.0,0.1111735925078392,-1.497272253036499,-2.3880653381347656,0.3764740824699402,-0.6521419286727905,-0.976544201374054,-1.0430450439453125,0.2113896757364273,-1.6562025547027588,1.7795863151550293,0.987097978591919,0.36197924613952637,-1.2613202333450317,0.6255300045013428,0.24839907884597778,-0.09158889949321747,-0.013989751227200031,-0.17452996969223022,-0.060122303664684296,0.8518377542495728,-1.8554961681365967,0.7106342315673828,0.13644719123840332,0.2043207734823227,0.06812126189470291,1.164701223373413,-1.884310007095337,0.7056794762611389,0.07475059479475021
0.09009687602519989,-0.499462366104126,0.8290460705757141,0.0038629292976111174,0.005650065373629332,-0.6318856477737427,0.7750314474105835,0.0,0.0,0.08352451026439667,-1.4964629411697388,-2.3584227561950684,0.37288612127304077,-0.6404241919517517,-0.9956735372543335,-1.044499158859253,0.2729031443595886,-1.6708242893218994,1.6915861368179321,1.0416762828826904,0.3586242198944092,-1.2610690593719482,0.6357795000076294,0.20471477508544922,-0.07425443828105927,0.002264559268951416,-0.17452996969223022,-0.06236618757247925,0.8161042928695679,-1.8101434707641602,0.6965803503990173,0.14430584013462067,0.1850447952747345,0.055822473019361496,1.1116933822631836,-1.839831829071045,0.7265886068344116,0.09476111829280853
0.10079692304134369,-0.5283100605010986,0.8498454093933105,-0.001114217913709581,0.007124907337129116,-0.6377354264259338,0.7702216506004333,0.0,0.0,0.058871448040008545,-1.4946517944335938,-2.3260786533355713,0.3848884105682373,-0.6271054148674011,-1.0147128105163574,-1.0454444885253906,0.3250131607055664,-1.6963038444519043,1.6025924682617188,1.1057389974594116,0.35744044184684753,-1.260424256324768,0.6443063616752625,0.17426225543022156,-0.05611790716648102,0.021001409739255905,-0.17452996969223022,-0.057276997715234756,0.7887994647026062,-1.7767565250396729,0.678845226764679,0.15288794040679932,0.1686955988407135,0.03737849369645119,1.0643112659454346,-1.8055530786514282,0.7469650506973267,0.10964890569448471
0.1106833666563034,-0.5566622614860535,0.8663095235824585,-0.0055665927939116955,0.01012427918612957,-0.6430398225784302,0.7657455801963806,0.0,0.0,0.030814073979854584,-1.491001844406128,-2.2919938564300537,0.4132046699523926,-0.612657904624939,-1.0322939157485962,-1.0460588932037354,0.37313392758369446,-1.7282240390777588,1.5126184225082397,1.1701281070709229,0.35890108346939087,-1.259152889251709,0.6505897045135498,0.15332886576652527,-0.03600994125008583,0.03911283612251282,-0.17452996969223022,-0.049319710582494736,0.767988920211792,-1.7532291412353516,0.6591412425041199,0.16130200028419495,0.15283039212226868,0.01535959541797638,1.021017074584961,-1.7780776023864746,0.7672778367996216,0.12220146507024765
0.11964433640241623,-0.5838696956634521,0.878531813621521,-0.008503124117851257,0.013716166839003563,-0.647538423538208,0.7618619203567505,0.0,0.0,-0.0006125662475824356,-1.4832748174667358,-2.256192445755005,0.45486825704574585,-0.5977655649185181,-1.0470986366271973,-1.0464582443237305,0.4081578552722931,-1.7605150938034058,1.4315131902694702,1.2312743663787842,0.3633173108100891,-1.258041501045227,0.6542990207672119,0.1407734453678131,-0.014662936329841614,0.05593504011631012,-0.17452996969223022,-0.039589859545230865,0.7565029263496399,-1.739567756652832,0.6405399441719055,0.16774281859397888,0.13384045660495758,-0.007982086390256882,0.9814126491546631,-1.7547366619110107,0.7864131927490234,0.13339218497276306
0.12708576023578644,-0.6092591285705566,0.885657548904419,-0.009401013143360615,0.01644182577729225,-0.6502542495727539,0.7594804763793945,0.0,0.0,-0.03735378757119179,-1.474857211112976,-2.218219041824341,0.5031114816665649,-0.5828927755355835,-1.0588531494140625,-1.046717882156372,0.43205714225769043,-1.7856621742248535,1.3626811504364014,1.283563494682312,0.3702778220176697,-1.2571732997894287,0.65583735704422,0.13596218824386597,0.005538640543818474,0.06934342533349991,-0.17452996969223022,-0.031053856015205383,0.7620309591293335,-1.7348532676696777,0.621776819229126,0.17159827053546906,0.11102651059627533,-0.030735407024621964,0.942043662071228,-1.7366437911987305,0.8076400756835938,0.1439792513847351
0.13325248658657074,-0.6320964097976685,0.8884410858154297,-0.008668474853038788,0.01759466901421547,-0.6516781449317932,0.7582419514656067,0.0,0.0,-0.07546193897724152,-1.468224048614502,-2.1782703399658203,0.5534959435462952,-0.5686553716659546,-1.0679346323013306,-1.0468865633010864,0.4371529221534729,-1.8020896911621094,1.3093109130859375,1.3237998485565186,0.37927669286727905,-1.2568800449371338,0.655571699142456,0.13516056537628174,0.024286342784762383,0.07831235229969025,-0.17452996969223022,-0.022993886843323708,0.7879093885421753,-1.7323964834213257,0.6027682423591614,0.17292730510234833,0.08415515720844269,-0.05262088030576706,0.9036945104598999,-1.7213331460952759,0.8293115496635437,0.15197715163230896
0.13837692141532898,-0.6521334648132324,0.887907087802887,-0.006547601893544197,0.017041953280568123,-0.6511999368667603,0.7586866617202759,0.0,0.0,-0.10864347964525223,-1.4617974758148193,-2.1353890895843506,0.6058973670005798,-0.5553082823753357,-1.074997067451477,-1.0469962358474731,0.4327731132507324,-1.8127086162567139,1.261601448059082,1.3535550832748413,0.38943177461624146,-1.2570127248764038,0.6541765928268433,0.13340741395950317,0.04011112451553345,0.08456195890903473,-0.17452996969223022,-0.015865065157413483,0.8346570730209351,-1.7234182357788086,0.5802721977233887,0.1757904440164566,0.05536843463778496,-0.07693271338939667,0.8723058104515076,-1.7042908668518066,0.8435524702072144,0.15610191226005554
0.142634317278862,-0.6704367399215698,0.8865392804145813,-0.004066194407641888,0.01499096304178238,-0.6482740044593811,0.7612486481666565,0.0,0.0,-0.14077863097190857,-1.4570133686065674,-2.0897414684295654,0.6540507078170776,-0.5431140661239624,-1.080206274986267,-1.0470675230026245,0.4250701069831848,-1.8196704387664795,1.2212523221969604,1.3790340423583984,0.39998936653137207,-1.2571625709533691,0.6524728536605835,0.1307855099439621,0.051489993929862976,0.08707226812839508,-0.17452996969223022,-0.0030865794979035854,0.8904398083686829,-1.7048320770263672,0.5551490783691406,0.18115940690040588,0.02923869527876377,-0.10558320581912994,0.8481671810150146,-1.6908727884292603,0.8528090715408325,0.1534823477268219
0.1467132717370987,-0.6881091594696045,0.8888118863105774,-0.0010358627187088132,0.0125629473477602,-0.6432902812957764,0.7655186057090759,0.0,0.0,-0.16929952800273895,-1.4546918869018555,-2.042374849319458,0.6927006840705872,-0.5325535535812378,-1.0838162899017334,-1.0471138954162598,0.4118903875350952,-1.8241957426071167,1.19451105594635,1.3960833549499512,0.41111433506011963,-1.2574955224990845,0.6503925919532776,0.12641233205795288,0.05653496831655502,0.08774909377098083,-0.17452996969223022,0.014274434186518192,0.9524796009063721,-1.6744805574417114,0.526117742061615,0.19013726711273193,0.009627065621316433,-0.1373077929019928,0.833026111125946,-1.6797136068344116,0.8588258624076843,0.14590618014335632
0.15114042162895203,-0.705647349357605,0.889991819858551,0.0019339657155796885,0.009844384156167507,-0.6369376182556152,0.7708500623703003,0.0,0.0,-0.19449657201766968,-1.4528350830078125,-1.9919207096099854,0.721233069896698,-0.5234042406082153,-1.086084008216858,-1.0471439361572266,0.399070143699646,-1.8271372318267822,1.1747350692749023,1.4071986675262451,0.4224601984024048,-1.2577738761901855,0.6483078002929688,0.12254033982753754,0.058827538043260574,0.08479426056146622,-0.17452996969223022,0.03408673033118248,1.0082478523254395,-1.6377050876617432,0.49339669942855835,0.1984245628118515,-0.006937382277101278,-0.1662030816078186,0.8150057196617126,-1.6714236736297607,0.8627367615699768,0.13528911769390106
0.1561705321073532,-0.7217152118682861,0.8907536864280701,0.004291833844035864,0.006499383132904768,-0.6295632123947144,0.7769101858139038,0.0,0.0,-0.21657750010490417,-1.4534615278244019,-1.9398324489593506,0.7413980960845947,-0.5156921148300171,-1.0873079299926758,-1.047163486480713,0.38818812370300293,-1.8290491104125977,1.169732689857483,1.4169931411743164,0.4338245391845703,-1.2576733827590942,0.6466885209083557,0.11614685505628586,0.05896811559796333,0.08070410043001175,-0.17452996969223022,0.05162352696061134,1.0553667545318604,-1.5998486280441284,0.4602363109588623,0.20723822712898254,-0.02153872326016426,-0.19199363887310028,0.794988751411438,-1.6640760898590088,0.8652788400650024,0.12422004342079163
0.16124820709228516,-0.7347984910011292,0.8918502926826477,0.006425618194043636,0.004129811190068722,-0.6213522553443909,0.7834941148757935,0.0,0.0,-0.2415393739938736,-1.4578990936279297,-1.8851869106292725,0.7509269714355469,-0.5092010498046875,-1.087165355682373,-1.0471762418746948,0.3852389454841614,-1.8302918672561646,1.1682543754577637,1.4220807552337646,0.444942831993103,-1.2568110227584839,0.6457979083061218,0.10901984572410583,0.060317184776067734,0.074735626578331,-0.17452996969223022,0.06283465027809143,1.0921688079833984,-1.5645840167999268,0.427462637424469,0.2157476544380188,-0.035747334361076355,-0.21022889018058777,0.7731142640113831,-1.6546053886413574,0.8669312000274658,0.11474792659282684
0.16617760062217712,-0.74473637342453,0.8922218680381775,0.009230644442141056,0.002069774316623807,-0.6131060123443604,0.789944052696228,0.0,0.0,-0.26705220341682434,-1.4660379886627197,-1.828787088394165,0.7529027462005615,-0.503853440284729,-1.086087703704834,-1.0471844673156738,0.3876599669456482,-1.8310996294021606,1.1702563762664795,1.423276662826538,0.455888032913208,-1.2553025484085083,0.645556628704071,0.10418908298015594,0.06275812536478043,0.067264124751091,-0.17452996969223022,0.0678442046046257,1.1174198389053345,-1.5372211933135986,0.40146076679229736,0.21969261765480042,-0.05265247821807861,-0.2141607403755188,0.7463947534561157,-1.6449260711669922,0.8680051565170288,0.10788935422897339
0.17090290784835815,-0.7516999244689941,0.8915426135063171,0.012961281463503838,-0.00029516860377043486,-0.6050254702568054,0.7961005568504333,0.0,0.0,-0.28968676924705505,-1.477337121963501,-1.772043228149414,0.7487897872924805,-0.49977102875709534,-1.0845060348510742,-1.0471899509429932,0.3930254876613617,-1.8316247463226318,1.1788856983184814,1.4235970973968506,0.4668636620044708,-1.2533307075500488,0.6457529664039612,0.10145234316587448,0.06427882611751556,0.060129307210445404,-0.17452996969223022,0.06618905812501907,1.133085012435913,-1.5159615278244019,0.3818914294242859,0.22240763902664185,-0.07077819854021072,-0.20577850937843323,0.7096502780914307,-1.6343740224838257,0.8669908046722412,0.10098064690828323
0.17516812682151794,-0.7563814520835876,0.892808198928833,0.01776612177491188,-0.002279982203617692,-0.5962750315666199,0.8025803565979004,0.0,0.0,-0.3096938133239746,-1.4903764724731445,-1.7169429063796997,0.7396879196166992,-0.497219443321228,-1.0826044082641602,-1.0471934080123901,0.4004570543766022,-1.8319660425186157,1.1896677017211914,1.4238770008087158,0.47792762517929077,-1.2510616779327393,0.6462594270706177,0.1014968603849411,0.0638994425535202,0.05247517675161362,-0.17452996969223022,0.05933143198490143,1.1401119232177734,-1.501470685005188,0.372903048992157,0.22118215262889862,-0.08561012893915176,-0.18877200782299042,0.6672275066375732,-1.622388243675232,0.8544570803642273,0.08920242637395859
0.17914526164531708,-0.7598565816879272,0.9019145369529724,0.022870326414704323,-0.004343301989138126,-0.5862961411476135,0.8097622394561768,0.0,0.0,-0.32555657625198364,-1.505138635635376,-1.6655097007751465,0.7271591424942017,-0.49637019634246826,-1.0807844400405884,-1.0471956729888916,0.4083790183067322,-1.8321878910064697,1.2047703266143799,1.4202851057052612,0.48930758237838745,-1.248894214630127,0.6468753814697266,0.10115882754325867,0.06032348424196243,0.04534386098384857,-0.17452996969223022,0.047144338488578796,1.1430116891860962,-1.4915046691894531,0.37167367339134216,0.21954956650733948,-0.09126145392656326,-0.16288860142230988,0.6247261762619019,-1.612083911895752,0.8354532718658447,0.07484252750873566
0.18301793932914734,-0.7631202936172485,0.910559356212616,0.027425305917859077,-0.007009678520262241,-0.5758299231529236,0.8170793652534485,0.0,0.0,-0.3370139002799988,-1.5202949047088623,-1.6179537773132324,0.7136098146438599,-0.49717217683792114,-1.0793089866638184,-1.0471910238265991,0.4161268472671509,-1.8323321342468262,1.222585916519165,1.4137507677078247,0.5008190870285034,-1.2469443082809448,0.6477186679840088,0.10147200524806976,0.055423177778720856,0.0371876135468483,-0.17452996969223022,0.028047261759638786,1.1398255825042725,-1.4859265089035034,0.3760885000228882,0.21491964161396027,-0.08893927931785583,-0.12748095393180847,0.5826582312583923,-1.6048535108566284,0.8103501796722412,0.06070158630609512
0.18690544366836548,-0.7674945592880249,0.9175012111663818,0.03238422051072121,-0.010308395139873028,-0.5660582780838013,0.8236643671989441,0.0,0.0,-0.34306275844573975,-1.5364892482757568,-1.5761802196502686,0.7024465799331665,-0.4997381865978241,-1.0784988403320312,-1.0471490621566772,0.4288676381111145,-1.832425832748413,1.2355968952178955,1.4064173698425293,0.5123152732849121,-1.2453490495681763,0.6486910581588745,0.10199511051177979,0.05041057616472244,0.028687478974461555,-0.17452996969223022,0.0004818476736545563,1.133026123046875,-1.4895026683807373,0.3889058828353882,0.20464123785495758,-0.08302788436412811,-0.08679959923028946,0.5435947179794312,-1.602423906326294,0.7817531824111938,0.05111972987651825
0.19066251814365387,-0.7738974094390869,0.9223580360412598,0.0376226007938385,-0.013521255925297737,-0.5567888021469116,0.829691469669342,0.0,0.0,-0.34314900636672974,-1.5523262023925781,-1.5409616231918335,0.6955568790435791,-0.5041612386703491,-1.0785614252090454,-1.047041416168213,0.45035719871520996,-1.8324867486953735,1.237073540687561,1.396155834197998,0.5235543251037598,-1.2439676523208618,0.6498208045959473,0.10899624228477478,0.046423476189374924,0.018908130005002022,-0.17452996969223022,-0.030098021030426025,1.112658977508545,-1.505563497543335,0.41763582825660706,0.18546968698501587,-0.0780407041311264,-0.04823761805891991,0.5053367018699646,-1.6107308864593506,0.7410576343536377,0.043277278542518616
0.1944182813167572,-0.7821050882339478,0.9236999154090881,0.04284973442554474,-0.016219615936279297,-0.5489389896392822,0.8346058130264282,0.0,0.0,-0.33470675349235535,-1.5674083232879639,-1.5141170024871826,0.6975033283233643,-0.5102336406707764,-1.0794211626052856,-1.0468838214874268,0.47947680950164795,-1.8325263261795044,1.2248536348342896,1.3788824081420898,0.5344220399856567,-1.242916464805603,0.6510527729988098,0.11934496462345123,0.04251233488321304,0.01101280190050602,-0.17452996969223022,-0.05673328787088394,1.0812815427780151,-1.527770757675171,0.45850124955177307,0.1668318808078766,-0.07461540400981903,-0.015713481232523918,0.480037659406662,-1.6287128925323486,0.7002474665641785,0.041527748107910156
0.1982971727848053,-0.791669487953186,0.922206461429596,0.0480361208319664,-0.017676711082458496,-0.5418673753738403,0.8389039635658264,0.0,0.0,-0.3238637149333954,-1.5815646648406982,-1.4949750900268555,0.7045180797576904,-0.5177702903747559,-1.0803853273391724,-1.0466687679290771,0.5166620016098022,-1.8325520753860474,1.201011300086975,1.3476632833480835,0.5448306798934937,-1.2419074773788452,0.6524912118911743,0.13164016604423523,0.037393294274806976,0.004396246746182442,-0.17452996969223022,-0.07748677581548691,1.0428190231323242,-1.549807071685791,0.5035483241081238,0.1538022756576538,-0.07157386094331741,0.00926508940756321,0.4694855213165283,-1.6537365913391113,0.6651017069816589,0.045066721737384796
0.2025780826807022,-0.801527202129364,0.9158894419670105,0.05442226678133011,-0.01734205149114132,-0.534812331199646,0.8430380821228027,0.0,0.0,-0.30554091930389404,-1.5927975177764893,-1.487302303314209,0.7246608734130859,-0.5244152545928955,-1.0867820978164673,-1.046602725982666,0.5498875379562378,-1.8325687646865845,1.1821197271347046,1.3177876472473145,0.5515267848968506,-1.2457269430160522,0.6538676023483276,0.14578266441822052,0.02894645370543003,-0.0008638000581413507,-0.17452996969223022,-0.09047678112983704,1.0022691488265991,-1.5696156024932861,0.5482659935951233,0.14544132351875305,-0.06877724081277847,0.02810969389975071,0.4890523850917816,-1.6962659358978271,0.6366703510284424,0.05064726620912552
0.20728141069412231,-0.8120770454406738,0.9086501598358154,0.059295155107975006,-0.016401978209614754,-0.5261493921279907,0.8481638431549072,0.0,0.0,-0.2875131070613861,-1.6018626689910889,-1.4876307249069214,0.7495142221450806,-0.5305889248847961,-1.095971703529358,-1.0464787483215332,0.5811994075775146,-1.8325796127319336,1.174148678779602,1.2882205247879028,0.5556929111480713,-1.2523102760314941,0.6551275253295898,0.15916571021080017,0.02053780108690262,-0.005750584881752729,-0.17452996969223022,-0.10210645943880081,0.952198326587677,-1.586547613143921,0.5944375991821289,0.1414782702922821,-0.06675463914871216,0.04509608447551727,0.540142297744751,-1.7381092309951782,0.6126183271408081,0.06248864158987999
0.21305303275585175,-0.8237425088882446,0.9094920754432678,0.06221311539411545,-0.014663264155387878,-0.5158576369285583,0.8542864918708801,0.0,0.0,-0.271961510181427,-1.6084706783294678,-1.4937000274658203,0.7767002582550049,-0.5364332795143127,-1.106478214263916,-1.0463777780532837,0.6055721044540405,-1.832586646080017,1.1711697578430176,1.2589192390441895,0.5578994750976562,-1.260788917541504,0.6564692854881287,0.17000660300254822,0.013482632115483284,-0.008831729181110859,-0.17452996969223022,-0.11008144915103912,0.8993517160415649,-1.5998337268829346,0.6383777856826782,0.142948180437088,-0.05989120155572891,0.060617003589868546,0.6139991879463196,-1.7671908140182495,0.5913758873939514,0.07361792027950287
0.22033722698688507,-0.8365468978881836,0.9111716747283936,0.06347037851810455,-0.01230668742209673,-0.502236545085907,0.862309992313385,0.0,0.0,-0.2622068524360657,-1.615288257598877,-1.5043116807937622,0.8019697666168213,-0.5422201156616211,-1.1173276901245117,-1.046165943145752,0.6216081976890564,-1.8325912952423096,1.1697814464569092,1.2277847528457642,0.5587043762207031,-1.2702240943908691,0.6578965187072754,0.17652463912963867,0.007703011389821768,-0.010588543489575386,-0.17452996969223022,-0.11952892690896988,0.8488673567771912,-1.6099473237991333,0.6777665615081787,0.14758101105690002,-0.05159066990017891,0.077464260160923,0.6981201171875,-1.779252052307129,0.5729060173034668,0.08684764802455902
0.22970864176750183,-0.8504347801208496,0.9124953150749207,0.06336576491594315,-0.009793095290660858,-0.4839074909687042,0.8727670907974243,0.0,0.0,-0.25269773602485657,-1.6194875240325928,-1.5148323774337769,0.820103645324707,-0.5485966801643372,-1.126447081565857,-1.0457532405853271,0.6325046420097351,-1.8325942754745483,1.1662954092025757,1.1892802715301514,0.5586603879928589,-1.2784814834594727,0.6598895788192749,0.17768529057502747,0.0019321017898619175,-0.011720482259988785,-0.17452996969223022,-0.13408613204956055,0.7999248504638672,-1.6151750087738037,0.7136853933334351,0.15351180732250214,-0.048275113105773926,0.09836910665035248,0.7862497568130493,-1.7726118564605713,0.5572178959846497,0.10421505570411682
0.24127213656902313,-0.8653002977371216,0.9131502509117126,0.06314041465520859,-0.0061106146313250065,-0.46181944012641907,0.8847026228904724,0.0,0.0,-0.23851090669631958,-1.623934268951416,-1.5249323844909668,0.8323882222175598,-0.5554182529449463,-1.1343567371368408,-1.0453678369522095,0.637239396572113,-1.8325961828231812,1.1615267992019653,1.1477391719818115,0.5577690005302429,-1.2859333753585815,0.6624387502670288,0.17524918913841248,-0.006129498593509197,-0.012261463329195976,-0.17145270109176636,-0.1549873948097229,0.7553682327270508,-1.6163291931152344,0.7445672750473022,0.1592300534248352,-0.05290434509515762,0.12193267047405243,0.8802762627601624,-1.7457398176193237,0.5411657691001892,0.12367130815982819
0.2553185224533081,-0.8810535669326782,0.9129379391670227,0.06372606009244919,-0.0001467069669160992,-0.4384622275829315,0.8964875340461731,0.0,0.0,-0.222762793302536,-1.6298151016235352,-1.5341861248016357,0.8405524492263794,-0.5619070529937744,-1.1429418325424194,-1.044718623161316,0.631449818611145,-1.8325974941253662,1.1568557024002075,1.1114757061004639,0.5560564398765564,-1.2945430278778076,0.6649848818778992,0.17027023434638977,-0.016674526035785675,-0.011647808365523815,-0.16454759240150452,-0.18242472410202026,0.7215571403503418,-1.616708517074585,0.7707031965255737,0.16299296915531158,-0.06499673426151276,0.14627793431282043,0.9760705232620239,-1.7041813135147095,0.5251511335372925,0.14190174639225006
0.2723478078842163,-0.8977456092834473,0.916506290435791,0.06349966675043106,0.006302819587290287,-0.4159861207008362,0.9071293473243713,0.0,0.0,-0.20684091746807098,-1.6378452777862549,-1.5421419143676758,0.8444029092788696,-0.5682185292243958,-1.1518797874450684,-1.043795108795166,0.6212472319602966,-1.832598328590393,1.1506098508834839,1.0825791358947754,0.5535812377929688,-1.3035292625427246,0.667789101600647,0.1592477709054947,-0.028996208682656288,-0.012005127966403961,-0.1519896239042282,-0.21574443578720093,0.6939122676849365,-1.6151998043060303,0.7909289002418518,0.16414883732795715,-0.08299165964126587,0.1692327857017517,1.0712729692459106,-1.653224229812622,0.5082089900970459,0.15883156657218933
0.29206129908561707,-0.9154233932495117,0.9201830625534058,0.06038318946957588,0.00813906267285347,-0.3973127603530884,0.9156582951545715,0.0,0.0,-0.18298795819282532,-1.6464296579360962,-1.5464357137680054,0.8274958729743958,-0.5775461196899414,-1.1556003093719482,-1.0434104204177856,0.6096915006637573,-1.8325988054275513,1.1425747871398926,1.0624487400054932,0.5494804382324219,-1.3061144351959229,0.6742067337036133,0.1324673593044281,-0.047884128987789154,-0.011617926880717278,-0.12677624821662903,-0.24804045259952545,0.6700841784477234,-1.6077616214752197,0.8042548894882202,0.1597912758588791,-0.09252246469259262,0.19143211841583252,1.1654882431030273,-1.6020900011062622,0.48576819896698,0.16817495226860046
0.3134605288505554,-0.9334214925765991,0.9214658141136169,0.05776616930961609,0.012923868373036385,-0.3797188997268677,0.9232061505317688,0.0,0.0,-0.16014432907104492,-1.6557297706604004,-1.5501081943511963,0.8156571984291077,-0.5857142806053162,-1.1615583896636963,-1.0426907539367676,0.5928598642349243,-1.83259916305542,1.1348512172698975,1.0486483573913574,0.5453101396560669,-1.3111867904663086,0.6797245144844055,0.11061832308769226,-0.06311088055372238,-0.010031875222921371,-0.10529433190822601,-0.2761176824569702,0.6513746380805969,-1.6040856838226318,0.8178726434707642,0.15369386970996857,-0.10169170051813126,0.21060001850128174,1.251020073890686,-1.5576852560043335,0.45954054594039917,0.17076998949050903
0.33591654896736145,-0.9509330987930298,0.9215975999832153,0.05492106452584267,0.017819814383983612,-0.3624281585216522,0.930221438407898,0.0,0.0,-0.14056722819805145,-1.6655702590942383,-1.5533804893493652,0.8063229322433472,-0.5931799411773682,-1.168607473373413,-1.04171621799469,0.5779680013656616,-1.832599401473999,1.1277565956115723,1.0371264219284058,0.5413159132003784,-1.3171137571334839,0.6845362782478333,0.08973868191242218,-0.07728548347949982,-0.008108214475214481,-0.08562318980693817,-0.30027443170547485,0.6337957978248596,-1.6009137630462646,0.8289226293563843,0.14722050726413727,-0.10890714079141617,0.228755921125412,1.3203364610671997,-1.52339506149292,0.43314260244369507,0.1714393049478531
0.35999995470046997,-0.967587947845459,0.9212681651115417,0.05248315632343292,0.02200828492641449,-0.345464289188385,0.9367046356201172,0.0,0.0,-0.12271073460578918,-1.6757594347000122,-1.5563777685165405,0.797748327255249,-0.6002864241600037,-1.1760716438293457,-1.0404478311538696,0.5639224648475647,-1.8325995206832886,1.1204910278320312,1.0266246795654297,0.5374605059623718,-1.3234485387802124,0.6889429688453674,0.06922189146280289,-0.09177948534488678,-0.006360092666000128,-0.06994619965553284,-0.3212781548500061,0.6145836710929871,-1.5966778993606567,0.8364319205284119,0.14307671785354614,-0.11397609114646912,0.24616819620132446,1.3678927421569824,-1.5018855333328247,0.41139233112335205,0.1720268726348877
0.3856210708618164,-0.9834603071212769,0.9218919277191162,0.04996494576334953,0.026249412447214127,-0.32922789454460144,0.9425622224807739,0.0,0.0,-0.11227260529994965,-1.6841226816177368,-1.5584125518798828,0.7954419851303101,-0.6061040163040161,-1.1862444877624512,-1.0396848917007446,0.5472962260246277,-1.8325996398925781,1.114837408065796,1.020633339881897,0.53357994556427,-1.3326053619384766,0.6926742792129517,0.048244208097457886,-0.10199713706970215,-0.0030594023410230875,-0.0607694573700428,-0.3422808051109314,0.5938262343406677,-1.591681718826294,0.8342243432998657,0.14295920729637146,-0.1204054206609726,0.2596569359302521,1.3956899642944336,-1.4917683601379395,0.3982751965522766,0.17600473761558533
0.4135585427284241,-0.9984117150306702,0.9295695424079895,0.04552995041012764,0.021725201979279518,-0.31219834089279175,0.9486765265464783,0.0,0.0,-0.10668167471885681,-1.6873971223831177,-1.5569007396697998,0.7753593921661377,-0.6153161525726318,-1.1893421411514282,-1.0394611358642578,0.5357722043991089,-1.8325997591018677,1.1139395236968994,1.0117042064666748,0.5291752815246582,-1.3326504230499268,0.6995023488998413,0.030622970312833786,-0.11256526410579681,-0.001978603657335043,-0.06426701694726944,-0.35195332765579224,0.5287557244300842,-1.5677788257598877,0.8048994541168213,0.15142562985420227,-0.11228741705417633,0.26929420232772827,1.3845787048339844,-1.5035037994384766,0.4145357608795166,0.18141934275627136
0.442457914352417,-1.0123469829559326,0.9393874406814575,0.040570151060819626,0.015916993841528893,-0.2945762872695923,0.9546337127685547,0.0,0.0,-0.1032106876373291,-1.6887061595916748,-1.5548490285873413,0.7533050179481506,-0.6266498565673828,-1.1880266666412354,-1.0401068925857544,0.5230560302734375,-1.8325997591018677,1.114370584487915,1.0044426918029785,0.5245993137359619,-1.3272143602371216,0.7084059715270996,0.020708782598376274,-0.11398680508136749,0.0030298992060124874,-0.07981330156326294,-0.35415884852409363,0.4490773379802704,-1.5410783290863037,0.7552269697189331,0.16450828313827515,-0.10208334028720856,0.26036104559898376,1.352860450744629,-1.5213478803634644,0.4454646408557892,0.186803936958313
0.4719809889793396,-1.0249876976013184,0.9481438398361206,0.03504355996847153,0.010314336977899075,-0.27430957555770874,0.9609473347663879,0.0,0.0,-0.10401029884815216,-1.687995433807373,-1.551797866821289,0.734158992767334,-0.6391175985336304,-1.184058666229248,-1.0418083667755127,0.5077100396156311,-1.8325997591018677,1.1138805150985718,1.000781536102295,0.5201740264892578,-1.3184422254562378,0.7186200618743896,0.0204711202532053,-0.1021118313074112,0.014101129025220871,-0.10741207003593445,-0.3512915372848511,0.3688409924507141,-1.5252987146377563,0.6883333325386047,0.1813468188047409,-0.09867964684963226,0.23178724944591522,1.3028557300567627,-1.5410130023956299,0.48761850595474243,0.19392335414886475
0.5012147426605225,-1.0358327627182007,0.9512161612510681,0.029706044122576714,0.005166967399418354,-0.25048133730888367,0.9676517248153687,0.0,0.0,-0.10551367700099945,-1.6868988275527954,-1.549833059310913,0.7188208699226379,-0.6521421074867249,-1.1785387992858887,-1.0429770946502686,0.4874202609062195,-1.8325997591018677,1.1117020845413208,1.0022938251495361,0.516826868057251,-1.3081865310668945,0.7288120985031128,0.02830023504793644,-0.08876460790634155,0.02791401743888855,-0.13090333342552185,-0.33606964349746704,0.3153061270713806,-1.5325751304626465,0.6238085031509399,0.19259391725063324,-0.09154684841632843,0.18273229897022247,1.2418757677078247,-1.5614715814590454,0.5368558764457703,0.19653278589248657
0.529058575630188,-1.0446301698684692,0.9497492909431458,0.025993116199970245,-0.000591457705013454,-0.2228420376777649,0.9745078086853027,0.0,0.0,-0.10272017121315002,-1.682986855506897,-1.5494534969329834,0.7086271047592163,-0.6647970676422119,-1.1721405982971191,-1.0437772274017334,0.460446298122406,-1.8325997591018677,1.1065164804458618,1.014174222946167,0.5151418447494507,-1.297984004020691,0.7379840016365051,0.04039737582206726,-0.07794149965047836,0.04140494763851166,-0.1461726725101471,-0.30749350786209106,0.30691495537757874,-1.5639111995697021,0.5786664485931396,0.19295942783355713,-0.08335098624229431,0.11635034531354904,1.1761786937713623,-1.5793006420135498,0.5879323482513428,0.19611623883247375
0.5542442798614502,-1.0520826578140259,0.9472407102584839,0.024311251938343048,-0.006368047092109919,-0.19143037497997284,0.9811844229698181,0.0,0.0,-0.09843721985816956,-1.6801108121871948,-1.5527805089950562,0.7010406255722046,-0.6771246194839478,-1.1654369831085205,-1.0442874431610107,0.43556123971939087,-1.8325997591018677,1.102642297744751,1.0300328731536865,0.5157157778739929,-1.2883365154266357,0.7454818487167358,0.048557303845882416,-0.06730887293815613,0.05025988817214966,-0.15609773993492126,-0.2746066451072693,0.3380129337310791,-1.6034605503082275,0.5574951767921448,0.18875844776630402,-0.07946045696735382,0.042210910469293594,1.1186144351959229,-1.5910407304763794,0.6314128637313843,0.1914798617362976
0.5765178799629211,-1.0585016012191772,0.9451937675476074,0.02393273264169693,-0.011328307911753654,-0.15625955164432526,0.9873610734939575,0.0,0.0,-0.09839281439781189,-1.6770130395889282,-1.55816650390625,0.6954507827758789,-0.6884068846702576,-1.158829927444458,-1.0446593761444092,0.41291946172714233,-1.8325997591018677,1.1102993488311768,1.0438511371612549,0.5187194347381592,-1.279687762260437,0.7509657144546509,0.05305197462439537,-0.05364655703306198,0.05787849426269531,-0.16254901885986328,-0.23776544630527496,0.41349589824676514,-1.6461434364318848,0.5494850277900696,0.1833701878786087,-0.08301757276058197,-0.03258972242474556,1.0678883790969849,-1.5976459980010986,0.6668769717216492,0.18470963835716248
0.5957872271537781,-1.0643128156661987,0.9419375658035278,0.025773197412490845,-0.013678787276148796,-0.12146153301000595,0.9921671748161316,0.0,0.0,-0.10306023061275482,-1.67514967918396,-1.5650689601898193,0.6990216374397278,-0.6967830657958984,-1.1586835384368896,-1.0450752973556519,0.3933594822883606,-1.8325997591018677,1.1260607242584229,1.05629301071167,0.5208967328071594,-1.2782491445541382,0.7542399168014526,0.05754788964986801,-0.040625493973493576,0.07243318855762482,-0.16673696041107178,-0.19898676872253418,0.5132592916488647,-1.6805193424224854,0.5477719902992249,0.179447203874588,-0.09155134111642838,-0.10460920631885529,1.0240610837936401,-1.6023521423339844,0.698419451713562,0.17667756974697113
0.6123977899551392,-1.0697658061981201,0.9362472891807556,0.028733108192682266,-0.014018544927239418,-0.08427266776561737,0.9959297180175781,0.0,0.0,-0.11261561512947083,-1.673107385635376,-1.5728106498718262,0.7053027153015137,-0.703292965888977,-1.161806344985962,-1.0453026294708252,0.3755214214324951,-1.8325997591018677,1.1521103382110596,1.071014642715454,0.5227657556533813,-1.280914068222046,0.7559235692024231,0.059561118483543396,-0.032490238547325134,0.08876538276672363,-0.16946452856063843,-0.15080559253692627,0.6268866062164307,-1.697066068649292,0.5447814464569092,0.18272319436073303,-0.09707343578338623,-0.17449015378952026,0.9906455278396606,-1.606308937072754,0.725918173789978,0.16514211893081665
0.6280549764633179,-1.074338674545288,0.926859974861145,0.0313510037958622,-0.014541028067469597,-0.04079115018248558,0.9985698461532593,0.0,0.0,-0.12535905838012695,-1.6691592931747437,-1.5817536115646362,0.7134261727333069,-0.7087246179580688,-1.1648694276809692,-1.045457363128662,0.3586427569389343,-1.8325997591018677,1.1873042583465576,1.0906322002410889,0.5254383087158203,-1.283897876739502,0.7563017010688782,0.054857831448316574,-0.029900439083576202,0.09887871146202087,-0.17123743891716003,-0.09807054698467255,0.7520400881767273,-1.6898257732391357,0.532733678817749,0.19077356159687042,-0.09735661745071411,-0.2388409525156021,0.9627557992935181,-1.6124321222305298,0.7549775838851929,0.15211261808872223
0.6444034576416016,-1.077773094177246,0.9122889041900635,0.032812975347042084,-0.01425920333713293,0.005730424541980028,0.9993433952331543,0.0,0.0,-0.139000803232193,-1.6624231338500977,-1.5896399021148682,0.7194696664810181,-0.7133469581604004,-1.1673685312271118,-1.0456024408340454,0.3391740918159485,-1.8325997591018677,1.2328267097473145,1.1144499778747559,0.5289738178253174,-1.286916971206665,0.7555382251739502,0.045612119138240814,-0.034511733800172806,0.10355032980442047,-0.17238983511924744,-0.04248049482703209,0.8744404315948486,-1.6619865894317627,0.5117998123168945,0.20337402820587158,-0.0841299444437027,-0.3012779653072357,0.9440442323684692,-1.6231868267059326,0.787026047706604,0.13312220573425293
0.6614881753921509,-1.0795789957046509,0.8971427083015442,0.03241503983736038,-0.014398617669939995,0.05007844418287277,0.9981152415275574,0.0,0.0,-0.15112316608428955,-1.6521351337432861,-1.5980286598205566,0.725626528263092,-0.7172963619232178,-1.1688251495361328,-1.045931339263916,0.31145524978637695,-1.8325997591018677,1.2943965196609497,1.1383260488510132,0.5336718559265137,-1.2900772094726562,0.7535618543624878,0.03192107379436493,-0.04455510526895523,0.10551191866397858,-0.17313888669013977,0.0064703114330768585,0.9908618330955505,-1.6172579526901245,0.47951412200927734,0.21893662214279175,-0.05557648092508316,-0.35796916484832764,0.934518039226532,-1.6347932815551758,0.8159301280975342,0.1120641753077507
0.679545521736145,-1.079314112663269,0.8996208906173706,0.029807914048433304,-0.012449691072106361,0.09586228430271149,0.9948703050613403,0.0,0.0,-0.16774097084999084,-1.6382677555084229,-1.6042742729187012,0.7289260625839233,-0.720893383026123,-1.163678526878357,-1.046217679977417,0.2858799993991852,-1.8325997591018677,1.3428285121917725,1.142846703529358,0.5422381162643433,-1.289792537689209,0.7495592832565308,0.013654508627951145,-0.05483147129416466,0.09457020461559296,-0.17362576723098755,0.03920320048928261,1.101179838180542,-1.5630747079849243,0.4345797002315521,0.23284487426280975,-0.01610073819756508,-0.40518879890441895,0.9381558299064636,-1.642747402191162,0.8348545432090759,0.08980685472488403
0.6984528303146362,-1.0770533084869385,0.9015310406684875,0.028097696602344513,-0.00781258288770914,0.13732661306858063,0.990096390247345,0.0,0.0,-0.18691784143447876,-1.6268682479858398,-1.6059887409210205,0.7296779751777649,-0.7237213850021362,-1.1546387672424316,-1.0464186668395996,0.27327144145965576,-1.8324416875839233,1.355590581893921,1.1308469772338867,0.5529394149780273,-1.2877808809280396,0.744306206703186,-0.0027478625997900963,-0.06523273885250092,0.0815686360001564,-0.17394223809242249,0.05668441951274872,1.195094347000122,-1.511094093322754,0.38729673624038696,0.24235385656356812,0.020655158907175064,-0.4394564926624298,0.9396563768386841,-1.6470370292663574,0.8471553921699524,0.06858532130718231
0.7179557085037231,-1.0733449459075928,0.9026083946228027,0.02778582088649273,-0.002093323739245534,0.17224901914596558,0.9846591949462891,0.0,0.0,-0.20335286855697632,-1.6195929050445557,-1.604103922843933,0.730169415473938,-0.725969672203064,-1.1437206268310547,-1.0465493202209473,0.2701414227485657,-1.832369089126587,1.3436471223831177,1.1119056940078735,0.5649692416191101,-1.2849786281585693,0.738426685333252,-0.016861891373991966,-0.07318757474422455,0.07110830396413803,-0.17414794862270355,0.0661768689751625,1.2652024030685425,-1.468977689743042,0.34643077850341797,0.24598217010498047,0.04796012118458748,-0.4620121419429779,0.9340418577194214,-1.6473735570907593,0.8551509976387024,0.051095686852931976
0.7389472723007202,-1.0686914920806885,0.9024031758308411,0.028923312202095985,0.004278989974409342,0.20018123090267181,0.9793225526809692,0.0,0.0,-0.21925805509090424,-1.613978385925293,-1.5978834629058838,0.7293552160263062,-0.7277493476867676,-1.1320011615753174,-1.0466102361679077,0.2724930942058563,-1.8324165344238281,1.3159880638122559,1.0933887958526611,0.5777474641799927,-1.282081961631775,0.7324439287185669,-0.027306096628308296,-0.07726197689771652,0.06208112835884094,-0.17428165674209595,0.0736340805888176,1.3063801527023315,-1.4430034160614014,0.3178892135620117,0.24468570947647095,0.06539473682641983,-0.4740777015686035,0.9174585342407227,-1.6444566249847412,0.860348105430603,0.03255115821957588
0.764056921005249,-1.0637329816818237,0.8987522125244141,0.03192238137125969,0.009515196084976196,0.2202143669128418,0.9748826026916504,0.0,0.0,-0.2376411259174347,-1.6107734441757202,-1.5884268283843994,0.7342271208763123,-0.7291175723075867,-1.1211159229278564,-1.0465508699417114,0.28759050369262695,-1.8324787616729736,1.2725378274917603,1.082976222038269,0.5906437635421753,-1.279495358467102,0.7267559766769409,-0.026341397315263748,-0.07452190667390823,0.047295719385147095,-0.17436857521533966,0.08957208693027496,1.3106321096420288,-1.4430861473083496,0.31293731927871704,0.23831722140312195,0.06685557216405869,-0.4636051654815674,0.8622143268585205,-1.6404531002044678,0.8637262582778931,0.006678852252662182
0.7940362691879272,-1.0591869354248047,0.9080166816711426,0.03620407357811928,0.014732095412909985,0.23307587206363678,0.9716727137565613,0.0,0.0,-0.2557680010795593,-1.6118601560592651,-1.5778672695159912,0.7448500394821167,-0.7307930588722229,-1.1115734577178955,-1.0463440418243408,0.3097709119319916,-1.8325212001800537,1.2297322750091553,1.0777417421340942,0.6036341786384583,-1.2773715257644653,0.7214941382408142,-0.005832876078784466,-0.06325026601552963,0.025508243590593338,-0.17442506551742554,0.10992854833602905,1.2790751457214355,-1.4720585346221924,0.34537696838378906,0.22227978706359863,0.055288538336753845,-0.41548678278923035,0.7637618184089661,-1.6338694095611572,0.8260137438774109,-0.03284211456775665
0.8262430429458618,-1.0553725957870483,0.9202078580856323,0.04115109518170357,0.02011878974735737,0.24198849499225616,0.9691972732543945,0.0,0.0,-0.27402663230895996,-1.6118587255477905,-1.5651085376739502,0.75431227684021,-0.7330243587493896,-1.1029295921325684,-1.0461347103118896,0.32660847902297974,-1.83254873752594,1.1994154453277588,1.0735236406326294,0.6163188219070435,-1.2754892110824585,0.7171669006347656,0.02325810119509697,-0.04662290960550308,0.004341191612184048,-0.17446178197860718,0.11854462325572968,1.2252318859100342,-1.5099327564239502,0.4040099084377289,0.20451396703720093,0.04396108537912369,-0.3366159498691559,0.6721789836883545,-1.639024019241333,0.7607141733169556,-0.05921803042292595
0.858460545539856,-1.0518443584442139,0.9203441739082336,0.046637680381536484,0.025136111304163933,0.2512483596801758,0.9664716124534607,0.0,0.0,-0.28783082962036133,-1.6119048595428467,-1.5530279874801636,0.7621347904205322,-0.7362062931060791,-1.0959277153015137,-1.0459550619125366,0.34249234199523926,-1.8325666189193726,1.1806247234344482,1.069432020187378,0.6279135942459106,-1.2733051776885986,0.7142436504364014,0.050742257386446,-0.028621856123209,-0.012928393669426441,-0.17448565363883972,0.11245708167552948,1.1627117395401,-1.5478880405426025,0.4715941846370697,0.18968628346920013,0.037112489342689514,-0.24882233142852783,0.6256247758865356,-1.6651601791381836,0.705855131149292,-0.05702344328165054
0.8890774250030518,-1.0478081703186035,0.9125930070877075,0.05167694389820099,0.02970137633383274,0.2595626711845398,0.9638850688934326,0.0,0.0,-0.2958982586860657,-1.6111770868301392,-1.5422320365905762,0.7667018175125122,-0.740424633026123,-1.0905640125274658,-1.0457911491394043,0.35700976848602295,-1.8325783014297485,1.169882893562317,1.0670400857925415,0.6379575133323669,-1.2709648609161377,0.7128005027770996,0.07229249179363251,-0.013535667210817337,-0.025056637823581696,-0.1745011806488037,0.09696755558252335,1.0995951890945435,-1.5801615715026855,0.5370627641677856,0.17958344519138336,0.03581608086824417,-0.1604970097541809,0.6313853859901428,-1.7025883197784424,0.6710066199302673,-0.033820025622844696
0.9165587425231934,-1.042850375175476,0.901374340057373,0.05527640879154205,0.03188992291688919,0.26602545380592346,0.9618513584136963,0.0,0.0,-0.29885396361351013,-1.6098804473876953,-1.5338032245635986,0.7714557647705078,-0.7453780174255371,-1.086880087852478,-1.0456953048706055,0.3677798807621002,-1.8325858116149902,1.1649773120880127,1.0711262226104736,0.6459952592849731,-1.2684990167617798,0.7130434513092041,0.08592294156551361,-0.0036102687008678913,-0.03365678712725639,-0.17237858474254608,0.0785459354519844,1.039048194885254,-1.6052409410476685,0.5946077108383179,0.1742580682039261,0.03871288523077965,-0.07794710993766785,0.6777954697608948,-1.7413849830627441,0.6492485404014587,-0.004201903939247131
0.9411858320236206,-1.0364879369735718,0.9046832323074341,0.05677887424826622,0.0327070914208889,0.2711711823940277,0.9602981805801392,0.0,0.0,-0.30050694942474365,-1.6081795692443848,-1.5277562141418457,0.776688814163208,-0.7507412433624268,-1.0845136642456055,-1.0456748008728027,0.3795524835586548,-1.8325906991958618,1.1632359027862549,1.0813195705413818,0.6520571112632751,-1.2657053470611572,0.714820921421051,0.0951489731669426,-0.002105486346408725,-0.04037710279226303,-0.1643170416355133,0.05826743319630623,0.9785580635070801,-1.622281789779663,0.6431360840797424,0.16998592019081116,0.046918533742427826,-0.004638344049453735,0.746824324131012,-1.7743935585021973,0.6325438618659973,0.02312036044895649
0.9639095067977905,-1.028665542602539,0.9057291746139526,0.05688082426786423,0.034592222422361374,0.2747352719306946,0.9592124223709106,0.0,0.0,-0.29956287145614624,-1.6080925464630127,-1.5241212844848633,0.7845610976219177,-0.7560479044914246,-1.083113193511963,-1.0456640720367432,0.3976585566997528,-1.8325939178466797,1.1579879522323608,1.0926262140274048,0.6563626527786255,-1.2626222372055054,0.7177842855453491,0.09792433679103851,-0.010172300040721893,-0.04597383737564087,-0.1501653790473938,0.04090917482972145,0.9272094964981079,-1.6335633993148804,0.6802564859390259,0.16925445199012756,0.056706298142671585,0.05683314800262451,0.8438315391540527,-1.7739572525024414,0.61037278175354,0.046073272824287415
0.9870212078094482,-1.0182828903198242,0.9049769043922424,0.05463222786784172,0.03877003490924835,0.2786429524421692,0.9580554962158203,0.0,0.0,-0.29670244455337524,-1.6079983711242676,-1.5211713314056396,0.7986664772033691,-0.7605485916137695,-1.082247257232666,-1.0456985235214233,0.4266456663608551,-1.832595944404602,1.1428542137145996,1.0998027324676514,0.6591125130653381,-1.2591755390167236,0.7217462062835693,0.09008903801441193,-0.025739802047610283,-0.0478593185544014,-0.1285466104745865,0.017285335808992386,0.8893071413040161,-1.6396933794021606,0.7105580568313599,0.1684785783290863,0.053274549543857574,0.10870467126369476,0.9675519466400146,-1.7327654361724854,0.5806630253791809,0.06936656683683395
1.0109931230545044,-1.0062446594238281,0.9095019102096558,0.05166551470756531,0.0435810461640358,0.28243178129196167,0.9569031596183777,0.0,0.0,-0.2960885167121887,-1.607194185256958,-1.516446590423584,0.8190298080444336,-0.7636960744857788,-1.081329584121704,-1.0457760095596313,0.45851027965545654,-1.832597255706787,1.1235778331756592,1.1049079895019531,0.6602675318717957,-1.2554399967193604,0.7269332408905029,0.07722730934619904,-0.04250984266400337,-0.04788574203848839,-0.10777737945318222,-0.007874026894569397,0.8561040163040161,-1.645402193069458,0.7389304637908936,0.16158339381217957,0.04434989392757416,0.14811170101165771,1.0947787761688232,-1.6811141967773438,0.5457556247711182,0.08577967435121536
1.035677194595337,-0.9932808876037598,0.9126269221305847,0.04848766326904297,0.0485532283782959,0.2853863835334778,0.9559530019760132,0.0,0.0,-0.29370081424713135,-1.6087543964385986,-1.5108001232147217,0.8424433469772339,-0.7660123109817505,-1.0801528692245483,-1.0457592010498047,0.4907206892967224,-1.8325982093811035,1.1079792976379395,1.1027393341064453,0.6604398488998413,-1.2515106201171875,0.7328481674194336,0.06608003377914429,-0.06031256169080734,-0.048584505915641785,-0.0884588286280632,-0.02765819802880287,0.8203370571136475,-1.6504085063934326,0.7637712955474854,0.1510133594274521,0.038641538470983505,0.17548219859600067,1.211867332458496,-1.6336050033569336,0.5087586045265198,0.09447036683559418
1.0605638027191162,-0.9799001216888428,0.9146066308021545,0.045928437262773514,0.05193374678492546,0.2861955463886261,0.9556597471237183,0.0,0.0,-0.2908673584461212,-1.6106934547424316,-1.5029559135437012,0.8669657707214355,-0.767707347869873,-1.0788129568099976,-1.045696496963501,0.5196061134338379,-1.8325988054275513,1.099614143371582,1.0956089496612549,0.6596885919570923,-1.247786045074463,0.7394700050354004,0.060410041362047195,-0.07924377918243408,-0.05035318806767464,-0.0718638002872467,-0.036262013018131256,0.7727318406105042,-1.6529688835144043,0.7865855097770691,0.14067724347114563,0.044157326221466064,0.1957850158214569,1.3126709461212158,-1.5934031009674072,0.4682299494743347,0.09360518306493759
1.0849878787994385,-0.9663028717041016,0.91615891456604,0.04439539089798927,0.05317508801817894,0.28599515557289124,0.9557239413261414,0.0,0.0,-0.28876829147338867,-1.6129710674285889,-1.4941126108169556,0.8918496966362,-0.7691982984542847,-1.077541708946228,-1.045616626739502,0.5416990518569946,-1.83259916305542,1.0975357294082642,1.0883452892303467,0.6578360795974731,-1.2443746328353882,0.7470043897628784,0.05991401523351669,-0.10007545351982117,-0.0523582398891449,-0.05481351166963577,-0.03704497218132019,0.7106650471687317,-1.650492787361145,0.805773138999939,0.13102996349334717,0.0563751682639122,0.21069952845573425,1.395688533782959,-1.5613394975662231,0.4277036488056183,0.08800963312387466
1.1082850694656372,-0.95318204164505,0.9165317416191101,0.043761420994997025,0.055289462208747864,0.2884525656700134,0.9548943042755127,0.0,0.0,-0.28914833068847656,-1.6152186393737793,-1.4892909526824951,0.9205548763275146,-0.7701668739318848,-1.081958532333374,-1.0459004640579224,0.5518835783004761,-1.832599401473999,1.10036039352417,1.0835624933242798,0.6553171873092651,-1.2473170757293701,0.7527649402618408,0.0637623742222786,-0.11533629149198532,-0.057258687913417816,-0.043754011392593384,-0.03434235602617264,0.6496697664260864,-1.6491377353668213,0.8212802410125732,0.12283946573734283,0.05871488153934479,0.21802493929862976,1.4667084217071533,-1.5319684743881226,0.3872494697570801,0.08300624787807465
1.1301517486572266,-0.9403281211853027,0.9161902070045471,0.044777072966098785,0.05608484521508217,0.2920551002025604,0.9537050724029541,0.0,0.0,-0.2932532727718353,-1.6169930696487427,-1.485267996788025,0.9483993053436279,-0.7708248496055603,-1.0894556045532227,-1.0459551811218262,0.553017795085907,-1.8325995206832886,1.1096282005310059,1.0845441818237305,0.6522776484489441,-1.2539855241775513,0.7575737833976746,0.06836946308612823,-0.12804561853408813,-0.06192023679614067,-0.036827631294727325,-0.030957940965890884,0.589462161064148,-1.6465659141540527,0.8333808183670044,0.11737275123596191,0.05629986897110939,0.22081997990608215,1.5204918384552002,-1.5077729225158691,0.350882351398468,0.07827509939670563
1.1514596939086914,-0.9267356395721436,0.9154361486434937,0.046221453696489334,0.055664073675870895,0.2964174151420593,0.9523138999938965,0.0,0.0,-0.3009154200553894,-1.6198103427886963,-1.4812992811203003,0.9738682508468628,-0.7713469862937927,-1.0985914468765259,-1.0458897352218628,0.5511928200721741,-1.8325996398925781,1.1227947473526,1.0890573263168335,0.6489534974098206,-1.2624386548995972,0.7617491483688354,0.07294820249080658,-0.13808348774909973,-0.06641826778650284,-0.03364270180463791,-0.029637107625603676,0.5305237770080566,-1.6427366733551025,0.8409609794616699,0.11431936174631119,0.05487031489610672,0.21966473758220673,1.5541267395019531,-1.4913499355316162,0.3208114802837372,0.07328487932682037
1.173356294631958,-0.9112001061439514,0.9153578877449036,0.04867132008075714,0.050507448613643646,0.29923611879348755,0.9515975117683411,0.0,0.0,-0.3064761161804199,-1.625645637512207,-1.4723176956176758,0.9862829446792603,-0.7727989554405212,-1.1024562120437622,-1.045461893081665,0.5507276654243469,-1.8325997591018677,1.135032057762146,1.0947400331497192,0.6447420120239258,-1.2648762464523315,0.7683026194572449,0.08001688122749329,-0.15081331133842468,-0.06515400856733322,-0.03061201050877571,-0.03062894009053707,0.45204031467437744,-1.6283681392669678,0.8443358540534973,0.11395719647407532,0.0683402568101883,0.21599727869033813,1.5547282695770264,-1.495995044708252,0.30827003717422485,0.06500540673732758
1.1964086294174194,-0.8937279582023621,0.9155287146568298,0.04981217160820961,0.045137688517570496,0.29918673634529114,0.9518238306045532,0.0,0.0,-0.31264400482177734,-1.632775068283081,-1.461969256401062,0.993540346622467,-0.775184154510498,-1.103222131729126,-1.0452609062194824,0.5477042198181152,-1.8325997591018677,1.1388347148895264,1.0970789194107056,0.6401140689849854,-1.26406991481781,0.7762081623077393,0.09457267820835114,-0.1590406894683838,-0.06324645131826401,-0.03356192633509636,-0.03348778188228607,0.363432377576828,-1.6095938682556152,0.8379321098327637,0.11569945514202118,0.08728685975074768,0.2076488882303238,1.532057285308838,-1.5167726278305054,0.30959486961364746,0.05903146043419838
1.220516562461853,-0.8746563196182251,0.9141095280647278,0.05121694877743721,0.043471772223711014,0.29918134212493896,0.9518285393714905,0.0,0.0,-0.318162739276886,-1.6398723125457764,-1.4574917554855347,1.0048327445983887,-0.7773182392120361,-1.1081764698028564,-1.0453057289123535,0.5362651348114014,-1.8325997591018677,1.1402798891067505,1.099696397781372,0.6356597542762756,-1.2682965993881226,0.7824966907501221,0.11285585910081863,-0.16074079275131226,-0.06557948142290115,-0.04595528915524483,-0.03353387862443924,0.28971460461616516,-1.6027905941009521,0.8225475549697876,0.11974191665649414,0.10127788782119751,0.19021070003509521,1.5085868835449219,-1.545517086982727,0.3125779628753662,0.05909242480993271
1.2449270486831665,-0.8550801277160645,0.9105355739593506,0.05461667850613594,0.0420684739947319,0.2970789670944214,0.9523609280586243,0.0,0.0,-0.3205640912055969,-1.6459548473358154,-1.458574891090393,1.0143868923187256,-0.7795915007591248,-1.1152273416519165,-1.0451619625091553,0.5193836688995361,-1.8325997591018677,1.1412756443023682,1.1040465831756592,0.6314729452133179,-1.275278925895691,0.7876647710800171,0.13627682626247406,-0.1584482342004776,-0.06993275880813599,-0.06482135504484177,-0.026711294427514076,0.2214408963918686,-1.6053295135498047,0.8093143105506897,0.12370072305202484,0.11272616684436798,0.16254287958145142,1.480332374572754,-1.594820499420166,0.325157105922699,0.06446710228919983
1.2680199146270752,-0.8367760181427002,0.9035898447036743,0.05931786075234413,0.04073965921998024,0.2936479449272156,0.9532012343406677,0.0,0.0,-0.31660282611846924,-1.650256633758545,-1.4632935523986816,1.015317440032959,-0.782302737236023,-1.1228876113891602,-1.044671893119812,0.5012261867523193,-1.8325997591018677,1.1473162174224854,1.1065254211425781,0.6281231641769409,-1.283008337020874,0.7914676666259766,0.16704483330249786,-0.15470698475837708,-0.07420589029788971,-0.08465099334716797,-0.015815475955605507,0.15637362003326416,-1.6174490451812744,0.8084744215011597,0.12551695108413696,0.1203499585390091,0.12905851006507874,1.4554469585418701,-1.6603666543960571,0.34231865406036377,0.06887293606996536
1.2871383428573608,-0.8213973045349121,0.8953548669815063,0.06462372094392776,0.03894911706447601,0.2897454500198364,0.954124927520752,0.0,0.0,-0.3085196018218994,-1.6531493663787842,-1.472592830657959,1.007791519165039,-0.7854340076446533,-1.130363941192627,-1.0438774824142456,0.48277750611305237,-1.8325997591018677,1.1604416370391846,1.1085597276687622,0.6255621910095215,-1.290494680404663,0.7942246794700623,0.20047837495803833,-0.15039002895355225,-0.07558178901672363,-0.10220896452665329,-0.0012756576761603355,0.09704146534204483,-1.6308948993682861,0.8219493627548218,0.12655800580978394,0.12549133598804474,0.09765662997961044,1.4356911182403564,-1.725292682647705,0.3579667806625366,0.0664164274930954
1.3011269569396973,-0.8090759515762329,0.8885027170181274,0.06980357319116592,0.037487294524908066,0.28708159923553467,0.9546236395835876,0.0,0.0,-0.29761427640914917,-1.6516869068145752,-1.4802716970443726,0.9892164468765259,-0.7887691259384155,-1.137315273284912,-1.0430039167404175,0.46616673469543457,-1.8325997591018677,1.1794811487197876,1.1131212711334229,0.6234773993492126,-1.2970991134643555,0.7964709997177124,0.23235227167606354,-0.14722172915935516,-0.07263951003551483,-0.1153535321354866,0.01564781367778778,0.04338182881474495,-1.6377131938934326,0.8384873867034912,0.13006803393363953,0.12821634113788605,0.0713386982679367,1.4212183952331543,-1.7722959518432617,0.36564409732818604,0.05816451087594032
1.309820294380188,-0.7995876669883728,0.8835877776145935,0.07383981347084045,0.036724209785461426,0.2865476906299591,0.9545100927352905,0.0,0.0,-0.2798953950405121,-1.6487140655517578,-1.4873034954071045,0.9609882831573486,-0.7923368215560913,-1.1435978412628174,-1.0421147346496582,0.44952207803726196,-1.8325997591018677,1.2009520530700684,1.1163742542266846,0.6217840909957886,-1.3027163743972778,0.7984025478363037,0.26191002130508423,-0.14637820422649384,-0.06728450208902359,-0.12279382348060608,0.0321684256196022,-0.004645278677344322,-1.6374778747558594,0.849516749382019,0.13176104426383972,0.13043490052223206,0.04742354527115822,1.4152805805206299,-1.806891679763794,0.3665669560432434,0.04705945402383804
1.3143668174743652,-0.7929614186286926,0.8791759014129639,0.07702809572219849,0.03666441887617111,0.28602442145347595,0.95441734790802,0.0,0.0,-0.2584081292152405,-1.6446210145950317,-1.4941444396972656,0.9255956411361694,-0.795973539352417,-1.1490249633789062,-1.0413694381713867,0.4308754801750183,-1.8325997591018677,1.2246893644332886,1.1165056228637695,0.620493471622467,-1.3075478076934814,0.8000273704528809,0.28907132148742676,-0.14645972847938538,-0.06025661900639534,-0.12612956762313843,0.049112942069768906,-0.05033279210329056,-1.6338443756103516,0.8566858768463135,0.1328863501548767,0.13261495530605316,0.02666158229112625,1.417239785194397,-1.8402128219604492,0.36433765292167664,0.0334712453186512
1.3170442581176758,-0.7880785465240479,0.8752925992012024,0.08061002939939499,0.03684331104159355,0.2854761481285095,0.954278826713562,0.0,0.0,-0.2319296896457672,-1.6389245986938477,-1.5013248920440674,0.888092577457428,-0.7995290756225586,-1.1536263227462769,-1.0408875942230225,0.4117690920829773,-1.8325997591018677,1.2475038766860962,1.1150556802749634,0.6194235682487488,-1.3118023872375488,0.8015522956848145,0.3132760226726532,-0.14778396487236023,-0.0519949272274971,-0.1273593306541443,0.06656767427921295,-0.09535661339759827,-1.6267528533935547,0.8613457679748535,0.13646385073661804,0.13464440405368805,0.008332828059792519,1.4251322746276855,-1.8752555847167969,0.3624216914176941,0.018163103610277176
1.3206132650375366,-0.7838355302810669,0.8709352016448975,0.08494683355093002,0.03248108923435211,0.2806960940361023,0.9554782509803772,0.0,0.0,-0.20315390825271606,-1.634602427482605,-1.5088691711425781,0.8383618593215942,-0.803874135017395,-1.152541995048523,-1.0420451164245605,0.40112465620040894,-1.8325997591018677,1.2627593278884888,1.1074081659317017,0.6192873120307922,-1.3117032051086426,0.8034510612487793,0.3408513069152832,-0.14345695078372955,-0.037474267184734344,-0.12760624289512634,0.08828679472208023,-0.17000967264175415,-1.6046594381332397,0.8643746972084045,0.14187605679035187,0.131880521774292,-0.004602976609021425,1.416677713394165,-1.9207818508148193,0.375526487827301,0.005040469579398632
1.324988603591919,-0.7797076106071472,0.8654783964157104,0.08831046521663666,0.03113746829330921,0.2772867977619171,0.9562132358551025,0.0,0.0,-0.17737993597984314,-1.6304523944854736,-1.5195021629333496,0.7988130450248718,-0.8076869249343872,-1.1528174877166748,-1.0431104898452759,0.3842694163322449,-1.8325997591018677,1.2803609371185303,1.1010630130767822,0.6190569400787354,-1.3131004571914673,0.8050998449325562,0.3641608953475952,-0.13905318081378937,-0.024174531921744347,-0.1295476108789444,0.10357119888067245,-0.23258210718631744,-1.5880458354949951,0.8663434982299805,0.1502728909254074,0.12837162613868713,-0.019453994929790497,1.423299789428711,-1.965537190437317,0.3851354122161865,-0.005979381501674652
1.3309950828552246,-0.7753500938415527,0.8584319353103638,0.09192289412021637,0.02682412415742874,0.2704806923866272,0.9579514265060425,0.0,0.0,-0.15542468428611755,-1.6260274648666382,-1.5320284366607666,0.7600680589675903,-0.8116117119789124,-1.149410605430603,-1.0441067218780518,0.37395644187927246,-1.8325997591018677,1.2963049411773682,1.0968154668807983,0.6196904182434082,-1.3115723133087158,0.8068430423736572,0.38527485728263855,-0.12735065817832947,-0.00957125797867775,-0.1342925876379013,0.12230877578258514,-0.30931922793388367,-1.5653023719787598,0.8676232099533081,0.16220177710056305,0.11802543699741364,-0.030690010637044907,1.4186880588531494,-2.009835958480835,0.4029087424278259,-0.014162634499371052
1.3381381034851074,-0.7705198526382446,0.8499321341514587,0.09380578249692917,0.024717560037970543,0.26349368691444397,0.9597710967063904,0.0,0.0,-0.13679510354995728,-1.621687889099121,-1.5456562042236328,0.725519061088562,-0.8154287934303284,-1.1439815759658813,-1.0448031425476074,0.36812537908554077,-1.8325997591018677,1.3125927448272705,1.0925488471984863,0.6211469769477844,-1.3083670139312744,0.8084213137626648,0.40431612730026245,-0.10949734598398209,0.004862826317548752,-0.14334791898727417,0.13996899127960205,-0.3825991153717041,-1.543312668800354,0.8684550523757935,0.17694270610809326,0.1031302660703659,-0.04383864253759384,1.413059949874878,-2.0429208278656006,0.4193236231803894,-0.02070651203393936
1.3458130359649658,-0.7653066515922546,0.840466320514679,0.09399110078811646,0.024859081953763962,0.25648367404937744,0.9616463780403137,0.0,0.0,-0.12211504578590393,-1.6189055442810059,-1.5603618621826172,0.6964457631111145,-0.8189859390258789,-1.1375914812088013,-1.0452944040298462,0.36678147315979004,-1.8325997591018677,1.325486660003662,1.088972806930542,0.6231151819229126,-1.3043789863586426,0.809852123260498,0.4206428527832031,-0.08946066349744797,0.01761004701256752,-0.15426070988178253,0.15649351477622986,-0.44734764099121094,-1.52352774143219,0.868995726108551,0.19259566068649292,0.08658064901828766,-0.05896186828613281,1.410468339920044,-2.0654313564300537,0.4311172366142273,-0.02508418634533882
1.3536944389343262,-0.7600034475326538,0.8296469449996948,0.09268759936094284,0.026675786823034286,0.24938395619392395,0.9635896682739258,0.0,0.0,-0.1107369214296341,-1.6184606552124023,-1.5763375759124756,0.672555148601532,-0.822310209274292,-1.1309033632278442,-1.0456326007843018,0.36888203024864197,-1.8325997591018677,1.3336302042007446,1.0868816375732422,0.6252979040145874,-1.3000900745391846,0.811249315738678,0.4349061846733093,-0.07354947179555893,0.026974068954586983,-0.16135495901107788,0.17121824622154236,-0.5023836493492126,-1.508467674255371,0.8693472146987915,0.20495018362998962,0.07723800837993622,-0.07502574473619461,1.4125999212265015,-2.082970142364502,0.4384850263595581,-0.029694199562072754
1.3612241744995117,-0.7552695274353027,0.8196687698364258,0.09067515283823013,0.028808262199163437,0.24222008883953094,0.9655452370643616,0.0,0.0,-0.10540689527988434,-1.6179468631744385,-1.592358946800232,0.6532617807388306,-0.8253344297409058,-1.1244077682495117,-1.0459064245224,0.37552735209465027,-1.8325997591018677,1.339764952659607,1.08773672580719,0.6276205778121948,-1.2956238985061646,0.8126502633094788,0.4452001452445984,-0.06194107234477997,0.033164434134960175,-0.1659662127494812,0.18323959410190582,-0.543623149394989,-1.497776985168457,0.8695756793022156,0.21441420912742615,0.07628080993890762,-0.0910976454615593,1.415215253829956,-2.0951147079467773,0.4447692930698395,-0.035464126616716385
1.3681221008300781,-0.751357913017273,0.811550498008728,0.0877409353852272,0.030887005850672722,0.23614995181560516,0.9672542214393616,0.0,0.0,-0.10404747724533081,-1.6173326969146729,-1.607602834701538,0.6387030482292175,-0.8280467987060547,-1.1184073686599731,-1.0461223125457764,0.3859662413597107,-1.8325997591018677,1.3441818952560425,1.0907793045043945,0.6299735307693481,-1.2910571098327637,0.8141202926635742,0.45132821798324585,-0.054074548184871674,0.03594323247671127,-0.16896353662014008,0.19233697652816772,-0.5710300207138062,-1.4901213645935059,0.8697241544723511,0.22124215960502625,0.08381695300340652,-0.10624678432941437,1.4173309803009033,-2.1000726222991943,0.4487176239490509,-0.04372389614582062
1.3745009899139404,-0.7482323050498962,0.8049086332321167,0.083897165954113,0.03284997120499611,0.230595201253891,0.9688694477081299,0.0,0.0,-0.10529488325119019,-1.617873191833496,-1.6218565702438354,0.6279503703117371,-0.8304646015167236,-1.1129769086837769,-1.046281099319458,0.3972891569137573,-1.8325997591018677,1.346933126449585,1.093499779701233,0.6322652697563171,-1.2865488529205322,0.8157281279563904,0.45426690578460693,-0.04910040646791458,0.03597354516386986,-0.1709117889404297,0.19812558591365814,-0.5877696871757507,-1.485020637512207,0.8698206543922424,0.22407668828964233,0.09617327153682709,-0.11900821328163147,1.418672800064087,-2.102403163909912,0.4510728716850281,-0.05264277011156082
1.3802361488342285,-0.7457115650177002,0.8000398874282837,0.07919502258300781,0.03482244908809662,0.22485093772411346,0.9705450534820557,0.0,0.0,-0.1063586175441742,-1.617586612701416,-1.6339800357818604,0.619916558265686,-0.8326355814933777,-1.1081304550170898,-1.046386480331421,0.4059091806411743,-1.8325997591018677,1.3488202095031738,1.0950430631637573,0.634536623954773,-1.282200813293457,0.8174445629119873,0.4544074535369873,-0.04710111767053604,0.03397060185670853,-0.17217814922332764,0.20054878294467926,-0.5929845571517944,-1.4830834865570068,0.8698834180831909,0.22363844513893127,0.11351673305034637,-0.129761204123497,1.4166227579116821,-2.1012179851531982,0.4541313648223877,-0.06208019703626633
1.385297417640686,-0.7437593936920166,0.7981340289115906,0.0743822455406189,0.03697601333260536,0.21947932243347168,0.972074568271637,0.0,0.0,-0.10417068004608154,-1.6168403625488281,-1.6440913677215576,0.6127468943595886,-0.8347291946411133,-1.1038137674331665,-1.0464228391647339,0.4119250476360321,-1.8325997591018677,1.3457794189453125,1.0927118062973022,0.6367161870002747,-1.2782580852508545,0.8192778825759888,0.4534451365470886,-0.047915227711200714,0.03041938506066799,-0.17300128936767578,0.19870759546756744,-0.5886127948760986,-1.4813249111175537,0.8699241876602173,0.22023415565490723,0.13188546895980835,-0.13855630159378052,1.4154678583145142,-2.097569704055786,0.45699238777160645,-0.07030607759952545
1.3898429870605469,-0.7426129579544067,0.7999899983406067,0.07030268758535385,0.03872717171907425,0.2145083248615265,0.973418653011322,0.0,0.0,-0.10086633265018463,-1.6158087253570557,-1.6527504920959473,0.6062813997268677,-0.8366941213607788,-1.0999996662139893,-1.0464566946029663,0.4157346487045288,-1.8325997591018677,1.3420348167419434,1.08934485912323,0.6386890411376953,-1.274505615234375,0.8214170932769775,0.4498206079006195,-0.05140305310487747,0.02680622600018978,-0.17353633046150208,0.19266051054000854,-0.5740382671356201,-1.4788974523544312,0.8699507117271423,0.21431300044059753,0.1500445306301117,-0.14457440376281738,1.4121034145355225,-2.088351249694824,0.45936453342437744,-0.07761485874652863
1.3943923711776733,-0.7416417598724365,0.8057641386985779,0.06648232787847519,0.04050031676888466,0.20961707830429077,0.974679708480835,0.0,0.0,-0.0987185537815094,-1.6157841682434082,-1.661609172821045,0.6023303866386414,-0.8385285139083862,-1.0967590808868408,-1.0465120077133179,0.41976937651634216,-1.8325997591018677,1.3366758823394775,1.0860809087753296,0.6403279304504395,-1.2709319591522217,0.8239693641662598,0.4418233633041382,-0.056581050157547,0.022710006684064865,-0.17388410866260529,0.1827891767024994,-0.5480368137359619,-1.4744013547897339,0.8699679374694824,0.20754215121269226,0.16703495383262634,-0.14694300293922424,1.406680703163147,-2.073625326156616,0.4620070159435272,-0.08291267603635788
1.3990155458450317,-0.7404040098190308,0.815118134021759,0.06284666806459427,0.04301435872912407,0.20479606091976166,0.9758373498916626,0.0,0.0,-0.09601832926273346,-1.6164960861206055,-1.6715189218521118,0.6019327044487,-0.8402475118637085,-1.09407639503479,-1.0465495586395264,0.4220384955406189,-1.8325997591018677,1.3322064876556396,1.085568904876709,0.6415646076202393,-1.2673921585083008,0.8270488977432251,0.4289093613624573,-0.06366539746522903,0.01860545389354229,-0.17411017417907715,0.16971349716186523,-0.5095498561859131,-1.4675626754760742,0.8699791431427002,0.20214304327964783,0.18257933855056763,-0.1454954445362091,1.399830937385559,-2.0523834228515625,0.46414196491241455,-0.0858214944601059
1.4029380083084106,-0.739148736000061,0.82745361328125,0.05957606062293053,0.046786610037088394,0.19973094761371613,0.9769182205200195,0.0,0.0,-0.09063230454921722,-1.6181859970092773,-1.6836093664169312,0.6048487424850464,-0.8419841527938843,-1.0917811393737793,-1.04652738571167,0.41998565196990967,-1.8325997591018677,1.3289796113967896,1.0892751216888428,0.6423779726028442,-1.2637887001037598,0.8307099938392639,0.41138124465942383,-0.07298371940851212,0.014687784016132355,-0.1742570996284485,0.15391682088375092,-0.45575666427612305,-1.4627354145050049,0.8699864149093628,0.19728747010231018,0.19820699095726013,-0.1390579342842102,1.3919126987457275,-2.0208351612091064,0.4636174440383911,-0.08906900882720947
1.40501070022583,-0.7381504774093628,0.8412667512893677,0.055513814091682434,0.05073222145438194,0.19344520568847656,0.9782246351242065,0.0,0.0,-0.0862201377749443,-1.6191593408584595,-1.69791579246521,0.6105467677116394,-0.8436956405639648,-1.0898131132125854,-1.0465079545974731,0.40875107049942017,-1.8325997591018677,1.3285624980926514,1.0997896194458008,0.6427592039108276,-1.2600493431091309,0.835017204284668,0.3871121108531952,-0.0808877944946289,0.010362578555941582,-0.17435261607170105,0.13513125479221344,-0.38316792249679565,-1.4658324718475342,0.8699911236763,0.19375190138816833,0.21372580528259277,-0.12610360980033875,1.3840970993041992,-1.9805805683135986,0.4611997604370117,-0.0901406854391098
1.4055852890014648,-0.7368801832199097,0.855993926525116,0.049688518047332764,0.054792385548353195,0.18580412864685059,0.9797987937927246,0.0,0.0,-0.08430331945419312,-1.6174085140228271,-1.7130661010742188,0.6201791763305664,-0.845124363899231,-1.088334560394287,-1.0464873313903809,0.38919204473495483,-1.8325997591018677,1.322852611541748,1.1169993877410889,0.642642617225647,-1.256425380706787,0.8399227857589722,0.3546670377254486,-0.08463633060455322,0.005264469422399998,-0.17441469430923462,0.11346357315778732,-0.28816932439804077,-1.4786863327026367,0.8699616193771362,0.1914536952972412,0.2264293134212494,-0.10509292036294937,1.3756085634231567,-1.9314842224121094,0.45874226093292236,-0.08785369247198105
1.406272053718567,-0.7353885173797607,0.8690205812454224,0.04394552484154701,0.05866672098636627,0.1813788115978241,0.9806776642799377,0.0,0.0,-0.08987923711538315,-1.611628532409668,-1.726590633392334,0.6325227618217468,-0.8461049795150757,-1.0877041816711426,-1.0464797019958496,0.38524091243743896,-1.8325997591018677,1.3117282390594482,1.1412407159805298,0.6421548128128052,-1.25248122215271,0.8453985452651978,0.31612953543663025,-0.08564775437116623,0.00031031202524900436,-0.1744195520877838,0.08799255639314651,-0.18488368391990662,-1.4974617958068848,0.8674978613853455,0.19253066182136536,0.23103772103786469,-0.08150741457939148,1.3699603080749512,-1.8754534721374512,0.4544334411621094,-0.08227989077568054
1.4076201915740967,-0.7330582141876221,0.8808620572090149,0.03813222050666809,0.06413514167070389,0.18018923699855804,0.9807978868484497,0.0,0.0,-0.09464391320943832,-1.6025141477584839,-1.7357454299926758,0.6485741138458252,-0.8463064432144165,-1.0876890420913696,-1.0463895797729492,0.39113959670066833,-1.8325997591018677,1.2866352796554565,1.163557529449463,0.6416370868682861,-1.2484883069992065,0.8510197401046753,0.2797122895717621,-0.08328621089458466,-0.0022630670573562384,-0.17440342903137207,0.06365010142326355,-0.08220941573381424,-1.5172427892684937,0.8535381555557251,0.19789305329322815,0.2262391746044159,-0.05932816490530968,1.3640869855880737,-1.8196511268615723,0.44887006282806396,-0.06976911425590515
1.4105801582336426,-0.7290940880775452,0.891608476638794,0.03340371325612068,0.06811311841011047,0.18217100203037262,0.9803358912467957,0.0,0.0,-0.10384653508663177,-1.5951159000396729,-1.7435424327850342,0.6700403094291687,-0.8457059860229492,-1.088107705116272,-1.0463299751281738,0.4015069603919983,-1.8325997591018677,1.2607965469360352,1.1865559816360474,0.6412956714630127,-1.244157075881958,0.8569610714912415,0.2449563890695572,-0.08182977139949799,-0.00035939423833042383,-0.17444771528244019,0.04480237141251564,0.00971515104174614,-1.5345075130462646,0.8256767988204956,0.20954576134681702,0.21728095412254333,-0.04188352823257446,1.3507968187332153,-1.7695823907852173,0.44994547963142395,-0.05204899609088898
1.4177707433700562,-0.721110463142395,0.8991690278053284,0.027626387774944305,0.0709431990981102,0.18902699649333954,0.9790161848068237,0.0,0.0,-0.12444978952407837,-1.5847511291503906,-1.7449734210968018,0.6944742202758789,-0.8439737558364868,-1.0886880159378052,-1.0463258028030396,0.41324856877326965,-1.8325997591018677,1.233690619468689,1.2065746784210205,0.6415460109710693,-1.2395789623260498,0.8628897666931152,0.2170000672340393,-0.0788615420460701,0.0061495620757341385,-0.1744765043258667,0.02570384182035923,0.08354834467172623,-1.5545244216918945,0.7829378843307495,0.2205665111541748,0.20445562899112701,-0.03133698180317879,1.3253140449523926,-1.7308508157730103,0.4663752317428589,-0.025933731347322464
1.4295750856399536,-0.708051323890686,0.9045215249061584,0.022334421053528786,0.07176523655653,0.2030991017818451,0.9762692451477051,0.0,0.0,-0.15466523170471191,-1.5763622522354126,-1.739677906036377,0.7218984961509705,-0.8408060669898987,-1.0893816947937012,-1.0463277101516724,0.4208986461162567,-1.8325997591018677,1.2161554098129272,1.2176129817962646,0.6429145336151123,-1.2347989082336426,0.8684266805648804,0.19766712188720703,-0.07318760454654694,0.016157222911715508,-0.17449522018432617,0.00933096557855606,0.14591696858406067,-1.5830459594726562,0.7345585823059082,0.22666862607002258,0.18226377665996552,-0.03173445165157318,1.2820014953613281,-1.7054171562194824,0.5001991987228394,0.008832784369587898
1.4440085887908936,-0.6907073259353638,0.9063637256622314,0.018555570393800735,0.06970349699258804,0.22309061884880066,0.9721253514289856,0.0,0.0,-0.18616393208503723,-1.570167064666748,-1.7257745265960693,0.7478853464126587,-0.8362675905227661,-1.0897042751312256,-1.0462769269943237,0.4134123921394348,-1.8325997591018677,1.2146224975585938,1.2236508131027222,0.645973801612854,-1.2302045822143555,0.872891902923584,0.18407940864562988,-0.06303233653306961,0.02797967940568924,-0.17450737953186035,0.0011083944700658321,0.20183846354484558,-1.6253429651260376,0.6945744156837463,0.22779934108257294,0.14910012483596802,-0.04254906624555588,1.2280181646347046,-1.6889728307724,0.5439414978027344,0.04583626240491867
1.459362506866455,-0.6708574295043945,0.9093981981277466,0.015641245990991592,0.06467601656913757,0.24708610773086548,0.9667061567306519,0.0,0.0,-0.22500553727149963,-1.5644264221191406,-1.7042964696884155,0.7756280303001404,-0.8301469087600708,-1.0895663499832153,-1.046382188796997,0.3987979292869568,-1.8325997591018677,1.2258808612823486,1.2224452495574951,0.650905430316925,-1.2262001037597656,0.8756453990936279,0.17826056480407715,-0.04905669391155243,0.039563775062561035,-0.17451529204845428,0.0009537964360788465,0.2846205234527588,-1.6813232898712158,0.6647387742996216,0.221848264336586,0.10862810909748077,-0.05750126764178276,1.1587438583374023,-1.683009147644043,0.6025474071502686,0.08417048305273056
1.4749205112457275,-0.6491798162460327,0.9093374013900757,0.01289432030171156,0.05679163336753845,0.2717835307121277,0.9605947136878967,0.0,0.0,-0.2673511505126953,-1.5592845678329468,-1.6732494831085205,0.8054418563842773,-0.8222343921661377,-1.0892322063446045,-1.04654860496521,0.3716685175895691,-1.8325997591018677,1.2401529550552368,1.220301866531372,0.6573155522346497,-1.2233530282974243,0.8766252994537354,0.17500272393226624,-0.03590754419565201,0.046893052756786346,-0.17452043294906616,0.0033481894060969353,0.3877859115600586,-1.7431330680847168,0.6427823305130005,0.2126964032649994,0.0735228881239891,-0.07355162501335144,1.081571102142334,-1.6845439672470093,0.6721978187561035,0.1135682687163353
1.4921245574951172,-0.6268256306648254,0.9063810706138611,0.01174197904765606,0.049826763570308685,0.2961887717247009,0.95375657081604,0.0,0.0,-0.30314892530441284,-1.560926079750061,-1.6354312896728516,0.8351078033447266,-0.8132361173629761,-1.0888597965240479,-1.0466068983078003,0.3479101359844208,-1.8325997591018677,1.248723030090332,1.2072895765304565,0.664962112903595,-1.222245693206787,0.8757811784744263,0.17623236775398254,-0.026519084349274635,0.051353685557842255,-0.17452377080917358,-0.0005154602695256472,0.518754243850708,-1.7988617420196533,0.6220265626907349,0.2007308155298233,0.04238903522491455,-0.09268085658550262,0.9981746673583984,-1.6879100799560547,0.7412090301513672,0.13234084844589233
1.5108530521392822,-0.6050088405609131,0.9017332792282104,0.011797824874520302,0.04474889859557152,0.31992948055267334,0.9463104605674744,0.0,0.0,-0.33187535405158997,-1.5698597431182861,-1.5945537090301514,0.8617614507675171,-0.8039083480834961,-1.0881316661834717,-1.0466630458831787,0.32702499628067017,-1.8325997591018677,1.251835584640503,1.18380868434906,0.6735122799873352,-1.222766637802124,0.873544454574585,0.17435322701931,-0.018321728333830833,0.05669704079627991,-0.17452594637870789,-0.013980517163872719,0.6757421493530273,-1.8251028060913086,0.5899722576141357,0.19153490662574768,0.011627234518527985,-0.11582469940185547,0.9217125177383423,-1.680466890335083,0.7862858772277832,0.139909029006958
1.530883550643921,-0.5833408236503601,0.8938540816307068,0.013346219435334206,0.039997465908527374,0.3432820737361908,0.9382854104042053,0.0,0.0,-0.35221830010414124,-1.5827183723449707,-1.5512733459472656,0.8810870051383972,-0.7948297262191772,-1.0867688655853271,-1.0467146635055542,0.3073229193687439,-1.8325997591018677,1.2544136047363281,1.1611549854278564,0.6822541356086731,-1.224179983139038,0.8708208203315735,0.1613960713148117,-0.0110354945063591,0.060766078531742096,-0.1745273619890213,-0.04069369658827782,0.8538124561309814,-1.7944979667663574,0.5409380793571472,0.1915643811225891,-0.017180822789669037,-0.13751107454299927,0.8583871126174927,-1.6655359268188477,0.8155857920646667,0.13404682278633118
1.5514769554138184,-0.5621801614761353,0.8940262198448181,0.015020574443042278,0.03427815064787865,0.364932656288147,0.9302814602851868,0.0,0.0,-0.36917808651924133,-1.5988328456878662,-1.5079212188720703,0.8911058902740479,-0.7863835096359253,-1.0843791961669922,-1.0468417406082153,0.29033657908439636,-1.8325997591018677,1.2648965120315552,1.138730525970459,0.6912789940834045,-1.2256947755813599,0.8678978681564331,0.13760998845100403,-0.0042017437517642975,0.06314446777105331,-0.17452827095985413,-0.0713338702917099,1.0307190418243408,-1.723151683807373,0.4781719446182251,0.19883441925048828,-0.03923135995864868,-0.15808698534965515,0.8089650869369507,-1.648336410522461,0.8346307277679443,0.12011844664812088
1.5712995529174805,-0.542483925819397,0.8970014452934265,0.016514727845788002,0.031405627727508545,0.38189971446990967,0.9235223531723022,0.0,0.0,-0.3793078064918518,-1.6117548942565918,-1.4738702774047852,0.8953139781951904,-0.7802976369857788,-1.0861337184906006,-1.0469670295715332,0.27593016624450684,-1.8325997591018677,1.2822465896606445,1.1218576431274414,0.6974835395812988,-1.2308483123779297,0.8657869696617126,0.1125616729259491,-0.005446719937026501,0.0714353621006012,-0.17452886700630188,-0.10162524878978729,1.1896202564239502,-1.633307933807373,0.41023731231689453,0.2097758650779724,-0.04648630693554878,-0.17963069677352905,0.7773253321647644,-1.6355661153793335,0.8470099568367004,0.1027664914727211
1.5896098613739014,-0.5248069763183594,0.8987797498703003,0.018029527738690376,0.027953878045082092,0.39494216442108154,0.9181035757064819,0.0,0.0,-0.3882255554199219,-1.6209267377853394,-1.444412350654602,0.8897011280059814,-0.7759023904800415,-1.0896916389465332,-1.047048568725586,0.2586822509765625,-1.8325997591018677,1.3110677003860474,1.1093136072158813,0.7021754384040833,-1.2378617525100708,0.8640701770782471,0.08264724910259247,-0.010621457360684872,0.08188384771347046,-0.17452925443649292,-0.1261405646800995,1.3196265697479248,-1.5443929433822632,0.3435558080673218,0.21639293432235718,-0.04043213278055191,-0.1982063502073288,0.7581875324249268,-1.626032829284668,0.8550564646720886,0.08398991823196411
1.6069517135620117,-0.5087199807167053,0.9009625315666199,0.02013925462961197,0.01817723549902439,0.40830138325691223,0.9124439358711243,0.0,0.0,-0.3965472877025604,-1.630231499671936,-1.4094271659851074,0.8673936128616333,-0.7716748118400574,-1.0883485078811646,-1.0471014976501465,0.24094465374946594,-1.8325997591018677,1.3424603939056396,1.0901877880096436,0.7087541818618774,-1.2415670156478882,0.861968457698822,0.052560772746801376,-0.011702780611813068,0.07916636765003204,-0.17452950775623322,-0.1372283399105072,1.4082309007644653,-1.475325107574463,0.2899692952632904,0.21675559878349304,-0.030444124713540077,-0.20786243677139282,0.7206229567527771,-1.610939383506775,0.8602866530418396,0.06569486856460571
1.6235928535461426,-0.4935069680213928,0.9068098664283752,0.02307029440999031,0.014915268868207932,0.41667211055755615,0.9086416363716125,0.0,0.0,-0.3997038006782532,-1.6343481540679932,-1.3827612400054932,0.8471477031707764,-0.7689352631568909,-1.0913236141204834,-1.0471359491348267,0.22977671027183533,-1.8325997591018677,1.3732759952545166,1.0756337642669678,0.7129589319229126,-1.2488352060317993,0.8604583740234375,0.024144280701875687,-0.024787917733192444,0.08200041204690933,-0.17452967166900635,-0.14272260665893555,1.4716765880584717,-1.412444829940796,0.23753902316093445,0.21421074867248535,-0.006337297149002552,-0.21697154641151428,0.7005717754364014,-1.6040091514587402,0.8636862635612488,0.04537631571292877
1.6413543224334717,-0.4775230586528778,0.912827730178833,0.02696233242750168,0.014108343049883842,0.42315176129341125,0.9055476784706116,0.0,0.0,-0.40247800946235657,-1.637737512588501,-1.3622746467590332,0.829749584197998,-0.7671734690666199,-1.0977630615234375,-1.0471582412719727,0.2318142056465149,-1.8325895071029663,1.3946988582611084,1.0654714107513428,0.7155019044876099,-1.2577359676361084,0.8593287467956543,-0.0026582591235637665,-0.04261702299118042,0.08352027833461761,-0.1745297908782959,-0.13791954517364502,1.5080504417419434,-1.368039608001709,0.1939830780029297,0.21020492911338806,0.023945197463035583,-0.22710280120372772,0.6801422834396362,-1.6043696403503418,0.8658960461616516,0.024293290451169014
1.662986397743225,-0.4601460099220276,0.923930823802948,0.03347593545913696,0.005863662343472242,0.4321705996990204,0.9011512398719788,0.0,0.0,-0.4081821143627167,-1.6477322578430176,-1.3376168012619019,0.800273060798645,-0.7653640508651733,-1.0983939170837402,-1.0470682382583618,0.24786171317100525,-1.828460931777954,1.3945192098617554,1.0535364151000977,0.7198076248168945,-1.2627910375595093,0.8577232360839844,-0.002339224563911557,-0.054677270352840424,0.06922809779644012,-0.17452985048294067,-0.10606762766838074,1.4857523441314697,-1.3792914152145386,0.19757339358329773,0.2050563395023346,0.046227242797613144,-0.2293277233839035,0.5717100501060486,-1.5813648700714111,0.867332398891449,0.003982072696089745
1.6854796409606934,-0.44160032272338867,0.9267860651016235,0.04082389920949936,0.006924800109118223,0.4387361407279968,0.8976614475250244,0.0,0.0,-0.40934956073760986,-1.6544036865234375,-1.3205289840698242,0.7852486371994019,-0.7641308307647705,-1.1047804355621338,-1.0471140146255493,0.270307719707489,-1.8236265182495117,1.384826421737671,1.0464028120040894,0.7221757173538208,-1.270393967628479,0.8566151857376099,0.00023437850177288055,-0.07380235195159912,0.05610411614179611,-0.17452989518642426,-0.06957139819860458,1.4638230800628662,-1.3963568210601807,0.20587699115276337,0.20176003873348236,0.07533381879329681,-0.22253216803073883,0.4875710904598236,-1.577285647392273,0.8682660460472107,-0.013546992093324661
1.709545373916626,-0.4226875603199005,0.9272772073745728,0.048308003693819046,0.005538983270525932,0.4443715214729309,0.8945220112800598,0.0,0.0,-0.4118216037750244,-1.6634336709976196,-1.300822377204895,0.7746696472167969,-0.7624450325965881,-1.1055619716644287,-1.0468735694885254,0.29602426290512085,-1.822077751159668,1.361382007598877,1.044453740119934,0.7264647483825684,-1.2746860980987549,0.8546468019485474,0.030522335320711136,-0.08088736236095428,0.03734494373202324,-0.17452992498874664,-0.020764781162142754,1.4050296545028687,-1.4467562437057495,0.24940964579582214,0.19730690121650696,0.09162159264087677,-0.20647032558918,0.35012441873550415,-1.552496314048767,0.868872880935669,-0.02341173030436039
1.7319287061691284,-0.40525156259536743,0.9201256036758423,0.05562201142311096,0.00932252500206232,0.44482365250587463,0.8938406705856323,0.0,0.0,-0.4114407002925873,-1.6688746213912964,-1.2898041009902954,0.7793333530426025,-0.7613410949707031,-1.112069010734558,-1.0469870567321777,0.3147161304950714,-1.8255479335784912,1.34307861328125,1.0475627183914185,0.728306770324707,-1.284226894378662,0.8536503314971924,0.05609637498855591,-0.08877964317798615,0.02326490730047226,-0.17452993988990784,0.020579777657985687,1.3621386289596558,-1.4934000968933105,0.2852449119091034,0.19352716207504272,0.11210687458515167,-0.18361249566078186,0.25115543603897095,-1.5443613529205322,0.8692673444747925,-0.027456384152173996
1.7526311874389648,-0.3906322121620178,0.9092410802841187,0.0623759999871254,0.012647030875086784,0.4442136585712433,0.893657386302948,0.0,0.0,-0.40676844120025635,-1.67438542842865,-1.2844656705856323,0.7926322221755981,-0.7606600522994995,-1.119045615196228,-1.046875238418579,0.3314639925956726,-1.8278656005859375,1.323796033859253,1.049599051475525,0.7297532558441162,-1.2940033674240112,0.8525320291519165,0.08266204595565796,-0.09211516380310059,0.010861992835998535,-0.17452995479106903,0.048941053450107574,1.3165843486785889,-1.548096776008606,0.32741105556488037,0.18932998180389404,0.1357802450656891,-0.16327963769435883,0.16750378906726837,-1.5408382415771484,0.8695237636566162,-0.02608725056052208
1.7702029943466187,-0.3806871771812439,0.897843062877655,0.06911136955022812,0.014474524185061455,0.4425906538963318,0.8939393758773804,0.0,0.0,-0.39943987131118774,-1.6797641515731812,-1.2832775115966797,0.8063351511955261,-0.7604698538780212,-1.1253373622894287,-1.04679274559021,0.3400766849517822,-1.8294721841812134,1.306257963180542,1.0489686727523804,0.7308768033981323,-1.3036186695098877,0.8515454530715942,0.1078137457370758,-0.09359448403120041,0.001535988412797451,-0.17452996969223022,0.06265677511692047,1.2672600746154785,-1.6072046756744385,0.37459462881088257,0.1806079000234604,0.16764497756958008,-0.14110654592514038,0.10067611932754517,-1.535913348197937,0.8696904182434082,-0.017474645748734474
1.783931851387024,-0.3751126825809479,0.8876480460166931,0.0760234147310257,0.016070876270532608,0.44025832414627075,0.8945025205612183,0.0,0.0,-0.3855140805244446,-1.6829876899719238,-1.286362648010254,0.8191390633583069,-0.76076340675354,-1.1333942413330078,-1.0469348430633545,0.3397819995880127,-1.8305667638778687,1.29299795627594,1.0462822914123535,0.7309554219245911,-1.3147666454315186,0.851279079914093,0.1271987408399582,-0.09698914736509323,-0.004878615960478783,-0.17452996969223022,0.06630221754312515,1.224163293838501,-1.6628780364990234,0.4168941378593445,0.16908641159534454,0.20421260595321655,-0.11543554067611694,0.05434999614953995,-1.530229091644287,0.8697987198829651,-0.006254001520574093
1.794217824935913,-0.37220215797424316,0.8787638545036316,0.08230467885732651,0.015833299607038498,0.4367871880531311,0.8956518173217773,0.0,0.0,-0.36759424209594727,-1.684866189956665,-1.2936874628067017,0.831798255443573,-0.7614041566848755,-1.1418912410736084,-1.047027587890625,0.33205127716064453,-1.8308002948760986,1.2865923643112183,1.04205322265625,0.730514407157898,-1.3265726566314697,0.8513635396957397,0.14198875427246094,-0.09798746556043625,-0.01020408421754837,-0.17452996969223022,0.0634593814611435,1.1910645961761475,-1.7154661417007446,0.45218056440353394,0.15745005011558533,0.2310316562652588,-0.09628850966691971,0.015708889812231064,-1.523712396621704,0.8698691129684448,0.004335603676736355
1.8018747568130493,-0.37055444717407227,0.8713923692703247,0.08821074664592743,0.014748324640095234,0.4332926571369171,0.8968048095703125,0.0,0.0,-0.34815481305122375,-1.6851602792739868,-1.3053743839263916,0.8446720838546753,-0.7623230814933777,-1.149996280670166,-1.0470879077911377,0.32293254137039185,-1.8295292854309082,1.2857317924499512,1.0364071130752563,0.7299348711967468,-1.3377996683120728,0.8515846729278564,0.15375307202339172,-0.09757497906684875,-0.014077195897698402,-0.17452996969223022,0.05823849141597748,1.1680657863616943,-1.765438199043274,0.48060092329978943,0.1472863405942917,0.24610190093517303,-0.08525741845369339,-0.02164902165532112,-1.514185905456543,0.8699148893356323,0.014437198638916016
1.8081040382385254,-0.3688405752182007,0.8653430938720703,0.09301658719778061,0.014038819819688797,0.43022409081459045,0.8978074193000793,0.0,0.0,-0.32735568284988403,-1.681727647781372,-1.319883108139038,0.8588539361953735,-0.7633781433105469,-1.1574732065200806,-1.0471271276474,0.31172966957092285,-1.826676368713379,1.2884327173233032,1.0302225351333618,0.7292320728302002,-1.348367691040039,0.852022647857666,0.16433832049369812,-0.09621750563383102,-0.01641029492020607,-0.17452996969223022,0.05115337297320366,1.1548044681549072,-1.8097805976867676,0.5022266507148743,0.14039064943790436,0.25191107392311096,-0.07836852222681046,-0.06231590360403061,-1.5003159046173096,0.8699446320533752,0.024044794961810112
1.8137565851211548,-0.36615991592407227,0.8596419095993042,0.09642264991998672,0.013675741851329803,0.42757704854011536,0.8987177014350891,0.0,0.0,-0.30537253618240356,-1.6742291450500488,-1.3356080055236816,0.874064564704895,-0.7644820213317871,-1.1643903255462646,-1.0471525192260742,0.2973390817642212,-1.8223119974136353,1.2945172786712646,1.02547287940979,0.7283369898796082,-1.3584758043289185,0.8527522683143616,0.17472314834594727,-0.09407366812229156,-0.01850341632962227,-0.17452996969223022,0.042418476194143295,1.1516616344451904,-1.852266788482666,0.5183321833610535,0.13503222167491913,0.25054100155830383,-0.07542777061462402,-0.11122120916843414,-1.4814658164978027,0.8699640035629272,0.031551145017147064
1.819795846939087,-0.36174464225769043,0.8531959056854248,0.09764591604471207,0.01300703827291727,0.4226655662059784,0.9009161591529846,0.0,0.0,-0.2837730646133423,-1.6649730205535889,-1.353853702545166,0.8891112804412842,-0.765756368637085,-1.1704938411712646,-1.0471690893173218,0.27079343795776367,-1.8207011222839355,1.3111058473587036,1.0227693319320679,0.7273503541946411,-1.3693054914474487,0.8536391258239746,0.18587732315063477,-0.08884990960359573,-0.020476166158914566,-0.17452996969223022,0.0364517942070961,1.1573615074157715,-1.8965632915496826,0.5298631191253662,0.13084088265895844,0.24382451176643372,-0.07568607479333878,-0.17043942213058472,-1.4573683738708496,0.8699765801429749,0.037639737129211426
1.826323390007019,-0.35559171438217163,0.8447818160057068,0.09712021797895432,0.012371523305773735,0.41617074608802795,0.9040002822875977,0.0,0.0,-0.2625783383846283,-1.653437852859497,-1.3727459907531738,0.9021986722946167,-0.7671478986740112,-1.1757785081863403,-1.047179937362671,0.23757576942443848,-1.820723295211792,1.3392748832702637,1.0195977687835693,0.7266743779182434,-1.380264163017273,0.8541991710662842,0.2005993127822876,-0.08151274919509888,-0.021485276520252228,-0.17452996969223022,0.034847892820835114,1.170322299003601,-1.9456398487091064,0.5377823710441589,0.1271098554134369,0.23562142252922058,-0.07586539536714554,-0.24121467769145966,-1.4296700954437256,0.8699847459793091,0.0437343493103981
1.8326365947723389,-0.34831225872039795,0.8334339261054993,0.0959252268075943,0.01254151202738285,0.4103394150733948,0.9067869186401367,0.0,0.0,-0.24359530210494995,-1.6416648626327515,-1.3930997848510742,0.9144865274429321,-0.7686125040054321,-1.1804322004318237,-1.0471868515014648,0.21103256940841675,-1.8190162181854248,1.3709431886672974,1.0138837099075317,0.7263715863227844,-1.3896297216415405,0.8543579578399658,0.21938171982765198,-0.07563024014234543,-0.023468397557735443,-0.17452996969223022,0.036595456302165985,1.1892127990722656,-1.9995297193527222,0.5432547926902771,0.12398093938827515,0.22507387399673462,-0.0760628879070282,-0.323521226644516,-1.4005283117294312,0.8699900507926941,0.049210529774427414
1.8381749391555786,-0.3406873345375061,0.8186143040657043,0.09502153843641281,0.013229457661509514,0.40544453263282776,0.9090713262557983,0.0,0.0,-0.2293519377708435,-1.6330010890960693,-1.4171910285949707,0.9261505603790283,-0.7702004909515381,-1.1846017837524414,-1.0471913814544678,0.19263717532157898,-1.8169358968734741,1.4063822031021118,1.0087462663650513,0.7262675166130066,-1.3975523710250854,0.8542718887329102,0.23914656043052673,-0.07327030599117279,-0.026858622208237648,-0.17452996969223022,0.04099816083908081,1.2098922729492188,-2.0539608001708984,0.5489643216133118,0.12257340550422668,0.21390151977539062,-0.07516427338123322,-0.4126991033554077,-1.3721591234207153,0.8699935078620911,0.052955493330955505
1.8426563739776611,-0.3333270847797394,0.8006214499473572,0.09419651329517365,0.0146219776943326,0.40159764885902405,0.9108416438102722,0.0,0.0,-0.22045475244522095,-1.6256678104400635,-1.443880319595337,0.9375081062316895,-0.7718639373779297,-1.188246250152588,-1.0471943616867065,0.18375609815120697,-1.8126623630523682,1.4429851770401,1.0050301551818848,0.7263524532318115,-1.403666615486145,0.85394287109375,0.2601022720336914,-0.07564084231853485,-0.03181212395429611,-0.17452996969223022,0.047267116606235504,1.231318712234497,-2.109246253967285,0.5559731721878052,0.12219070643186569,0.20353536307811737,-0.07458662986755371,-0.5023503303527832,-1.3484472036361694,0.8699957728385925,0.053438104689121246
1.8461872339248657,-0.32686880230903625,0.7800705432891846,0.09310724586248398,0.015646720305085182,0.401578426361084,0.9109451770782471,0.0,0.0,-0.21972693502902985,-1.6180119514465332,-1.470030665397644,0.9482578039169312,-0.7734338045120239,-1.189985990524292,-1.0471532344818115,0.1836118996143341,-1.8036913871765137,1.4768011569976807,1.0045349597930908,0.7268768548965454,-1.4067250490188599,0.8533861041069031,0.28378358483314514,-0.08078733831644058,-0.03675698861479759,-0.17452996969223022,0.051825493574142456,1.2470896244049072,-2.1670238971710205,0.5684077739715576,0.12243163585662842,0.1936441957950592,-0.08037644624710083,-0.591850757598877,-1.3285329341888428,0.8699972033500671,0.051375389099121094
1.8493800163269043,-0.32140180468559265,0.7598598003387451,0.09103477746248245,0.0187569260597229,0.40522581338882446,0.9094794392585754,0.0,0.0,-0.2241637110710144,-1.6100947856903076,-1.4927557706832886,0.9563579559326172,-0.7748253345489502,-1.1895564794540405,-1.0470092296600342,0.18756520748138428,-1.7896294593811035,1.5048483610153198,1.006006121635437,0.7280200719833374,-1.4068446159362793,0.8524768352508545,0.3037987947463989,-0.08735860139131546,-0.038453686982393265,-0.17452996969223022,0.04761941730976105,1.2698936462402344,-2.222161293029785,0.5820482969284058,0.12284289300441742,0.18410518765449524,-0.09455990791320801,-0.6570005416870117,-1.3233698606491089,0.8699981570243835,0.046371884644031525
1.852095603942871,-0.31686651706695557,0.7414588332176208,0.08862383663654327,0.02294895239174366,0.4109213054180145,0.907062828540802,0.0,0.0,-0.22783519327640533,-1.6034680604934692,-1.5103667974472046,0.9569981694221497,-0.7760661840438843,-1.184729814529419,-1.0467305183410645,0.19326633214950562,-1.7741687297821045,1.527376413345337,1.0070937871932983,0.7307186126708984,-1.4021499156951904,0.850639820098877,0.31830018758773804,-0.09513843059539795,-0.03681950271129608,-0.17452996969223022,0.03411865234375,1.2947908639907837,-2.269071340560913,0.5942016839981079,0.12239186465740204,0.17551738023757935,-0.115388885140419,-0.7000479698181152,-1.329313039779663,0.8699987530708313,0.039335738867521286
1.8540849685668945,-0.3129628300666809,0.7261364459991455,0.08654271066188812,0.028325609862804413,0.41465282440185547,0.9054120779037476,0.0,0.0,-0.22808492183685303,-1.597733974456787,-1.5243666172027588,0.9503224492073059,-0.777320384979248,-1.177449107170105,-1.0464471578598022,0.19681239128112793,-1.762258768081665,1.5451874732971191,1.0029098987579346,0.7343267798423767,-1.3953378200531006,0.8483272194862366,0.3292059302330017,-0.10439141094684601,-0.03439716249704361,-0.17452996969223022,0.02416614256799221,1.3160480260849,-2.299562931060791,0.6008281707763672,0.1207566037774086,0.1692798137664795,-0.13122238218784332,-0.7279812693595886,-1.339867353439331,0.8699991703033447,0.03183124586939812
1.8563822507858276,-0.30933672189712524,0.7144675254821777,0.08535046875476837,0.03420349210500717,0.4173792898654938,0.9040685296058655,0.0,0.0,-0.22524844110012054,-1.59201979637146,-1.533992886543274,0.9356505274772644,-0.7787622213363647,-1.1690491437911987,-1.046170711517334,0.19946736097335815,-1.7544512748718262,1.5600411891937256,0.9966675639152527,0.738418698310852,-1.3874320983886719,0.8458187580108643,0.33657586574554443,-0.11489111930131912,-0.031510669738054276,-0.17452996969223022,0.018486976623535156,1.3311655521392822,-2.3193821907043457,0.6072989106178284,0.11909105628728867,0.16672669351100922,-0.14197583496570587,-0.7454243898391724,-1.3488991260528564,0.8699994087219238,0.024243976920843124
1.8598461151123047,-0.3057670295238495,0.7066746354103088,0.08458897471427917,0.04007222130894661,0.41833508014678955,0.9034570455551147,0.0,0.0,-0.2218373417854309,-1.5869169235229492,-1.5400890111923218,0.9183923006057739,-0.7802454829216003,-1.1602518558502197,-1.0459821224212646,0.20172512531280518,-1.7483124732971191,1.5712890625,0.9898386001586914,0.7427660226821899,-1.3792197704315186,0.8432360887527466,0.34168604016304016,-0.12366864830255508,-0.029505759477615356,-0.17452996969223022,0.018102021887898445,1.3374531269073486,-2.3322649002075195,0.617319643497467,0.1152101457118988,0.16686971485614777,-0.14752982556819916,-0.7557269930839539,-1.352171540260315,0.8699995875358582,0.01728660613298416
1.8647987842559814,-0.3019675314426422,0.7019425630569458,0.08490405231714249,0.04732495918869972,0.417860746383667,0.9032962322235107,0.0,0.0,-0.2181881070137024,-1.5821839570999146,-1.5411717891693115,0.8993927240371704,-0.7816663980484009,-1.1515955924987793,-1.0458135604858398,0.2074691355228424,-1.743868112564087,1.5792956352233887,0.9842939376831055,0.7472643852233887,-1.3709772825241089,0.8405883312225342,0.34689247608184814,-0.13137522339820862,-0.02741829678416252,-0.17452996969223022,0.022135870531201363,1.3368984460830688,-2.3406386375427246,0.6303237080574036,0.11012986302375793,0.16969183087348938,-0.14967241883277893,-0.7605738639831543,-1.3485238552093506,0.8699997067451477,0.010565384291112423
1.8718098402023315,-0.2977553904056549,0.701308012008667,0.08566192537546158,0.056300271302461624,0.41617321968078613,0.9034889340400696,0.0,0.0,-0.21686719357967377,-1.5800485610961914,-1.5380187034606934,0.8827896118164062,-0.7828754782676697,-1.1433988809585571,-1.0457392930984497,0.2173040360212326,-1.7399611473083496,1.582879662513733,0.9824795722961426,0.7517825961112976,-1.3629809617996216,0.8379274606704712,0.35261833667755127,-0.1362105906009674,-0.025929484516382217,-0.17452996969223022,0.030902499333024025,1.3271461725234985,-2.343017578125,0.6480906009674072,0.10323064029216766,0.17537902295589447,-0.1472603976726532,-0.7605198621749878,-1.3327820301055908,0.8699997663497925,0.004790812265127897
1.880519151687622,-0.2931172251701355,0.7074325680732727,0.08588619530200958,0.06743793934583664,0.4139082431793213,0.9037453532218933,0.0,0.0,-0.21571466326713562,-1.5802934169769287,-1.5312180519104004,0.8704666495323181,-0.7838646173477173,-1.1357334852218628,-1.0456371307373047,0.2286345660686493,-1.7361454963684082,1.5784623622894287,0.981356143951416,0.7563018798828125,-1.355614423751831,0.8352302312850952,0.36177271604537964,-0.1376359611749649,-0.02776673249900341,-0.17452996969223022,0.04534590244293213,1.296492338180542,-2.3245689868927,0.6689978241920471,0.09674825519323349,0.1855122148990631,-0.13641402125358582,-0.7489166259765625,-1.3097455501556396,0.8699998259544373,0.0016800619196146727
1.890732765197754,-0.28830569982528687,0.7217472791671753,0.08454880118370056,0.08039120584726334,0.41194242238998413,0.9037102460861206,0.0,0.0,-0.21647469699382782,-1.5841622352600098,-1.5228595733642578,0.860559344291687,-0.7847551107406616,-1.1284353733062744,-1.0455169677734375,0.23640739917755127,-1.7375166416168213,1.568540334701538,0.9769357442855835,0.7610425353050232,-1.3491450548171997,0.8323589563369751,0.3687780499458313,-0.13244691491127014,-0.03029000386595726,-0.17452996969223022,0.05903887748718262,1.251325011253357,-2.2829856872558594,0.6877031922340393,0.09016688168048859,0.20066985487937927,-0.11615891754627228,-0.708387017250061,-1.2944719791412354,0.8699998259544373,0.0006226509576663375
1.901789903640747,-0.2832168638706207,0.7405043244361877,0.08207203447818756,0.0938190445303917,0.4095177948474884,0.9037463068962097,0.0,0.0,-0.21886864304542542,-1.5894544124603271,-1.513725757598877,0.8512654304504395,-0.7855699062347412,-1.1212615966796875,-1.0454039573669434,0.23599891364574432,-1.7458291053771973,1.5578646659851074,0.967724621295929,0.7664849162101746,-1.3436347246170044,0.8289965391159058,0.36915087699890137,-0.12088843435049057,-0.03136013075709343,-0.17452996969223022,0.06710101664066315,1.2043205499649048,-2.223512887954712,0.6990240812301636,0.0853772684931755,0.2150564193725586,-0.08507972955703735,-0.641954779624939,-1.2937082052230835,0.8699998259544373,0.0003597128379624337
1.912101149559021,-0.27696266770362854,0.7604296207427979,0.07950351387262344,0.10493913292884827,0.40854400396347046,0.9031936526298523,0.0,0.0,-0.22534528374671936,-1.5933293104171753,-1.5026360750198364,0.8413041830062866,-0.7863053679466248,-1.114243507385254,-1.0452486276626587,0.2350599765777588,-1.7574495077133179,1.5470083951950073,0.9624854326248169,0.7725698947906494,-1.3380465507507324,0.8252713680267334,0.36029186844825745,-0.10676488280296326,-0.029977941885590553,-0.17452996969223022,0.06905893236398697,1.151566743850708,-2.153757095336914,0.7045885920524597,0.0834389254450798,0.22309550642967224,-0.04235583543777466,-0.5470504760742188,-1.3296153545379639,0.8698574304580688,0.004782854113727808
1.9217811822891235,-0.2694256007671356,0.7824853658676147,0.07689712196588516,0.1131536215543747,0.4059729278087616,0.903586745262146,0.0,0.0,-0.23259399831295013,-1.5960047245025635,-1.4903514385223389,0.8281009793281555,-0.7872154712677002,-1.106912612915039,-1.0450928211212158,0.23268145322799683,-1.7701140642166138,1.538900375366211,0.960646390914917,0.7796326875686646,-1.3323307037353516,0.8210406303405762,0.3449215292930603,-0.09014373272657394,-0.02706090360879898,-0.17452996969223022,0.06948132812976837,1.1014809608459473,-2.076341152191162,0.703829824924469,0.08653894066810608,0.21597272157669067,0.006861507892608643,-0.43417543172836304,-1.3860405683517456,0.8555750846862793,0.013052799738943577
1.9320878982543945,-0.25972169637680054,0.8066969513893127,0.07341165840625763,0.11729691922664642,0.4006941616535187,0.9057021141052246,0.0,0.0,-0.24404370784759521,-1.597030520439148,-1.4763082265853882,0.812076210975647,-0.7884083986282349,-1.0994985103607178,-1.0450260639190674,0.23583006858825684,-1.7780191898345947,1.529266595840454,0.9617894887924194,0.7875077128410339,-1.3264952898025513,0.8164550065994263,0.3293725550174713,-0.07181540131568909,-0.024433333426713943,-0.17452996969223022,0.07250820100307465,1.047776460647583,-2.0005502700805664,0.7019703388214111,0.09164675325155258,0.19273076951503754,0.05634235218167305,-0.3089273273944855,-1.4563395977020264,0.8292733430862427,0.027301020920276642
1.9438905715942383,-0.24778452515602112,0.8314476013183594,0.06983359158039093,0.11705829203128815,0.39115872979164124,0.9101733565330505,0.0,0.0,-0.25242000818252563,-1.6024909019470215,-1.4678573608398438,0.7972502708435059,-0.7906479835510254,-1.0924590826034546,-1.0450143814086914,0.24574467539787292,-1.7842566967010498,1.5202220678329468,0.96816486120224,0.795562744140625,-1.3204472064971924,0.8120987415313721,0.31355634331703186,-0.05452301725745201,-0.0233619324862957,-0.17452996969223022,0.07724254578351974,0.9879845976829529,-1.9306936264038086,0.7051442265510559,0.09844276309013367,0.15563002228736877,0.09835679829120636,-0.16438142955303192,-1.539105772972107,0.7993708848953247,0.04817083850502968
1.9575631618499756,-0.2343931794166565,0.8550195693969727,0.0651412233710289,0.11216896027326584,0.37885868549346924,0.9163191914558411,0.0,0.0,-0.261240690946579,-1.6085416078567505,-1.4668500423431396,0.7869427800178528,-0.7941726446151733,-1.0865046977996826,-1.045111894607544,0.2597789764404297,-1.7886443138122559,1.508553147315979,0.9838674068450928,0.8025139570236206,-1.3140041828155518,0.8090763092041016,0.29484349489212036,-0.03604178503155708,-0.02368701808154583,-0.17452996969223022,0.081296406686306,0.9318922162055969,-1.868898630142212,0.709489643573761,0.10955026000738144,0.11181361973285675,0.12405447661876678,0.0029188841581344604,-1.6205885410308838,0.7719171047210693,0.0738806426525116
1.972564935684204,-0.22043803334236145,0.8740459680557251,0.059643249958753586,0.1045370101928711,0.3639428913593292,0.9236125946044922,0.0,0.0,-0.2720993161201477,-1.6114249229431152,-1.4705934524536133,0.7820218801498413,-0.7986104488372803,-1.0818015336990356,-1.0452845096588135,0.27638131380081177,-1.7922579050064087,1.4895333051681519,1.0058465003967285,0.8080384731292725,-1.3075432777404785,0.8074918389320374,0.27634963393211365,-0.018729664385318756,-0.025414640083909035,-0.17452996969223022,0.08819754421710968,0.8843140006065369,-1.818115472793579,0.7134743928909302,0.12440524995326996,0.0769624412059784,0.13369598984718323,0.18508729338645935,-1.6922547817230225,0.7440122365951538,0.09278210997581482
1.9882326126098633,-0.2062970995903015,0.8885077238082886,0.055200546979904175,0.09541533887386322,0.3482713997364044,0.9308897852897644,0.0,0.0,-0.27776601910591125,-1.6116565465927124,-1.479804515838623,0.7835212349891663,-0.8037524819374084,-1.078474998474121,-1.045433759689331,0.28930795192718506,-1.7969532012939453,1.4652178287506104,1.032638669013977,0.8121434450149536,-1.3014161586761475,0.8072347640991211,0.25910553336143494,-0.007866114377975464,-0.027797400951385498,-0.17260630428791046,0.09902045875787735,0.8414705395698547,-1.7767610549926758,0.7193239331245422,0.14197276532649994,0.059224069118499756,0.13692611455917358,0.3838181495666504,-1.7465819120407104,0.7114650011062622,0.1042502373456955
2.0043680667877197,-0.19095569849014282,0.898823082447052,0.05150970444083214,0.08611373603343964,0.3328979015350342,0.9376087188720703,0.0,0.0,-0.28247418999671936,-1.611011266708374,-1.49558687210083,0.7893723845481873,-0.8094945549964905,-1.0762630701065063,-1.0455982685089111,0.30161571502685547,-1.8034638166427612,1.4380497932434082,1.063657283782959,0.8151382207870483,-1.2956066131591797,0.8080571889877319,0.23919597268104553,-0.006756028160452843,-0.031016197055578232,-0.16463300585746765,0.10811077058315277,0.8059241771697998,-1.7454167604446411,0.7274788618087769,0.1570873260498047,0.0655810609459877,0.1387917548418045,0.5812171101570129,-1.7707449197769165,0.6736235618591309,0.10538247227668762
2.0226938724517822,-0.17243292927742004,0.9066266417503357,0.0473092757165432,0.07860185205936432,0.3177909851074219,0.943712055683136,0.0,0.0,-0.2911531925201416,-1.608900785446167,-1.51637601852417,0.8009929656982422,-0.8150476813316345,-1.0748708248138428,-1.045817255973816,0.31911709904670715,-1.8111652135849,1.405373215675354,1.1015174388885498,0.8169734477996826,-1.289905309677124,0.8099499940872192,0.2086341828107834,-0.017232289537787437,-0.03403698280453682,-0.1474633365869522,0.10269594192504883,0.7796192765235901,-1.7217587232589722,0.7396608591079712,0.16659724712371826,0.07502056658267975,0.15184032917022705,0.7838727831840515,-1.7448580265045166,0.629442572593689,0.10686526447534561
2.0443167686462402,-0.15354503691196442,0.9114840030670166,0.0436055064201355,0.07011660933494568,0.30007290840148926,0.9503359794616699,0.0,0.0,-0.29719704389572144,-1.6077489852905273,-1.543034553527832,0.8205113410949707,-0.819961667060852,-1.0740070343017578,-1.0460069179534912,0.3416624069213867,-1.8186671733856201,1.3746110200881958,1.1419764757156372,0.8177476525306702,-1.2843072414398193,0.8127727508544922,0.18314853310585022,-0.03469305858016014,-0.039955444633960724,-0.12117786705493927,0.09812996536493301,0.7358438968658447,-1.7060718536376953,0.7591596841812134,0.16363371908664703,0.08685117959976196,0.16168814897537231,0.9730310440063477,-1.7098833322525024,0.5747326612472534,0.10433907806873322
2.0681214332580566,-0.13666188716888428,0.9144625067710876,0.04156336560845375,0.062190569937229156,0.28056198358535767,0.9569168090820312,0.0,0.0,-0.2988845109939575,-1.6064372062683105,-1.570724606513977,0.8397815227508545,-0.8243091106414795,-1.0733184814453125,-1.0459773540496826,0.37190935015678406,-1.823543667793274,1.3484573364257812,1.1744303703308105,0.8177533149719238,-1.2787115573883057,0.8162925839424133,0.16720178723335266,-0.055547669529914856,-0.04676980525255203,-0.09039120376110077,0.09786352515220642,0.6743103265762329,-1.6931202411651611,0.7821147441864014,0.15456002950668335,0.1059519425034523,0.16525673866271973,1.1338653564453125,-1.674971103668213,0.5158184170722961,0.09559360146522522
2.0924768447875977,-0.12178270518779755,0.9159020781517029,0.04066073149442673,0.054619088768959045,0.26032939553260803,0.9631158113479614,0.0,0.0,-0.3011295795440674,-1.6043264865875244,-1.596092939376831,0.8594212532043457,-0.8275113701820374,-1.0726348161697388,-1.04594886302948,0.4055001735687256,-1.8267133235931396,1.3229546546936035,1.1973679065704346,0.8167162537574768,-1.2731406688690186,0.8207802176475525,0.15531757473945618,-0.07730098068714142,-0.052416570484638214,-0.05782406032085419,0.10089635848999023,0.6067852973937988,-1.6806695461273193,0.8027697205543518,0.1444815993309021,0.13215363025665283,0.17076033353805542,1.2692291736602783,-1.6366815567016602,0.4568595886230469,0.08001890778541565
2.115957498550415,-0.10844756662845612,0.9162410497665405,0.04083918780088425,0.046541642397642136,0.24255046248435974,0.9681607484817505,0.0,0.0,-0.3075641393661499,-1.6018743515014648,-1.6174858808517456,0.8803229331970215,-0.8293635845184326,-1.0720117092132568,-1.0459734201431274,0.4390420913696289,-1.8287736177444458,1.3027015924453735,1.2152340412139893,0.8143256902694702,-1.2671865224838257,0.8265853524208069,0.14456962049007416,-0.09990675002336502,-0.057342976331710815,-0.024281399324536324,0.10429687798023224,0.5387219190597534,-1.6664938926696777,0.8185067176818848,0.13327835500240326,0.1595725417137146,0.18022391200065613,1.3828502893447876,-1.5959973335266113,0.399606317281723,0.06094767525792122
2.138331413269043,-0.09622272104024887,0.9156655669212341,0.04076552018523216,0.039590395987033844,0.22785280644893646,0.9720359444618225,0.0,0.0,-0.3183809518814087,-1.5967788696289062,-1.6286780834197998,0.8987175226211548,-0.8298667669296265,-1.0713251829147339,-1.0459859371185303,0.4697265625,-1.8301128149032593,1.279716968536377,1.2241790294647217,0.8107711672782898,-1.2610530853271484,0.8334605693817139,0.13821810483932495,-0.12205082178115845,-0.06248874589800835,0.010040655732154846,0.1033443808555603,0.4687737226486206,-1.650768756866455,0.8295233249664307,0.12071342766284943,0.18034294247627258,0.19103190302848816,1.4763782024383545,-1.5612932443618774,0.3481367528438568,0.044675566256046295
2.1600563526153564,-0.08480231463909149,0.9141153693199158,0.04106853902339935,0.03394997864961624,0.21718011796474457,0.9746761322021484,0.0,0.0,-0.3284077048301697,-1.593578815460205,-1.6305903196334839,0.9172765016555786,-0.8291444778442383,-1.0707876682281494,-1.045967936515808,0.5011581182479858,-1.830983281135559,1.2553492784500122,1.2139452695846558,0.8066979050636292,-1.2549043893814087,0.8408496379852295,0.1359194666147232,-0.14325261116027832,-0.06715085357427597,0.03952286019921303,0.09959801286458969,0.3978259563446045,-1.633375883102417,0.8386144042015076,0.10939487814903259,0.1971723437309265,0.20085552334785461,1.5496151447296143,-1.5322637557983398,0.3022270202636719,0.02820242941379547
2.182284355163574,-0.07338573038578033,0.910640299320221,0.04259513318538666,0.029978623613715172,0.21089445054531097,0.976120114326477,0.0,0.0,-0.3375546932220459,-1.592958927154541,-1.625192403793335,0.939124584197998,-0.8273465633392334,-1.0705482959747314,-1.04594886302948,0.5323668122291565,-1.831549048423767,1.2312161922454834,1.1873658895492554,0.8020604848861694,-1.2490060329437256,0.8487644195556641,0.1366215944290161,-0.16380292177200317,-0.07006873190402985,0.057804614305496216,0.09378840029239655,0.3224812150001526,-1.6167263984680176,0.8489362597465515,0.10192809998989105,0.2087862491607666,0.2061183899641037,1.599067211151123,-1.5166263580322266,0.26684534549713135,0.01461917906999588
2.205740451812744,-0.06118819862604141,0.9061679840087891,0.044164277613162994,0.027514079585671425,0.20772585272789001,0.9768021702766418,0.0,0.0,-0.3522486090660095,-1.5947036743164062,-1.6109349727630615,0.961613655090332,-0.8247851133346558,-1.0705674886703491,-1.045945405960083,0.5588926672935486,-1.8319168090820312,1.209421157836914,1.1522680521011353,0.7966275811195374,-1.2436864376068115,0.8573803901672363,0.13954666256904602,-0.17992737889289856,-0.07091198861598969,0.06468323618173599,0.08754722028970718,0.2467522919178009,-1.5996968746185303,0.8552244901657104,0.09868738055229187,0.2179514467716217,0.2064892053604126,1.6225898265838623,-1.5130984783172607,0.2426895797252655,0.00011190865188837051
2.2309675216674805,-0.047716960310935974,0.9005731344223022,0.046545326709747314,0.025865213945508003,0.2045895755290985,0.9773983955383301,0.0,0.0,-0.37165194749832153,-1.5999586582183838,-1.5906589031219482,0.9847807884216309,-0.8218797445297241,-1.0708091259002686,-1.0459368228912354,0.5809915661811829,-1.8321558237075806,1.192112922668457,1.1117749214172363,0.7905414700508118,-1.2392401695251465,0.8666002750396729,0.14413687586784363,-0.19198612868785858,-0.07085225731134415,0.05764789879322052,0.08148891478776932,0.1736593246459961,-1.5836400985717773,0.8578583002090454,0.1005028560757637,0.22556498646736145,0.2045576125383377,1.624757170677185,-1.5186611413955688,0.22942674160003662,-0.015086635947227478
2.258681297302246,-0.03221162408590317,0.8935104012489319,0.04929284751415253,0.0247858427464962,0.20166578888893127,0.9778991937637329,0.0,0.0,-0.3898007273674011,-1.6084249019622803,-1.5639190673828125,1.0024069547653198,-0.8192631006240845,-1.0713257789611816,-1.045815348625183,0.5963431000709534,-1.8323112726211548,1.1782969236373901,1.0694050788879395,0.7837924957275391,-1.235863447189331,0.8763694763183594,0.14996086061000824,-0.20044291019439697,-0.06993362307548523,0.039853066205978394,0.07425525039434433,0.10420120507478714,-1.568203330039978,0.8602070808410645,0.10562215000391006,0.23155292868614197,0.19830532371997833,1.6136693954467773,-1.5308752059936523,0.22538042068481445,-0.026435963809490204
2.2886693477630615,-0.015128439292311668,0.8860055804252625,0.0522821843624115,0.02354169823229313,0.19679199159145355,0.9787672162055969,0.0,0.0,-0.40114593505859375,-1.6179871559143066,-1.5321426391601562,1.0142027139663696,-0.817340612411499,-1.0721094608306885,-1.0456445217132568,0.6019394397735596,-1.8324122428894043,1.164802074432373,1.0337908267974854,0.7762702107429504,-1.2337459325790405,0.8867191076278687,0.15924321115016937,-0.2028675228357315,-0.06845012307167053,0.012078494764864445,0.06883443146944046,0.03155272454023361,-1.54964280128479,0.8595024347305298,0.11391288042068481,0.23525893688201904,0.18627840280532837,1.5907845497131348,-1.5505540370941162,0.2299385666847229,-0.03151576966047287
2.320335626602173,0.0029447637498378754,0.8771520853042603,0.0553225576877594,0.022684982046484947,0.19126500189304352,0.9797155261039734,0.0,0.0,-0.406213641166687,-1.6307682991027832,-1.5029659271240234,1.0192670822143555,-0.8170080184936523,-1.0733038187026978,-1.0454623699188232,0.6013690233230591,-1.8324779272079468,1.1505045890808105,1.0053657293319702,0.7683501839637756,-1.2326396703720093,0.897255003452301,0.17313838005065918,-0.2005162537097931,-0.0669248029589653,-0.018442263826727867,0.06910472363233566,-0.04433344304561615,-1.5290002822875977,0.862610399723053,0.12487128376960754,0.23792575299739838,0.16719232499599457,1.5658601522445679,-1.5820331573486328,0.24276664853096008,-0.03179299458861351
2.3514750003814697,0.020865755155682564,0.8678380846977234,0.05739177018404007,0.027158226817846298,0.19276683032512665,0.9791882038116455,0.0,0.0,-0.4086439609527588,-1.6432313919067383,-1.484144687652588,1.027355670928955,-0.81689453125,-1.0820510387420654,-1.0459120273590088,0.5888493061065674,-1.832520604133606,1.1371643543243408,0.9882875084877014,0.76137375831604,-1.240010142326355,0.904863715171814,0.1855432540178299,-0.1975373476743698,-0.07165694981813431,-0.04637761786580086,0.06707008928060532,-0.09960642457008362,-1.5165984630584717,0.8651566505432129,0.1356295794248581,0.23905634880065918,0.14364536106586456,1.5595853328704834,-1.6125431060791016,0.247104674577713,-0.029749125242233276
2.380436420440674,0.03794105723500252,0.8604751229286194,0.059800148010253906,0.028929851949214935,0.19424939155578613,0.9787002205848694,0.0,0.0,-0.408446729183197,-1.6534117460250854,-1.47301185131073,1.032246708869934,-0.8175552487373352,-1.0926432609558105,-1.0458403825759888,0.5630491375923157,-1.8325483798980713,1.1256582736968994,0.9875519871711731,0.7546451687812805,-1.2500966787338257,0.9114915132522583,0.19617462158203125,-0.19469808042049408,-0.0772324651479721,-0.06855257600545883,0.06763432174921036,-0.14997822046279907,-1.5029120445251465,0.8668150901794434,0.1428341269493103,0.24162976443767548,0.12393256276845932,1.555734395980835,-1.6519920825958252,0.2567298114299774,-0.026623215526342392
2.406292676925659,0.052918940782547,0.8540866374969482,0.062019385397434235,0.03227001801133156,0.19921384751796722,0.9774590134620667,0.0,0.0,-0.4035469889640808,-1.662571907043457,-1.4713234901428223,1.0339034795761108,-0.8187943696975708,-1.1062263250350952,-1.0458451509475708,0.5305677056312561,-1.8325663805007935,1.1226649284362793,0.9927372932434082,0.748666524887085,-1.2637097835540771,0.9166907072067261,0.20578455924987793,-0.19332748651504517,-0.0845063254237175,-0.08690527081489563,0.06335310637950897,-0.18836575746536255,-1.4926011562347412,0.8679296970367432,0.14873859286308289,0.24543192982673645,0.10528334230184555,1.5584518909454346,-1.6866512298583984,0.2632136344909668,-0.02820327877998352
2.429065227508545,0.06592823565006256,0.8489828109741211,0.06417299807071686,0.03501976281404495,0.2019283026456833,0.9766680598258972,0.0,0.0,-0.38850343227386475,-1.6689090728759766,-1.4753633737564087,1.0251390933990479,-0.8211034536361694,-1.1183969974517822,-1.0454566478729248,0.4966643750667572,-1.8325780630111694,1.1242480278015137,0.9975317716598511,0.74381422996521,-1.2756075859069824,0.9208061695098877,0.2174421101808548,-0.19356955587863922,-0.09026321023702621,-0.09739448130130768,0.06245700269937515,-0.22546911239624023,-1.4795446395874023,0.8686542510986328,0.15367719531059265,0.2516630291938782,0.08887633681297302,1.5603067874908447,-1.7286605834960938,0.2749171853065491,-0.030730970203876495
2.4492383003234863,0.07710835337638855,0.8446691036224365,0.06626679748296738,0.03876861184835434,0.20389480888843536,0.9759777784347534,0.0,0.0,-0.36634373664855957,-1.6715614795684814,-1.4839425086975098,1.0088481903076172,-0.8241411447525024,-1.1291284561157227,-1.0448232889175415,0.4670109748840332,-1.8325856924057007,1.1283260583877563,0.9992325901985168,0.7399656772613525,-1.2856942415237427,0.9240211248397827,0.231429323554039,-0.19502046704292297,-0.09485656023025513,-0.10205385088920593,0.06415273994207382,-0.2622528076171875,-1.4626562595367432,0.869125247001648,0.15863178670406342,0.2579355239868164,0.07219138741493225,1.56443452835083,-1.773345708847046,0.28658974170684814,-0.03637610375881195
2.4669766426086426,0.08650174736976624,0.8403516411781311,0.067781001329422,0.04256243631243706,0.20506684482097626,0.9754700660705566,0.0,0.0,-0.34359458088874817,-1.6699639558792114,-1.4960439205169678,0.9909761548042297,-0.8273752927780151,-1.138564944267273,-1.0443534851074219,0.4434625804424286,-1.8325906991958618,1.1337776184082031,0.9994149208068848,0.7368392944335938,-1.2942304611206055,0.9266033172607422,0.2456425428390503,-0.19578519463539124,-0.09833791851997375,-0.10305093228816986,0.06748966127634048,-0.30026328563690186,-1.4424691200256348,0.8694313764572144,0.16515353322029114,0.26405614614486694,0.054688259959220886,1.571059226989746,-1.8177580833435059,0.29749423265457153,-0.04496189206838608
2.482172727584839,0.09468166530132294,0.8349227905273438,0.06984501332044601,0.046310994774103165,0.20495668053627014,0.9751768112182617,0.0,0.0,-0.3180885314941406,-1.666283369064331,-1.5132465362548828,0.9742241501808167,-0.8307047486305237,-1.1469212770462036,-1.0440136194229126,0.4212988317012787,-1.8325939178466797,1.1404813528060913,1.0022473335266113,0.7340957522392273,-1.3016597032546997,0.928926944732666,0.2601868212223053,-0.19624538719654083,-0.10064402967691422,-0.10385502874851227,0.07306510955095291,-0.3415871858596802,-1.4209507703781128,0.8696303367614746,0.17359276115894318,0.26783519983291626,0.037158410996198654,1.5824354887008667,-1.8629381656646729,0.3068908154964447,-0.053831763565540314
2.4946603775024414,0.10125750303268433,0.8286877870559692,0.07249460369348526,0.0467783585190773,0.19651229679584503,0.9766981601715088,0.0,0.0,-0.285754531621933,-1.6621787548065186,-1.5383436679840088,0.9520769119262695,-0.8352051973342896,-1.1495263576507568,-1.0444148778915405,0.4061134457588196,-1.832595944404602,1.1437907218933105,1.0115201473236084,0.7316678166389465,-1.3037112951278687,0.9319288730621338,0.28121620416641235,-0.19129864871501923,-0.09497635811567307,-0.10685934871435165,0.08923152089118958,-0.4013855457305908,-1.3918635845184326,0.8697596788406372,0.18268537521362305,0.2662776708602905,0.02435622178018093,1.5829582214355469,-1.9159142971038818,0.32645362615585327,-0.06008782982826233
2.5048587322235107,0.10631061345338821,0.8201408386230469,0.07431111484766006,0.04733309894800186,0.1854773759841919,0.9786907434463501,0.0,0.0,-0.2544776499271393,-1.6554327011108398,-1.5705453157424927,0.9317059516906738,-0.8401193022727966,-1.1486597061157227,-1.044914722442627,0.39390236139297485,-1.832597255706787,1.1488547325134277,1.026108980178833,0.7298477292060852,-1.3025230169296265,0.9350321292877197,0.3045528531074524,-0.17996114492416382,-0.08614778518676758,-0.11601123213768005,0.10521505773067474,-0.46479228138923645,-1.3647000789642334,0.8698437809944153,0.19416046142578125,0.25846725702285767,0.010791964828968048,1.5864150524139404,-1.967750072479248,0.3464968204498291,-0.06356056779623032
2.513089179992676,0.11059149354696274,0.8101005554199219,0.07582318782806396,0.050276950001716614,0.17786577343940735,0.9798402190208435,0.0,0.0,-0.22201380133628845,-1.6493334770202637,-1.6082711219787598,0.9192469120025635,-0.8444702625274658,-1.1499227285385132,-1.0453474521636963,0.36604374647140503,-1.8325982093811035,1.1621698141098022,1.0451231002807617,0.7280471324920654,-1.3038530349731445,0.9377416372299194,0.323136568069458,-0.16935956478118896,-0.0804002583026886,-0.12815743684768677,0.1154702752828598,-0.5155980587005615,-1.3459537029266357,0.8698984384536743,0.2072550356388092,0.24984893202781677,-0.006048180628567934,1.6066832542419434,-2.0102241039276123,0.3565141260623932,-0.0665203407406807
2.5195233821868896,0.11404457688331604,0.7981582283973694,0.07719165831804276,0.051935724914073944,0.16572053730487823,0.9817743301391602,0.0,0.0,-0.188593327999115,-1.642216682434082,-1.6539702415466309,0.9049026370048523,-0.8488607406616211,-1.147702693939209,-1.0455015897750854,0.33582866191864014,-1.8325988054275513,1.180846929550171,1.0701160430908203,0.7271935939788818,-1.3023680448532104,0.940230667591095,0.34264105558395386,-0.15456290543079376,-0.07209812104701996,-0.14176231622695923,0.13408571481704712,-0.5697109699249268,-1.328450083732605,0.8699339628219604,0.22125521302223206,0.2373984009027481,-0.01276086363941431,1.6218678951263428,-2.048999786376953,0.36740177869796753,-0.06778673827648163
2.525480270385742,0.11715288460254669,0.7833400368690491,0.07770663499832153,0.05418296530842781,0.15372835099697113,0.983561635017395,0.0,0.0,-0.15548770129680634,-1.6347917318344116,-1.703895092010498,0.8904029130935669,-0.8528935313224792,-1.1434158086776733,-1.0456199645996094,0.3085678219795227,-1.83259916305542,1.1984491348266602,1.0986284017562866,0.726921796798706,-1.299415946006775,0.9425523281097412,0.36130353808403015,-0.1402522623538971,-0.0647253468632698,-0.15320906043052673,0.15425726771354675,-0.6250486373901367,-1.3117187023162842,0.8699570298194885,0.23371222615242004,0.22663719952106476,-0.016325693577528,1.6409991979599,-2.084967613220215,0.3741324543952942,-0.06805232167243958
2.531785011291504,0.12021304666996002,0.7678191661834717,0.07667826116085052,0.05941774696111679,0.14080868661403656,0.985273003578186,0.0,0.0,-0.125434011220932,-1.6255872249603271,-1.7535327672958374,0.8733762502670288,-0.8564440011978149,-1.1380912065505981,-1.0456687211990356,0.2851082980632782,-1.832599401473999,1.2163465023040771,1.1222925186157227,0.7275062799453735,-1.2960169315338135,0.9443689584732056,0.37675103545188904,-0.1273229420185089,-0.06139416992664337,-0.1606713831424713,0.1772417277097702,-0.6669463515281677,-1.3004939556121826,0.8699720501899719,0.24449113011360168,0.22202545404434204,-0.015663113445043564,1.6711795330047607,-2.116132974624634,0.3730195164680481,-0.07174699008464813
2.537931442260742,0.12275079637765884,0.7526898980140686,0.0746099129319191,0.06473153084516525,0.12622520327568054,0.9870715737342834,0.0,0.0,-0.10172363370656967,-1.6155633926391602,-1.8025634288787842,0.8595839738845825,-0.8591836094856262,-1.1322999000549316,-1.0457842350006104,0.2678535580635071,-1.8325995206832886,1.2356168031692505,1.1406818628311157,0.7288027405738831,-1.2926466464996338,0.9457447528839111,0.385469913482666,-0.11562143266201019,-0.06196475028991699,-0.16552188992500305,0.20183411240577698,-0.6950737833976746,-1.2955389022827148,0.8699818253517151,0.25276854634284973,0.2254607379436493,-0.011707928031682968,1.704940915107727,-2.1409311294555664,0.3668020963668823,-0.08033958077430725
2.5438809394836426,0.12507747113704681,0.7394431233406067,0.07210090011358261,0.07007820904254913,0.110793337225914,0.9887443780899048,0.0,0.0,-0.0836179256439209,-1.6034797430038452,-1.849334478378296,0.8482370972633362,-0.8611561059951782,-1.1263686418533325,-1.045898675918579,0.25738394260406494,-1.8325996398925781,1.2577922344207764,1.155683994293213,0.7307295203208923,-1.2893941402435303,0.946702241897583,0.3913749158382416,-0.10656527429819107,-0.06353393942117691,-0.1684262752532959,0.2249707579612732,-0.71311354637146,-1.2932264804840088,0.8699881434440613,0.25844523310661316,0.2353346049785614,-0.008652071468532085,1.734673023223877,-2.158992290496826,0.3603934645652771,-0.09187225997447968
2.549647331237793,0.1273941695690155,0.7275730967521667,0.06977320462465286,0.07565426826477051,0.09564757347106934,0.9900806546211243,0.0,0.0,-0.06678536534309387,-1.5906656980514526,-1.8914439678192139,0.8383458852767944,-0.8623365163803101,-1.1204956769943237,-1.0459721088409424,0.25386250019073486,-1.8325765132904053,1.2780073881149292,1.169586181640625,0.7329472303390503,-1.2863895893096924,0.947411835193634,0.39597171545028687,-0.10063427686691284,-0.06620669364929199,-0.16877779364585876,0.2467115819454193,-0.7251806259155273,-1.2922616004943848,0.8699922561645508,0.2617413401603699,0.24955102801322937,-0.005870318040251732,1.762298345565796,-2.173591136932373,0.3534923791885376,-0.10609802603721619
2.555311679840088,0.12956081330776215,0.7185540795326233,0.06838016211986542,0.08160386979579926,0.08059566468000412,0.9910445809364319,0.0,0.0,-0.0525197833776474,-1.5780408382415771,-1.9284358024597168,0.8268561959266663,-0.8628195524215698,-1.1147005558013916,-1.0460186004638672,0.2572227120399475,-1.8325810432434082,1.3018206357955933,1.182478904724121,0.7355090379714966,-1.2834813594818115,0.9478753805160522,0.40157634019851685,-0.09716415405273438,-0.06645772606134415,-0.1691848486661911,0.26532310247421265,-0.7324239015579224,-1.2900782823562622,0.8699949383735657,0.2639581561088562,0.26468247175216675,-0.0037743616849184036,1.7828056812286377,-2.1850316524505615,0.34932348132133484,-0.1192304790019989
2.561176300048828,0.13183891773223877,0.7139275670051575,0.06785821914672852,0.08781404048204422,0.06607148796319962,0.991624116897583,0.0,0.0,-0.036684729158878326,-1.5682469606399536,-1.959611415863037,0.81279456615448,-0.8627148866653442,-1.1089961528778076,-1.0460091829299927,0.2637031078338623,-1.8325762748718262,1.3299428224563599,1.1947541236877441,0.7383745908737183,-1.280664086341858,0.94810551404953,0.41017764806747437,-0.09567539393901825,-0.06219308078289032,-0.1710556447505951,0.27848586440086365,-0.7361299991607666,-1.2839062213897705,0.8699966669082642,0.2631085216999054,0.2757475972175598,-0.005618288181722164,1.792818546295166,-2.1927807331085205,0.34948790073394775,-0.13028784096240997
2.5674877166748047,0.13432800769805908,0.7149382829666138,0.06650123745203018,0.09447908401489258,0.05236323922872543,0.9919220209121704,0.0,0.0,-0.020862609148025513,-1.5618873834609985,-1.9858424663543701,0.7974867820739746,-0.8621045351028442,-1.1035107374191284,-1.045996904373169,0.2704925537109375,-1.831336498260498,1.3556206226348877,1.2060904502868652,0.7413514256477356,-1.27816641330719,0.9481344223022461,0.4197012186050415,-0.09498502314090729,-0.05446236953139305,-0.17227166891098022,0.28506749868392944,-0.7318035364151001,-1.274238109588623,0.8699977993965149,0.25925663113594055,0.28495267033576965,-0.01006582472473383,1.790244221687317,-2.192352056503296,0.35343295335769653,-0.13915982842445374
2.5740933418273926,0.13691183924674988,0.7217117547988892,0.06481308490037918,0.10221537202596664,0.03792763873934746,0.9919238090515137,0.0,0.0,-0.005339085124433041,-1.5601463317871094,-2.008744716644287,0.7820704579353333,-0.8610454797744751,-1.0982004404067993,-1.0459522008895874,0.278261661529541,-1.8279361724853516,1.3771183490753174,1.2148115634918213,0.7444970011711121,-1.2759889364242554,0.9478853940963745,0.42755943536758423,-0.09798875451087952,-0.04483572393655777,-0.17306208610534668,0.2864633798599243,-0.7077832221984863,-1.27061128616333,0.8699985146522522,0.25512659549713135,0.29624319076538086,-0.014182093553245068,1.7762224674224854,-2.181140661239624,0.35935428738594055,-0.14673396944999695
2.5811710357666016,0.13975197076797485,0.7338225841522217,0.061743855476379395,0.10957133024930954,0.022913379594683647,0.9917947053909302,0.0,0.0,0.0013959535863250494,-1.5569534301757812,-2.0272328853607178,0.7656128406524658,-0.8594971895217896,-1.0935983657836914,-1.0459439754486084,0.2935163676738739,-1.8217058181762695,1.3886427879333496,1.2223762273788452,0.7475987076759338,-1.2741403579711914,0.9474597573280334,0.428771436214447,-0.10432993620634079,-0.0345003679394722,-0.17357584834098816,0.2811070680618286,-0.6601802110671997,-1.2760894298553467,0.8676336407661438,0.2512916028499603,0.31132951378822327,-0.012686319649219513,1.7508556842803955,-2.154160499572754,0.36589205265045166,-0.1541331708431244
2.5894904136657715,0.14343494176864624,0.7515643835067749,0.057465728372335434,0.1167135164141655,0.009814179502427578,0.9914531111717224,0.0,0.0,0.0020084287971258163,-1.5567371845245361,-2.0440585613250732,0.7536987066268921,-0.8574379682540894,-1.089870572090149,-1.0459802150726318,0.31345054507255554,-1.8176499605178833,1.3893932104110718,1.2278838157653809,0.7504803538322449,-1.2724710702896118,0.9470926523208618,0.4200150668621063,-0.11241614818572998,-0.024946071207523346,-0.17390979826450348,0.2664290964603424,-0.5888959169387817,-1.2874705791473389,0.853484570980072,0.25037866830825806,0.3282460868358612,-0.006971401162445545,1.7156991958618164,-2.1137561798095703,0.3725866675376892,-0.15697342157363892
2.599608898162842,0.14816753566265106,0.7720556259155273,0.05218106880784035,0.1249101385474205,0.0005852961912751198,0.9907947778701782,0.0,0.0,0.0005647232756018639,-1.5565686225891113,-2.0559468269348145,0.7420396208763123,-0.854944109916687,-1.087111234664917,-1.0459234714508057,0.33351707458496094,-1.816615343093872,1.3735393285751343,1.2294785976409912,0.7528988122940063,-1.2709088325500488,0.9470099210739136,0.4043371081352234,-0.12039439380168915,-0.017780279740691185,-0.17412686347961426,0.24159477651119232,-0.5002740621566772,-1.3062150478363037,0.82581627368927,0.2505910396575928,0.34309929609298706,0.000965501181781292,1.6736985445022583,-2.0629281997680664,0.378551721572876,-0.15543553233146667
2.610961675643921,0.15302860736846924,0.7957767248153687,0.047188591212034225,0.13141211867332458,-0.007636769209057093,0.9901745915412903,0.0,0.0,0.0017775491578504443,-1.5557773113250732,-2.061495542526245,0.7315047979354858,-0.8518316745758057,-1.0852351188659668,-1.0458189249038696,0.3500444293022156,-1.8215420246124268,1.343453288078308,1.2297539710998535,0.7550091743469238,-1.269386887550354,0.9471312761306763,0.38095664978027344,-0.12735114991664886,-0.011405286379158497,-0.1742679476737976,0.20849548280239105,-0.3949882984161377,-1.3333003520965576,0.7918063998222351,0.2518521547317505,0.3524935245513916,0.010002640075981617,1.6227123737335205,-2.0046944618225098,0.3880224823951721,-0.14630509912967682
2.62345552444458,0.156924307346344,0.8216623663902283,0.04278215765953064,0.13434907793998718,-0.014614596962928772,0.9899022579193115,0.0,0.0,0.004329347051680088,-1.5535672903060913,-2.062974214553833,0.7225038409233093,-0.8483473062515259,-1.083954095840454,-1.0457485914230347,0.3602539896965027,-1.8254115581512451,1.3091601133346558,1.2333765029907227,0.7570916414260864,-1.2674692869186401,0.9474256038665771,0.3531225621700287,-0.13039204478263855,-0.00567305414006114,-0.17435966432094574,0.1686214804649353,-0.2792419493198395,-1.3706622123718262,0.7549682855606079,0.2527596652507782,0.3544456362724304,0.015358516946434975,1.5673198699951172,-1.9488844871520996,0.40368545055389404,-0.13026240468025208
2.6372556686401367,0.16058257222175598,0.8470404148101807,0.03747754171490669,0.13321654498577118,-0.017983118072152138,0.9902148246765137,0.0,0.0,0.004452298395335674,-1.5484941005706787,-2.0591766834259033,0.7144333124160767,-0.8443294763565063,-1.0832910537719727,-1.0457239151000977,0.36406010389328003,-1.8279274702072144,1.2726352214813232,1.2369458675384521,0.7592289447784424,-1.2650701999664307,0.9478946924209595,0.32352110743522644,-0.12502995133399963,0.0008217296563088894,-0.17441928386688232,0.12456883490085602,-0.1605425328016281,-1.417910099029541,0.7186506390571594,0.2516666054725647,0.34621092677116394,0.0129955243319273,1.5101335048675537,-1.894132137298584,0.424905389547348,-0.10912934690713882
2.653071165084839,0.16523291170597076,0.8698214292526245,0.032948024570941925,0.12667959928512573,-0.017216520383954048,0.9912468194961548,0.0,0.0,0.004157945979386568,-1.5453262329101562,-2.054947853088379,0.7165409326553345,-0.839698314666748,-1.0834041833877563,-1.0457942485809326,0.36119839549064636,-1.829562783241272,1.2457219362258911,1.2406085729599,0.7618057131767273,-1.2620410919189453,0.9484353065490723,0.2932257652282715,-0.1130676418542862,0.010268363170325756,-0.17445801198482513,0.08106176555156708,-0.04360282048583031,-1.475041389465332,0.6873537302017212,0.24730417132377625,0.32379037141799927,0.0016070143319666386,1.4460508823394775,-1.8448009490966797,0.45561909675598145,-0.07748737186193466
2.6709141731262207,0.17145994305610657,0.8904532790184021,0.029749225825071335,0.11766420304775238,-0.013903861865401268,0.9925103783607483,0.0,0.0,-0.0022174466866999865,-1.5389831066131592,-2.0510306358337402,0.7282490730285645,-0.8343015909194946,-1.0838141441345215,-1.0459312200546265,0.350567102432251,-1.8306257724761963,1.2196600437164307,1.2493691444396973,0.7645821571350098,-1.258854627609253,0.9490091800689697,0.26615679264068604,-0.09907528012990952,0.020957058295607567,-0.17448319494724274,0.044553786516189575,0.08434994518756866,-1.5392639636993408,0.6668582558631897,0.24120637774467468,0.2917203903198242,-0.013022682629525661,1.377992868423462,-1.8068469762802124,0.49650418758392334,-0.040833257138729095
2.689674139022827,0.17831426858901978,0.9058489799499512,0.027990620583295822,0.107419453561306,-0.008759711869060993,0.9937811493873596,0.0,0.0,-0.010323382914066315,-1.5313637256622314,-2.0452499389648438,0.7457194328308105,-0.8281909823417664,-1.0841796398162842,-1.0459738969802856,0.3380197286605835,-1.8313167095184326,1.1981430053710938,1.2626640796661377,0.767957866191864,-1.2555649280548096,0.9492853879928589,0.23827078938484192,-0.08510543406009674,0.03064120188355446,-0.17449957132339478,0.014291924424469471,0.21394433081150055,-1.5989267826080322,0.6538621187210083,0.23507365584373474,0.25507986545562744,-0.02906942367553711,1.3151707649230957,-1.770239233970642,0.5364116430282593,-0.009549370035529137
2.7088379859924316,0.18593868613243103,0.9179121851921082,0.026539629325270653,0.09585721045732498,0.0035181413404643536,0.9950350522994995,0.0,0.0,-0.027956467121839523,-1.5203205347061157,-2.035677909851074,0.762791097164154,-0.8213574886322021,-1.0845400094985962,-1.0460740327835083,0.326815128326416,-1.8317657709121704,1.2045507431030273,1.279557704925537,0.7724876403808594,-1.2517513036727905,0.948819100856781,0.21014367043972015,-0.0642683133482933,0.04663950577378273,-0.174510195851326,-0.003511086106300354,0.3577994704246521,-1.6569085121154785,0.638724684715271,0.2302486002445221,0.20191819965839386,-0.05346269905567169,1.252045750617981,-1.7330409288406372,0.5756356716156006,0.02478373609483242
2.7282862663269043,0.1943584382534027,0.9277480244636536,0.023667659610509872,0.08444764465093613,0.024610573425889015,0.995842695236206,0.0,0.0,-0.05671080946922302,-1.5038862228393555,-2.020960569381714,0.7834022045135498,-0.8132277727127075,-1.0849101543426514,-1.0463169813156128,0.31501299142837524,-1.8320577144622803,1.2292166948318481,1.2940185070037842,0.7780158519744873,-1.2478811740875244,0.9473740458488464,0.18869635462760925,-0.0354904904961586,0.06542317569255829,-0.17451709508895874,-0.0029611093923449516,0.5217764973640442,-1.706081509590149,0.6195906400680542,0.22606685757637024,0.13430866599082947,-0.08474493771791458,1.1799821853637695,-1.7072337865829468,0.6253034472465515,0.06424061208963394
2.748358726501465,0.20331405103206635,0.9270251393318176,0.020408907905220985,0.07550419121980667,0.05468738451600075,0.9954355359077454,0.0,0.0,-0.09322719275951385,-1.4881246089935303,-1.997978687286377,0.7984024286270142,-0.8038408756256104,-1.0849344730377197,-1.0464019775390625,0.3117235600948334,-1.8322474956512451,1.2557097673416138,1.3015414476394653,0.784454345703125,-1.2441868782043457,0.9448452591896057,0.17756585776805878,-0.017661824822425842,0.07950948923826218,-0.17452161014080048,0.014972670003771782,0.6702512502670288,-1.7332508563995361,0.5973252654075623,0.22842371463775635,0.07892291992902756,-0.12003855407238007,1.105017066001892,-1.6961350440979004,0.6828600168228149,0.0935194343328476
2.769070625305176,0.21257060766220093,0.91533362865448,0.017036017030477524,0.06896984577178955,0.08997286856174469,0.9934071898460388,0.0,0.0,-0.13187724351882935,-1.4806441068649292,-1.9683942794799805,0.8096978664398193,-0.7933942079544067,-1.084726095199585,-1.0464318990707397,0.3159359097480774,-1.8323708772659302,1.2727347612380981,1.292203664779663,0.7919111251831055,-1.2415298223495483,0.9410439133644104,0.1783333718776703,-0.011000030674040318,0.08914276957511902,-0.17452454566955566,0.04060237854719162,0.805545449256897,-1.74503755569458,0.5718272924423218,0.2318253219127655,0.04069996252655983,-0.1585312932729721,1.0247392654418945,-1.6988019943237305,0.7479919791221619,0.1094633936882019
2.7883753776550293,0.22212965786457062,0.8965110778808594,0.013581886887550354,0.06469818949699402,0.1271647959947586,0.9896760582923889,0.0,0.0,-0.16744205355644226,-1.479701280593872,-1.9319045543670654,0.8168650269508362,-0.7821031808853149,-1.0838862657546997,-1.0465255975723267,0.31565243005752563,-1.8324509859085083,1.2852650880813599,1.2685773372650146,0.8002731800079346,-1.2399083375930786,0.936346173286438,0.17741066217422485,-0.009741721674799919,0.09807676076889038,-0.17452645301818848,0.04972679167985916,0.9516303539276123,-1.7190027236938477,0.5280880331993103,0.23578551411628723,0.013366383500397205,-0.20055735111236572,0.9527837038040161,-1.6933448314666748,0.7906947135925293,0.11177198588848114
2.8070030212402344,0.23234102129936218,0.8853225708007812,0.010930810123682022,0.060022711753845215,0.1645539402961731,0.9844794273376465,0.0,0.0,-0.20071659982204437,-1.4847697019577026,-1.8893342018127441,0.813627302646637,-0.7704471349716187,-1.081756353378296,-1.0466901063919067,0.31489846110343933,-1.832503080368042,1.298896074295044,1.2369599342346191,0.8091513514518738,-1.2384785413742065,0.931450366973877,0.1654752790927887,-0.016470100730657578,0.10312885046005249,-0.17452768981456757,0.0386846587061882,1.0990793704986572,-1.6545839309692383,0.46654585003852844,0.24434098601341248,0.002209227066487074,-0.24125728011131287,0.8967394828796387,-1.684391736984253,0.8184515237808228,0.10181892663240433
2.8248956203460693,0.24308285117149353,0.8896632194519043,0.008104084990918636,0.05246402695775032,0.19996170699596405,0.9783645272254944,0.0,0.0,-0.23521196842193604,-1.4938015937805176,-1.8436514139175415,0.8078650236129761,-0.7584123611450195,-1.0784913301467896,-1.0468685626983643,0.30943727493286133,-1.8325369358062744,1.310808777809143,1.2041709423065186,0.8178781867027283,-1.236985445022583,0.9270362854003906,0.14321216940879822,-0.020877361297607422,0.10448557883501053,-0.17452849447727203,0.016935458406805992,1.2349003553390503,-1.5739562511444092,0.39450544118881226,0.2509252429008484,-0.0018594401190057397,-0.2751963138580322,0.8489243984222412,-1.6726791858673096,0.8364934325218201,0.08791714161634445
2.842176914215088,0.2539322078227997,0.8933570384979248,0.006622739136219025,0.04378741234540939,0.23070766031742096,0.9720147848129272,0.0,0.0,-0.26845234632492065,-1.5014162063598633,-1.7925431728363037,0.7959003448486328,-0.7461432814598083,-1.0741103887557983,-1.0469845533370972,0.3007398843765259,-1.8325589895248413,1.3140928745269775,1.1746190786361694,0.8262835741043091,-1.2356510162353516,0.9231752753257751,0.11628633737564087,-0.027044344693422318,0.10129044950008392,-0.17452901601791382,-0.00874179508537054,1.3460233211517334,-1.4951775074005127,0.3259972333908081,0.25280991196632385,0.0036345450207591057,-0.2985398769378662,0.8050842881202698,-1.6583642959594727,0.848220705986023,0.0691211000084877
2.8599183559417725,0.26435086131095886,0.8972278833389282,0.007874748669564724,0.034863412380218506,0.25617435574531555,0.9659696221351624,0.0,0.0,-0.29450637102127075,-1.5134520530700684,-1.7409658432006836,0.783379077911377,-0.7341060042381287,-1.069381833076477,-1.0470598936080933,0.29403334856033325,-1.8325732946395874,1.31156587600708,1.147017478942871,0.8343935012817383,-1.2346906661987305,0.9198063611984253,0.09049826115369797,-0.03202374279499054,0.09576789289712906,-0.17452935874462128,-0.032648876309394836,1.4301506280899048,-1.4304803609848022,0.2685016691684723,0.24827274680137634,0.011071915738284588,-0.3102908730506897,0.7574665546417236,-1.641291856765747,0.8558434247970581,0.05017821118235588
2.8786845207214355,0.27419328689575195,0.907572329044342,0.010872213169932365,0.026254922151565552,0.27526965737342834,0.9609469771385193,0.0,0.0,-0.31622761487960815,-1.528831124305725,-1.6909229755401611,0.7698870897293091,-0.7228653430938721,-1.06453537940979,-1.0471088886260986,0.2892202138900757,-1.8325825929641724,1.3037413358688354,1.1207473278045654,0.8422684669494629,-1.2344121932983398,0.9167958498001099,0.07079693675041199,-0.03500606119632721,0.0879082977771759,-0.17452958226203918,-0.05076711252331734,1.4850435256958008,-1.3853175640106201,0.22449713945388794,0.24159148335456848,0.02052215114235878,-0.3112926483154297,0.6983622908592224,-1.6216673851013184,0.860798180103302,0.02960091084241867
2.897902488708496,0.28371161222457886,0.9144467115402222,0.015721378847956657,0.025132140144705772,0.28633978962898254,0.9576694369316101,0.0,0.0,-0.3331637680530548,-1.539091944694519,-1.6516623497009277,0.7582939863204956,-0.7151141166687012,-1.0658289194107056,-1.0471407175064087,0.2883932590484619,-1.8325886726379395,1.2977983951568604,1.1011435985565186,0.8467849493026733,-1.2394843101501465,0.9151661396026611,0.05188295617699623,-0.048292938619852066,0.08780276775360107,-0.17452973127365112,-0.06662444770336151,1.5240405797958374,-1.3452764749526978,0.18293918669223785,0.23543238639831543,0.049124181270599365,-0.30777645111083984,0.6635029911994934,-1.6150994300842285,0.8640187978744507,0.007341048680245876
2.9186654090881348,0.2927195131778717,0.9178634881973267,0.023017961531877518,0.025425300002098083,0.29281124472618103,0.9555550217628479,0.0,0.0,-0.3459906578063965,-1.549386978149414,-1.619950771331787,0.7495706081390381,-0.7096285223960876,-1.0721542835235596,-1.047161340713501,0.2965773940086365,-1.8325870037078857,1.2914209365844727,1.0886917114257812,0.8490405082702637,-1.2479013204574585,0.9143850803375244,0.03244471549987793,-0.0686408132314682,0.08774835616350174,-0.1745298206806183,-0.07439354062080383,1.5452736616134644,-1.3227005004882812,0.1509799361228943,0.2306252121925354,0.091851606965065,-0.3041365146636963,0.631250262260437,-1.6199407577514648,0.8661121726036072,-0.018527796491980553
2.9443397521972656,0.301188588142395,0.9235889315605164,0.03271409124135971,0.01565633714199066,0.2997027337551117,0.9533430337905884,0.0,0.0,-0.35971707105636597,-1.5661351680755615,-1.5843034982681274,0.7347012162208557,-0.7036845088005066,-1.0745728015899658,-1.0471621751785278,0.3100873529911041,-1.8325915336608887,1.2830604314804077,1.0773849487304688,0.8526163101196289,-1.2535396814346313,0.9132081270217896,0.033933404833078384,-0.0807020515203476,0.07348407059907913,-0.17452988028526306,-0.05932638794183731,1.5172779560089111,-1.3581229448318481,0.16844207048416138,0.22271133959293365,0.12393024563789368,-0.29949551820755005,0.5119780898094177,-1.5975310802459717,0.8674728870391846,-0.042690519243478775
2.972446918487549,0.3094989061355591,0.9199767708778381,0.04266307130455971,0.016086557880043983,0.3027306795120239,0.9519848823547363,0.0,0.0,-0.3665664494037628,-1.5779201984405518,-1.555763602256775,0.7296942472457886,-0.69931960105896,-1.0823748111724854,-1.047175407409668,0.3257163166999817,-1.8325601816177368,1.2730181217193604,1.0701895952224731,0.8540917038917542,-1.2630664110183716,0.9127391576766968,0.036147698760032654,-0.09830768406391144,0.06155818700790405,-0.17452991008758545,-0.04247209057211876,1.4934155941009521,-1.390540599822998,0.18654966354370117,0.2156614363193512,0.16775739192962646,-0.2870945334434509,0.42175015807151794,-1.5882139205932617,0.8683573603630066,-0.06376665830612183
3.002027988433838,0.31701773405075073,0.9083854556083679,0.0528581477701664,0.020347563549876213,0.3028591275215149,0.9513508081436157,0.0,0.0,-0.36834776401519775,-1.585702657699585,-1.5310649871826172,0.7315729856491089,-0.6959850788116455,-1.0936822891235352,-1.0471839904785156,0.33701807260513306,-1.8325738906860352,1.2648049592971802,1.0664515495300293,0.8539263606071472,-1.2759027481079102,0.9130517244338989,0.040373869240283966,-0.11523155868053436,0.052253589034080505,-0.17452993988990784,-0.032094649970531464,1.4751454591751099,-1.4366092681884766,0.21062257885932922,0.2058693766593933,0.21339008212089539,-0.2681221663951874,0.33920395374298096,-1.584618091583252,0.8689322471618652,-0.07880766689777374
3.03285551071167,0.32436808943748474,0.894408106803894,0.06348101049661636,0.022774001583456993,0.29948318004608154,0.9517149329185486,0.0,0.0,-0.3655064105987549,-1.5965322256088257,-1.4970896244049072,0.7374773621559143,-0.69217848777771,-1.1047170162200928,-1.0471796989440918,0.3464905619621277,-1.832582950592041,1.2439526319503784,1.0565180778503418,0.8553745746612549,-1.2897675037384033,0.9119614362716675,0.08206048607826233,-0.12787680327892303,0.03848094865679741,-0.17452995479106903,-0.013368210755288601,1.4275596141815186,-1.5267410278320312,0.2668825089931488,0.19188785552978516,0.2474415898323059,-0.24289053678512573,0.175718754529953,-1.5394866466522217,0.8693059086799622,-0.08062100410461426
3.059213638305664,0.33082884550094604,0.8723165392875671,0.07270865887403488,0.02501199208199978,0.29701054096221924,0.9517734050750732,0.0,0.0,-0.35551685094833374,-1.6054612398147583,-1.4717401266098022,0.7457925081253052,-0.6895697116851807,-1.1171302795410156,-1.0471868515014648,0.34689295291900635,-1.8325889110565186,1.2272560596466064,1.045658826828003,0.8555188179016113,-1.3046892881393433,0.9116107821464539,0.11832515895366669,-0.13933326303958893,0.02744743786752224,-0.17452996969223022,-0.006525522097945213,1.3989794254302979,-1.6199517250061035,0.3101454973220825,0.1763102412223816,0.2871525287628174,-0.22111357748508453,0.03920484334230423,-1.508991003036499,0.8695487976074219,-0.07738088071346283
3.081073760986328,0.3362277150154114,0.8487350344657898,0.08113167434930801,0.027219146490097046,0.2958078682422638,0.9514065384864807,0.0,0.0,-0.3408080041408539,-1.6117528676986694,-1.452207326889038,0.7537949085235596,-0.687811017036438,-1.1290919780731201,-1.0471913814544678,0.34019699692726135,-1.8316224813461304,1.208984375,1.0327157974243164,0.8548696041107178,-1.3195037841796875,0.9117977023124695,0.15162843465805054,-0.1502033919095993,0.018360376358032227,-0.17452996969223022,-0.008390344679355621,1.3831239938735962,-1.7142928838729858,0.34806981682777405,0.16137506067752838,0.325748473405838,-0.20354309678077698,-0.08178185671567917,-1.4755700826644897,0.8697066903114319,-0.0703473836183548
3.0992865562438965,0.34054356813430786,0.825623631477356,0.08805706351995468,0.028741391375660896,0.29391995072364807,0.9513311982154846,0.0,0.0,-0.32225826382637024,-1.6174695491790771,-1.4380615949630737,0.763042688369751,-0.6866830587387085,-1.140364646911621,-1.0471943616867065,0.3261992931365967,-1.8319621086120605,1.1946455240249634,1.0176069736480713,0.8539307713508606,-1.3343353271484375,0.9121084213256836,0.18296405673027039,-0.15800997614860535,0.009593316353857517,-0.17452996969223022,-0.009322903119027615,1.3729004859924316,-1.8075010776519775,0.3857384920120239,0.14730258285999298,0.35259243845939636,-0.18999995291233063,-0.19333642721176147,-1.4432803392410278,0.8698093295097351,-0.06165730208158493
3.1143534183502197,0.34338855743408203,0.8057862520217896,0.09321235120296478,0.027348114177584648,0.28982630372047424,0.9521366953849792,0.0,0.0,-0.3023362159729004,-1.6211762428283691,-1.4306946992874146,0.7795518636703491,-0.6860209703445435,-1.1508506536483765,-1.0471962690353394,0.2985786497592926,-1.8321852684020996,1.1975903511047363,1.0047889947891235,0.852837324142456,-1.3502633571624756,0.9126050472259521,0.20708125829696655,-0.1571226269006729,0.0036254546139389277,-0.17452996969223022,-0.005925165954977274,1.3627930879592896,-1.8894866704940796,0.4212229549884796,0.1355494260787964,0.3619076609611511,-0.17786002159118652,-0.2962014079093933,-1.4078009128570557,0.8698760271072388,-0.052843645215034485
3.126675605773926,0.34597474336624146,0.7885767221450806,0.09636515378952026,0.024323713034391403,0.2887827754020691,0.9522219896316528,0.0,0.0,-0.2887401282787323,-1.619148850440979,-1.4256213903427124,0.7994285821914673,-0.6856246590614319,-1.1582939624786377,-1.0471975803375244,0.26919883489608765,-1.832330346107483,1.2079178094863892,0.9951709508895874,0.8525238633155823,-1.3630540370941162,0.9125187993049622,0.22920134663581848,-0.15162049233913422,-0.003658154746517539,-0.17452996969223022,-0.004105738829821348,1.3435689210891724,-1.962281584739685,0.45933645963668823,0.12735968828201294,0.3577672243118286,-0.17057469487190247,-0.3974567651748657,-1.3673384189605713,0.8699193596839905,-0.04516028240323067
3.1369967460632324,0.34883758425712585,0.7726166248321533,0.09842484444379807,0.023651305586099625,0.2863619029521942,0.9527592062950134,0.0,0.0,-0.2745961844921112,-1.6147351264953613,-1.4272353649139404,0.8277772665023804,-0.6855993866920471,-1.1658565998077393,-1.0471984148025513,0.24221816658973694,-1.8324246406555176,1.2244291305541992,0.9858075380325317,0.85212242603302,-1.3760377168655396,0.9124194383621216,0.24658754467964172,-0.1438315510749817,-0.010124503634870052,-0.17452996969223022,-0.00017222482711076736,1.3338992595672607,-2.0223708152770996,0.4878365397453308,0.12251096963882446,0.34523284435272217,-0.16002365946769714,-0.4862365126609802,-1.3289239406585693,0.8699475526809692,-0.03725506365299225
3.1451597213745117,0.35195833444595337,0.757076621055603,0.09972722083330154,0.024644318968057632,0.28363582491874695,0.9534137845039368,0.0,0.0,-0.2636745870113373,-1.608549952507019,-1.4341661930084229,0.8602735996246338,-0.6859561204910278,-1.172860860824585,-1.047199010848999,0.21999004483222961,-1.8321404457092285,1.244065523147583,0.9781757593154907,0.8516818881034851,-1.3883222341537476,0.9123141765594482,0.2612959146499634,-0.1364724487066269,-0.016408128663897514,-0.17452996969223022,0.003575339913368225,1.3319203853607178,-2.074016571044922,0.5088373422622681,0.11952003836631775,0.32895171642303467,-0.14873723685741425,-0.5640957951545715,-1.2956775426864624,0.8699658513069153,-0.029498081654310226
3.1518452167510986,0.355221688747406,0.7418946623802185,0.1002783551812172,0.027271324768662453,0.2809796929359436,0.9540706872940063,0.0,0.0,-0.25645914673805237,-1.602365493774414,-1.4454418420791626,0.8927913904190063,-0.6866679787635803,-1.179103136062622,-1.0471992492675781,0.20130296051502228,-1.8316686153411865,1.2675426006317139,0.9725453853607178,0.8512406349182129,-1.3997387886047363,0.9122068881988525,0.2741909921169281,-0.13085627555847168,-0.022239193320274353,-0.17452996969223022,0.006487991660833359,1.3365544080734253,-2.1190688610076904,0.5245617032051086,0.11742643266916275,0.31279951333999634,-0.138309046626091,-0.6319257616996765,-1.2659982442855835,0.8699777722358704,-0.023023825138807297
3.157249927520752,0.3583447337150574,0.7277829647064209,0.10002132505178452,0.0313524566590786,0.2785274386405945,0.9546911716461182,0.0,0.0,-0.2522774040699005,-1.5970768928527832,-1.46078360080719,0.9238981008529663,-0.6876893639564514,-1.1846543550491333,-1.0471994876861572,0.18784375488758087,-1.8302605152130127,1.2941278219223022,0.9686312675476074,0.8509182333946228,-1.409660816192627,0.9120213985443115,0.28395533561706543,-0.12783625721931458,-0.02768556773662567,-0.17452996969223022,0.006332270801067352,1.347318172454834,-2.1567773818969727,0.534822940826416,0.11570678651332855,0.2983524203300476,-0.13000977039337158,-0.6856176853179932,-1.242490291595459,0.8699855208396912,-0.017551865428686142
3.1617488861083984,0.3612670600414276,0.7156702876091003,0.09863261878490448,0.0363890677690506,0.2762010395526886,0.9553326368331909,0.0,0.0,-0.24877528846263885,-1.5912203788757324,-1.479248046875,0.9523388147354126,-0.6889932155609131,-1.1896016597747803,-1.0471996068954468,0.17564848065376282,-1.8283658027648926,1.3258535861968994,0.9670090079307556,0.8506215810775757,-1.4185113906860352,0.9119052290916443,0.28896990418434143,-0.1257685273885727,-0.03160595893859863,-0.17452996969223022,0.001797347329556942,1.366554617881775,-2.188760280609131,0.5408763885498047,0.11329321563243866,0.28484177589416504,-0.12440795451402664,-0.7205414175987244,-1.2293776273727417,0.8699905276298523,-0.013154478743672371
3.1655044555664062,0.36412572860717773,0.7049534320831299,0.09623152017593384,0.042061205953359604,0.2738456130027771,0.9560225009918213,0.0,0.0,-0.2461218684911728,-1.584791898727417,-1.4997243881225586,0.9752994775772095,-0.690575122833252,-1.1938636302947998,-1.0471997261047363,0.16385334730148315,-1.826350450515747,1.3634862899780273,0.9673871397972107,0.8503592610359192,-1.4263720512390137,0.9118443727493286,0.2913432717323303,-0.12402068078517914,-0.03443671017885208,-0.17452996969223022,-0.005568447057157755,1.3915091753005981,-2.2175168991088867,0.5441368222236633,0.11055457592010498,0.27190545201301575,-0.12073984742164612,-0.7432419061660767,-1.2233738899230957,0.8699938058853149,-0.009944569319486618
3.168538808822632,0.36658206582069397,0.6957575678825378,0.09264414012432098,0.04671424254775047,0.2748263478279114,0.9558793902397156,0.0,0.0,-0.2444947063922882,-1.5781782865524292,-1.520677924156189,0.9910718202590942,-0.6924243569374084,-1.1963927745819092,-1.047113060951233,0.152944877743721,-1.8220442533493042,1.4048256874084473,0.9691036939620972,0.8507518172264099,-1.4309043884277344,0.9113576412200928,0.29304900765419006,-0.1215924322605133,-0.03566510230302811,-0.17452996969223022,-0.018824167549610138,1.416640281677246,-2.2450857162475586,0.5477672219276428,0.10779333114624023,0.2591213285923004,-0.1256011724472046,-0.7579971551895142,-1.2222387790679932,0.8699959516525269,-0.008305215276777744
3.1710596084594727,0.3687954545021057,0.6886436939239502,0.08889351040124893,0.05067704617977142,0.27680450677871704,0.9554626941680908,0.0,0.0,-0.24139189720153809,-1.5716769695281982,-1.5421719551086426,1.001567006111145,-0.6944675445556641,-1.197887897491455,-1.0470592975616455,0.1426391452550888,-1.8162423372268677,1.4496750831604004,0.9716874361038208,0.8515225648880005,-1.4332034587860107,0.9106491804122925,0.29483217000961304,-0.11921094357967377,-0.0357125848531723,-0.17452996969223022,-0.032477762550115585,1.4430584907531738,-2.270901918411255,0.5497298836708069,0.10582886636257172,0.2469523549079895,-0.13328057527542114,-0.7675881385803223,-1.22291898727417,0.8699973225593567,-0.007820963859558105
3.1730546951293945,0.37055152654647827,0.6836721897125244,0.08486638218164444,0.05326762795448303,0.280155748128891,0.9547109007835388,0.0,0.0,-0.23743405938148499,-1.5660674571990967,-1.5642528533935547,1.0064839124679565,-0.6967763304710388,-1.1975977420806885,-1.046961784362793,0.13467666506767273,-1.8087794780731201,1.4979426860809326,0.9741470813751221,0.8530005216598511,-1.4324359893798828,0.9094572067260742,0.2970925569534302,-0.11650359630584717,-0.036042220890522,-0.17452996969223022,-0.0477636456489563,1.463951587677002,-2.295189380645752,0.5538463592529297,0.10477247834205627,0.23758327960968018,-0.14366501569747925,-0.7738222479820251,-1.2241439819335938,0.8699982166290283,-0.007014091592282057
3.175069808959961,0.37205320596694946,0.6808576583862305,0.08165539801120758,0.055872879922389984,0.28465938568115234,0.9535091519355774,0.0,0.0,-0.23219528794288635,-1.5605652332305908,-1.5860568284988403,1.0054281949996948,-0.6993524432182312,-1.1952805519104004,-1.0467896461486816,0.13018356263637543,-1.798814296722412,1.5473448038101196,0.9754154086112976,0.8552857637405396,-1.4286088943481445,0.9077063798904419,0.30033209919929504,-0.1153600886464119,-0.037023380398750305,-0.17452996969223022,-0.06076253950595856,1.4780247211456299,-2.3148090839385986,0.5598517656326294,0.1038162112236023,0.22875919938087463,-0.15506041049957275,-0.7778744697570801,-1.2229397296905518,0.8699988126754761,-0.006051695439964533
3.177478313446045,0.37343329191207886,0.6799406409263611,0.07860258966684341,0.059504903852939606,0.2892495393753052,0.952163577079773,0.0,0.0,-0.22493231296539307,-1.5550100803375244,-1.6063787937164307,0.9999170303344727,-0.7021089792251587,-1.1909153461456299,-1.0466164350509644,0.12697884440422058,-1.7857167720794678,1.5938174724578857,0.9720872640609741,0.8583102822303772,-1.4224224090576172,0.9054833650588989,0.3066785931587219,-0.11442586779594421,-0.038723357021808624,-0.17452996969223022,-0.06902831792831421,1.487148642539978,-2.3292922973632812,0.5659087300300598,0.10326458513736725,0.22160513699054718,-0.16543203592300415,-0.7805083990097046,-1.21864914894104,0.8699991703033447,-0.006197244860231876
3.180716037750244,0.37482160329818726,0.6800118088722229,0.07618874311447144,0.0649489313364029,0.29383584856987,0.9505984783172607,0.0,0.0,-0.2154587060213089,-1.5492844581604004,-1.6238913536071777,0.9896878600120544,-0.7050091624259949,-1.1846487522125244,-1.04643714427948,0.12242968380451202,-1.7721481323242188,1.6356463432312012,0.9623910784721375,0.8620232343673706,-1.414475440979004,0.9028753042221069,0.3156443238258362,-0.11442672461271286,-0.03986984118819237,-0.17452996969223022,-0.07219468802213669,1.4925475120544434,-2.3387064933776855,0.5730094909667969,0.10191674530506134,0.21838730573654175,-0.17318950593471527,-0.7822203636169434,-1.2102608680725098,0.8699994087219238,-0.00841272622346878
3.1854300498962402,0.3761899471282959,0.6820328831672668,0.07503337413072586,0.07120569050312042,0.2971251606941223,0.9492188096046448,0.0,0.0,-0.2059629261493683,-1.544283151626587,-1.6376217603683472,0.9793727397918701,-0.7077873945236206,-1.1775360107421875,-1.0463058948516846,0.11770983040332794,-1.7581911087036133,1.6697156429290771,0.9477487206459045,0.8660883903503418,-1.4061213731765747,0.900078535079956,0.32555776834487915,-0.11473655700683594,-0.0415232852101326,-0.17452996969223022,-0.06995490193367004,1.4910063743591309,-2.3431878089904785,0.5846309661865234,0.09801951050758362,0.2189885377883911,-0.1756722629070282,-0.7817710638046265,-1.1973023414611816,0.8699995875358582,-0.010573090054094791
3.1917128562927246,0.3776317834854126,0.6861359477043152,0.07523270696401596,0.07870779931545258,0.29888707399368286,0.9480568170547485,0.0,0.0,-0.19891728460788727,-1.5406184196472168,-1.645204782485962,0.967659056186676,-0.7103513479232788,-1.170276165008545,-1.0461797714233398,0.11383436620235443,-1.745128870010376,1.6945607662200928,0.9288638234138489,0.8703655004501343,-1.398180365562439,0.8971282243728638,0.3369041681289673,-0.1161307543516159,-0.04324638098478317,-0.17452996969223022,-0.060970887541770935,1.478451132774353,-2.3382070064544678,0.6018043756484985,0.09258687496185303,0.2253345549106598,-0.17251497507095337,-0.7782833576202393,-1.1798217296600342,0.8699997067451477,-0.01398887112736702
3.1992130279541016,0.3789600133895874,0.6936222910881042,0.07678330689668655,0.08761898428201675,0.2996131479740143,0.9469209313392639,0.0,0.0,-0.19236399233341217,-1.536534309387207,-1.646185040473938,0.952766478061676,-0.7127388119697571,-1.163182258605957,-1.046007513999939,0.10604213923215866,-1.7372623682022095,1.7135916948318481,0.9084919691085815,0.8746041655540466,-1.3907804489135742,0.894257664680481,0.3527417480945587,-0.11741777509450912,-0.047494541853666306,-0.17452996969223022,-0.041909657418727875,1.4504820108413696,-2.3187215328216553,0.6224226355552673,0.08682391047477722,0.23657037317752838,-0.15960827469825745,-0.7731500864028931,-1.1559240818023682,0.8699997663497925,-0.01892317458987236
3.206939697265625,0.3798344135284424,0.7064829468727112,0.07989974319934845,0.09684727340936661,0.3016607463359833,0.945112407207489,0.0,0.0,-0.1879115104675293,-1.533085584640503,-1.640455961227417,0.9344507455825806,-0.7148962020874023,-1.156419277191162,-1.0458080768585205,0.10230300575494766,-1.7303009033203125,1.726196527481079,0.8897785544395447,0.8786619901657104,-1.3835442066192627,0.8915638327598572,0.36534810066223145,-0.11865546554327011,-0.05220700800418854,-0.17452996969223022,-0.02023361623287201,1.4061647653579712,-2.275811195373535,0.6412506103515625,0.08262615650892258,0.2542566657066345,-0.1371687352657318,-0.7457953691482544,-1.1455738544464111,0.8699998259544373,-0.022269319742918015
3.214634656906128,0.38075166940689087,0.7238617539405823,0.08318033814430237,0.10641836374998093,0.3040218651294708,0.9430412650108337,0.0,0.0,-0.18940815329551697,-1.5278897285461426,-1.6253079175949097,0.9114790558815002,-0.7165243625640869,-1.1499427556991577,-1.0455842018127441,0.10033626854419708,-1.7247930765151978,1.73324716091156,0.8745663166046143,0.8826503157615662,-1.376474380493164,0.8889241218566895,0.368979275226593,-0.11704520881175995,-0.05347283184528351,-0.17452996969223022,-0.0002689315006136894,1.3550636768341064,-2.2136101722717285,0.6537647247314453,0.08091336488723755,0.27255308628082275,-0.10502756386995316,-0.6876739859580994,-1.1589317321777344,0.8699998259544373,-0.026751289144158363
3.22212815284729,0.3828938603401184,0.7446975111961365,0.08557474613189697,0.11529222875833511,0.306800901889801,0.9408814311027527,0.0,0.0,-0.1945924311876297,-1.526127576828003,-1.605201244354248,0.887244462966919,-0.7177698016166687,-1.1435052156448364,-1.045374870300293,0.09894068539142609,-1.7210559844970703,1.7354645729064941,0.8624409437179565,0.8866873979568481,-1.369413137435913,0.8862664699554443,0.36199840903282166,-0.11072678864002228,-0.05130230635404587,-0.17452996969223022,0.013819930143654346,1.3047635555267334,-2.1407365798950195,0.6583965420722961,0.08191820979118347,0.2827179729938507,-0.06214866787195206,-0.5999081134796143,-1.2000343799591064,0.8698922395706177,-0.027527663856744766
3.2286081314086914,0.3873262405395508,0.7714247703552246,0.08687962591648102,0.12105279415845871,0.30906832218170166,0.9392949342727661,0.0,0.0,-0.20538777112960815,-1.529301643371582,-1.5832545757293701,0.8614532351493835,-0.7188142538070679,-1.1367517709732056,-1.0452395677566528,0.10266101360321045,-1.7201192378997803,1.736617088317871,0.8581634163856506,0.8906611204147339,-1.361366868019104,0.8837963342666626,0.3485770523548126,-0.09992507100105286,-0.04766422510147095,-0.17452996969223022,0.025645194575190544,1.2453538179397583,-2.067946434020996,0.6606340408325195,0.08081426471471786,0.27536603808403015,-0.006458111107349396,-0.4879899024963379,-1.2692179679870605,0.8535925149917603,-0.01799190230667591
3.2334752082824707,0.39377427101135254,0.8006419539451599,0.08644042909145355,0.12425670027732849,0.30914756655693054,0.9388908743858337,0.0,0.0,-0.21891379356384277,-1.535531997680664,-1.5604596138000488,0.8354419469833374,-0.7198700308799744,-1.1294375658035278,-1.0451622009277344,0.11347007751464844,-1.719829797744751,1.7365403175354004,0.859555721282959,0.8947572708129883,-1.3523240089416504,0.8813652992248535,0.3310706913471222,-0.08447358012199402,-0.04369707405567169,-0.17452996969223022,0.033514514565467834,1.1884403228759766,-1.9938074350357056,0.6582719087600708,0.08542001992464066,0.2481781244277954,0.05009448155760765,-0.35898682475090027,-1.3486852645874023,0.83263099193573,-0.00169290229678154
3.2371339797973633,0.40166378021240234,0.8275274038314819,0.08344154059886932,0.12459038197994232,0.3078722357749939,0.9395368099212646,0.0,0.0,-0.2314491868019104,-1.545670986175537,-1.5401027202606201,0.8119924068450928,-0.7215179800987244,-1.1219151020050049,-1.0451370477676392,0.12602773308753967,-1.7185208797454834,1.7316746711730957,0.8643976449966431,0.8987740278244019,-1.3428542613983154,0.8791811466217041,0.3112676739692688,-0.06777290999889374,-0.04070543497800827,-0.17452996969223022,0.03681117296218872,1.1396007537841797,-1.926436424255371,0.6537565588951111,0.09407865256071091,0.2119639366865158,0.09805910289287567,-0.21866805851459503,-1.4319298267364502,0.8162233233451843,0.019566774368286133
3.2418053150177,0.41077154874801636,0.8492733240127563,0.08086521923542023,0.12150992453098297,0.3032624423503876,0.9416624307632446,0.0,0.0,-0.2460373342037201,-1.5556812286376953,-1.5238020420074463,0.7960059642791748,-0.7236250638961792,-1.1145402193069458,-1.0452295541763306,0.14372119307518005,-1.7166664600372314,1.7229554653167725,0.8788830637931824,0.9023461937904358,-1.3331170082092285,0.8776283264160156,0.2875184118747711,-0.05397861450910568,-0.03811139613389969,-0.17452996969223022,0.03996683284640312,1.098418951034546,-1.8648571968078613,0.6460344791412354,0.10571670532226562,0.1692805290222168,0.13723784685134888,-0.07720638066530228,-1.5124413967132568,0.8014602661132812,0.04461224004626274
3.2499442100524902,0.420951783657074,0.8679089546203613,0.07765107601881027,0.11567651480436325,0.2985554039478302,0.9441683888435364,0.0,0.0,-0.2587438225746155,-1.5665533542633057,-1.5144046545028687,0.7926474809646606,-0.7264249920845032,-1.1081204414367676,-1.0453628301620483,0.16977843642234802,-1.7140331268310547,1.7071499824523926,0.9052162766456604,0.9046977758407593,-1.323204517364502,0.8772974610328674,0.2648502588272095,-0.04107409343123436,-0.03729674965143204,-0.17452996969223022,0.044341981410980225,1.0551632642745972,-1.8135032653808594,0.6424480676651001,0.11642023175954819,0.12229815125465393,0.16195234656333923,0.0713576003909111,-1.58766770362854,0.7809274196624756,0.07207389175891876
3.2615671157836914,0.4313722848892212,0.8827781677246094,0.07341691851615906,0.10797791928052902,0.2900627851486206,0.9480581879615784,0.0,0.0,-0.2724396586418152,-1.5774730443954468,-1.5144975185394287,0.798078179359436,-0.7303793430328369,-1.1025933027267456,-1.0455105304718018,0.19614776968955994,-1.7146198749542236,1.6884279251098633,0.9401336312294006,0.9059268236160278,-1.3139309883117676,0.8780428171157837,0.2471301406621933,-0.029041267931461334,-0.038426294922828674,-0.17452996969223022,0.05572167783975601,1.007125735282898,-1.7736780643463135,0.6461568474769592,0.12932701408863068,0.0820000022649765,0.1715177595615387,0.23432184755802155,-1.6560500860214233,0.7547322511672974,0.09512755274772644
3.2754454612731934,0.44128766655921936,0.8908259868621826,0.06932162493467331,0.10008510947227478,0.2779262959957123,0.9528559446334839,0.0,0.0,-0.284287691116333,-1.5866217613220215,-1.5234557390213013,0.8105183839797974,-0.7353833913803101,-1.0980033874511719,-1.0455862283706665,0.22133386135101318,-1.7156498432159424,1.660744071006775,0.9733022451400757,0.9061565399169922,-1.305565357208252,0.8796663284301758,0.2357356995344162,-0.019443677738308907,-0.04172217845916748,-0.17429590225219727,0.07141570746898651,0.9581363201141357,-1.7449069023132324,0.6555436253547668,0.14073055982589722,0.05445525795221329,0.1678304374217987,0.40681976079940796,-1.710719108581543,0.7240933179855347,0.11146742850542068
3.290648937225342,0.45173323154449463,0.8967636227607727,0.06617400795221329,0.09130220860242844,0.26573020219802856,0.9574300646781921,0.0,0.0,-0.2937331795692444,-1.5926406383514404,-1.5408803224563599,0.8259099125862122,-0.7413904666900635,-1.0944347381591797,-1.045642375946045,0.24746593832969666,-1.720733880996704,1.628951072692871,1.0136526823043823,0.9050519466400146,-1.2976689338684082,0.8825026750564575,0.2235458493232727,-0.019500751048326492,-0.046039480715990067,-0.16650240123271942,0.08560694754123688,0.9085168838500977,-1.723641276359558,0.6711021661758423,0.15326964855194092,0.05481407418847084,0.16029855608940125,0.5865648984909058,-1.739567756652832,0.6884667873382568,0.11620058119297028
3.30834698677063,0.465241938829422,0.9046611785888672,0.06181316450238228,0.08443983644247055,0.2501291036605835,0.9625406265258789,0.0,0.0,-0.30851346254348755,-1.5953266620635986,-1.5619302988052368,0.8470256328582764,-0.7473697662353516,-1.091353178024292,-1.0457334518432617,0.28036823868751526,-1.7278319597244263,1.5850183963775635,1.0528650283813477,0.9032794237136841,-1.2902718782424927,0.8859833478927612,0.19834324717521667,-0.025830857455730438,-0.05025934427976608,-0.15166203677654266,0.09159144759178162,0.8801124095916748,-1.705823302268982,0.6865058541297913,0.16279667615890503,0.07444824278354645,0.15610893070697784,0.7577569484710693,-1.7259294986724854,0.6539561152458191,0.11622588336467743
3.3301987648010254,0.4796258211135864,0.9102634787559509,0.057539600878953934,0.0779108926653862,0.22870056331157684,0.968666672706604,0.0,0.0,-0.3251582682132721,-1.595662236213684,-1.5839428901672363,0.8737433552742004,-0.7525548934936523,-1.0886099338531494,-1.0458669662475586,0.3228449523448944,-1.7408545017242432,1.5284087657928467,1.0900334119796753,0.9007267951965332,-1.2838305234909058,0.8899319171905518,0.1789178103208542,-0.04245361313223839,-0.05784160643815994,-0.1211409941315651,0.0982808917760849,0.8371981382369995,-1.6938766241073608,0.709073543548584,0.15958794951438904,0.08980196714401245,0.1565195471048355,0.928499698638916,-1.7014156579971313,0.6070468425750732,0.11455370485782623
3.3549160957336426,0.4925501346588135,0.913827657699585,0.05396287888288498,0.07155043631792068,0.20157310366630554,0.9753649830818176,0.0,0.0,-0.33892226219177246,-1.5928130149841309,-1.60334050655365,0.8998003602027893,-0.7568740248680115,-1.0858545303344727,-1.0459058284759521,0.36658984422683716,-1.7612595558166504,1.4610135555267334,1.1254483461380005,0.8974143266677856,-1.2783650159835815,0.8944053053855896,0.16694118082523346,-0.0617719441652298,-0.06498166918754578,-0.08763540536165237,0.10945162177085876,0.7786620855331421,-1.685481071472168,0.7384568452835083,0.15298420190811157,0.11633726954460144,0.1545563042163849,1.081714153289795,-1.6711466312408447,0.5490148067474365,0.10016757249832153
3.3799800872802734,0.5033897161483765,0.9150950312614441,0.05095921829342842,0.06557025760412216,0.17380355298519135,0.9812726974487305,0.0,0.0,-0.34634000062942505,-1.591028094291687,-1.6213626861572266,0.9227273464202881,-0.7604366540908813,-1.082995057106018,-1.045867681503296,0.41020023822784424,-1.786155343055725,1.386681079864502,1.1524726152420044,0.8937482833862305,-1.273277997970581,0.8992679119110107,0.15632271766662598,-0.08126379549503326,-0.06903085112571716,-0.05398106575012207,0.12112100422382355,0.7197737097740173,-1.6792821884155273,0.7669309973716736,0.1441800594329834,0.15346916019916534,0.15695257484912872,1.2184786796569824,-1.6337591409683228,0.486787885427475,0.07828959077596664
3.4044506549835205,0.5126689672470093,0.9147517681121826,0.049221668392419815,0.05901112034916878,0.15096010267734528,0.9855485558509827,0.0,0.0,-0.35000088810920715,-1.5909008979797363,-1.635892629623413,0.9392677545547485,-0.7635642886161804,-1.0804133415222168,-1.0457632541656494,0.44947895407676697,-1.8024109601974487,1.3327760696411133,1.1690058708190918,0.889940619468689,-1.2675350904464722,0.9046334624290466,0.14551383256912231,-0.10189320892095566,-0.07234272360801697,-0.02004294842481613,0.12971782684326172,0.6622768640518188,-1.673635482788086,0.7913260459899902,0.13344566524028778,0.19204707443714142,0.1639106571674347,1.3374066352844238,-1.594886064529419,0.4260517954826355,0.05451822653412819
3.4279534816741943,0.5213175415992737,0.913277268409729,0.04837120324373245,0.05225694552063942,0.13425849378108978,0.9883846044540405,0.0,0.0,-0.3501496911048889,-1.5923783779144287,-1.6458483934402466,0.9500308036804199,-0.7665355205535889,-1.0783838033676147,-1.0456432104110718,0.4820699095726013,-1.8129770755767822,1.2965891361236572,1.1726418733596802,0.8856202960014343,-1.2612049579620361,0.9107652902603149,0.13651378452777863,-0.12467071413993835,-0.07708939164876938,0.013086751103401184,0.13186430931091309,0.6032506227493286,-1.6673636436462402,0.8119267225265503,0.12157351523637772,0.22486107051372528,0.1742585301399231,1.439697504043579,-1.5608737468719482,0.3702903389930725,0.03325658291578293
3.45064640045166,0.5295178294181824,0.9119723439216614,0.04795489460229874,0.04568899795413017,0.12345292419195175,0.99013751745224,0.0,0.0,-0.35085681080818176,-1.5931708812713623,-1.649917721748352,0.9587071537971497,-0.7692051529884338,-1.0769716501235962,-1.0456007719039917,0.5071145296096802,-1.8198450803756714,1.26578688621521,1.1682186126708984,0.8802310228347778,-1.2547755241394043,0.9179835319519043,0.13033179938793182,-0.1485014259815216,-0.0826711505651474,0.044563066214323044,0.12725649774074554,0.5393590331077576,-1.6567497253417969,0.8268824219703674,0.10902196913957596,0.24604299664497375,0.18553557991981506,1.522142767906189,-1.5346097946166992,0.3225821852684021,0.017091456800699234
3.4730477333068848,0.5374414324760437,0.9103360176086426,0.047864459455013275,0.03993877023458481,0.11684340238571167,0.9911919832229614,0.0,0.0,-0.3565096855163574,-1.5945179462432861,-1.6487131118774414,0.9673484563827515,-0.7714783549308777,-1.0760666131973267,-1.0456368923187256,0.527221143245697,-1.824309229850769,1.2408947944641113,1.156686544418335,0.8740929365158081,-1.2484943866729736,0.9259361028671265,0.12603887915611267,-0.17126889526844025,-0.087946817278862,0.06986681371927261,0.11855220794677734,0.4745270609855652,-1.6445209980010986,0.8377116918563843,0.09866899996995926,0.25977641344070435,0.1962883174419403,1.5855770111083984,-1.5155514478683472,0.28332406282424927,0.002268546260893345
3.4960999488830566,0.5454057455062866,0.9078052043914795,0.04828408733010292,0.03576800599694252,0.11328460276126862,0.9917439222335815,0.0,0.0,-0.36645591259002686,-1.5960545539855957,-1.6402393579483032,0.9759949445724487,-0.7731775045394897,-1.075500726699829,-1.045676350593567,0.5446164608001709,-1.8272109031677246,1.223143219947815,1.1379610300064087,0.8675556182861328,-1.2424730062484741,0.9342947006225586,0.1234513595700264,-0.1904219686985016,-0.09151148796081543,0.08424989134073257,0.1076180636882782,0.4111710786819458,-1.633436918258667,0.8469752073287964,0.09193428605794907,0.26910507678985596,0.2040765881538391,1.6258084774017334,-1.50516676902771,0.2524159848690033,-0.01229507103562355
3.520622491836548,0.553986668586731,0.9042119979858398,0.04916689172387123,0.032665498554706573,0.10910245031118393,0.9922763109207153,0.0,0.0,-0.37862592935562134,-1.599757194519043,-1.6253981590270996,0.9837560653686523,-0.7744271159172058,-1.0751655101776123,-1.0456972122192383,0.5569501519203186,-1.829097032546997,1.2096669673919678,1.116694450378418,0.8607325553894043,-1.2372928857803345,0.9429341554641724,0.12138542532920837,-0.20550471544265747,-0.09355060756206512,0.08633103966712952,0.09518799930810928,0.35374781489372253,-1.6245508193969727,0.854672908782959,0.08867502957582474,0.2760482132434845,0.20852041244506836,1.642179250717163,-1.5042624473571777,0.2317802608013153,-0.026202306151390076
3.548081398010254,0.5638662576675415,0.8999606370925903,0.049745939671993256,0.03010353073477745,0.10300014913082123,0.992980420589447,0.0,0.0,-0.3930208086967468,-1.605330467224121,-1.6046483516693115,0.9905377626419067,-0.7753993272781372,-1.075163722038269,-1.0457146167755127,0.5676553249359131,-1.8303229808807373,1.195021390914917,1.093403697013855,0.8535532355308533,-1.2331783771514893,0.9518553614616394,0.12019187211990356,-0.21573731303215027,-0.09466175734996796,0.07734203338623047,0.08269710093736649,0.2970561981201172,-1.6153818368911743,0.8596587777137756,0.09052547812461853,0.28220948576927185,0.209275484085083,1.6401240825653076,-1.5106395483016968,0.22066712379455566,-0.03878025338053703
3.5786521434783936,0.5757414102554321,0.8947499990463257,0.050670038908720016,0.02651146985590458,0.09182793647050858,0.9941313862800598,0.0,0.0,-0.40583762526512146,-1.6130595207214355,-1.5819807052612305,0.9980903267860413,-0.776347279548645,-1.07558012008667,-1.045732855796814,0.5662714838981628,-1.8311198949813843,1.1754814386367798,1.0783958435058594,0.8456110954284668,-1.2306582927703857,0.9614953398704529,0.11796189844608307,-0.2220875322818756,-0.09534032642841339,0.05600688233971596,0.07286082953214645,0.24226516485214233,-1.605936884880066,0.8629646301269531,0.09612064063549042,0.2926982641220093,0.20831266045570374,1.6226965188980103,-1.5252352952957153,0.22003281116485596,-0.05088643729686737
3.611550807952881,0.5889427661895752,0.8879261016845703,0.05172882229089737,0.02326737344264984,0.07836245745420456,0.9953100681304932,0.0,0.0,-0.41310083866119385,-1.6222901344299316,-1.5630499124526978,1.005224585533142,-0.7781268358230591,-1.0764175653457642,-1.0456743240356445,0.5614197254180908,-1.8316378593444824,1.1608132123947144,1.0669019222259521,0.838146448135376,-1.2290314435958862,0.9707565903663635,0.11964471638202667,-0.22530369460582733,-0.09604291617870331,0.026852745562791824,0.0679190456867218,0.1807885468006134,-1.5948541164398193,0.8650940656661987,0.10720434784889221,0.30329447984695435,0.20377734303474426,1.6007778644561768,-1.5506556034088135,0.2278212308883667,-0.0576176717877388
3.645451068878174,0.6031744480133057,0.880686342716217,0.052044037729501724,0.02146816812455654,0.06383991241455078,0.9963709115982056,0.0,0.0,-0.4173184037208557,-1.6283073425292969,-1.545546054840088,1.0076789855957031,-0.7808555364608765,-1.0774469375610352,-1.045597791671753,0.5420598387718201,-1.8319745063781738,1.1418201923370361,1.067047119140625,0.8307957053184509,-1.2281605005264282,0.97980797290802,0.13096141815185547,-0.2204536497592926,-0.09443522989749908,-0.005120016634464264,0.07400111109018326,0.10882407426834106,-1.5809416770935059,0.866396427154541,0.12196217477321625,0.3152112066745758,0.19527451694011688,1.5762829780578613,-1.591142177581787,0.2423902302980423,-0.0626354068517685
3.678483486175537,0.6177775859832764,0.8719468116760254,0.05320742353796959,0.02460203878581524,0.05395461246371269,0.9968212842941284,0.0,0.0,-0.41363710165023804,-1.633366584777832,-1.5354044437408447,1.0074563026428223,-0.783595860004425,-1.0832104682922363,-1.045625925064087,0.5118308663368225,-1.832193374633789,1.128430962562561,1.074167013168335,0.8244494199752808,-1.2328834533691406,0.9868175387382507,0.1455886960029602,-0.21398189663887024,-0.0952443927526474,-0.03641685098409653,0.08315718173980713,0.0496586337685585,-1.573542594909668,0.8674688339233398,0.13920371234416962,0.32209479808807373,0.18272753059864044,1.5713592767715454,-1.6394178867340088,0.2533028721809387,-0.06301163136959076
3.709712028503418,0.6316794753074646,0.8620842099189758,0.05530494824051857,0.029328156262636185,0.04696902632713318,0.996932864189148,0.0,0.0,-0.4024900496006012,-1.6367404460906982,-1.529819130897522,1.000317931175232,-0.7865821123123169,-1.0912985801696777,-1.0454857349395752,0.4807155430316925,-1.8323355913162231,1.1240323781967163,1.0816309452056885,0.8195955753326416,-1.2402534484863281,0.9917242527008057,0.16359151899814606,-0.20687754452228546,-0.09558459371328354,-0.06405937671661377,0.09650915861129761,-0.006746668368577957,-1.5675067901611328,0.8682159781455994,0.15752699971199036,0.3220759928226471,0.17054548859596252,1.577430248260498,-1.6937024593353271,0.26297563314437866,-0.061231162399053574
3.740288019180298,0.6446341276168823,0.8531507849693298,0.05768761783838272,0.030604247003793716,0.03745090961456299,0.9971624612808228,0.0,0.0,-0.3819001615047455,-1.638127326965332,-1.5240426063537598,0.9753536581993103,-0.7912716269493103,-1.0958664417266846,-1.0452604293823242,0.45898234844207764,-1.8324280977249146,1.1229802370071411,1.0848095417022705,0.8166903257369995,-1.2441588640213013,0.9954850673675537,0.19067174196243286,-0.19565534591674805,-0.08861473202705383,-0.08729048073291779,0.1163284182548523,-0.08789967745542526,-1.5443443059921265,0.8686848878860474,0.17420120537281036,0.3136691749095917,0.15637007355690002,1.5696661472320557,-1.759319543838501,0.28663432598114014,-0.058371301740407944
3.769627571105957,0.6563776731491089,0.84364253282547,0.06051790714263916,0.03634979575872421,0.032115284353494644,0.9969879388809204,0.0,0.0,-0.35616645216941833,-1.637364149093628,-1.5223091840744019,0.9523468017578125,-0.795517086982727,-1.1026009321212769,-1.0450376272201538,0.4358636140823364,-1.8324881792068481,1.1264755725860596,1.0886728763580322,0.8143242597579956,-1.2503024339675903,0.9981628060340881,0.2163349688053131,-0.18633516132831573,-0.0837663859128952,-0.10761870443820953,0.12888866662979126,-0.15294000506401062,-1.5252023935317993,0.869140625,0.1901441216468811,0.30006319284439087,0.13809716701507568,1.5792419910430908,-1.819265604019165,0.30125802755355835,-0.057248931378126144
3.797192096710205,0.6667611598968506,0.8343866467475891,0.06462540477514267,0.04329698160290718,0.028208225965499878,0.9965707659721375,0.0,0.0,-0.3252125382423401,-1.6358999013900757,-1.5258305072784424,0.9289952516555786,-0.7996670603752136,-1.1101881265640259,-1.044639229774475,0.41335976123809814,-1.8325272798538208,1.1360909938812256,1.0928075313568115,0.8125441074371338,-1.2575175762176514,1.0000311136245728,0.23980991542339325,-0.1801486313343048,-0.07850124686956406,-0.12556642293930054,0.13841868937015533,-0.20848193764686584,-1.5066449642181396,0.8694413900375366,0.2081567794084549,0.28105589747428894,0.11581127345561981,1.5959529876708984,-1.8745982646942139,0.3120439648628235,-0.05659891664981842
3.822145700454712,0.6758072376251221,0.8256180882453918,0.06915320456027985,0.050183046609163284,0.02547530271112919,0.996017336845398,0.0,0.0,-0.28888076543807983,-1.6349706649780273,-1.533573865890503,0.904857873916626,-0.8037697076797485,-1.1179444789886475,-1.0440927743911743,0.3930410146713257,-1.8325526714324951,1.1494133472442627,1.0957809686660767,0.8112709522247314,-1.2650089263916016,1.001293659210205,0.2615872025489807,-0.1755601167678833,-0.07182037830352783,-0.14246295392513275,0.14508011937141418,-0.2584887742996216,-1.487892746925354,0.8696368932723999,0.22393471002578735,0.2588956356048584,0.09047737717628479,1.613262414932251,-1.9235564470291138,0.32030826807022095,-0.05639367550611496
3.8442487716674805,0.6829168200492859,0.8163764476776123,0.07284868508577347,0.05199235677719116,0.018351752310991287,0.9958178400993347,0.0,0.0,-0.24814465641975403,-1.6340715885162354,-1.5449680089950562,0.8697443604469299,-0.8089042901992798,-1.1210849285125732,-1.044402837753296,0.38171035051345825,-1.8325692415237427,1.1622869968414307,1.1009567975997925,0.8113879561424255,-1.2687026262283325,1.0019409656524658,0.28566575050354004,-0.16788384318351746,-0.05719062685966492,-0.15368641912937164,0.15511880815029144,-0.3288949131965637,-1.4564249515533447,0.869763970375061,0.2368486374616623,0.23498819768428802,0.0648333802819252,1.6119797229766846,-1.9727201461791992,0.3382379412651062,-0.054930754005908966
3.86336612701416,0.6879812479019165,0.8058146238327026,0.07555492222309113,0.053172625601291656,0.009124175645411015,0.99568110704422,0.0,0.0,-0.20854732394218445,-1.6331019401550293,-1.5599534511566162,0.8333178758621216,-0.8143554925918579,-1.1214529275894165,-1.044726014137268,0.37703919410705566,-1.8325799703598022,1.1717069149017334,1.1125926971435547,0.8122031688690186,-1.270049810409546,1.0022518634796143,0.30928778648376465,-0.15870845317840576,-0.04150330647826195,-0.1609816700220108,0.16522087156772614,-0.4015044569969177,-1.4234486818313599,0.8698372840881348,0.24762354791164398,0.21524956822395325,0.039525728672742844,1.609923243522644,-2.0156195163726807,0.35485896468162537,-0.055111855268478394
3.8796091079711914,0.6910752654075623,0.7939788699150085,0.07695022225379944,0.05393276736140251,-0.0011922847479581833,0.995574414730072,0.0,0.0,-0.173517644405365,-1.632652997970581,-1.578941822052002,0.8014613389968872,-0.8197214603424072,-1.1202499866485596,-1.0450423955917358,0.3781690001487732,-1.8325868844985962,1.1807103157043457,1.129582405090332,0.8134268522262573,-1.2699027061462402,1.0023585557937622,0.3302149176597595,-0.14730560779571533,-0.028121797367930412,-0.16572359204292297,0.1761263608932495,-0.4701923131942749,-1.3943099975585938,0.8684514760971069,0.2563815414905548,0.2012043595314026,0.015621006488800049,1.612287998199463,-2.053090810775757,0.3668895959854126,-0.057938769459724426
3.893091917037964,0.692715585231781,0.7824155688285828,0.07780003547668457,0.054340776056051254,-0.011550559662282467,0.9954199194908142,0.0,0.0,-0.14461328089237213,-1.6336448192596436,-1.6034519672393799,0.7767754793167114,-0.8248727917671204,-1.1180806159973145,-1.0453635454177856,0.3840746283531189,-1.8325914144515991,1.1957471370697021,1.1511691808700562,0.8149045705795288,-1.268606424331665,1.0024100542068481,0.3471248745918274,-0.136325865983963,-0.017532499507069588,-0.16880583763122559,0.18720194697380066,-0.5312187671661377,-1.3683171272277832,0.8622468709945679,0.2635498344898224,0.19437958300113678,-0.007739671505987644,1.6174718141555786,-2.0854430198669434,0.37615132331848145,-0.06308199465274811
3.903869867324829,0.6931102275848389,0.770876944065094,0.07887756079435349,0.057135533541440964,-0.018915925174951553,0.9950658679008484,0.0,0.0,-0.12200922518968582,-1.6358507871627808,-1.6304689645767212,0.7624317407608032,-0.829148530960083,-1.1190108060836792,-1.0457130670547485,0.3919944167137146,-1.832594394683838,1.2187145948410034,1.1704505681991577,0.8157614469528198,-1.269927740097046,1.0023797750473022,0.3605045974254608,-0.12917815148830414,-0.010805750265717506,-0.1708092987537384,0.19581642746925354,-0.5744964480400085,-1.354238510131836,0.8573418855667114,0.2692106366157532,0.19577789306640625,-0.03357313945889473,1.635246992111206,-2.11027455329895,0.37598496675491333,-0.07312202453613281
3.9123916625976562,0.6928930282592773,0.7596118450164795,0.07972356677055359,0.05923488363623619,-0.02559707500040531,0.9947261810302734,0.0,0.0,-0.1047237440943718,-1.6377148628234863,-1.6593050956726074,0.7536168098449707,-0.8328807353973389,-1.120624303817749,-1.0458900928497314,0.4026245176792145,-1.8325963020324707,1.2461378574371338,1.1910384893417358,0.8162925839424133,-1.2716723680496216,1.002422571182251,0.37115907669067383,-0.12395839393138885,-0.006875051185488701,-0.17211154103279114,0.20741364359855652,-0.611258327960968,-1.3434175252914429,0.8537679314613342,0.2726762294769287,0.20124134421348572,-0.05650198459625244,1.6553815603256226,-2.133967876434326,0.37319648265838623,-0.08502712845802307
3.919239044189453,0.6922996044158936,0.7493144273757935,0.07900096476078033,0.05974235013127327,-0.03333786129951477,0.9945241808891296,0.0,0.0,-0.09235319495201111,-1.6378576755523682,-1.6896778345108032,0.7453744411468506,-0.8364017009735107,-1.1199473142623901,-1.0459952354431152,0.4183942377567291,-1.8325974941253662,1.2705578804016113,1.2118886709213257,0.8169983625411987,-1.271236538887024,1.0026307106018066,0.3829275667667389,-0.11748519539833069,-0.0057942611165344715,-0.17295798659324646,0.2228381335735321,-0.6494354605674744,-1.330233097076416,0.8496267199516296,0.2744334638118744,0.208998441696167,-0.07491223514080048,1.6674691438674927,-2.1581363677978516,0.3749692738056183,-0.09715621173381805
3.9242169857025146,0.6912418603897095,0.7409898042678833,0.07727333903312683,0.06108846887946129,-0.04037179797887802,0.9943174719810486,0.0,0.0,-0.08304983377456665,-1.6351814270019531,-1.7192206382751465,0.7372403740882874,-0.8395538330078125,-1.1179008483886719,-1.046068549156189,0.43182748556137085,-1.832598328590393,1.2896887063980103,1.2308359146118164,0.8177815675735474,-1.2696231603622437,1.0029547214508057,0.39474785327911377,-0.11064057052135468,-0.0055703637190163136,-0.1735081970691681,0.23765873908996582,-0.6788063645362854,-1.3203465938568115,0.8472499847412109,0.2750573456287384,0.22013384103775024,-0.08811323344707489,1.6780123710632324,-2.1775856018066406,0.37692299485206604,-0.11023283004760742
3.927367687225342,0.6898275017738342,0.734995424747467,0.07474426925182343,0.06289053708314896,-0.046543218195438385,0.9941287040710449,0.0,0.0,-0.07607698440551758,-1.6313447952270508,-1.7477000951766968,0.7297176122665405,-0.842283308506012,-1.1150763034820557,-1.0461305379867554,0.4410135746002197,-1.8325988054275513,1.304685115814209,1.2460947036743164,0.818651556968689,-1.2674295902252197,1.003340721130371,0.40459495782852173,-0.10434773564338684,-0.006008249707520008,-0.17386582493782043,0.2509123980998993,-0.6978273391723633,-1.3139375448226929,0.8469079732894897,0.2738151550292969,0.23391443490982056,-0.09425203502178192,1.6882290840148926,-2.19146466255188,0.3780471682548523,-0.12339682877063751
3.9291958808898926,0.6883103847503662,0.7320403456687927,0.0718158632516861,0.06450321525335312,-0.052922286093235016,0.9939220547676086,0.0,0.0,-0.06968934834003448,-1.626704216003418,-1.7752480506896973,0.7235599756240845,-0.8445730209350586,-1.1117749214172363,-1.046190619468689,0.44582459330558777,-1.83259916305542,1.318160057067871,1.2580957412719727,0.8196449875831604,-1.2649564743041992,1.0037412643432617,0.4132986068725586,-0.10034395754337311,-0.006381032522767782,-0.17409828305244446,0.2611857056617737,-0.7092784643173218,-1.3070951700210571,0.8475101590156555,0.2715197801589966,0.24876254796981812,-0.09606114029884338,1.6951038837432861,-2.198767900466919,0.3795660138130188,-0.1354682296514511
3.9305238723754883,0.6870764493942261,0.7318363785743713,0.06790590286254883,0.06665638834238052,-0.060531217604875565,0.9936205148696899,0.0,0.0,-0.06444594264030457,-1.620121717453003,-1.7998237609863281,0.717953085899353,-0.8462949395179749,-1.1083240509033203,-1.0462356805801392,0.445884108543396,-1.832599401473999,1.325351595878601,1.2646315097808838,0.8207657337188721,-1.2626941204071045,1.0040900707244873,0.4207701086997986,-0.0961172804236412,-0.0070677874609827995,-0.17424938082695007,0.26934146881103516,-0.7112420201301575,-1.3023779392242432,0.848466157913208,0.26906532049179077,0.2631656229496002,-0.09463140368461609,1.7012147903442383,-2.2020773887634277,0.3803354799747467,-0.14590990543365479
3.931924819946289,0.6863890886306763,0.7356714606285095,0.063987597823143,0.069675974547863,-0.0700102373957634,0.9930505752563477,0.0,0.0,-0.05843064934015274,-1.6136670112609863,-1.8216736316680908,0.7128781080245972,-0.8474571108818054,-1.1048380136489868,-1.046242117881775,0.4416017532348633,-1.8325995206832886,1.3280612230300903,1.264615535736084,0.8222025632858276,-1.260775089263916,1.0042188167572021,0.4263908267021179,-0.09393081814050674,-0.007109149359166622,-0.17434759438037872,0.2749955952167511,-0.7001451849937439,-1.298993468284607,0.8489149212837219,0.26637598872184753,0.2774506211280823,-0.08947566151618958,1.70460045337677,-2.1989879608154297,0.38161101937294006,-0.15402807295322418
3.9339194297790527,0.6865873336791992,0.7434976696968079,0.06057457998394966,0.07362288981676102,-0.08122792094945908,0.9921252131462097,0.0,0.0,-0.05202072858810425,-1.6070702075958252,-1.8415025472640991,0.7091764211654663,-0.8480440974235535,-1.1014164686203003,-1.0462450981140137,0.4355585277080536,-1.8325996398925781,1.3291915655136108,1.2602556943893433,0.8240007758140564,-1.25914466381073,1.0040764808654785,0.4278205633163452,-0.09507977962493896,-0.005362503230571747,-0.17441143095493317,0.276746928691864,-0.6737614870071411,-1.2971763610839844,0.846055269241333,0.2647172808647156,0.29164260625839233,-0.07893785834312439,1.7012819051742554,-2.1850008964538574,0.38341453671455383,-0.15990418195724487
3.937272548675537,0.6880722045898438,0.7533340454101562,0.05717650428414345,0.07999920845031738,-0.09412658214569092,0.9906922578811646,0.0,0.0,-0.04524820297956467,-1.6006300449371338,-1.8591060638427734,0.705328643321991,-0.8481197357177734,-1.0980730056762695,-1.0462052822113037,0.42674821615219116,-1.8325997591018677,1.3268651962280273,1.2499057054519653,0.8262660503387451,-1.2579255104064941,1.0035550594329834,0.4255390465259552,-0.09885105490684509,-0.002452903427183628,-0.17445293068885803,0.27359262108802795,-0.6305546760559082,-1.30137300491333,0.8412379622459412,0.2638625502586365,0.3068974018096924,-0.06317460536956787,1.6917635202407837,-2.160419464111328,0.3849073052406311,-0.16435176134109497
3.9423844814300537,0.6909236907958984,0.7656145095825195,0.05352593958377838,0.08863630145788193,-0.10836765170097351,0.9887036681175232,0.0,0.0,-0.03608889877796173,-1.5944360494613647,-1.8730272054672241,0.6998110413551331,-0.847740888595581,-1.0949251651763916,-1.046107292175293,0.414153516292572,-1.8325610160827637,1.3177130222320557,1.2348647117614746,0.8288808465003967,-1.2571544647216797,1.0027097463607788,0.4189392626285553,-0.10518014430999756,0.00042204430792480707,-0.1744799017906189,0.2647167146205902,-0.5677071213722229,-1.3130346536636353,0.8344956636428833,0.2634337544441223,0.3237276077270508,-0.04445303604006767,1.6760133504867554,-2.128561496734619,0.3861280083656311,-0.16502916812896729
3.9497017860412598,0.6950220465660095,0.7819165587425232,0.04946089908480644,0.09876281768083572,-0.12501218914985657,0.9859875440597534,0.0,0.0,-0.02695709466934204,-1.5910766124725342,-1.8852860927581787,0.6948285698890686,-0.8469390273094177,-1.0920381546020508,-1.0460231304168701,0.3995395302772522,-1.832549810409546,1.3039195537567139,1.2167370319366455,0.8318669199943542,-1.256669521331787,1.0015876293182373,0.40517744421958923,-0.11389447748661041,0.0034342610742896795,-0.17449742555618286,0.24678108096122742,-0.47819316387176514,-1.3354734182357788,0.8178580403327942,0.2670402526855469,0.3447270393371582,-0.021725771948695183,1.6471102237701416,-2.0870354175567627,0.39114582538604736,-0.16342368721961975
3.958556652069092,0.7000272274017334,0.8011705279350281,0.04472583159804344,0.11003090441226959,-0.14328324794769287,0.9825287461280823,0.0,0.0,-0.014553443528711796,-1.589752435684204,-1.8948919773101807,0.689032793045044,-0.8459477424621582,-1.0894625186920166,-1.0458729267120361,0.3814675211906433,-1.8324193954467773,1.2844669818878174,1.1954872608184814,0.8352048397064209,-1.2563724517822266,1.0002185106277466,0.38293489813804626,-0.1237337738275528,0.003693139646202326,-0.17450882494449615,0.21804367005825043,-0.36160895228385925,-1.369085669517517,0.7966654300689697,0.26666685938835144,0.3688099682331085,0.004865461029112339,1.610991358757019,-2.0311269760131836,0.39620545506477356,-0.16310079395771027
3.9676685333251953,0.7043006420135498,0.8229856491088867,0.04171980917453766,0.11939068883657455,-0.1621159464120865,0.9786336421966553,0.0,0.0,-0.005592637695372105,-1.5895273685455322,-1.9024043083190918,0.682012677192688,-0.8448019027709961,-1.0872225761413574,-1.0457699298858643,0.36829835176467896,-1.8324825763702393,1.2619060277938843,1.1778227090835571,0.8386456966400146,-1.255873680114746,0.9988653659820557,0.3511807918548584,-0.13344094157218933,0.0023362634237855673,-0.1745162308216095,0.1795140653848648,-0.22368399798870087,-1.4128234386444092,0.7680500745773315,0.26556074619293213,0.38920408487319946,0.03071015328168869,1.570541262626648,-1.9659409523010254,0.40146344900131226,-0.160261869430542
3.9777348041534424,0.7073479890823364,0.8441051244735718,0.03923332318663597,0.12624360620975494,-0.1790783852338791,0.9749124050140381,0.0,0.0,0.0032389748375862837,-1.5882543325424194,-1.9059011936187744,0.6745287179946899,-0.8434873223304749,-1.0855433940887451,-1.0456657409667969,0.3594527244567871,-1.8325235843658447,1.2369285821914673,1.1649504899978638,0.8421228528022766,-1.2550816535949707,0.9975672960281372,0.3138102889060974,-0.13568682968616486,0.0014748865505680442,-0.1745210438966751,0.1331169158220291,-0.08110220730304718,-1.4612905979156494,0.7363404035568237,0.2625870704650879,0.3942103385925293,0.050700485706329346,1.5322978496551514,-1.8999607563018799,0.40850943326950073,-0.14776736497879028
3.9895107746124268,0.7093163132667542,0.8642750382423401,0.03675297647714615,0.12882554531097412,-0.19443102180957794,0.9717251658439636,0.0,0.0,0.0029823491349816322,-1.5851093530654907,-1.9071660041809082,0.6724112033843994,-0.8417122960090637,-1.0847090482711792,-1.045736312866211,0.3572676181793213,-1.832550287246704,1.20816171169281,1.1600855588912964,0.8455482721328735,-1.2540490627288818,0.9963898658752441,0.2727211117744446,-0.12662659585475922,0.0042536077089607716,-0.1738743782043457,0.08171810954809189,0.05833384394645691,-1.5118753910064697,0.7039388418197632,0.25700294971466064,0.3791598081588745,0.060784537345170975,1.4899258613586426,-1.8354144096374512,0.4231225848197937,-0.1259797364473343
4.003672122955322,0.7110544443130493,0.8835782408714294,0.033615462481975555,0.12802386283874512,-0.20632202923297882,0.969490110874176,0.0,0.0,-0.0037362100556492805,-1.5803871154785156,-1.9044933319091797,0.6780080795288086,-0.8388833999633789,-1.084700345993042,-1.0458697080612183,0.3564077615737915,-1.8325676918029785,1.1794228553771973,1.163981556892395,0.8486865758895874,-1.252576470375061,0.995559573173523,0.23382632434368134,-0.11069906502962112,0.011828398331999779,-0.1613631397485733,0.02914629504084587,0.19500374794006348,-1.5647181272506714,0.67305588722229,0.24648027122020721,0.3497946262359619,0.058424439281225204,1.4446489810943604,-1.777814507484436,0.4445214867591858,-0.09704506397247314
4.0203752517700195,0.7128915190696716,0.8992720246315002,0.031210148707032204,0.12429806590080261,-0.21297229826450348,0.9686169028282166,0.0,0.0,-0.00728670135140419,-1.577557921409607,-1.9003150463104248,0.6909838914871216,-0.8353783488273621,-1.0851473808288574,-1.0459120273590088,0.3481486737728119,-1.8325788974761963,1.1587384939193726,1.1708674430847168,0.8521537780761719,-1.2508676052093506,0.9945824146270752,0.20477017760276794,-0.09156165271997452,0.023145025596022606,-0.14597076177597046,-0.011090252548456192,0.3294336199760437,-1.621719241142273,0.6460278630256653,0.23507079482078552,0.30982187390327454,0.04204285889863968,1.3933134078979492,-1.734954833984375,0.4728706479072571,-0.06356464326381683
4.038434028625488,0.7146166563034058,0.908508837223053,0.029071230441331863,0.1179589033126831,-0.21419595181941986,0.9692062139511108,0.0,0.0,-0.014517273753881454,-1.575003743171692,-1.8971750736236572,0.7095704078674316,-0.8315370082855225,-1.085676670074463,-1.045975685119629,0.3401791453361511,-1.8325862884521484,1.1416685581207275,1.1806710958480835,0.8559012413024902,-1.2490730285644531,0.9933943748474121,0.18259841203689575,-0.07044990360736847,0.03559301048517227,-0.13957160711288452,-0.035927772521972656,0.4550091624259949,-1.6761741638183594,0.6250721216201782,0.22956347465515137,0.2648029625415802,0.016384050250053406,1.3415915966033936,-1.702616810798645,0.5042562484741211,-0.03199814260005951
4.056488990783691,0.7156807780265808,0.9143348336219788,0.027446674183011055,0.11025647073984146,-0.21078652143478394,0.9709063768386841,0.0,0.0,-0.025062723085284233,-1.5710651874542236,-1.890486478805542,0.7277620434761047,-0.8272565007209778,-1.085978388786316,-1.045954704284668,0.3389809727668762,-1.8325910568237305,1.1332160234451294,1.1931349039077759,0.8601223230361938,-1.246824026107788,0.9918213486671448,0.16181573271751404,-0.04691328853368759,0.04808652028441429,-0.142349973320961,-0.050276532769203186,0.5662039518356323,-1.7159717082977295,0.6106230616569519,0.22725538909435272,0.21171405911445618,-0.012141047045588493,1.293903112411499,-1.6753888130187988,0.532891035079956,-0.0014960281550884247
4.07475471496582,0.7169679403305054,0.9192252159118652,0.02421373873949051,0.10178441554307938,-0.19555751979351044,0.9750953316688538,0.0,0.0,-0.04014743119478226,-1.5653691291809082,-1.8818309307098389,0.7430856227874756,-0.8228285312652588,-1.0862644910812378,-1.0460047721862793,0.3343483805656433,-1.8325941562652588,1.1469405889511108,1.2060256004333496,0.8649060726165771,-1.2442048788070679,0.989745020866394,0.14673064649105072,-0.018201492726802826,0.06798426806926727,-0.15166547894477844,-0.04620036110281944,0.6883365511894226,-1.7484838962554932,0.5931858420372009,0.23052868247032166,0.1505223512649536,-0.0552823469042778,1.2419803142547607,-1.6526745557785034,0.5633409023284912,0.029447060078382492
4.092957973480225,0.7182654142379761,0.9177690744400024,0.020340383052825928,0.09432268887758255,-0.16692069172859192,0.9812374711036682,0.0,0.0,-0.05331450700759888,-1.5577750205993652,-1.8733155727386475,0.756568431854248,-0.8188121318817139,-1.0886839628219604,-1.0460307598114014,0.32796990871429443,-1.8325961828231812,1.1730408668518066,1.218680500984192,0.8690462112426758,-1.2438993453979492,0.9874361753463745,0.14003056287765503,0.00358435045927763,0.09505856782197952,-0.15966469049453735,-0.021023940294981003,0.8153585195541382,-1.7675902843475342,0.5722676515579224,0.23578493297100067,0.09572441875934601,-0.11146988719701767,1.188422441482544,-1.6418166160583496,0.6030559539794922,0.058841459453105927
4.11087703704834,0.7193654179573059,0.9092617034912109,0.015333539806306362,0.08654824644327164,-0.1304677128791809,0.9875487089157104,0.0,0.0,-0.07252749800682068,-1.547522783279419,-1.8656055927276611,0.7710340023040771,-0.8150478601455688,-1.0932238101959229,-1.0462360382080078,0.3250879645347595,-1.8325974941253662,1.2046221494674683,1.2307367324829102,0.8723198175430298,-1.2463672161102295,0.9850687980651855,0.13693751394748688,0.015581328421831131,0.12362218648195267,-0.16486701369285583,0.012637017294764519,0.9310235381126404,-1.7687532901763916,0.5453804731369019,0.2410850077867508,0.052942875772714615,-0.16513070464134216,1.130919337272644,-1.643829584121704,0.6551790237426758,0.08339092135429382
4.129003524780273,0.7209075689315796,0.8946228623390198,0.00858688447624445,0.07833433896303177,-0.08826098591089249,0.9929752945899963,0.0,0.0,-0.10444781929254532,-1.534113883972168,-1.8558564186096191,0.7870442271232605,-0.810932993888855,-1.0986227989196777,-1.0464868545532227,0.3325616717338562,-1.832598328590393,1.2332203388214111,1.2380156517028809,0.8751317262649536,-1.250339150428772,0.9825262427330017,0.1377709060907364,0.020403899252414703,0.14619340002536774,-0.16824905574321747,0.04784422367811203,1.0308808088302612,-1.752509355545044,0.5128746628761292,0.24759438633918762,0.024265602231025696,-0.21506953239440918,1.064987063407898,-1.6536993980407715,0.7167450189590454,0.09747375547885895
4.147101402282715,0.7236067056655884,0.8893569111824036,0.0021394463256001472,0.07117844372987747,-0.03932439535856247,0.9966858625411987,0.0,0.0,-0.1432168185710907,-1.522423505783081,-1.842031478881836,0.807135820388794,-0.8054873943328857,-1.1030181646347046,-1.0467013120651245,0.343328058719635,-1.8325988054275513,1.2505099773406982,1.2365189790725708,0.8783055543899536,-1.2540957927703857,0.9795689582824707,0.13991722464561462,0.017346374690532684,0.156184583902359,-0.17044737935066223,0.07084880769252777,1.1279021501541138,-1.7092841863632202,0.471380352973938,0.2542227804660797,0.007991066202521324,-0.2645876705646515,0.9975029230117798,-1.6605682373046875,0.7703835964202881,0.09910460561513901
4.165249347686768,0.7274323105812073,0.8932373523712158,-0.0019084857776761055,0.06590712070465088,0.009688110090792179,0.9977768659591675,0.0,0.0,-0.1809978187084198,-1.5148375034332275,-1.8227393627166748,0.8265116214752197,-0.7988824844360352,-1.106069564819336,-1.0468758344650269,0.35137975215911865,-1.83259916305542,1.2586537599563599,1.2264975309371948,0.8817843198776245,-1.2575968503952026,0.9765048027038574,0.13609439134597778,0.006538842339068651,0.15868404507637024,-0.17187628149986267,0.0699172168970108,1.22923743724823,-1.6382108926773071,0.416473925113678,0.26029980182647705,0.0027182716876268387,-0.30822432041168213,0.9421288967132568,-1.6597155332565308,0.8052492737770081,0.09081225842237473
4.184127330780029,0.73233962059021,0.8964484333992004,-0.004037314094603062,0.058135803788900375,0.05812976881861687,0.996606707572937,0.0,0.0,-0.22036771476268768,-1.5130531787872314,-1.793578863143921,0.8431433439254761,-0.7897746562957764,-1.105039119720459,-1.0469892024993896,0.351739764213562,-1.832599401473999,1.2624304294586182,1.2091362476348877,0.8866987228393555,-1.258328914642334,0.9730741381645203,0.1178581565618515,-0.006316757295280695,0.1502419114112854,-0.1728050708770752,0.05266055837273598,1.325283408164978,-1.5562613010406494,0.35395005345344543,0.2633317708969116,0.005234784446656704,-0.3436238467693329,0.8980876207351685,-1.654327630996704,0.8279119729995728,0.07711461186408997
4.203601360321045,0.7380702495574951,0.8986624479293823,-0.004125676583498716,0.04923734441399574,0.10094839334487915,0.9936639070510864,0.0,0.0,-0.2563025653362274,-1.517230749130249,-1.7571349143981934,0.854873776435852,-0.7792803049087524,-1.1012232303619385,-1.047062873840332,0.34820038080215454,-1.8325995206832886,1.2660630941390991,1.1888208389282227,0.8923641443252563,-1.2572227716445923,0.9697810411453247,0.09149657934904099,-0.02103651873767376,0.1388658583164215,-0.17340879142284393,0.02743719518184662,1.4074814319610596,-1.4773218631744385,0.2929022014141083,0.26355665922164917,0.01758626289665699,-0.3710281252861023,0.8609676361083984,-1.6474308967590332,0.8426427245140076,0.05836840718984604
4.223118305206299,0.7439553737640381,0.8993398547172546,-0.0023456730414181948,0.03986484929919243,0.1369161605834961,0.9897773861885071,0.0,0.0,-0.2881008982658386,-1.526329517364502,-1.7171008586883545,0.859652042388916,-0.7686045169830322,-1.09554922580719,-1.0471107959747314,0.3410821557044983,-1.8325996398925781,1.2702553272247314,1.1686604022979736,0.8982095718383789,-1.2550020217895508,0.9669800996780396,0.06417636573314667,-0.035194698721170425,0.12710297107696533,-0.1738012135028839,0.0002028103917837143,1.4725170135498047,-1.4121861457824707,0.2401117980480194,0.2607831656932831,0.037417009472846985,-0.3875815272331238,0.825547993183136,-1.6411089897155762,0.8522177338600159,0.03762665390968323
4.243131160736084,0.7494381070137024,0.90566486120224,0.0016061825444921851,0.031701844185590744,0.1662658303976059,0.985569953918457,0.0,0.0,-0.31269919872283936,-1.537154197692871,-1.6747534275054932,0.8554704189300537,-0.7585214376449585,-1.0886927843093872,-1.0471420288085938,0.33300089836120605,-1.8325997591018677,1.2687413692474365,1.1493631601333618,0.9039211273193359,-1.2524715662002563,0.9646897315979004,0.04264591261744499,-0.051129259169101715,0.1154802069067955,-0.1740562915802002,-0.02531924843788147,1.5150572061538696,-1.361833930015564,0.19676612317562103,0.2559886574745178,0.06721937656402588,-0.392139732837677,0.780974805355072,-1.6314681768417358,0.8584414720535278,0.013145354576408863
4.2634358406066895,0.7540373802185059,0.9130362868309021,0.007432479877024889,0.03165493905544281,0.1859051138162613,0.9820295572280884,0.0,0.0,-0.32696062326431274,-1.5446916818618774,-1.642924189567566,0.8496422171592712,-0.7516818046569824,-1.0878918170928955,-1.0471622943878174,0.3270772397518158,-1.8325997591018677,1.2688173055648804,1.13363778591156,0.9070448875427246,-1.2553566694259644,0.9636112451553345,0.02387460693717003,-0.07816076278686523,0.11359570920467377,-0.17422208189964294,-0.05233580619096756,1.5485730171203613,-1.315391182899475,0.15494263172149658,0.2514686584472656,0.12437854707241058,-0.39044710993766785,0.7609829902648926,-1.6310930252075195,0.8624868988990784,-0.013811321929097176
4.285821914672852,0.7565900087356567,0.921052873134613,0.01445583812892437,0.024773279204964638,0.2040318101644516,0.9785439968109131,0.0,0.0,-0.33998313546180725,-1.5569453239440918,-1.608499526977539,0.833011269569397,-0.7451573610305786,-1.0841890573501587,-1.047175407409668,0.32451632618904114,-1.8325997591018677,1.2636977434158325,1.1153802871704102,0.9107892513275146,-1.2563164234161377,0.9625321626663208,0.015715638175606728,-0.09802305698394775,0.10305895656347275,-0.17432984709739685,-0.06527715921401978,1.5519604682922363,-1.3135244846343994,0.14046531915664673,0.24379241466522217,0.17542651295661926,-0.3883945941925049,0.6921520233154297,-1.6219509840011597,0.8651164770126343,-0.04214755445718765
4.310193061828613,0.7582322359085083,0.9215937256813049,0.02285308763384819,0.028328916057944298,0.215720534324646,0.9757765531539917,0.0,0.0,-0.34062373638153076,-1.5659737586975098,-1.5822336673736572,0.8200825452804565,-0.7407094240188599,-1.0859943628311157,-1.0471839904785156,0.3245292603969574,-1.8325997591018677,1.2573531866073608,1.0956964492797852,0.9129197597503662,-1.2616888284683228,0.9617418050765991,0.007063136901706457,-0.1227671205997467,0.09670868515968323,-0.17439989745616913,-0.07877027243375778,1.5632808208465576,-1.3127281665802002,0.12728634476661682,0.23702217638492584,0.2364993542432785,-0.3818626403808594,0.6519640684127808,-1.6235549449920654,0.8668256998062134,-0.06923910975456238
4.3372673988342285,0.759303629398346,0.9152952432632446,0.03166569024324417,0.035414040088653564,0.22391079366207123,0.9734510779380798,0.0,0.0,-0.3363274335861206,-1.5720000267028809,-1.560582160949707,0.812799870967865,-0.7374774217605591,-1.0920076370239258,-1.047189474105835,0.3233041763305664,-1.8325997591018677,1.250680923461914,1.0785529613494873,0.9135524034500122,-1.2708461284637451,0.9615454077720642,-0.0029411232098937035,-0.14389640092849731,0.09487088024616241,-0.17444542050361633,-0.09454827010631561,1.5780266523361206,-1.3248014450073242,0.12018389999866486,0.22880445420742035,0.29366445541381836,-0.37056225538253784,0.6173223257064819,-1.6303987503051758,0.8679366707801819,-0.09346281737089157
4.368198394775391,0.7597830295562744,0.908945620059967,0.040862828493118286,0.03202732652425766,0.23365123569965363,0.9709333777427673,0.0,0.0,-0.3325321674346924,-1.5808932781219482,-1.5349717140197754,0.7994292974472046,-0.7339028120040894,-1.0932681560516357,-1.047085165977478,0.318264365196228,-1.832361102104187,1.2419466972351074,1.0566539764404297,0.9159085750579834,-1.276600956916809,0.9605532884597778,0.01227441057562828,-0.14830522239208221,0.08683409541845322,-0.17447501420974731,-0.10135821998119354,1.5600883960723877,-1.4030606746673584,0.1592835783958435,0.21297697722911835,0.3197622299194336,-0.3609626293182373,0.4891784191131592,-1.6058958768844604,0.8686587810516357,-0.10461301356554031
4.398348331451416,0.7608580589294434,0.8936333656311035,0.050510697066783905,0.036336835473775864,0.23713761568069458,0.969481348991394,0.0,0.0,-0.3158531188964844,-1.584096908569336,-1.5135984420776367,0.7907571792602539,-0.7313133478164673,-1.098225712776184,-1.0471251010894775,0.3023720979690552,-1.8324440717697144,1.2427641153335571,1.0338352918624878,0.9171279072761536,-1.2866127490997314,0.9599263668060303,0.026239018887281418,-0.15522687137126923,0.0830456018447876,-0.17449425160884857,-0.11739295721054077,1.5658351182937622,-1.4803495407104492,0.18827657401561737,0.19601477682590485,0.3514891266822815,-0.33439645171165466,0.3886519968509674,-1.5898380279541016,0.8691281676292419,-0.10683545470237732
4.425897121429443,0.762410044670105,0.8738530874252319,0.059469692409038544,0.04212456941604614,0.2386392205953598,0.9683699011802673,0.0,0.0,-0.2918180227279663,-1.5871925354003906,-1.4973443746566772,0.7849082946777344,-0.7295743823051453,-1.1049928665161133,-1.0471513271331787,0.27713215351104736,-1.832498550415039,1.2532482147216797,1.009587287902832,0.917961597442627,-1.2986350059509277,0.95927894115448,0.04051443934440613,-0.1585364043712616,0.0830921158194542,-0.1745067536830902,-0.1405414342880249,1.5851819515228271,-1.5656366348266602,0.21257057785987854,0.17854726314544678,0.38115134835243225,-0.30156370997428894,0.30321958661079407,-1.5761523246765137,0.8694332838058472,-0.10199402272701263
4.450413703918457,0.7641209363937378,0.8533294796943665,0.06623616814613342,0.041142866015434265,0.2439628690481186,0.9666447639465332,0.0,0.0,-0.26868486404418945,-1.5907621383666992,-1.483748435974121,0.7787480354309082,-0.7282736301422119,-1.1093891859054565,-1.047095537185669,0.24422594904899597,-1.8299897909164429,1.2743287086486816,0.9835880398750305,0.9197700619697571,-1.3077526092529297,0.9580576419830322,0.0651678591966629,-0.15269681811332703,0.0795222744345665,-0.17451488971710205,-0.16438043117523193,1.5872352123260498,-1.6698095798492432,0.24897417426109314,0.15993165969848633,0.40046384930610657,-0.2833396792411804,0.1856096386909485,-1.5446059703826904,0.8696315884590149,-0.09389857947826385
4.4708356857299805,0.7662577629089355,0.8327588438987732,0.0729939267039299,0.043242424726486206,0.24668817222118378,0.9653739929199219,0.0,0.0,-0.24445924162864685,-1.5931282043457031,-1.4762691259384155,0.7794773578643799,-0.7274888157844543,-1.1149582862854004,-1.047131896018982,0.21708521246910095,-1.8263057470321655,1.2931170463562012,0.9596662521362305,0.920889139175415,-1.317362904548645,0.9572832584381104,0.08612725883722305,-0.14910465478897095,0.07408519089221954,-0.17452016472816467,-0.17855623364448547,1.5933058261871338,-1.755472183227539,0.2766910195350647,0.14377567172050476,0.4130169749259949,-0.2613319456577301,0.08167310059070587,-1.5119121074676514,0.8697605133056641,-0.0839882642030716
4.487868785858154,0.7684228420257568,0.8126747012138367,0.07905060797929764,0.046551547944545746,0.24878083169460297,0.9642054438591003,0.0,0.0,-0.22044387459754944,-1.5925638675689697,-1.4725167751312256,0.7843811511993408,-0.7271057963371277,-1.1210606098175049,-1.0471556186676025,0.1923852413892746,-1.8222382068634033,1.3115687370300293,0.9391438961029053,0.921485185623169,-1.3271796703338623,0.9568915367126465,0.10604529082775116,-0.1473993957042694,0.06711475551128387,-0.17452359199523926,-0.18348915874958038,1.6001718044281006,-1.8329381942749023,0.30163848400115967,0.13006755709648132,0.4211764931678772,-0.24134939908981323,-0.014185551553964615,-1.4798529148101807,0.8698443174362183,-0.07615695148706436
4.502413272857666,0.770613431930542,0.7935379147529602,0.08408375829458237,0.050895243883132935,0.2515476942062378,0.9628413319587708,0.0,0.0,-0.19880522787570953,-1.590104103088379,-1.4719412326812744,0.7905405759811401,-0.727138876914978,-1.1272034645080566,-1.0471711158752441,0.17048527300357819,-1.8185806274414062,1.3306523561477661,0.9220030307769775,0.9217500686645508,-1.33678138256073,0.9567341804504395,0.12601307034492493,-0.14824867248535156,0.05884657800197601,-0.17452582716941833,-0.18156231939792633,1.6048742532730103,-1.9046339988708496,0.3269652724266052,0.12059755623340607,0.42648017406463623,-0.22635185718536377,-0.10438618063926697,-1.4471080303192139,0.869898796081543,-0.07236294448375702
4.515079975128174,0.772996187210083,0.7756268978118896,0.08775056898593903,0.055983398109674454,0.25515204668045044,0.9612820744514465,0.0,0.0,-0.18044692277908325,-1.586132287979126,-1.4734845161437988,0.7964690327644348,-0.7275302410125732,-1.1331838369369507,-1.0471811294555664,0.152652770280838,-1.8156352043151855,1.351041316986084,0.907642126083374,0.9218515157699585,-1.3458906412124634,0.9566555619239807,0.14704269170761108,-0.14996486902236938,0.04913443699479103,-0.17452728748321533,-0.17524512112140656,1.60548734664917,-1.968855381011963,0.35267069935798645,0.11433133482933044,0.4280214309692383,-0.215768501162529,-0.19107496738433838,-1.412611484527588,0.8699342012405396,-0.07053358852863312
4.52578067779541,0.7754130363464355,0.7595984935760498,0.08966629207134247,0.06028683856129646,0.25786179304122925,0.960121214389801,0.0,0.0,-0.16761519014835358,-1.5838112831115723,-1.4793320894241333,0.8042001128196716,-0.7282850742340088,-1.1388423442840576,-1.0471876859664917,0.1391163468360901,-1.8139100074768066,1.373795509338379,0.8952188491821289,0.9218913316726685,-1.3546006679534912,0.956581711769104,0.1680750846862793,-0.1505829095840454,0.03714514896273613,-0.17452824115753174,-0.16656361520290375,1.5993452072143555,-2.024008274078369,0.37841886281967163,0.10989230126142502,0.42532461881637573,-0.20675000548362732,-0.2753327488899231,-1.3764100074768066,0.8699572086334229,-0.06848567724227905
4.534936904907227,0.7781197428703308,0.7453214526176453,0.08975709974765778,0.06401630491018295,0.2589896619319916,0.9595675468444824,0.0,0.0,-0.16018517315387726,-1.5818617343902588,-1.4891738891601562,0.8143422603607178,-0.7293353080749512,-1.143970251083374,-1.0471919775009155,0.12881863117218018,-1.8123528957366943,1.398442029953003,0.8838824033737183,0.921925961971283,-1.3629136085510254,0.956485390663147,0.18929915130138397,-0.1503593474626541,0.023273879662156105,-0.17452885210514069,-0.15543854236602783,1.5885040760040283,-2.071434497833252,0.40380752086639404,0.10623317956924438,0.42081648111343384,-0.19811585545539856,-0.3566306233406067,-1.338409662246704,0.8699721693992615,-0.06656802445650101
4.542509078979492,0.7811743021011353,0.7319151759147644,0.08757845312356949,0.0651833638548851,0.26359689235687256,0.95843505859375,0.0,0.0,-0.15799859166145325,-1.5764496326446533,-1.4992687702178955,0.824311375617981,-0.7306066751480103,-1.146758794784546,-1.0471775531768799,0.11956944316625595,-1.811368703842163,1.426539421081543,0.8733842372894287,0.922986626625061,-1.368255853652954,0.9557112455368042,0.21754607558250427,-0.151674285531044,0.005463621579110622,-0.17452925443649292,-0.1473265290260315,1.557560920715332,-2.1171226501464844,0.43750765919685364,0.10402226448059082,0.41774436831474304,-0.20039287209510803,-0.4465946555137634,-1.2944961786270142,0.8699818849563599,-0.06518229842185974
4.549314022064209,0.7845349907875061,0.7198978662490845,0.08455754816532135,0.06793966889381409,0.2668028771877289,0.957627534866333,0.0,0.0,-0.15591944754123688,-1.568555474281311,-1.5083227157592773,0.8349781632423401,-0.7319248914718628,-1.1480848789215088,-1.0471298694610596,0.1100718230009079,-1.8100707530975342,1.455840826034546,0.8608454465866089,0.9248906970024109,-1.372005581855774,0.954290509223938,0.24962615966796875,-0.15484927594661713,-0.013629515655338764,-0.17452950775623322,-0.13841718435287476,1.5242592096328735,-2.157979726791382,0.4729248881340027,0.1020045131444931,0.415987491607666,-0.2011646330356598,-0.533316969871521,-1.2477432489395142,0.869988203048706,-0.06399422138929367
4.555460453033447,0.7874715328216553,0.7095242738723755,0.08184432983398438,0.07075951248407364,0.26799488067626953,0.9573261141777039,0.0,0.0,-0.15251664817333221,-1.562307357788086,-1.5206915140151978,0.8496986627578735,-0.7333598136901855,-1.1484501361846924,-1.047135829925537,0.09458329528570175,-1.811621904373169,1.4887994527816772,0.8489769101142883,0.9272761344909668,-1.3747828006744385,0.9525563716888428,0.2796001136302948,-0.15771052241325378,-0.03198298066854477,-0.17452967166900635,-0.12746645510196686,1.4929113388061523,-2.1919288635253906,0.5066105723381042,0.09883135557174683,0.4150630235671997,-0.19816729426383972,-0.6105227470397949,-1.202892780303955,0.8699923157691956,-0.06293278932571411
4.561079025268555,0.7899077534675598,0.7012662291526794,0.07997936010360718,0.07466364651918411,0.27013614773750305,0.956585168838501,0.0,0.0,-0.14905673265457153,-1.5509591102600098,-1.529573678970337,0.8621344566345215,-0.734825611114502,-1.1476786136627197,-1.0469937324523926,0.07443927973508835,-1.811028003692627,1.5228018760681152,0.839468240737915,0.9302944540977478,-1.3758533000946045,0.9504061937332153,0.30749422311782837,-0.1616131216287613,-0.04766283184289932,-0.1745297908782959,-0.11748980730772018,1.4666087627410889,-2.2202751636505127,0.5372244119644165,0.09533218294382095,0.4162665009498596,-0.19666051864624023,-0.6702907681465149,-1.1657243967056274,0.8699949979782104,-0.06421499699354172
4.566502571105957,0.7918480634689331,0.696121871471405,0.07999986410140991,0.08018148690462112,0.2721960246562958,0.955552339553833,0.0,0.0,-0.14638768136501312,-1.5406160354614258,-1.5370852947235107,0.8718442916870117,-0.736336350440979,-1.1463279724121094,-1.0468416213989258,0.054328374564647675,-1.8085908889770508,1.5567482709884644,0.8308719396591187,0.9336562752723694,-1.375856637954712,0.948025107383728,0.3302850127220154,-0.16668446362018585,-0.05950455367565155,-0.17452985048294067,-0.10925234854221344,1.4472365379333496,-2.2389824390411377,0.5610278248786926,0.09067418426275253,0.4207255244255066,-0.193266361951828,-0.7078421115875244,-1.1368070840835571,0.8699967265129089,-0.06583935022354126
4.57208251953125,0.7930880784988403,0.6948655843734741,0.08227138221263885,0.0864320620894432,0.2743656635284424,0.954193115234375,0.0,0.0,-0.14566487073898315,-1.531679630279541,-1.5415445566177368,0.8768758177757263,-0.737822949886322,-1.144848346710205,-1.0466716289520264,0.0383424237370491,-1.8041982650756836,1.5900380611419678,0.8239344358444214,0.9371146559715271,-1.3750596046447754,0.9455980062484741,0.3497476577758789,-0.1722901165485382,-0.06961876899003983,-0.17452989518642426,-0.09679221361875534,1.4267417192459106,-2.2462518215179443,0.5833755135536194,0.08288423717021942,0.42618709802627563,-0.18347296118736267,-0.7298001646995544,-1.1136857271194458,0.8699978590011597,-0.06682639569044113
4.577879905700684,0.7934079170227051,0.6983440518379211,0.08532347530126572,0.0948844850063324,0.2745240032672882,0.9530757665634155,0.0,0.0,-0.1464659869670868,-1.5268118381500244,-1.5441430807113647,0.8784056901931763,-0.7392237782478333,-1.143224835395813,-1.0465058088302612,0.02578730322420597,-1.7969259023666382,1.6208609342575073,0.8138400316238403,0.9407069683074951,-1.374009132385254,0.9430583715438843,0.368834912776947,-0.174977645277977,-0.07862959057092667,-0.17452992498874664,-0.08278696238994598,1.4068243503570557,-2.2415294647216797,0.6054102182388306,0.07110323011875153,0.4297370910644531,-0.16549505293369293,-0.733897864818573,-1.0987693071365356,0.869998574256897,-0.06728909909725189
4.584184646606445,0.7930184602737427,0.7060734033584595,0.08842593431472778,0.10563606023788452,0.27348777651786804,0.9519591927528381,0.0,0.0,-0.14768236875534058,-1.5221037864685059,-1.5400441884994507,0.8708942532539368,-0.7404338121414185,-1.1399211883544922,-1.0462884902954102,0.011053116992115974,-1.7877039909362793,1.6496095657348633,0.7986903190612793,0.9451912045478821,-1.371516227722168,0.9400053024291992,0.38582172989845276,-0.17442362010478973,-0.08259983360767365,-0.17452993988990784,-0.06987743079662323,1.3841242790222168,-2.225341320037842,0.627228319644928,0.05695868656039238,0.4320445656776428,-0.14400818943977356,-0.7139379978179932,-1.0984525680541992,0.8699990510940552,-0.06982569396495819
4.591127395629883,0.7929263114929199,0.7179362177848816,0.09240157157182693,0.11647872626781464,0.27120551466941833,0.9509690403938293,0.0,0.0,-0.15231558680534363,-1.5200526714324951,-1.5318403244018555,0.859454870223999,-0.7412616014480591,-1.135669469833374,-1.0461235046386719,0.000637733843177557,-1.774193525314331,1.6726937294006348,0.7798237204551697,0.9501264095306396,-1.3682304620742798,0.9367249011993408,0.3950674533843994,-0.1712685078382492,-0.0814027264714241,-0.17452995479106903,-0.05697931349277496,1.3580015897750854,-2.198702573776245,0.645892858505249,0.042641155421733856,0.43354445695877075,-0.11237240582704544,-0.668429434299469,-1.1193183660507202,0.869999349117279,-0.07064161449670792
4.598025321960449,0.7942812442779541,0.7333008050918579,0.09775426983833313,0.1276642233133316,0.2682821750640869,0.9498265981674194,0.0,0.0,-0.158826544880867,-1.5199201107025146,-1.5178191661834717,0.8402336835861206,-0.7417155504226685,-1.1308233737945557,-1.0458849668502808,-0.004137740936130285,-1.764574646949768,1.693228840827942,0.7599997520446777,0.9554339051246643,-1.3642706871032715,0.9331967234611511,0.3942983150482178,-0.16888883709907532,-0.07280575484037399,-0.17452996969223022,-0.04326601326465607,1.3290868997573853,-2.161133050918579,0.6591424345970154,0.032611917704343796,0.43451935052871704,-0.06960836052894592,-0.5956112742424011,-1.1638879776000977,0.8699995279312134,-0.07088814675807953
4.6033148765563965,0.7982687950134277,0.7524985074996948,0.10332618653774261,0.13625498116016388,0.26415082812309265,0.9492010474205017,0.0,0.0,-0.17124786972999573,-1.5202471017837524,-1.4984714984893799,0.8154761791229248,-0.7416301965713501,-1.1257057189941406,-1.0456809997558594,-2.2659078240394592e-06,-1.7598471641540527,1.7136298418045044,0.7435329556465149,0.9610360860824585,-1.359592318534851,0.9293898344039917,0.3802357316017151,-0.16907641291618347,-0.058217331767082214,-0.17452996969223022,-0.027796849608421326,1.2996333837509155,-2.1125810146331787,0.665932297706604,0.03249694034457207,0.43494731187820435,-0.008999630808830261,-0.5032818913459778,-1.2296613454818726,0.8699996471405029,-0.06633917987346649
4.606626510620117,0.8048851490020752,0.7768867611885071,0.10579849779605865,0.14124174416065216,0.25955909490585327,0.9494664669036865,0.0,0.0,-0.1868109107017517,-1.521648645401001,-1.4756219387054443,0.7887556552886963,-0.7411869168281555,-1.1203640699386597,-1.0455244779586792,0.00499078631401062,-1.7553784847259521,1.7328252792358398,0.7322496771812439,0.9666613936424255,-1.3543850183486938,0.9255416989326477,0.36151403188705444,-0.16315340995788574,-0.04473292827606201,-0.17452996969223022,-0.010148271918296814,1.2657078504562378,-2.0584490299224854,0.6664285063743591,0.03922875225543976,0.41380056738853455,0.06206437572836876,-0.39434829354286194,-1.3158047199249268,0.869528591632843,-0.05398097261786461
4.6091532707214355,0.8133023381233215,0.8018916249275208,0.10524502396583557,0.14314644038677216,0.2533898949623108,0.9509080648422241,0.0,0.0,-0.19589632749557495,-1.528235673904419,-1.4548673629760742,0.765893280506134,-0.7408287525177002,-1.1146944761276245,-1.0454328060150146,0.009843832813203335,-1.7510206699371338,1.7529115676879883,0.7230285406112671,0.9723133444786072,-1.3487684726715088,0.921727180480957,0.3441867232322693,-0.1489885300397873,-0.03469286113977432,-0.17452996969223022,0.008470198139548302,1.229257583618164,-2.0053412914276123,0.6607500314712524,0.04693874716758728,0.36423027515411377,0.1278790831565857,-0.2801882028579712,-1.4093286991119385,0.8581291437149048,-0.034665659070014954
4.61186408996582,0.8225611448287964,0.8219197988510132,0.10431697964668274,0.13978774845600128,0.24425183236598969,0.9538964629173279,0.0,0.0,-0.20074209570884705,-1.5383552312850952,-1.4384887218475342,0.7486425042152405,-0.7407577037811279,-1.108984112739563,-1.0454111099243164,0.01848943531513214,-1.7447404861450195,1.7734531164169312,0.7196646332740784,0.97737717628479,-1.3425335884094238,0.9185550212860107,0.3295978307723999,-0.13224613666534424,-0.02825765870511532,-0.17452996969223022,0.028655385598540306,1.1859345436096191,-1.9599065780639648,0.653747022151947,0.05352003127336502,0.2990875542163849,0.1779681146144867,-0.1705845147371292,-1.504930019378662,0.8404867649078369,-0.010718272998929024
4.616966247558594,0.8319646120071411,0.838508129119873,0.10120126605033875,0.1331051141023636,0.22921080887317657,0.9589075446128845,0.0,0.0,-0.2045259177684784,-1.547403335571289,-1.4260289669036865,0.7382577657699585,-0.7411136627197266,-1.1036347150802612,-1.0454436540603638,0.023668063804507256,-1.7367463111877441,1.7922372817993164,0.720389723777771,0.9815076589584351,-1.3365256786346436,0.9163569808006287,0.3177987039089203,-0.11132925748825073,-0.025178931653499603,-0.17452996969223022,0.05183471366763115,1.140350103378296,-1.9173753261566162,0.6459250450134277,0.06438836455345154,0.23233933746814728,0.21092310547828674,-0.05502495542168617,-1.5914478302001953,0.8246204853057861,0.014330519363284111
4.625539779663086,0.8413920998573303,0.8515521883964539,0.09822168201208115,0.12464648485183716,0.21079587936401367,0.9645625352859497,0.0,0.0,-0.2038140892982483,-1.5573859214782715,-1.4188497066497803,0.7328871488571167,-0.7423299551010132,-1.0991146564483643,-1.045447587966919,0.028158552944660187,-1.7268890142440796,1.8061330318450928,0.7228248119354248,0.9843659400939941,-1.3309626579284668,0.9153692722320557,0.3101559579372406,-0.09230994433164597,-0.02536458522081375,-0.17452996969223022,0.07925775647163391,1.0898133516311646,-1.8797016143798828,0.6411889791488647,0.07791019976139069,0.17447566986083984,0.22467860579490662,0.0772990733385086,-1.6735219955444336,0.807303786277771,0.03685503453016281
4.636752605438232,0.8514500856399536,0.8632385730743408,0.09521559625864029,0.11491450667381287,0.18999020755290985,0.9703774452209473,0.0,0.0,-0.2015540897846222,-1.5683923959732056,-1.419206976890564,0.7324354648590088,-0.7447024583816528,-1.095538854598999,-1.0454820394515991,0.0326889231801033,-1.718430757522583,1.8147943019866943,0.7290642857551575,0.985694169998169,-1.325689673423767,0.9158308506011963,0.29710304737091064,-0.0777883380651474,-0.026516273617744446,-0.17452996969223022,0.10529040545225143,1.0474302768707275,-1.842318058013916,0.6365432739257812,0.09732237458229065,0.1329437494277954,0.22083160281181335,0.23248562216758728,-1.7343971729278564,0.7928339838981628,0.05805637687444687
4.649993419647217,0.8634244799613953,0.8724796772003174,0.09227993339300156,0.10623355209827423,0.16269488632678986,0.9765905737876892,0.0,0.0,-0.1990746408700943,-1.5756555795669556,-1.4225997924804688,0.7357076406478882,-0.7478362321853638,-1.0927867889404297,-1.0455126762390137,0.040435291826725006,-1.7089357376098633,1.8163244724273682,0.7336984276771545,0.9859586954116821,-1.321091890335083,0.9172111749649048,0.27801477909088135,-0.06967106461524963,-0.029081113636493683,-0.17452996969223022,0.13569214940071106,1.0228898525238037,-1.803159475326538,0.6276548504829407,0.12244687229394913,0.1137622520327568,0.2009555995464325,0.4118303656578064,-1.7658884525299072,0.7742974758148193,0.07100653648376465
4.664867401123047,0.8791122436523438,0.8735196590423584,0.0896899402141571,0.09730176627635956,0.1275671422481537,0.9829621911048889,0.0,0.0,-0.19237709045410156,-1.5866296291351318,-1.4341217279434204,0.7431102395057678,-0.7521975040435791,-1.0907299518585205,-1.0455408096313477,0.04931280389428139,-1.7019975185394287,1.8151203393936157,0.7390930652618408,0.9855012893676758,-1.3169115781784058,0.9193013906478882,0.25083163380622864,-0.06939245760440826,-0.03324443846940994,-0.17452996969223022,0.17434537410736084,1.016308069229126,-1.7683393955230713,0.6181438565254211,0.15080150961875916,0.12748949229717255,0.1611028015613556,0.5949229001998901,-1.770453929901123,0.7505999803543091,0.07120947539806366
4.682311534881592,0.8983858823776245,0.8827508091926575,0.08795756846666336,0.08410181850194931,0.07899659126996994,0.9894189834594727,0.0,0.0,-0.19362111389636993,-1.5982928276062012,-1.4520130157470703,0.7575347423553467,-0.7574313282966614,-1.0894132852554321,-1.045695185661316,0.071875661611557,-1.6930854320526123,1.8127081394195557,0.7544583082199097,0.9841820597648621,-1.3125391006469727,0.9223020672798157,0.21799913048744202,-0.07316583395004272,-0.04186505079269409,-0.17452996969223022,0.22391963005065918,1.0078096389770508,-1.7383501529693604,0.6131708025932312,0.17260125279426575,0.1590956747531891,0.10292819887399673,0.7455412745475769,-1.7602641582489014,0.723473310470581,0.06296799331903458
4.702447414398193,0.9197255969047546,0.8906847834587097,0.08791691809892654,0.07124587148427963,0.01749657653272152,0.9934226274490356,0.0,0.0,-0.196421280503273,-1.6091208457946777,-1.474069356918335,0.7773125171661377,-0.7636946439743042,-1.0884127616882324,-1.0457843542099,0.11458540707826614,-1.6790401935577393,1.8061147928237915,0.7835599780082703,0.9815936088562012,-1.3069162368774414,0.9263812303543091,0.1904221922159195,-0.08211009204387665,-0.05229151248931885,-0.17452996969223022,0.27832314372062683,0.997298002243042,-1.716522455215454,0.6132410764694214,0.19217513501644135,0.21332231163978577,0.02876438945531845,0.865079402923584,-1.7410250902175903,0.6989915370941162,0.04130038619041443
4.724175453186035,0.9418705701828003,0.8956170678138733,0.09044695645570755,0.06135343760251999,-0.05143742263317108,0.9926778674125671,0.0,0.0,-0.20023444294929504,-1.6233818531036377,-1.502984642982483,0.797981858253479,-0.7715400457382202,-1.087488055229187,-1.045750617980957,0.17609019577503204,-1.6646206378936768,1.7901332378387451,0.8292026519775391,0.9770829081535339,-1.2992886304855347,0.9320296049118042,0.16917532682418823,-0.09571854770183563,-0.060153670608997345,-0.17452996969223022,0.31787538528442383,0.9918915033340454,-1.702339768409729,0.6175239086151123,0.20515206456184387,0.27812761068344116,-0.044702693819999695,0.9529438018798828,-1.7214202880859375,0.683366596698761,0.013282465748488903
4.745941638946533,0.9635776281356812,0.8977341055870056,0.09359066188335419,0.054575249552726746,-0.12362170964479446,0.9863974452018738,0.0,0.0,-0.19881080090999603,-1.633769154548645,-1.5333237648010254,0.8209095597267151,-0.7804767489433289,-1.0865553617477417,-1.0456186532974243,0.24597635865211487,-1.6552528142929077,1.756120204925537,0.8846972584724426,0.9702743291854858,-1.2905328273773193,0.9394986629486084,0.15391530096530914,-0.105134978890419,-0.06355476379394531,-0.17452996969223022,0.3320195972919464,0.9904605150222778,-1.697157859802246,0.6264470815658569,0.20709428191184998,0.3331206440925598,-0.09978902339935303,1.0191000699996948,-1.702222228050232,0.6724004149436951,-0.011541863903403282
4.766350746154785,0.9829890131950378,0.8987488746643066,0.09671929478645325,0.050637584179639816,-0.19540990889072418,0.9746261835098267,0.0,0.0,-0.19286084175109863,-1.6412477493286133,-1.5664265155792236,0.8444803357124329,-0.790436863899231,-1.0855361223220825,-1.0454323291778564,0.31507715582847595,-1.65768563747406,1.702498435974121,0.9444901943206787,0.9614850878715515,-1.2817209959030151,0.9485146999359131,0.14330515265464783,-0.1064801812171936,-0.06524122506380081,-0.17452996969223022,0.31714195013046265,0.9865258932113647,-1.6998436450958252,0.6404272317886353,0.1988445222377777,0.36904099583625793,-0.12407104671001434,1.0697675943374634,-1.6873235702514648,0.6593527793884277,-0.02920951507985592
4.7846999168396,0.9992148876190186,0.8990691900253296,0.09906420856714249,0.049976639449596405,-0.26480937004089355,0.9578959345817566,0.0,0.0,-0.19098810851573944,-1.6457477807998657,-1.6087234020233154,0.8644335269927979,-0.8014950156211853,-1.0839297771453857,-1.0452964305877686,0.37761664390563965,-1.6757545471191406,1.6476514339447021,1.0163894891738892,0.9519603252410889,-1.2730026245117188,0.958067774772644,0.13176211714744568,-0.1033022478222847,-0.06312388181686401,-0.17452996969223022,0.28349554538726807,0.9877560138702393,-1.7058515548706055,0.654711127281189,0.19157534837722778,0.392204612493515,-0.1251930147409439,1.1140289306640625,-1.6769295930862427,0.6461167335510254,-0.041491374373435974
4.80059814453125,1.0118850469589233,0.899495005607605,0.10074357688426971,0.05231726914644241,-0.3303639590740204,0.9370023012161255,0.0,0.0,-0.1961221843957901,-1.6431795358657837,-1.6554417610168457,0.8863685131072998,-0.8124924898147583,-1.0814266204833984,-1.0452556610107422,0.44396331906318665,-1.7022080421447754,1.5774621963500977,1.0754852294921875,0.9428888559341431,-1.2641053199768066,0.9670137166976929,0.1233380064368248,-0.09728501737117767,-0.05922362953424454,-0.17452996969223022,0.2492731362581253,0.9882619380950928,-1.7109394073486328,0.6684097051620483,0.1856587827205658,0.40740787982940674,-0.12099317461252213,1.1441346406936646,-1.669670820236206,0.6371399760246277,-0.05146283656358719
4.815273761749268,1.0227055549621582,0.8992845416069031,0.10152644664049149,0.05619514361023903,-0.3924849331378937,0.9124089479446411,0.0,0.0,-0.19802886247634888,-1.632092833518982,-1.7018505334854126,0.9048542976379395,-0.8229107856750488,-1.0780328512191772,-1.0451686382293701,0.49527615308761597,-1.738330602645874,1.5023725032806396,1.1248443126678467,0.934860110282898,-1.2561402320861816,0.9751871228218079,0.11916230618953705,-0.09198372811079025,-0.05356621369719505,-0.17452996969223022,0.22191265225410461,0.9850354194641113,-1.7146767377853394,0.6819592714309692,0.18139219284057617,0.417473167181015,-0.11612702906131744,1.1657522916793823,-1.666583776473999,0.631386935710907,-0.058850549161434174
4.831291198730469,1.0328353643417358,0.8984659910202026,0.10092651098966599,0.0589849017560482,-0.45451611280441284,0.8830344080924988,0.0,0.0,-0.2000681757926941,-1.6144342422485352,-1.742296814918518,0.913976788520813,-0.831959068775177,-1.0735599994659424,-1.045111060142517,0.5302827954292297,-1.771324872970581,1.4414246082305908,1.167677402496338,0.9291201829910278,-1.2492568492889404,0.9819039106369019,0.11810550838708878,-0.09210865199565887,-0.0440266989171505,-0.17452996969223022,0.20880037546157837,0.9791147708892822,-1.7134852409362793,0.6902703046798706,0.18287503719329834,0.4240730404853821,-0.12132401019334793,1.1667265892028809,-1.67112398147583,0.6387001276016235,-0.06293390691280365
4.849953651428223,1.0418157577514648,0.8973700404167175,0.09979403764009476,0.05894918367266655,-0.5153997540473938,0.8490755558013916,0.0,0.0,-0.20407545566558838,-1.5950512886047363,-1.7743127346038818,0.9149885177612305,-0.8390202522277832,-1.0685077905654907,-1.0450862646102905,0.5584579110145569,-1.7927711009979248,1.3911004066467285,1.1953210830688477,0.9256819486618042,-1.2428605556488037,0.9872759580612183,0.12254755198955536,-0.10091900825500488,-0.03404059261083603,-0.17452996969223022,0.2078293263912201,0.9648792147636414,-1.7061692476272583,0.692950963973999,0.18649034202098846,0.42836296558380127,-0.13469363749027252,1.145287275314331,-1.6819031238555908,0.6604182720184326,-0.06305743753910065
4.871577262878418,1.0487515926361084,0.8953783512115479,0.09801223129034042,0.05690004304051399,-0.5709949731826782,0.8130933046340942,0.0,0.0,-0.2065807282924652,-1.5757638216018677,-1.799798846244812,0.9114544987678528,-0.8440816402435303,-1.0633796453475952,-1.0450613498687744,0.5753941535949707,-1.806711196899414,1.3439335823059082,1.207963466644287,0.9240256547927856,-1.2373617887496948,0.9915457367897034,0.13641902804374695,-0.11620579659938812,-0.023182515054941177,-0.17452996969223022,0.2122909426689148,0.943230390548706,-1.6950016021728516,0.6884078979492188,0.18998706340789795,0.4311513900756836,-0.15026643872261047,1.1100883483886719,-1.696752905845642,0.689993143081665,-0.06082594767212868
4.894819259643555,1.0525107383728027,0.8932027816772461,0.09425216913223267,0.05299271270632744,-0.6196866631507874,0.7773652672767639,0.0,0.0,-0.21198029816150665,-1.558314561843872,-1.8178921937942505,0.9091057777404785,-0.8467568755149841,-1.0588936805725098,-1.0451114177703857,0.5897149443626404,-1.8157721757888794,1.298269510269165,1.2151334285736084,0.9232053160667419,-1.2329093217849731,0.9952221512794495,0.14949776232242584,-0.13247261941432953,-0.013548129238188267,-0.17452996969223022,0.2144869863986969,0.9237561225891113,-1.685784101486206,0.678490936756134,0.1916821300983429,0.43296390771865845,-0.16020646691322327,1.0903582572937012,-1.7143950462341309,0.7134836912155151,-0.057005375623703
4.917874336242676,1.0532279014587402,0.8906222581863403,0.08838337659835815,0.048781223595142365,-0.658333420753479,0.7459262013435364,0.0,0.0,-0.2204744517803192,-1.5423262119293213,-1.8278791904449463,0.9161379933357239,-0.8464831113815308,-1.0552301406860352,-1.045253038406372,0.5955115556716919,-1.8216618299484253,1.2617590427398682,1.2306098937988281,0.9227501153945923,-1.2293494939804077,0.9986096620559692,0.15037156641483307,-0.14486479759216309,-0.0014447355642914772,-0.17452996969223022,0.20202073454856873,0.9233719706535339,-1.6761577129364014,0.6603323221206665,0.19059783220291138,0.43400877714157104,-0.15384280681610107,1.0863053798675537,-1.7253096103668213,0.7288581728935242,-0.052961722016334534
4.939484596252441,1.0517642498016357,0.8871151804924011,0.08024653047323227,0.04471145197749138,-0.6871846914291382,0.7206514477729797,0.0,0.0,-0.2426590919494629,-1.5296969413757324,-1.8297755718231201,0.928214967250824,-0.8435545563697815,-1.0520806312561035,-1.0454570055007935,0.5942552089691162,-1.825490117073059,1.2345014810562134,1.2541815042495728,0.9226480722427368,-1.2263377904891968,1.0014798641204834,0.1456003189086914,-0.14755654335021973,0.01128668524324894,-0.17452996969223022,0.17807745933532715,0.9413105845451355,-1.6669714450836182,0.6330097913742065,0.18850526213645935,0.42567551136016846,-0.13674992322921753,1.0824615955352783,-1.7303199768066406,0.7419636249542236,-0.04737845063209534
4.959061145782471,1.0485166311264038,0.8825697898864746,0.07076903432607651,0.04017242416739464,-0.7081054449081421,0.7014018893241882,0.0,0.0,-0.26607972383499146,-1.5223803520202637,-1.8219389915466309,0.9421226978302002,-0.8386707901954651,-1.0495765209197998,-1.0455912351608276,0.5894358158111572,-1.827978491783142,1.208282470703125,1.2815206050872803,0.9227619171142578,-1.2237681150436401,1.0038472414016724,0.13924047350883484,-0.13789913058280945,0.021410493180155754,-0.17452996969223022,0.14378727972507477,0.9681367874145508,-1.661180853843689,0.6047577857971191,0.18374210596084595,0.40109121799468994,-0.11600296944379807,1.0763330459594727,-1.7315118312835693,0.753453254699707,-0.03586481884121895
4.976176738739014,1.0440623760223389,0.8776647448539734,0.060089580714702606,0.034960296005010605,-0.7244806289672852,0.68578040599823,0.0,0.0,-0.2874990403652191,-1.5197079181671143,-1.8056058883666992,0.9541062116622925,-0.8327711820602417,-1.0474436283111572,-1.0456950664520264,0.57830810546875,-1.829595923423767,1.1861525774002075,1.3113303184509277,0.9233921766281128,-1.2217413187026978,1.00552499294281,0.1314120590686798,-0.1193402037024498,0.02887023612856865,-0.17452996969223022,0.10463359206914902,0.994463324546814,-1.655735969543457,0.5787568688392639,0.17896224558353424,0.3676418662071228,-0.09175765514373779,1.0682413578033447,-1.729028344154358,0.7624862194061279,-0.021651482209563255
4.990210056304932,1.039143681526184,0.8732290863990784,0.05003872513771057,0.030318211764097214,-0.7378240823745728,0.6724526882171631,0.0,0.0,-0.31094229221343994,-1.5216596126556396,-1.7828330993652344,0.9628285765647888,-0.8263928890228271,-1.0452804565429688,-1.0458446741104126,0.5685914754867554,-1.830647349357605,1.1699156761169434,1.3344684839248657,0.9251391291618347,-1.2200324535369873,1.0060551166534424,0.12641924619674683,-0.09615844488143921,0.03379300236701965,-0.17452996969223022,0.06369470059871674,1.0127954483032227,-1.6529347896575928,0.5564396381378174,0.17395979166030884,0.3298673629760742,-0.06315477192401886,1.0552729368209839,-1.7262897491455078,0.7721860408782959,-0.004951788112521172
5.001155376434326,1.0344300270080566,0.8696276545524597,0.040667951107025146,0.025247951969504356,-0.7482463121414185,0.6616918444633484,0.0,0.0,-0.33140867948532104,-1.5274152755737305,-1.7570418119430542,0.9713107347488403,-0.8199776411056519,-1.0432720184326172,-1.045974850654602,0.558820366859436,-1.8313307762145996,1.1618701219558716,1.3510061502456665,0.9280381202697754,-1.218629002571106,1.0054564476013184,0.12213421612977982,-0.07607331871986389,0.03749255836009979,-0.17452996969223022,0.026097271591424942,1.0213576555252075,-1.650264024734497,0.5386955738067627,0.1711195558309555,0.29614728689193726,-0.03381641209125519,1.041155219078064,-1.7233258485794067,0.7815279960632324,0.01065886951982975
5.0094709396362305,1.0299681425094604,0.8710996508598328,0.03242902830243111,0.020222989842295647,-0.7551991939544678,0.6543802618980408,0.0,0.0,-0.3498530983924866,-1.5351877212524414,-1.7285716533660889,0.9737764596939087,-0.8142017722129822,-1.0412914752960205,-1.046032190322876,0.5485512018203735,-1.8317749500274658,1.1603398323059082,1.3597948551177979,0.9321010708808899,-1.2174773216247559,1.003739356994629,0.11824315041303635,-0.06138604134321213,0.04032731056213379,-0.17452996969223022,-0.008176775649189949,1.021674394607544,-1.644652009010315,0.524217963218689,0.1686645746231079,0.2682458758354187,-0.001096583902835846,1.0280179977416992,-1.7181620597839355,0.7888967394828796,0.023020394146442413
5.015341758728027,1.025903344154358,0.8727891445159912,0.02550908923149109,0.01496024988591671,-0.7583033442497253,0.6512308120727539,0.0,0.0,-0.3607475161552429,-1.5442674160003662,-1.6995728015899658,0.9737884998321533,-0.8091474771499634,-1.039668321609497,-1.0460366010665894,0.5347982048988342,-1.8320636749267578,1.1624150276184082,1.3576042652130127,0.9373396635055542,-1.216740369796753,1.0009324550628662,0.11714804172515869,-0.052016034722328186,0.04373118653893471,-0.17452996969223022,-0.03761875256896019,1.0184696912765503,-1.6412651538848877,0.5109502673149109,0.1648937463760376,0.24591147899627686,0.029924610629677773,1.012864112854004,-1.714756727218628,0.7970380783081055,0.034380026161670685
5.019338607788086,1.0223324298858643,0.8742349743843079,0.020038429647684097,0.009563693776726723,-0.7579066753387451,0.6519850492477417,0.0,0.0,-0.36104583740234375,-1.5510718822479248,-1.6697688102722168,0.9713037014007568,-0.80511873960495,-1.0385181903839111,-1.0459791421890259,0.5124788880348206,-1.8322513103485107,1.171082854270935,1.3519145250320435,0.9435014724731445,-1.216526746749878,0.9972902536392212,0.11535068601369858,-0.04707564413547516,0.04699856415390968,-0.17452996969223022,-0.0583205372095108,1.0161300897598267,-1.6375763416290283,0.5005568265914917,0.16046331822872162,0.22954189777374268,0.05256231874227524,0.9978508949279785,-1.7117648124694824,0.8046730756759644,0.041630446910858154
5.021988391876221,1.0194679498672485,0.877088725566864,0.014318910427391529,0.004039204679429531,-0.7558866739273071,0.6545333862304688,0.0,0.0,-0.35576820373535156,-1.552424430847168,-1.6435538530349731,0.9787256717681885,-0.8016948103904724,-1.0380072593688965,-1.046064853668213,0.4837103486061096,-1.8314447402954102,1.1923580169677734,1.3490349054336548,0.9503438472747803,-1.2169020175933838,0.9931239485740662,0.10776033997535706,-0.04328146204352379,0.04972027242183685,-0.17452996969223022,-0.06732269376516342,1.0134128332138062,-1.6274864673614502,0.49082106351852417,0.15761619806289673,0.21831277012825012,0.06690791249275208,0.9828029870986938,-1.703338384628296,0.8080762624740601,0.04466772451996803
5.023509979248047,1.0171995162963867,0.881447970867157,0.007275378797203302,-0.0008134240633808076,-0.7530554533004761,0.6579163074493408,0.0,0.0,-0.3474092185497284,-1.5438889265060425,-1.624009132385254,1.0060241222381592,-0.7985838651657104,-1.0382049083709717,-1.046280026435852,0.4451274871826172,-1.8261888027191162,1.2351102828979492,1.3526043891906738,0.9575389623641968,-1.21764075756073,0.9888359308242798,0.09291491657495499,-0.036849260330200195,0.051902733743190765,-0.17452996969223022,-0.06969073414802551,1.008979082107544,-1.6142245531082153,0.48164522647857666,0.15570156276226044,0.20930129289627075,0.07510638982057571,0.9681351184844971,-1.6896553039550781,0.8073923587799072,0.04586164653301239
5.024083137512207,1.0154407024383545,0.8859832882881165,-0.0022643532138317823,-0.005109565798193216,-0.7501835227012634,0.661206066608429,0.0,0.0,-0.3143022954463959,-1.5193004608154297,-1.619126319885254,1.0588712692260742,-0.7964546084403992,-1.0419414043426514,-1.0465248823165894,0.3740084767341614,-1.8084242343902588,1.306010365486145,1.3697044849395752,0.9635196924209595,-1.2201071977615356,0.9851257801055908,0.06919016689062119,-0.026388272643089294,0.05340204015374184,-0.17452996969223022,-0.0686960220336914,1.0047132968902588,-1.6002886295318604,0.47540387511253357,0.15484441816806793,0.2026456594467163,0.07804477959871292,0.9601930975914001,-1.67317533493042,0.8001483678817749,0.042433563619852066
5.023666858673096,1.0137550830841064,0.8899491429328918,-0.013058002106845379,-0.008543857373297215,-0.7462287545204163,0.6655066609382629,0.0,0.0,-0.26564034819602966,-1.4802097082138062,-1.6262041330337524,1.119870662689209,-0.7960903644561768,-1.0472133159637451,-1.04661226272583,0.2717019021511078,-1.7798550128936768,1.3937524557113647,1.3885728120803833,0.9686740636825562,-1.2227922677993774,0.9819163084030151,0.042048193514347076,-0.014275087043642998,0.050446901470422745,-0.17452996969223022,-0.0657244473695755,0.9975522756576538,-1.5874521732330322,0.47303634881973267,0.1541491448879242,0.19986112415790558,0.0772089958190918,0.9570757746696472,-1.6561253070831299,0.7857545614242554,0.033359676599502563
5.022562026977539,1.0119750499725342,0.893634557723999,-0.023678172379732132,-0.011980501934885979,-0.740409791469574,0.6716316342353821,0.0,0.0,-0.21275770664215088,-1.4294123649597168,-1.6348485946655273,1.1728954315185547,-0.7981644868850708,-1.0504941940307617,-1.0465905666351318,0.14910811185836792,-1.7465429306030273,1.47709059715271,1.388039469718933,0.9741162061691284,-1.2239152193069458,0.9794824719429016,0.018215060234069824,-0.004182437434792519,0.041554223746061325,-0.17452996969223022,-0.06158272176980972,0.9797842502593994,-1.5773919820785522,0.47516781091690063,0.1523285210132599,0.2009788453578949,0.07335807383060455,0.9486828446388245,-1.6401054859161377,0.7694962024688721,0.023130368441343307
5.02128267288208,1.0098681449890137,0.8964370489120483,-0.0342644602060318,-0.016924025490880013,-0.7341346144676208,0.6779276728630066,0.0,0.0,-0.1255168616771698,-1.380994439125061,-1.6435350179672241,1.2091701030731201,-0.8037319183349609,-1.0525059700012207,-1.046443223953247,0.005159586668014526,-1.720650553703308,1.5524983406066895,1.3661878108978271,0.9806541204452515,-1.2248982191085815,0.9770644903182983,-0.004416553303599358,0.002535675186663866,0.03050130605697632,-0.17452996969223022,-0.05590974539518356,0.9561086893081665,-1.5705208778381348,0.48346418142318726,0.14903536438941956,0.2052670121192932,0.06734755635261536,0.9378389120101929,-1.6267459392547607,0.7528850436210632,0.010948492214083672
5.019958019256592,1.0070546865463257,0.8965577483177185,-0.04349565878510475,-0.020935485139489174,-0.7293801307678223,0.6824035048484802,0.0,0.0,-0.018142104148864746,-1.3489489555358887,-1.6570672988891602,1.2233853340148926,-0.813032865524292,-1.053784728050232,-1.0463361740112305,-0.1346348524093628,-1.7123768329620361,1.613497257232666,1.3160431385040283,0.9885590076446533,-1.227076768875122,0.9744765758514404,-0.017997005954384804,0.008362969383597374,0.02212054654955864,-0.17452996969223022,-0.04771553352475166,0.9304825663566589,-1.5726048946380615,0.49689948558807373,0.14152349531650543,0.2119949758052826,0.06280431151390076,0.9236690998077393,-1.6228675842285156,0.739836573600769,0.0010435255244374275
5.018699645996094,1.004065990447998,0.8993569612503052,-0.05233779922127724,-0.02527269907295704,-0.725867748260498,0.68537437915802,0.0,0.0,0.09158758074045181,-1.327871561050415,-1.6725497245788574,1.2175312042236328,-0.8255178332328796,-1.055249571800232,-1.046403169631958,-0.2601885497570038,-1.711731195449829,1.6550908088684082,1.2507760524749756,0.9972689151763916,-1.2314281463623047,0.9719448685646057,-0.028919775038957596,0.013658203184604645,0.017024541273713112,-0.17452996969223022,-0.03639528155326843,0.9056644439697266,-1.5757184028625488,0.5108813047409058,0.13357478380203247,0.219031423330307,0.05845623463392258,0.9068536758422852,-1.6211590766906738,0.7285268902778625,-0.007821236737072468
5.017548561096191,1.000968337059021,0.9007726907730103,-0.05907587707042694,-0.026906432583928108,-0.7253379225730896,0.6853255033493042,0.0,0.0,0.20358920097351074,-1.3189435005187988,-1.6834824085235596,1.1983400583267212,-0.8401412963867188,-1.0571057796478271,-1.0465805530548096,-0.3728434145450592,-1.7203806638717651,1.6706268787384033,1.173267126083374,1.006639003753662,-1.2377464771270752,0.969244122505188,-0.03258919715881348,0.020348940044641495,0.017991885542869568,-0.17405354976654053,-0.02381161041557789,0.8862012028694153,-1.581089973449707,0.5238878726959229,0.12445039302110672,0.2260366678237915,0.05842601880431175,0.8903571367263794,-1.6228913068771362,0.7201372385025024,-0.01396053284406662
5.016505241394043,0.9985328912734985,0.9013227224349976,-0.06470251828432083,-0.029771484434604645,-0.7251158952713013,0.6849336624145508,0.0,0.0,0.2990478277206421,-1.3235481977462769,-1.6992610692977905,1.1716399192810059,-0.8560689687728882,-1.0594810247421265,-1.046797275543213,-0.46044421195983887,-1.7324559688568115,1.668858289718628,1.1003026962280273,1.0157289505004883,-1.245741367340088,0.9670319557189941,-0.036853402853012085,0.02457907237112522,0.018527723848819733,-0.17374743521213531,-0.012700827792286873,0.8707276582717896,-1.586681842803955,0.535844087600708,0.11595985293388367,0.23140037059783936,0.060974590480327606,0.8752687573432922,-1.6252446174621582,0.7137793898582458,-0.01837071403861046
5.015655994415283,0.9965742826461792,0.9015126824378967,-0.06646668910980225,-0.031002510339021683,-0.7259413599967957,0.6838349103927612,0.0,0.0,0.3948822319507599,-1.3433964252471924,-1.7089884281158447,1.1324737071990967,-0.8733407258987427,-1.0622961521148682,-1.046836495399475,-0.5368229746818542,-1.747840166091919,1.648622751235962,1.0309115648269653,1.0250890254974365,-1.2548737525939941,0.9645029306411743,-0.03342743217945099,0.026347871869802475,0.022045861929655075,-0.1732751429080963,-0.004209162667393684,0.8578768968582153,-1.5911086797714233,0.5450219511985779,0.1098068505525589,0.23580347001552582,0.06423170864582062,0.8623888492584229,-1.626708745956421,0.7056758403778076,-0.02141759917140007
5.014859199523926,0.9951355457305908,0.9007956385612488,-0.06602129340171814,-0.032441623508930206,-0.7271756529808044,0.6824985146522522,0.0,0.0,0.4848369061946869,-1.3756563663482666,-1.7216770648956299,1.0860307216644287,-0.8920161724090576,-1.0656836032867432,-1.0466244220733643,-0.6028914451599121,-1.762901782989502,1.6179730892181396,0.9704992771148682,1.0347193479537964,-1.2646636962890625,0.9616039991378784,-0.026311850175261497,0.025398459285497665,0.025953713804483414,-0.17310550808906555,0.002669826615601778,0.8469071388244629,-1.5967135429382324,0.5540878176689148,0.10595770925283432,0.2389194518327713,0.06804801523685455,0.8509950637817383,-1.6296775341033936,0.6990827918052673,-0.021427495405077934
5.014354228973389,0.9942409992218018,0.899951159954071,-0.0646471455693245,-0.03437463939189911,-0.728505551815033,0.6811158061027527,0.0,0.0,0.5665662884712219,-1.4141818284988403,-1.7398273944854736,1.0362271070480347,-0.9116461277008057,-1.069517970085144,-1.046256422996521,-0.659223198890686,-1.7761731147766113,1.5842154026031494,0.9219957590103149,1.0445613861083984,-1.274597406387329,0.9583886861801147,-0.019942786544561386,0.022457588464021683,0.029720488935709,-0.17305268347263336,0.007166427560150623,0.8396276235580444,-1.601096510887146,0.55959552526474,0.10463888943195343,0.24139216542243958,0.0704084187746048,0.8423963785171509,-1.6302859783172607,0.693715512752533,-0.021956119686365128
5.013907432556152,0.9930552244186401,0.8972491025924683,-0.06172441318631172,-0.034549158066511154,-0.7296371459960938,0.6801661849021912,0.0,0.0,0.633095383644104,-1.4555023908615112,-1.759227991104126,0.9873966574668884,-0.9277031421661377,-1.0783874988555908,-1.0453346967697144,-0.7018002271652222,-1.7898496389389038,1.5491880178451538,0.8865947723388672,1.0518953800201416,-1.287577509880066,0.9551436901092529,-0.011232319287955761,0.019593598321080208,0.03193025663495064,-0.1735696792602539,0.009835842996835709,0.8413739800453186,-1.6136795282363892,0.5621711611747742,0.10237685590982437,0.24430078268051147,0.07203126698732376,0.8420194983482361,-1.6388604640960693,0.6895435452461243,-0.023304179310798645
5.013672828674316,0.9933906197547913,0.8924260139465332,-0.05555049329996109,-0.035045843571424484,-0.7299273610115051,0.6803617477416992,0.0,0.0,0.6889766454696655,-1.4956729412078857,-1.7803891897201538,0.932518720626831,-0.944025993347168,-1.0841541290283203,-1.0450615882873535,-0.7338686585426331,-1.7996331453323364,1.5130908489227295,0.8561015725135803,1.0600049495697021,-1.2982900142669678,0.9515888094902039,0.021468549966812134,0.011794863268733025,0.032404739409685135,-0.17390578985214233,0.014635921455919743,0.8225033283233643,-1.6340038776397705,0.5705691576004028,0.10042531788349152,0.25055673718452454,0.06735686212778091,0.8218691945075989,-1.6580114364624023,0.6935927867889404,-0.026406560093164444
5.013215065002441,0.9942313432693481,0.884555995464325,-0.04658219590783119,-0.03270334377884865,-0.7298295497894287,0.6812557578086853,0.0,0.0,0.7431192398071289,-1.5318750143051147,-1.797898769378662,0.8768125176429749,-0.9594561457633972,-1.087580680847168,-1.045241117477417,-0.763534426689148,-1.8079111576080322,1.4784510135650635,0.8317664861679077,1.0683330297470093,-1.3068053722381592,0.9479467272758484,0.0696859136223793,0.0037442678585648537,0.03281349688768387,-0.17412425577640533,0.020402729511260986,0.8017935156822205,-1.6616580486297607,0.5802454948425293,0.1012658104300499,0.25998610258102417,0.0598687008023262,0.7995938062667847,-1.6863386631011963,0.7022477388381958,-0.031165610998868942
5.012470722198486,0.9959971904754639,0.8759002089500427,-0.038578812032938004,-0.03065519779920578,-0.7296231389045715,0.6820719242095947,0.0,0.0,0.7864559888839722,-1.5627663135528564,-1.8116735219955444,0.824901819229126,-0.9728882312774658,-1.0907403230667114,-1.0453054904937744,-0.7843749523162842,-1.8150979280471802,1.4453060626983643,0.8136998414993286,1.076147198677063,-1.3146166801452637,0.9443395137786865,0.11583646386861801,-0.004162538331001997,0.03281585872173309,-0.1742662638425827,0.027267705649137497,0.7844648361206055,-1.6866092681884766,0.5881127715110779,0.10451368987560272,0.27050238847732544,0.052954453974962234,0.7820717096328735,-1.7170684337615967,0.7111172676086426,-0.03811761364340782
5.0115227699279785,0.9983607530593872,0.8655966520309448,-0.031510982662439346,-0.028880659490823746,-0.7295880913734436,0.682549774646759,0.0,0.0,0.8186855912208557,-1.588287115097046,-1.8224618434906006,0.7796265482902527,-0.9839270114898682,-1.094638705253601,-1.0453226566314697,-0.7971500754356384,-1.8211466073989868,1.4155306816101074,0.802021861076355,1.082977056503296,-1.3222771883010864,0.9408913850784302,0.15787053108215332,-0.012463143095374107,0.03253861516714096,-0.1743585765361786,0.034655291587114334,0.7734032869338989,-1.7134766578674316,0.5969300866127014,0.10833410918712616,0.28149670362472534,0.046769775450229645,0.7732236981391907,-1.7530721426010132,0.7218477725982666,-0.043912988156080246
5.010375022888184,1.000675916671753,0.8527907729148865,-0.02202448807656765,-0.024342268705368042,-0.7310131788253784,0.6815732717514038,0.0,0.0,0.8516954183578491,-1.610140085220337,-1.8301477432250977,0.741752028465271,-0.9932043552398682,-1.0972251892089844,-1.0453482866287231,-0.8130249381065369,-1.825155258178711,1.3911761045455933,0.7938088178634644,1.0894622802734375,-1.3281182050704956,0.9376364946365356,0.20868706703186035,-0.020280897617340088,0.034052737057209015,-0.17441856861114502,0.043796345591545105,0.7659192085266113,-1.7455112934112549,0.6077331900596619,0.112769216299057,0.29373565316200256,0.04153677076101303,0.7692487239837646,-1.7966153621673584,0.7365158796310425,-0.051094476133584976
5.009431838989258,1.003221035003662,0.8389793634414673,-0.013550171628594398,-0.01936071552336216,-0.7332355976104736,0.6795638799667358,0.0,0.0,0.8784633278846741,-1.626800298690796,-1.8368561267852783,0.7105535864830017,-1.0010693073272705,-1.0990314483642578,-1.0453753471374512,-0.8256232142448425,-1.8277608156204224,1.3703380823135376,0.7878457307815552,1.0955779552459717,-1.3327319622039795,0.9345927238464355,0.25800615549087524,-0.027048321440815926,0.035458553582429886,-0.17445756494998932,0.053145937621593475,0.7612932324409485,-1.7775721549987793,0.618039608001709,0.11837437748908997,0.3073634207248688,0.03632184863090515,0.7669883966445923,-1.839878797531128,0.7534002065658569,-0.05992766469717026
5.008833885192871,1.005706548690796,0.8239482641220093,-0.006655922159552574,-0.014255904592573643,-0.7359054684638977,0.6769014596939087,0.0,0.0,0.8992143273353577,-1.6361396312713623,-1.8422991037368774,0.6876324415206909,-1.0073330402374268,-1.1013574600219727,-1.0454086065292358,-0.8334891200065613,-1.8294156789779663,1.3527014255523682,0.7861096858978271,1.1008456945419312,-1.3370494842529297,0.9318547248840332,0.30062803626060486,-0.03334615007042885,0.036361392587423325,-0.17448291182518005,0.06014049053192139,0.7639855146408081,-1.8117084503173828,0.6283944845199585,0.12377668917179108,0.32285887002944946,0.032173506915569305,0.7700870037078857,-1.883062720298767,0.7715405225753784,-0.06916172057390213
5.008884429931641,1.008213996887207,0.8093389272689819,-0.002543709008023143,-0.010068482719361782,-0.7396101355552673,0.672955334186554,0.0,0.0,0.9102907180786133,-1.6374001502990723,-1.8483061790466309,0.6730579733848572,-1.0122308731079102,-1.1039481163024902,-1.0454862117767334,-0.8362041711807251,-1.8297879695892334,1.3381927013397217,0.7875322103500366,1.1053893566131592,-1.3409972190856934,0.9294556379318237,0.3335934281349182,-0.037899427115917206,0.03714100643992424,-0.17449939250946045,0.0654367059469223,0.7711071968078613,-1.843908667564392,0.6367578506469727,0.12860336899757385,0.3391300141811371,0.02966305986046791,0.7738239169120789,-1.921595811843872,0.7902976274490356,-0.0779401957988739
5.0092878341674805,1.0104320049285889,0.7959129810333252,-0.00017107906751334667,-0.0069618974812328815,-0.7438510060310364,0.668309211730957,0.0,0.0,0.9171392917633057,-1.6351176500320435,-1.8557207584381104,0.6672631502151489,-1.015937089920044,-1.1064045429229736,-1.0455867052078247,-0.8383433818817139,-1.8288742303848267,1.3270869255065918,0.7919750809669495,1.1092760562896729,-1.3443002700805664,0.927433967590332,0.35948532819747925,-0.04145020991563797,0.03704863041639328,-0.17451009154319763,0.06961718946695328,0.7790581583976746,-1.873983383178711,0.6438279151916504,0.13077840209007263,0.35544776916503906,0.028380136936903,0.7755688428878784,-1.9554622173309326,0.8067314624786377,-0.08815418183803558
5.00986909866333,1.012300729751587,0.7820953726768494,0.0029673627577722073,-0.002990443492308259,-0.7474169731140137,0.6643418669700623,0.0,0.0,0.9233603477478027,-1.6319106817245483,-1.8639657497406006,0.6675201058387756,-1.0186760425567627,-1.1084117889404297,-1.0456408262252808,-0.8422108888626099,-1.8300580978393555,1.3209400177001953,0.799576461315155,1.112471580505371,-1.3466449975967407,0.9258996844291687,0.38672375679016113,-0.044997215270996094,0.03520365059375763,-0.17451706528663635,0.07202784717082977,0.7886866927146912,-1.9050359725952148,0.6508998274803162,0.13220714032649994,0.37179863452911377,0.028538767248392105,0.7788525819778442,-1.9882678985595703,0.8205143213272095,-0.1004357635974884
5.010668754577637,1.0144561529159546,0.7670137882232666,0.006060421466827393,0.0008946829475462437,-0.7503719329833984,0.6609874367713928,0.0,0.0,0.9250137805938721,-1.6253913640975952,-1.8743205070495605,0.6723973155021667,-1.0205800533294678,-1.109893560409546,-1.0456976890563965,-0.8407273292541504,-1.8309006690979004,1.3212239742279053,0.8087671995162964,1.1149338483810425,-1.3480730056762695,0.9249704480171204,0.4149295687675476,-0.04888983815908432,0.03186851739883423,-0.17452159523963928,0.0734587162733078,0.8003647327423096,-1.9385817050933838,0.6570781469345093,0.13293413817882538,0.3884026110172272,0.029128186404705048,0.7844260931015015,-2.0221645832061768,0.8333234786987305,-0.11359140276908875
5.011716842651367,1.0168460607528687,0.7519357800483704,0.009322027675807476,0.005006841849535704,-0.7532009482383728,0.6577054262161255,0.0,0.0,0.9226976037025452,-1.614450216293335,-1.8846359252929688,0.6794559359550476,-1.0217604637145996,-1.1110787391662598,-1.0457074642181396,-0.8354560136795044,-1.8302539587020874,1.3253527879714966,0.8190476894378662,1.1167629957199097,-1.3488467931747437,0.9245238900184631,0.4437933564186096,-0.052113763988018036,0.028379492461681366,-0.17452453076839447,0.07382489740848541,0.81312495470047,-1.9710878133773804,0.6606259942054749,0.13442614674568176,0.40486621856689453,0.028940869495272636,0.7919862270355225,-2.0543270111083984,0.8430626392364502,-0.12858477234840393
5.01276159286499,1.0195820331573486,0.7361326813697815,0.014525162056088448,0.010584295727312565,-0.7564566135406494,0.653796911239624,0.0,0.0,0.9211134910583496,-1.6022975444793701,-1.893227458000183,0.6882913112640381,-1.022330641746521,-1.112105369567871,-1.045702576637268,-0.83086097240448,-1.8278294801712036,1.3299543857574463,0.8286382555961609,1.11818528175354,-1.3492738008499146,0.9243627190589905,0.47821927070617676,-0.052224453538656235,0.026544611901044846,-0.17452643811702728,0.0724458396434784,0.8280858993530273,-2.005098581314087,0.6637859344482422,0.13523288071155548,0.4158785343170166,0.02867320366203785,0.8025847673416138,-2.0865235328674316,0.8512933254241943,-0.14057154953479767
5.0136847496032715,1.022931456565857,0.7191764712333679,0.020841706544160843,0.017045674845576286,-0.7598497271537781,0.6495409607887268,0.0,0.0,0.9190857410430908,-1.5903427600860596,-1.9009751081466675,0.6986861228942871,-1.0223912000656128,-1.112938404083252,-1.0456985235214233,-0.8256922960281372,-1.8236150741577148,1.3339225053787231,0.8371139764785767,1.1192402839660645,-1.349471092224121,0.9244625568389893,0.516795814037323,-0.0496239960193634,0.026176415383815765,-0.17452767491340637,0.07071757316589355,0.844852089881897,-2.0409421920776367,0.6674677729606628,0.13533127307891846,0.42303651571273804,0.02781660109758377,0.8175708651542664,-2.1199216842651367,0.857640266418457,-0.15076395869255066
5.014403343200684,1.026522159576416,0.70161372423172,0.02746206894516945,0.02356477454304695,-0.7626736164093018,0.6457704901695251,0.0,0.0,0.9173895120620728,-1.5790801048278809,-1.907315969467163,0.7091073393821716,-1.0221076011657715,-1.113590955734253,-1.0456608533859253,-0.821498692035675,-1.8186922073364258,1.3369826078414917,0.8452287912368774,1.1200028657913208,-1.3494281768798828,0.9247264266014099,0.55666184425354,-0.04537155479192734,0.02655657008290291,-0.17452847957611084,0.06801280379295349,0.8624390959739685,-2.0771870613098145,0.6707916855812073,0.13601112365722656,0.42768919467926025,0.026377495378255844,0.8360018730163574,-2.1534900665283203,0.8618366718292236,-0.15989865362644196
5.014858245849609,1.0301614999771118,0.6828848719596863,0.03434557840228081,0.029743077233433723,-0.764573335647583,0.6429333686828613,0.0,0.0,0.9158936738967896,-1.5705585479736328,-1.912983775138855,0.7191420793533325,-1.0215649604797363,-1.1139538288116455,-1.0456222295761108,-0.8186623454093933,-1.814956784248352,1.3399471044540405,0.8527757525444031,1.1205476522445679,-1.3490891456604004,0.9251055717468262,0.5969071984291077,-0.04079587012529373,0.027373889461159706,-0.17452901601791382,0.06378772854804993,0.882231593132019,-2.113926410675049,0.6749370694160461,0.13577236235141754,0.4307134747505188,0.02520925924181938,0.8576931953430176,-2.1873819828033447,0.8646334409713745,-0.16698314249515533
5.015019416809082,1.0337936878204346,0.6633017659187317,0.040321677923202515,0.03468574956059456,-0.7659870982170105,0.6406518816947937,0.0,0.0,0.9139529466629028,-1.563910722732544,-1.9183955192565918,0.7297979593276978,-1.0207445621490479,-1.1141141653060913,-1.0456030368804932,-0.8176538944244385,-1.811516284942627,1.3427008390426636,0.8603848218917847,1.1209053993225098,-1.3484570980072021,0.9255629777908325,0.6341318488121033,-0.03548968583345413,0.029126863926649094,-0.17452935874462128,0.0581212118268013,0.9045916795730591,-2.1503641605377197,0.6787168979644775,0.13477449119091034,0.4326792359352112,0.02467064931988716,0.881624698638916,-2.2206203937530518,0.8665111660957336,-0.17256060242652893
5.014945983886719,1.0372674465179443,0.6439520120620728,0.045235250145196915,0.038260940462350845,-0.7667669653892517,0.6391856670379639,0.0,0.0,0.9103513956069946,-1.5582749843597412,-1.9233810901641846,0.7398741245269775,-1.0197378396987915,-1.1141273975372314,-1.0455574989318848,-0.8160851001739502,-1.808919906616211,1.3454303741455078,0.8680037260055542,1.1211074590682983,-1.3476147651672363,0.9260735511779785,0.6659787893295288,-0.03083227388560772,0.031087666749954224,-0.17452958226203918,0.05220557749271393,0.9283441305160522,-2.185922622680664,0.6826287508010864,0.13330194354057312,0.43395698070526123,0.02433495968580246,0.9073471426963806,-2.252410888671875,0.8677322268486023,-0.17694060504436493
5.014780521392822,1.0403995513916016,0.626203715801239,0.04886500537395477,0.04051873832941055,-0.7671356797218323,0.6383363604545593,0.0,0.0,0.9063960313796997,-1.5525367259979248,-1.9266409873962402,0.7481512427330017,-1.0184820890426636,-1.1134765148162842,-1.0455152988433838,-0.8143777847290039,-1.8063979148864746,1.3470609188079834,0.8738976120948792,1.12119460105896,-1.346254825592041,0.9268096089363098,0.6925156712532043,-0.027086304500699043,0.03277818486094475,-0.17452973127365112,0.04670660197734833,0.949616551399231,-2.2171437740325928,0.686570405960083,0.1315828263759613,0.4347875118255615,0.02347453311085701,0.9296221733093262,-2.279764413833618,0.8685259222984314,-0.18047575652599335
5.0145263671875,1.043058156967163,0.6113035678863525,0.05081108585000038,0.041310057044029236,-0.7673630714416504,0.6378602385520935,0.0,0.0,0.9002175331115723,-1.5462453365325928,-1.9285252094268799,0.7546489238739014,-1.0170546770095825,-1.1125152111053467,-1.0454578399658203,-0.8108043074607849,-1.8032526969909668,1.3469561338424683,0.878622829914093,1.121192455291748,-1.344645619392395,0.9276748895645142,0.7117902040481567,-0.023774240165948868,0.03409535437822342,-0.1745298206806183,0.04197608307003975,0.9679359197616577,-2.2420082092285156,0.6887758374214172,0.13022932410240173,0.43532735109329224,0.023061510175466537,0.9477086067199707,-2.3007967472076416,0.8690417408943176,-0.18277128040790558
5.014171123504639,1.0450917482376099,0.6015139818191528,0.05163166671991348,0.04112013429403305,-0.7673901319503784,0.6377740502357483,0.0,0.0,0.8931507468223572,-1.539750099182129,-1.9294002056121826,0.7598809003829956,-1.0155147314071655,-1.1113675832748413,-1.0454111099243164,-0.8068736791610718,-1.7991602420806885,1.344988465309143,0.8829888105392456,1.121124267578125,-1.3429005146026611,0.9286026954650879,0.7246181964874268,-0.021288935095071793,0.03486279398202896,-0.17452988028526306,0.0391007699072361,0.9835940003395081,-2.2610435485839844,0.6899566650390625,0.12914550304412842,0.43567824363708496,0.023353032767772675,0.9619832038879395,-2.316103219985962,0.8693512082099915,-0.18407168984413147
5.013774394989014,1.0464164018630981,0.5948023796081543,0.05169514939188957,0.040317848324775696,-0.7672961354255676,0.6379331350326538,0.0,0.0,0.8864142894744873,-1.534514307975769,-1.929292917251587,0.7634680271148682,-1.0139713287353516,-1.1100914478302002,-1.0453485250473022,-0.8030923008918762,-1.7962417602539062,1.3417515754699707,0.8870176672935486,1.1210616827011108,-1.3410530090332031,0.9295192956924438,0.732143759727478,-0.019816216081380844,0.03488725423812866,-0.17452991008758545,0.03705555945634842,0.9970313906669617,-2.2735414505004883,0.6892882585525513,0.12865006923675537,0.4359063506126404,0.024474624544382095,0.9725773930549622,-2.3252322673797607,0.8694807291030884,-0.184170663356781
5.013436794281006,1.0469876527786255,0.5911397933959961,0.050525207072496414,0.03857549652457237,-0.7680454254150391,0.6372326016426086,0.0,0.0,0.8770231008529663,-1.5298740863800049,-1.9295384883880615,0.7679758071899414,-1.0124307870864868,-1.1094659566879272,-1.0452854633331299,-0.7980003356933594,-1.793981671333313,1.337425708770752,0.8925091028213501,1.1210248470306396,-1.3395718336105347,0.9301867485046387,0.7315165996551514,-0.018039099872112274,0.03553229197859764,-0.17452993988990784,0.0357549712061882,1.0108778476715088,-2.2789676189422607,0.6853305101394653,0.1280410885810852,0.4360545873641968,0.02821318432688713,0.9811800718307495,-2.3279314041137695,0.8694585561752319,-0.18309396505355835
5.013088703155518,1.0468672513961792,0.5907596945762634,0.04800162836909294,0.035511959344148636,-0.7689976692199707,0.6364568471908569,0.0,0.0,0.8653522729873657,-1.5253270864486694,-1.9303940534591675,0.7729912996292114,-1.0108879804611206,-1.1092333793640137,-1.0452301502227783,-0.7900962829589844,-1.7929588556289673,1.3332208395004272,0.8990743160247803,1.1209774017333984,-1.338316559791565,0.930716872215271,0.7228843569755554,-0.017291955649852753,0.03611714020371437,-0.17452995479106903,0.035216089338064194,1.0238654613494873,-2.2762367725372314,0.6779455542564392,0.12646284699440002,0.4361509680747986,0.03410119563341141,0.9868696928024292,-2.3219735622406006,0.8662768602371216,-0.1806066930294037
5.0126633644104,1.0461347103118896,0.593817412853241,0.044307272881269455,0.03125505521893501,-0.769819438457489,0.6359544396400452,0.0,0.0,0.8531967401504517,-1.5221376419067383,-1.9322924613952637,0.7787227630615234,-1.0093390941619873,-1.1091710329055786,-1.0451891422271729,-0.7816651463508606,-1.7930986881256104,1.3295201063156128,0.9066203832626343,1.1209124326705933,-1.3371604681015015,0.9311665892601013,0.706660807132721,-0.017746513709425926,0.03602428734302521,-0.17452996969223022,0.03510909155011177,1.0352046489715576,-2.265347957611084,0.6685936450958252,0.1248493641614914,0.4362136125564575,0.04279225692152977,0.991563081741333,-2.3074395656585693,0.8578828573226929,-0.17763850092887878
5.012228488922119,1.04490327835083,0.6004686951637268,0.03886230289936066,0.02531902864575386,-0.7707197666168213,0.6354838609695435,0.0,0.0,0.841252326965332,-1.5194859504699707,-1.9349288940429688,0.785280704498291,-1.007750153541565,-1.1092677116394043,-1.045154333114624,-0.7725446224212646,-1.7937126159667969,1.325866937637329,0.9146355390548706,1.1208463907241821,-1.336148977279663,0.9315603971481323,0.6818550825119019,-0.01891895942389965,0.035292528569698334,-0.17452996969223022,0.03476737439632416,1.0444334745407104,-2.245656728744507,0.6588871479034424,0.12438496202230453,0.4362543225288391,0.055518679320812225,0.9952403903007507,-2.2848920822143555,0.8464866876602173,-0.17381218075752258
5.011839389801025,1.043463945388794,0.6131394505500793,0.030529895797371864,0.016713596880435944,-0.7719398736953735,0.634742021560669,0.0,0.0,0.8260785937309265,-1.5165218114852905,-1.9394361972808838,0.792204737663269,-1.006142497062683,-1.1095167398452759,-1.0451252460479736,-0.7591354846954346,-1.7944111824035645,1.3221989870071411,0.9224732518196106,1.1207880973815918,-1.3354095220565796,0.9319388270378113,0.6445456147193909,-0.021050119772553444,0.033474043011665344,-0.17223751544952393,0.033917661756277084,1.0483801364898682,-2.2114803791046143,0.6515908241271973,0.12325698137283325,0.433226078748703,0.07429876923561096,0.9954344034194946,-2.250661849975586,0.8343400955200195,-0.1658763587474823
5.01143741607666,1.0421370267868042,0.6323744058609009,0.020871978253126144,0.006552469916641712,-0.7731888890266418,0.633798360824585,0.0,0.0,0.807953953742981,-1.5137603282928467,-1.9458543062210083,0.7994917631149292,-1.004472017288208,-1.1098994016647339,-1.0451138019561768,-0.7433292865753174,-1.7965139150619507,1.3193259239196777,0.9294956922531128,1.1207761764526367,-1.334928035736084,0.9323199987411499,0.5959530472755432,-0.021528642624616623,0.03298572078347206,-0.16874176263809204,0.030413497239351273,1.046766757965088,-2.1635708808898926,0.6460884213447571,0.11887133121490479,0.4176487326622009,0.09718123078346252,0.9911456108093262,-2.200960159301758,0.8202735185623169,-0.1482814997434616
5.010890007019043,1.0404738187789917,0.6557288765907288,0.012013937346637249,-0.0025834953412413597,-0.7738301157951355,0.6332739591598511,0.0,0.0,0.7914259433746338,-1.5147533416748047,-1.9549742937088013,0.8082354068756104,-1.0029525756835938,-1.1111714839935303,-1.0450924634933472,-0.7293877601623535,-1.8010199069976807,1.3178317546844482,0.9376362562179565,1.120844841003418,-1.3352938890457153,0.9324108362197876,0.5393314957618713,-0.021913699805736542,0.03375125303864479,-0.1642695516347885,0.025632889941334724,1.0449614524841309,-2.1099209785461426,0.6407384276390076,0.11367249488830566,0.3941996693611145,0.11901143938302994,0.9879257082939148,-2.14056658744812,0.8030072450637817,-0.12741868197917938
5.010233402252197,1.0378752946853638,0.684424102306366,0.004443074110895395,-0.009772398509085178,-0.7744712829589844,0.6325179934501648,0.0,0.0,0.775206446647644,-1.5152344703674316,-1.9663708209991455,0.818328320980072,-1.0014396905899048,-1.113032341003418,-1.045143723487854,-0.7175432443618774,-1.805907130241394,1.3194336891174316,0.9452879428863525,1.1210038661956787,-1.3362793922424316,0.9323438405990601,0.47947344183921814,-0.021399274468421936,0.0372435562312603,-0.16034765541553497,0.023748790845274925,1.0416001081466675,-2.0554702281951904,0.6331283450126648,0.11030006408691406,0.3664596378803253,0.1353142410516739,0.9841516613960266,-2.0757570266723633,0.7845555543899536,-0.10587075352668762
5.009503364562988,1.033421516418457,0.7153623700141907,-0.0013316614786162972,-0.014062651433050632,-0.7746106386184692,0.6322806477546692,0.0,0.0,0.7664440870285034,-1.5159401893615723,-1.9758026599884033,0.8255234956741333,-0.9999150633811951,-1.1145031452178955,-1.0451704263687134,-0.7126575708389282,-1.8113188743591309,1.322219967842102,0.9480248093605042,1.1215147972106934,-1.3372864723205566,0.9322746992111206,0.42134201526641846,-0.01862785406410694,0.042006656527519226,-0.15986895561218262,0.024389095604419708,1.0298808813095093,-1.998164415359497,0.6262866258621216,0.11073130369186401,0.33652186393737793,0.1438942849636078,0.9744465351104736,-2.009481906890869,0.7668094635009766,-0.08602835237979889
5.008661270141602,1.0269619226455688,0.7444256544113159,-0.0062342435121536255,-0.016463031992316246,-0.7751882076263428,0.6314849853515625,0.0,0.0,0.7634932994842529,-1.5164530277252197,-1.9816129207611084,0.8306444883346558,-0.9982961416244507,-1.1159015893936157,-1.0452649593353271,-0.713561475276947,-1.8158442974090576,1.3226863145828247,0.9465778470039368,1.1223398447036743,-1.3386787176132202,0.9321656227111816,0.3668302893638611,-0.013488921336829662,0.04797457158565521,-0.1620372235774994,0.028280053287744522,1.0132770538330078,-1.9448187351226807,0.6212583184242249,0.11224928498268127,0.3079316318035126,0.1472504734992981,0.9604581594467163,-1.950061559677124,0.7508653998374939,-0.06954003870487213
5.007690906524658,1.0190550088882446,0.7713324427604675,-0.013187676668167114,-0.020324109122157097,-0.7756155729293823,0.6307404637336731,0.0,0.0,0.7587764263153076,-1.5143263339996338,-1.9856994152069092,0.8341018557548523,-0.9967081546783447,-1.1174558401107788,-1.0454646348953247,-0.7122418880462646,-1.8180906772613525,1.3204748630523682,0.9428504109382629,1.1234188079833984,-1.3409548997879028,0.9320934414863586,0.30872851610183716,-0.007749222684651613,0.05356203019618988,-0.16583091020584106,0.03382110595703125,0.9911500215530396,-1.8932901620864868,0.6189388036727905,0.11478487402200699,0.28152036666870117,0.14754840731620789,0.9424307346343994,-1.8959131240844727,0.7383222579956055,-0.05520670488476753
5.006650447845459,1.0099185705184937,0.7955002784729004,-0.022195493802428246,-0.025513755157589912,-0.7765125036239624,0.6291936635971069,0.0,0.0,0.7534178495407104,-1.5107853412628174,-1.9892066717147827,0.8384864330291748,-0.9951862692832947,-1.1190589666366577,-1.0458072423934937,-0.7112011313438416,-1.8199650049209595,1.3169983625411987,0.9374654293060303,1.124855399131775,-1.3440860509872437,0.9319651126861572,0.24832934141159058,-0.002959354780614376,0.058963753283023834,-0.1686863899230957,0.04174879193305969,0.9661811590194702,-1.843506097793579,0.6180659532546997,0.11812510341405869,0.25993970036506653,0.14692169427871704,0.9219464659690857,-1.8474254608154297,0.7285668849945068,-0.043463334441185
5.00546932220459,1.0001872777938843,0.8157694339752197,-0.030691370368003845,-0.03140793740749359,-0.776741087436676,0.6282872557640076,0.0,0.0,0.7467663884162903,-1.5113129615783691,-1.9925901889801025,0.8406772017478943,-0.9937446117401123,-1.1191871166229248,-1.046159267425537,-0.7055242657661438,-1.8243871927261353,1.3156169652938843,0.9276413917541504,1.12690007686615,-1.346649408340454,0.9319852590560913,0.1954764872789383,-0.0008977777324616909,0.0629781186580658,-0.17073164880275726,0.05100874975323677,0.9368011951446533,-1.8006558418273926,0.62044757604599,0.1200440376996994,0.24343135952949524,0.14297033846378326,0.8960874080657959,-1.8061977624893188,0.7219176888465881,-0.034996435046195984
5.004220008850098,0.9905312061309814,0.8318716287612915,-0.03892005234956741,-0.03738442435860634,-0.7765138745307922,0.6277849078178406,0.0,0.0,0.7385938167572021,-1.511141300201416,-1.9970619678497314,0.8440945148468018,-0.9923288822174072,-1.1168951988220215,-1.0465235710144043,-0.6983377933502197,-1.8272615671157837,1.3171671628952026,0.916967511177063,1.129384994506836,-1.3475518226623535,0.9325918555259705,0.15053389966487885,-8.103105938062072e-05,0.06545040011405945,-0.17206107079982758,0.06144426763057709,0.9057605266571045,-1.764822006225586,0.6239701509475708,0.1214546412229538,0.23122060298919678,0.13742704689502716,0.8680875301361084,-1.7731056213378906,0.7188116908073425,-0.02836526371538639
5.003015518188477,0.9813411235809326,0.8440927267074585,-0.046302661299705505,-0.04263629764318466,-0.7758544683456421,0.6277643442153931,0.0,0.0,0.7309873700141907,-1.5095813274383545,-2.00400710105896,0.8503603339195251,-0.9911470413208008,-1.1131831407546997,-1.0467603206634521,-0.6923954486846924,-1.829129934310913,1.3267511129379272,0.9086864590644836,1.1320264339447021,-1.3469728231430054,0.9338176250457764,0.11243893206119537,0.0005155812250450253,0.06769604980945587,-0.1729251891374588,0.07209865748882294,0.8796812891960144,-1.7368319034576416,0.6266531944274902,0.12168113887310028,0.22195230424404144,0.13096272945404053,0.8436959981918335,-1.747816801071167,0.7180213928222656,-0.023403799161314964
5.00186824798584,0.972737193107605,0.8541832566261292,-0.05291234701871872,-0.04647797718644142,-0.7752590775489807,0.6277049779891968,0.0,0.0,0.7195121645927429,-1.5048091411590576,-2.0121426582336426,0.8612456321716309,-0.9899868965148926,-1.1087260246276855,-1.0469141006469727,-0.6852216720581055,-1.8303444385528564,1.337397575378418,0.9013502597808838,1.134657621383667,-1.3455383777618408,0.935566246509552,0.07913146167993546,0.0025762366130948067,0.07079312205314636,-0.1734868586063385,0.08303195238113403,0.8615752458572388,-1.7123700380325317,0.6262339949607849,0.12194404006004333,0.21437102556228638,0.12659282982349396,0.8248644471168518,-1.7256829738616943,0.7180589437484741,-0.02004040777683258
5.000688076019287,0.9649140238761902,0.8619446158409119,-0.05844784155488014,-0.04841701313853264,-0.7747039794921875,0.6277526021003723,0.0,0.0,0.7082998752593994,-1.4949760437011719,-2.0249905586242676,0.8840352296829224,-0.9887197017669678,-1.1039760112762451,-1.0470141172409058,-0.6825340390205383,-1.8311338424682617,1.3472704887390137,0.8952439427375793,1.1372114419937134,-1.343590259552002,0.9377437829971313,0.05179212614893913,0.006273102480918169,0.07400325685739517,-0.17360569536685944,0.09429842233657837,0.8526209592819214,-1.692359447479248,0.621889591217041,0.12154294550418854,0.20870687067508698,0.1249002069234848,0.8125059604644775,-1.7082407474517822,0.7193031311035156,-0.017633989453315735
4.999537944793701,0.9582692980766296,0.8700181841850281,-0.06311129033565521,-0.05041026696562767,-0.7729947566986084,0.6292495131492615,0.0,0.0,0.7014967203140259,-1.4840792417526245,-2.036829948425293,0.9047778844833374,-0.9881455898284912,-1.099237084388733,-1.047079086303711,-0.6786433458328247,-1.8316469192504883,1.3593401908874512,0.888676643371582,1.1400357484817505,-1.3412915468215942,0.9399871826171875,0.025061611086130142,0.00865631178021431,0.07684919238090515,-0.17375339567661285,0.10290525108575821,0.8494889736175537,-1.6700947284698486,0.6135973334312439,0.12293091416358948,0.20307086408138275,0.12334529310464859,0.8069518804550171,-1.6873067617416382,0.7165971398353577,-0.01820319890975952
4.9984540939331055,0.9526755809783936,0.876916766166687,-0.06533802300691605,-0.050543125718832016,-0.7715733051300049,0.630754292011261,0.0,0.0,0.7034091353416443,-1.4777016639709473,-2.045091152191162,0.9198082685470581,-0.9884868860244751,-1.0945944786071777,-1.047121286392212,-0.6804047226905823,-1.8319804668426514,1.3743736743927002,0.8806138634681702,1.1430050134658813,-1.3384865522384644,0.9422814846038818,0.005084536038339138,0.010619482025504112,0.08119978755712509,-0.17337757349014282,0.10919950902462006,0.8530789613723755,-1.6512459516525269,0.6034283638000488,0.12246169149875641,0.19835534691810608,0.12313274294137955,0.8090860843658447,-1.668675184249878,0.7110615372657776,-0.020064212381839752
4.9973907470703125,0.9481191039085388,0.8831984400749207,-0.06670127063989639,-0.0500459149479866,-0.7705183029174805,0.6319397687911987,0.0,0.0,0.7074453830718994,-1.4735336303710938,-2.0496420860290527,0.9298015832901001,-0.9896320104598999,-1.0903127193450928,-1.0471488237380981,-0.6843742728233337,-1.8321973085403442,1.384047269821167,0.8697546720504761,1.146154761314392,-1.335901141166687,0.9444814920425415,-0.00964753981679678,0.01176835224032402,0.08577391505241394,-0.17126010358333588,0.11370421946048737,0.8581234216690063,-1.633852243423462,0.5908342599868774,0.11948825418949127,0.19605055451393127,0.12400125712156296,0.8129492998123169,-1.652144432067871,0.7043003439903259,-0.023156486451625824
4.996427059173584,0.9444664120674133,0.8880095481872559,-0.06888741999864578,-0.04955727607011795,-0.7687691450119019,0.6338711380958557,0.0,0.0,0.7140845060348511,-1.4673466682434082,-2.051490068435669,0.94251549243927,-0.9909127354621887,-1.086704969406128,-1.0471667051315308,-0.6899856328964233,-1.8323382139205933,1.384096622467041,0.8614604473114014,1.1491628885269165,-1.3339215517044067,0.9468263983726501,-0.022196965292096138,0.012085063382983208,0.08797532320022583,-0.16591966152191162,0.11683745682239532,0.8629348278045654,-1.6188688278198242,0.5788551568984985,0.11454643309116364,0.19790983200073242,0.12470220029354095,0.8181725740432739,-1.639890193939209,0.6989996433258057,-0.02646840736269951
4.995413780212402,0.9415054321289062,0.8915610313415527,-0.07005985081195831,-0.04934655502438545,-0.7671059370040894,0.6357712745666504,0.0,0.0,0.7247703075408936,-1.4644159078598022,-2.046548843383789,0.9516335129737854,-0.9924052357673645,-1.0834928750991821,-1.0471782684326172,-0.6960921287536621,-1.8324297666549683,1.3829700946807861,0.8543939590454102,1.1521447896957397,-1.3320070505142212,0.9492449760437012,-0.03172920644283295,0.009812959469854832,0.09110338240861893,-0.1586182862520218,0.11838698387145996,0.8692241907119751,-1.6050931215286255,0.5673348903656006,0.10791192948818207,0.2022351622581482,0.12696079909801483,0.825364887714386,-1.6303541660308838,0.6946093440055847,-0.030276428908109665
4.994227409362793,0.939115047454834,0.8942100405693054,-0.07085444778203964,-0.049491506069898605,-0.7654106020927429,0.6377121210098267,0.0,0.0,0.7331096529960632,-1.4630029201507568,-2.0373036861419678,0.9584765434265137,-0.9941071271896362,-1.0807195901870728,-1.0471858978271484,-0.6995841860771179,-1.832489252090454,1.382047176361084,0.8482105731964111,1.1549134254455566,-1.3300267457962036,0.951919436454773,-0.038862794637680054,0.006541612092405558,0.09505365788936615,-0.1507793515920639,0.11835748702287674,0.8746031522750854,-1.593277931213379,0.5571818351745605,0.0999017283320427,0.20807015895843506,0.1316647231578827,0.8318009376525879,-1.623436689376831,0.6923033595085144,-0.032944824546575546
4.9929938316345215,0.9371580481529236,0.8966017961502075,-0.07141879945993423,-0.04911071062088013,-0.763866662979126,0.6395273804664612,0.0,0.0,0.7414854764938354,-1.4603619575500488,-2.025097370147705,0.9664209485054016,-0.9958835244178772,-1.0783088207244873,-1.04719078540802,-0.7047773599624634,-1.832527995109558,1.3810057640075684,0.8437587022781372,1.157371163368225,-1.3279755115509033,0.9549266695976257,-0.043951548635959625,0.0034977816976606846,0.09862541407346725,-0.1424526870250702,0.11657243967056274,0.8795840740203857,-1.5815608501434326,0.5463849306106567,0.09167367964982986,0.21498942375183105,0.13775716722011566,0.8377519249916077,-1.617300033569336,0.6908154487609863,-0.035804398357868195
4.99174690246582,0.935741126537323,0.8983012437820435,-0.07293494045734406,-0.04894114285707474,-0.7623888850212097,0.6411306262016296,0.0,0.0,0.7429910898208618,-1.4526910781860352,-2.014369487762451,0.9801455140113831,-0.9975807666778564,-1.076179027557373,-1.047194004058838,-0.7070026397705078,-1.8325531482696533,1.375917673110962,0.8395589590072632,1.1596736907958984,-1.326302170753479,0.9581037759780884,-0.050186462700366974,0.0012896294938400388,0.10152675211429596,-0.13431058824062347,0.11472217738628387,0.8856198191642761,-1.5706679821014404,0.5357990264892578,0.0854446068406105,0.22226199507713318,0.14474579691886902,0.8438079953193665,-1.6129591464996338,0.6914302110671997,-0.037742916494607925
4.990568161010742,0.9345836639404297,0.8994569182395935,-0.07366307079792023,-0.04777945205569267,-0.7611150145530701,0.6426467895507812,0.0,0.0,0.7410262823104858,-1.4425947666168213,-2.0049996376037598,0.9956537485122681,-0.999305248260498,-1.0740807056427002,-1.0471961498260498,-0.7122653722763062,-1.8325694799423218,1.3708988428115845,0.8363361358642578,1.1618919372558594,-1.32461416721344,0.9613866806030273,-0.05250106006860733,-0.0003653403837233782,0.10304383188486099,-0.1262391209602356,0.11281779408454895,0.8909141421318054,-1.561870813369751,0.5260236263275146,0.07957948744297028,0.23054862022399902,0.15271027386188507,0.8486485481262207,-1.6110260486602783,0.6931747198104858,-0.03911900892853737
4.9894795417785645,0.9336713552474976,0.9001691937446594,-0.07349526882171631,-0.04630393162369728,-0.7604440450668335,0.6435676217079163,0.0,0.0,0.7385313510894775,-1.4341163635253906,-1.9965827465057373,1.0085010528564453,-1.0014026165008545,-1.0719717741012573,-1.0471974611282349,-0.7181083559989929,-1.8325800895690918,1.3694183826446533,0.8313721418380737,1.164261817932129,-1.3227546215057373,0.964626133441925,-0.0506678968667984,-0.0021332756150513887,0.10424919426441193,-0.11897267401218414,0.11167716234922409,0.8930540084838867,-1.5558733940124512,0.5192186832427979,0.07379226386547089,0.2391819804906845,0.16081178188323975,0.8510935306549072,-1.6107912063598633,0.6947320699691772,-0.0398278534412384
4.988522529602051,0.9330621361732483,0.9008064270019531,-0.07414236664772034,-0.045846447348594666,-0.7608792781829834,0.6430115103721619,0.0,0.0,0.7310315370559692,-1.4225202798843384,-1.9886610507965088,1.0214027166366577,-1.0036009550094604,-1.0697203874588013,-1.0471982955932617,-0.720257043838501,-1.8325870037078857,1.3704898357391357,0.8243009448051453,1.1667892932891846,-1.3209973573684692,0.9678277969360352,-0.04957267642021179,-0.0029582814313471317,0.10653050243854523,-0.1142592802643776,0.11179542541503906,0.8923330307006836,-1.5507402420043945,0.5145211815834045,0.06990532577037811,0.24603182077407837,0.17025521397590637,0.8508623838424683,-1.6108894348144531,0.6971260905265808,-0.03914610296487808
4.987619400024414,0.9325653314590454,0.9015821814537048,-0.07418079674243927,-0.045011475682258606,-0.7618500590324402,0.6419156193733215,0.0,0.0,0.7239723205566406,-1.4110252857208252,-1.9831165075302124,1.0343201160430908,-1.0060310363769531,-1.0674734115600586,-1.04719877243042,-0.7233268022537231,-1.8325915336608887,1.3710670471191406,0.8157289028167725,1.1694427728652954,-1.3193026781082153,0.9709705710411072,-0.04673285782337189,-0.0027634785510599613,0.10803365707397461,-0.11196587979793549,0.11184224486351013,0.8895666003227234,-1.5471619367599487,0.5120128989219666,0.0664931908249855,0.25088372826576233,0.18059030175209045,0.8496081233024597,-1.6117256879806519,0.7004290223121643,-0.036078255623579025
4.987105846405029,0.9322686791419983,0.9021956920623779,-0.07546322792768478,-0.04351930692791939,-0.7639769911766052,0.6393359899520874,0.0,0.0,0.7098522782325745,-1.3878779411315918,-1.9778332710266113,1.0537385940551758,-1.0080609321594238,-1.0650134086608887,-1.0471992492675781,-0.7259508371353149,-1.832594394683838,1.3631280660629272,0.806910514831543,1.1723482608795166,-1.3184936046600342,0.9738433957099915,-0.043015286326408386,0.0012444187887012959,0.11026379466056824,-0.11215100437402725,0.11354959011077881,0.8841477632522583,-1.546946406364441,0.511154294013977,0.06423003226518631,0.25385209918022156,0.19090133905410767,0.8452320098876953,-1.6145517826080322,0.7067555785179138,-0.030488362535834312
4.986832618713379,0.9320623874664307,0.9032509326934814,-0.07628826051950455,-0.04160302132368088,-0.7660152912139893,0.6369221806526184,0.0,0.0,0.6955353617668152,-1.363180160522461,-1.97795569896698,1.0749017000198364,-1.0099520683288574,-1.062412977218628,-1.0471994876861572,-0.730512261390686,-1.8325963020324707,1.3601837158203125,0.7992599010467529,1.1755491495132446,-1.3174744844436646,0.9765437841415405,-0.03897251933813095,0.006127798929810524,0.11113879084587097,-0.11432380974292755,0.11460025608539581,0.8784667253494263,-1.546741008758545,0.5096610188484192,0.06381416320800781,0.25468266010284424,0.20014949142932892,0.8401422500610352,-1.6166419982910156,0.713480532169342,-0.024202611297369003
4.986907958984375,0.9319326281547546,0.9037700295448303,-0.07544296234846115,-0.038788922131061554,-0.7681992650032043,0.6345657110214233,0.0,0.0,0.6816698312759399,-1.3412948846817017,-1.9796257019042969,1.0918610095977783,-1.0116705894470215,-1.059661626815796,-1.0471996068954468,-0.7341076135635376,-1.8325974941253662,1.3629471063613892,0.7923598885536194,1.1788289546966553,-1.3159476518630981,0.9792293310165405,-0.031993649899959564,0.010858096182346344,0.11165374517440796,-0.11813528835773468,0.11659130454063416,0.8750007152557373,-1.5488560199737549,0.5086514949798584,0.06488901376724243,0.2529664635658264,0.2093523144721985,0.8366720676422119,-1.6208288669586182,0.7210281491279602,-0.016471613198518753
4.987438201904297,0.9319177865982056,0.903311014175415,-0.07407992333173752,-0.03454725444316864,-0.7712261080741882,0.6312914490699768,0.0,0.0,0.6649901866912842,-1.3169276714324951,-1.9855636358261108,1.1099308729171753,-1.0129246711730957,-1.0567405223846436,-1.0471997261047363,-0.7396694421768188,-1.832598328590393,1.3690122365951538,0.787283718585968,1.182033896446228,-1.3140777349472046,0.9819720983505249,-0.021098259836435318,0.018041415140032768,0.11217378079891205,-0.12421348690986633,0.12119168043136597,0.8731446266174316,-1.5561692714691162,0.5071473717689514,0.06830368936061859,0.2495896965265274,0.21519827842712402,0.8323070406913757,-1.6287055015563965,0.7309862375259399,-0.007739660795778036
4.988776683807373,0.9318625926971436,0.9020668864250183,-0.07257384061813354,-0.028759513050317764,-0.7751479148864746,0.6269382834434509,0.0,0.0,0.6492760181427002,-1.2899969816207886,-1.9947808980941772,1.1308810710906982,-1.0134543180465698,-1.0538314580917358,-1.0471997261047363,-0.7499945163726807,-1.8325988054275513,1.375841498374939,0.7858356237411499,1.1850371360778809,-1.312085509300232,0.9848219752311707,-0.007129024248570204,0.02690577507019043,0.10997353494167328,-0.1313134878873825,0.12491559982299805,0.8721541166305542,-1.5663940906524658,0.5049012899398804,0.07364258170127869,0.24637353420257568,0.21926523745059967,0.8265621066093445,-1.6394866704940796,0.7446905374526978,0.0026259934529662132
4.990862846374512,0.9317198991775513,0.8983595967292786,-0.0699918121099472,-0.02134331874549389,-0.7803972959518433,0.6209876537322998,0.0,0.0,0.6340823769569397,-1.265256404876709,-2.0073351860046387,1.1503797769546509,-1.0133702754974365,-1.0509823560714722,-1.0471997261047363,-0.7621058225631714,-1.83259916305542,1.3824142217636108,0.786027193069458,1.187831997871399,-1.3100569248199463,0.9877604246139526,0.01708265393972397,0.036583323031663895,0.10504768788814545,-0.1371910274028778,0.1256382167339325,0.8684849739074707,-1.5871317386627197,0.5044344067573547,0.07828547805547714,0.24584832787513733,0.22182750701904297,0.8123925924301147,-1.658733606338501,0.7654294967651367,0.0160216037184
4.993276119232178,0.9315041303634644,0.8915788531303406,-0.06569360941648483,-0.013306120410561562,-0.7862484455108643,0.6142643094062805,0.0,0.0,0.6207659244537354,-1.2475653886795044,-2.0233819484710693,1.1646461486816406,-1.0128121376037598,-1.048254370689392,-1.0471997261047363,-0.775494396686554,-1.832599401473999,1.3912878036499023,0.788701057434082,1.1902204751968384,-1.307796597480774,0.9909459352493286,0.050902701914310455,0.045273326337337494,0.09695295989513397,-0.14039337635040283,0.12173116207122803,0.8645210266113281,-1.6173889636993408,0.5063395500183105,0.08012059330940247,0.24788004159927368,0.22232761979103088,0.7886555790901184,-1.6852656602859497,0.7926827669143677,0.029734348878264427
4.995677471160889,0.9318611025810242,0.8833385705947876,-0.06072235852479935,-0.0060610175132751465,-0.7916116714477539,0.6079695224761963,0.0,0.0,0.6090087294578552,-1.2370654344558716,-2.041987895965576,1.1688228845596313,-1.0121686458587646,-1.0457019805908203,-1.0471997261047363,-0.7821794152259827,-1.8325995206832886,1.4023194313049316,0.7931392788887024,1.192212700843811,-1.3055951595306396,0.9943786859512329,0.08628422021865845,0.05172407999634743,0.08443023264408112,-0.14046549797058105,0.11298802495002747,0.8618183135986328,-1.646071195602417,0.5116204619407654,0.07860001176595688,0.2501014769077301,0.21958746016025543,0.7625782489776611,-1.7119107246398926,0.8194661736488342,0.04010041803121567
4.998260021209717,0.9333763718605042,0.8746541738510132,-0.055993422865867615,0.0024538387078791857,-0.7973344326019287,0.6009297370910645,0.0,0.0,0.5979195237159729,-1.2198807001113892,-2.0563366413116455,1.1664940118789673,-1.0112788677215576,-1.0439457893371582,-1.0471997261047363,-0.7892676591873169,-1.8322679996490479,1.4076635837554932,0.7990709543228149,1.1940056085586548,-1.3044767379760742,0.9977449178695679,0.12054404616355896,0.05854162573814392,0.07147663831710815,-0.13803604245185852,0.10455666482448578,0.8637660145759583,-1.6701481342315674,0.5157684087753296,0.07970944046974182,0.2528121769428253,0.21285048127174377,0.744672954082489,-1.735727071762085,0.837128758430481,0.04647503048181534
5.000595569610596,0.9359403848648071,0.8650584816932678,-0.048883844166994095,0.011836545541882515,-0.8033353686332703,0.5933991074562073,0.0,0.0,0.5981051325798035,-1.208115577697754,-2.068291664123535,1.1583253145217896,-1.010541558265686,-1.0426304340362549,-1.0471792221069336,-0.8012762069702148,-1.830251932144165,1.4096217155456543,0.8032865524291992,1.1960928440093994,-1.3040201663970947,1.0006617307662964,0.159952312707901,0.06293781101703644,0.05890168994665146,-0.13438308238983154,0.09992106258869171,0.8677110075950623,-1.6943897008895874,0.5201428532600403,0.08280698955059052,0.2578141987323761,0.20263001322746277,0.7352604866027832,-1.7626895904541016,0.8486336469650269,0.048251673579216
5.003064155578613,0.9393669366836548,0.8542016744613647,-0.03787219896912575,0.02056301012635231,-0.808928370475769,0.5863257050514221,0.0,0.0,0.6098422408103943,-1.2127739191055298,-2.076627492904663,1.1404612064361572,-1.0101125240325928,-1.041370153427124,-1.0468950271606445,-0.8125892281532288,-1.8294322490692139,1.4077608585357666,0.8058390617370605,1.1982868909835815,-1.3039480447769165,1.0032917261123657,0.20620682835578918,0.06142691150307655,0.04601527750492096,-0.13117042183876038,0.09893213957548141,0.8725528717041016,-1.7203028202056885,0.5265271067619324,0.08584173023700714,0.26416006684303284,0.19008471071720123,0.7346922159194946,-1.7966382503509521,0.8560806512832642,0.04547038674354553
5.005847454071045,0.9437050819396973,0.8424397110939026,-0.025750478729605675,0.027811231091618538,-0.8146525025367737,0.5787096619606018,0.0,0.0,0.6250863075256348,-1.2265105247497559,-2.079084634780884,1.112175464630127,-1.0099782943725586,-1.0404131412506104,-1.046565055847168,-0.8218542337417603,-1.8284368515014648,1.4039610624313354,0.8087875247001648,1.2003854513168335,-1.304044485092163,1.0057635307312012,0.2538796663284302,0.0559270977973938,0.0350186750292778,-0.1281215101480484,0.10219459980726242,0.8769505023956299,-1.747894525527954,0.5343115329742432,0.09012190997600555,0.27318915724754333,0.17580784857273102,0.7417454719543457,-1.8348162174224854,0.8607838153839111,0.03649391978979111
5.00851583480835,0.948881983757019,0.8294508457183838,-0.013031224720180035,0.034561511129140854,-0.8206131458282471,0.570289134979248,0.0,0.0,0.6433421969413757,-1.2438547611236572,-2.076930522918701,1.0791960954666138,-1.0100290775299072,-1.0397989749908447,-1.0463008880615234,-0.8311734199523926,-1.8237347602844238,1.3988410234451294,0.8112778067588806,1.2024763822555542,-1.3042131662368774,1.008007526397705,0.30328282713890076,0.04910840839147568,0.02630796656012535,-0.12341414391994476,0.10812021046876907,0.8827534317970276,-1.7782235145568848,0.5421583652496338,0.09382254630327225,0.28631287813186646,0.16099923849105835,0.755649209022522,-1.8741185665130615,0.8620026707649231,0.02262914553284645
5.011105060577393,0.9545581340789795,0.81452876329422,0.000794458610471338,0.04051763936877251,-0.8256287574768066,0.5627565979957581,0.0,0.0,0.6658155918121338,-1.2672903537750244,-2.0703866481781006,1.0422459840774536,-1.0103178024291992,-1.0392316579818726,-1.0459922552108765,-0.8379201292991638,-1.820253610610962,1.393568515777588,0.8131954669952393,1.2044438123703003,-1.3042232990264893,1.0101516246795654,0.35574373602867126,0.04001792520284653,0.018477771431207657,-0.11870504915714264,0.11486823856830597,0.8900991678237915,-1.813920497894287,0.5509495139122009,0.0962902158498764,0.3014496862888336,0.1444898545742035,0.7755166292190552,-1.9158775806427002,0.8601611256599426,0.005645260214805603
5.013704776763916,0.9604024887084961,0.7978729009628296,0.01291287038475275,0.045395251363515854,-0.8309962153434753,0.5542724132537842,0.0,0.0,0.6840219497680664,-1.288571834564209,-2.062713146209717,1.0068316459655762,-1.0105472803115845,-1.0390005111694336,-1.0458502769470215,-0.8429720401763916,-1.8150614500045776,1.3896160125732422,0.8146146535873413,1.2063322067260742,-1.3040289878845215,1.0121548175811768,0.4057852327823639,0.032243382185697556,0.013431129045784473,-0.11256507784128189,0.12275327742099762,0.8997682332992554,-1.853683590888977,0.5594809651374817,0.09796975553035736,0.3190928101539612,0.12776215374469757,0.797057032585144,-1.9594805240631104,0.8604028224945068,-0.01211297232657671
5.016406536102295,0.9659445285797119,0.7791491746902466,0.024375349283218384,0.04957890883088112,-0.835983157157898,0.5459669232368469,0.0,0.0,0.700129508972168,-1.3089011907577515,-2.0546112060546875,0.9745396375656128,-1.010625958442688,-1.038854956626892,-1.0457394123077393,-0.844144344329834,-1.8117804527282715,1.3888882398605347,0.8145710229873657,1.2080798149108887,-1.3034820556640625,1.0141448974609375,0.4547763466835022,0.02484411559998989,0.010077090002596378,-0.10630232095718384,0.13074076175689697,0.9131340980529785,-1.898646354675293,0.5682108998298645,0.09800519794225693,0.33719319105148315,0.11204271018505096,0.8183373212814331,-2.003957748413086,0.8634654879570007,-0.028781060129404068
5.01903772354126,0.9711974859237671,0.76016765832901,0.033788878470659256,0.05319231376051903,-0.8407595753669739,0.5377287268638611,0.0,0.0,0.7125086784362793,-1.3235533237457275,-2.0464417934417725,0.9469682574272156,-1.010459065437317,-1.038999319076538,-1.0457053184509277,-0.8432389497756958,-1.8062341213226318,1.390554666519165,0.8138477802276611,1.2097017765045166,-1.3027222156524658,1.0160677433013916,0.498769074678421,0.01960042677819729,0.008530376479029655,-0.09909002482891083,0.13904373347759247,0.9291929006576538,-1.942984700202942,0.5743412971496582,0.09758533537387848,0.3544214069843292,0.09754487872123718,0.8393797874450684,-2.04459810256958,0.8656352758407593,-0.043668828904628754
5.0215373039245605,0.9760003685951233,0.7410417795181274,0.04169298708438873,0.05583898723125458,-0.8452191352844238,0.5298569202423096,0.0,0.0,0.7209380865097046,-1.3335399627685547,-2.038402557373047,0.9240363240242004,-1.0099893808364868,-1.0393283367156982,-1.0457041263580322,-0.8421611189842224,-1.8000099658966064,1.3948652744293213,0.8133029341697693,1.2111945152282715,-1.30165696144104,1.0179303884506226,0.5380126237869263,0.01583673246204853,0.008442290127277374,-0.09189838916063309,0.14832335710525513,0.9479243755340576,-1.986581802368164,0.578515887260437,0.09737865626811981,0.36951595544815063,0.08424585312604904,0.8613474369049072,-2.0820703506469727,0.8671526908874512,-0.05754484608769417
5.023866176605225,0.9804210662841797,0.7217724919319153,0.047485388815402985,0.057465847581624985,-0.8494374752044678,0.5223972201347351,0.0,0.0,0.7245899438858032,-1.3386924266815186,-2.0306742191314697,0.9054197669029236,-1.0092440843582153,-1.0398950576782227,-1.04573392868042,-0.8416192531585693,-1.791569709777832,1.400634765625,0.8132572770118713,1.2125791311264038,-1.3004522323608398,1.0197020769119263,0.5720487236976624,0.01378135196864605,0.008845810778439045,-0.08476945012807846,0.15687793493270874,0.9686630964279175,-2.0278611183166504,0.580290675163269,0.09910519421100616,0.3834300935268402,0.07288680225610733,0.8839473724365234,-2.1171445846557617,0.8681492209434509,-0.0713035985827446
5.025877475738525,0.9842067956924438,0.702683687210083,0.05238380283117294,0.05795707553625107,-0.8528232574462891,0.5163229703903198,0.0,0.0,0.7280372381210327,-1.3458869457244873,-2.0237035751342773,0.8902274370193481,-1.008331298828125,-1.0402591228485107,-1.0457127094268799,-0.8404897451400757,-1.788012981414795,1.4094318151474,0.8134284019470215,1.213844656944275,-1.2988345623016357,1.0214669704437256,0.6027898192405701,0.011340976692736149,0.008754890412092209,-0.07898899167776108,0.1634492576122284,0.9903442859649658,-2.0654797554016113,0.5805470943450928,0.10134048014879227,0.39535969495773315,0.06372334063053131,0.9052102565765381,-2.149045467376709,0.8687969446182251,-0.08490949869155884
5.027575969696045,0.987494945526123,0.6835330724716187,0.05607127398252487,0.057905472815036774,-0.8559187054634094,0.5107898116111755,0.0,0.0,0.7304085493087769,-1.3504072427749634,-2.01505708694458,0.8765691518783569,-1.0072532892227173,-1.0407991409301758,-1.0456980466842651,-0.8404995799064636,-1.7826769351959229,1.4171234369277954,0.8142034411430359,1.2149772644042969,-1.297208309173584,1.023189663887024,0.6308221220970154,0.009753165766596794,0.008543159812688828,-0.073589026927948,0.16919291019439697,1.0125294923782349,-2.099449396133423,0.5802505016326904,0.10438621044158936,0.40692245960235596,0.05729610472917557,0.9257681369781494,-2.179044723510742,0.8692179918289185,-0.09828045964241028
5.029051780700684,0.9907005429267883,0.6643487215042114,0.05767607316374779,0.0570337288081646,-0.8589640855789185,0.5055702924728394,0.0,0.0,0.7293174266815186,-1.3529045581817627,-2.0063676834106445,0.8655051589012146,-1.0059781074523926,-1.0415014028549194,-1.0457134246826172,-0.8378802537918091,-1.776897668838501,1.4246435165405273,0.8144849538803101,1.2160286903381348,-1.295624017715454,1.0248843431472778,0.6539965271949768,0.009893298149108887,0.008665721863508224,-0.06919346749782562,0.1738305389881134,1.0354653596878052,-2.131027936935425,0.5793966054916382,0.10775008052587509,0.41718432307243347,0.05194481834769249,0.9449474215507507,-2.207066535949707,0.8694916367530823,-0.11089702695608139
5.030132293701172,0.9935443997383118,0.6460840702056885,0.05895307660102844,0.05610494315624237,-0.8619775176048279,0.5003713965415955,0.0,0.0,0.7282086610794067,-1.3526901006698608,-1.995975375175476,0.8564422130584717,-1.0044982433319092,-1.0423979759216309,-1.0457425117492676,-0.8399935960769653,-1.7685322761535645,1.4299886226654053,0.815377414226532,1.2170711755752563,-1.2940276861190796,1.0264358520507812,0.6743404269218445,0.013055520132184029,0.009847134351730347,-0.06851059943437576,0.17720115184783936,1.0590579509735107,-2.1614975929260254,0.5779363512992859,0.11288419365882874,0.4238852858543396,0.04689745232462883,0.9633826017379761,-2.233224391937256,0.8696695566177368,-0.1229981929063797
5.031131267547607,0.9961451292037964,0.6296742558479309,0.05943409353494644,0.05508429929614067,-0.8651400208473206,0.49494051933288574,0.0,0.0,0.7234386205673218,-1.3499038219451904,-1.9842214584350586,0.8481992483139038,-1.0028523206710815,-1.0435471534729004,-1.045764446258545,-0.8402526378631592,-1.7599698305130005,1.4339733123779297,0.8156275153160095,1.2181426286697388,-1.2925775051116943,1.0278761386871338,0.6905882358551025,0.018235327675938606,0.011890945956110954,-0.07029929757118225,0.1785564422607422,1.0815078020095825,-2.1879167556762695,0.5754576325416565,0.11889410018920898,0.42824089527130127,0.043348971754312515,0.9804036617279053,-2.2559876441955566,0.8697851896286011,-0.1328960806131363
5.032026767730713,0.9984862804412842,0.61517733335495,0.05851957947015762,0.053860221058130264,-0.8682810068130493,0.48965567350387573,0.0,0.0,0.7160260677337646,-1.3455243110656738,-1.9715254306793213,0.8415175676345825,-1.001035213470459,-1.0449581146240234,-1.0457972288131714,-0.8388965725898743,-1.750211238861084,1.4355050325393677,0.8159608840942383,1.219214916229248,-1.2913947105407715,1.029207706451416,0.7013304233551025,0.024095337837934494,0.01372716948390007,-0.07300306856632233,0.17786023020744324,1.1022069454193115,-2.2101454734802246,0.5735458731651306,0.12418851256370544,0.43107205629348755,0.041780054569244385,0.9946390390396118,-2.2748794555664062,0.8698603510856628,-0.14037691056728363
5.032689094543457,1.0005412101745605,0.605897068977356,0.05724387988448143,0.052551817148923874,-0.8711874485015869,0.48476168513298035,0.0,0.0,0.7083818316459656,-1.3429372310638428,-1.9591277837753296,0.837412416934967,-0.9990661144256592,-1.046377182006836,-1.0458314418792725,-0.8370605111122131,-1.7425384521484375,1.4359405040740967,0.8164359331130981,1.220339059829712,-1.2902683019638062,1.0304267406463623,0.707767128944397,0.028928644955158234,0.015723515301942825,-0.0753675028681755,0.17682239413261414,1.1218477487564087,-2.228238344192505,0.5723007917404175,0.12706875801086426,0.43291229009628296,0.04079955816268921,1.0064876079559326,-2.290210247039795,0.8699091672897339,-0.14596284925937653
5.033176422119141,1.0021451711654663,0.6000196933746338,0.055699948221445084,0.05147569254040718,-0.8739687204360962,0.48002752661705017,0.0,0.0,0.6981483101844788,-1.3401117324829102,-1.9473928213119507,0.8348061442375183,-0.9971160888671875,-1.048351526260376,-1.045835018157959,-0.8325988054275513,-1.7366158962249756,1.4353547096252441,0.8185049295425415,1.22140634059906,-1.2897038459777832,1.0313612222671509,0.708755373954773,0.032837484031915665,0.017801616340875626,-0.07808329910039902,0.17630378901958466,1.140682578086853,-2.240783214569092,0.5700263977050781,0.1289309561252594,0.434100866317749,0.04099499434232712,1.0174466371536255,-2.3012595176696777,0.8699409365653992,-0.1502489298582077
5.0334696769714355,1.003345012664795,0.5977767109870911,0.05307605862617493,0.050104837864637375,-0.8767040967941284,0.4754602611064911,0.0,0.0,0.685701310634613,-1.3366025686264038,-1.9366952180862427,0.8345499038696289,-0.9951227903366089,-1.0507084131240845,-1.0458645820617676,-0.8277983665466309,-1.7312970161437988,1.4340391159057617,0.8221274614334106,1.222444772720337,-1.2895114421844482,1.0320682525634766,0.7032884359359741,0.03593496233224869,0.020006714388728142,-0.07997403293848038,0.1761922538280487,1.155216097831726,-2.2456555366516113,0.566266655921936,0.12918522953987122,0.4348459839820862,0.04323121905326843,1.0238096714019775,-2.3056139945983887,0.8699503540992737,-0.15279707312583923
5.033613681793213,1.0043948888778687,0.5992202758789062,0.04914567992091179,0.04815594479441643,-0.879123330116272,0.47160157561302185,0.0,0.0,0.668400228023529,-1.333463191986084,-1.9286255836486816,0.8362308740615845,-0.9931312799453735,-1.0532371997833252,-1.045900821685791,-0.8175961971282959,-1.7283117771148682,1.4340436458587646,0.8252835273742676,1.2235167026519775,-1.2896595001220703,1.032637119293213,0.691030740737915,0.03714955970644951,0.021859271451830864,-0.07966996729373932,0.17651550471782684,1.1635868549346924,-2.242496967315674,0.5627718567848206,0.12811993062496185,0.4352474808692932,0.0473131388425827,1.0247752666473389,-2.3033158779144287,0.8698955774307251,-0.15297238528728485
5.033369064331055,1.004891276359558,0.6044479012489319,0.044599488377571106,0.045915137976408005,-0.8811835646629333,0.4684210419654846,0.0,0.0,0.6511093378067017,-1.3281193971633911,-1.9203739166259766,0.8389439582824707,-0.9911075830459595,-1.0559616088867188,-1.04594087600708,-0.8087822794914246,-1.7270314693450928,1.4354723691940308,0.8293625116348267,1.224597454071045,-1.2899284362792969,1.0330967903137207,0.6741173267364502,0.037069521844387054,0.02437908947467804,-0.07795370370149612,0.178166002035141,1.165550947189331,-2.2314326763153076,0.5586380958557129,0.12553690373897552,0.43458881974220276,0.05348270386457443,1.0193043947219849,-2.293973445892334,0.8697814345359802,-0.15109577775001526
5.03298807144165,1.0053050518035889,0.612891435623169,0.03870682045817375,0.043696872889995575,-0.8831877708435059,0.46537265181541443,0.0,0.0,0.6334479451179504,-1.3194304704666138,-1.911894679069519,0.8436271548271179,-0.989021897315979,-1.058912754058838,-1.0460286140441895,-0.8022489547729492,-1.7247692346572876,1.4378926753997803,0.8342984914779663,1.2256771326065063,-1.2903813123703003,1.033492088317871,0.6526361703872681,0.03712412342429161,0.02644333802163601,-0.07427803426980972,0.18054869771003723,1.161354660987854,-2.212813138961792,0.5544620156288147,0.12283291667699814,0.43274515867233276,0.061456114053726196,1.0086896419525146,-2.2779462337493896,0.8696664571762085,-0.14746417105197906
5.032325744628906,1.0053805112838745,0.6241739988327026,0.03319479897618294,0.041698358952999115,-0.8847533464431763,0.46300211548805237,0.0,0.0,0.6212428212165833,-1.3112249374389648,-1.902522325515747,0.8498513102531433,-0.9869549870491028,-1.061908483505249,-1.0460938215255737,-0.7999396324157715,-1.7252449989318848,1.4422523975372314,0.8395936489105225,1.2268712520599365,-1.2908378839492798,1.0337759256362915,0.629973292350769,0.035899922251701355,0.027839917689561844,-0.07048677653074265,0.183330699801445,1.151613712310791,-2.188267707824707,0.5505454540252686,0.12018817663192749,0.42925888299942017,0.07053757458925247,0.9935159683227539,-2.2561962604522705,0.86952805519104,-0.14216962456703186
5.031603813171387,1.0054833889007568,0.6383617520332336,0.027507571503520012,0.04004586860537529,-0.885805070400238,0.4615073800086975,0.0,0.0,0.6149542927742004,-1.3055875301361084,-1.893739938735962,0.8593038320541382,-0.9849179983139038,-1.0648807287216187,-1.0461655855178833,-0.7986708879470825,-1.7277944087982178,1.4484388828277588,0.8443241119384766,1.2281984090805054,-1.2914364337921143,1.0339957475662231,0.6044024229049683,0.03380925953388214,0.027756456285715103,-0.06602932512760162,0.18504491448402405,1.1361346244812012,-2.1570663452148438,0.5484874844551086,0.11676143109798431,0.42370229959487915,0.08090953528881073,0.9762276411056519,-2.22841215133667,0.8682974576950073,-0.1334407776594162
5.030763626098633,1.005475401878357,0.6559693813323975,0.021835733205080032,0.03876279294490814,-0.8862317800521851,0.4611007571220398,0.0,0.0,0.6130561232566833,-1.3018345832824707,-1.8853812217712402,0.8706983327865601,-0.9830090999603271,-1.0679320096969604,-1.0462279319763184,-0.7990314364433289,-1.730421543121338,1.4547109603881836,0.8487441539764404,1.2296583652496338,-1.2923736572265625,1.0341545343399048,0.574994683265686,0.030879490077495575,0.02697782590985298,-0.06113670766353607,0.18483459949493408,1.1149531602859497,-2.118579149246216,0.5483934283256531,0.11337277293205261,0.4160669445991516,0.09253638982772827,0.9585906267166138,-2.192751407623291,0.8639081716537476,-0.12301914393901825
5.029828071594238,1.0050756931304932,0.6767081618309021,0.015189748257398605,0.037971608340740204,-0.8860448598861694,0.46179208159446716,0.0,0.0,0.6140278577804565,-1.2997019290924072,-1.8792756795883179,0.8846084475517273,-0.9813324213027954,-1.0717099905014038,-1.0463073253631592,-0.8003513813018799,-1.7315459251403809,1.4598851203918457,0.8552627563476562,1.2310364246368408,-1.2943116426467896,1.0341039896011353,0.53749680519104,0.02773323655128479,0.025327952578663826,-0.05609503388404846,0.18306198716163635,1.0934340953826904,-2.0731992721557617,0.5489994287490845,0.11127588152885437,0.40687137842178345,0.10476736724376678,0.9454009532928467,-2.1504034996032715,0.8557314872741699,-0.11086827516555786
5.028814792633057,1.0037875175476074,0.7007185220718384,0.008523141965270042,0.03738690912723541,-0.8858803510665894,0.4623262882232666,0.0,0.0,0.6135381460189819,-1.299487590789795,-1.8755488395690918,0.8995163440704346,-0.9799076318740845,-1.076023817062378,-1.0464049577713013,-0.7996851205825806,-1.73362135887146,1.4636842012405396,0.8606152534484863,1.2325600385665894,-1.2971662282943726,1.033826231956482,0.4947987496852875,0.024665921926498413,0.025546934455633163,-0.051837969571352005,0.1806878298521042,1.0704647302627563,-2.0216064453125,0.548747181892395,0.11076473444700241,0.3961591422557831,0.11648042500019073,0.9333007335662842,-2.100156784057617,0.8440033197402954,-0.09802506864070892
5.027585029602051,1.0015121698379517,0.7268787026405334,0.00015179200272541493,0.03596428409218788,-0.8861120343208313,0.4620736539363861,0.0,0.0,0.6061903834342957,-1.296221375465393,-1.8741799592971802,0.9160906076431274,-0.9786268472671509,-1.0807981491088867,-1.0466179847717285,-0.7956357002258301,-1.7327731847763062,1.463221788406372,0.8635275363922119,1.2342764139175415,-1.301231861114502,1.0333762168884277,0.4454328715801239,0.023065241053700447,0.02837946265935898,-0.04921136796474457,0.17850853502750397,1.0459671020507812,-1.9657912254333496,0.547606348991394,0.11189411580562592,0.3838353455066681,0.12710162997245789,0.9198254346847534,-2.043977737426758,0.8314067721366882,-0.08449700474739075
5.026149749755859,0.9979718923568726,0.7551237344741821,-0.010927975177764893,0.03337118774652481,-0.8865587711334229,0.4612814784049988,0.0,0.0,0.5879514813423157,-1.2866222858428955,-1.8748986721038818,0.9346451759338379,-0.9773886203765869,-1.0858118534088135,-1.0468215942382812,-0.7857090830802917,-1.7302796840667725,1.4596799612045288,0.8636327981948853,1.2362380027770996,-1.3065494298934937,1.032823085784912,0.38746529817581177,0.023242302238941193,0.03415815532207489,-0.04852156341075897,0.17647291719913483,1.0208141803741455,-1.905062198638916,0.5444753170013428,0.11526027321815491,0.368923544883728,0.13718470931053162,0.9047452211380005,-1.982100486755371,0.8193811178207397,-0.06915663927793503
5.024667739868164,0.9930087327957153,0.7826569080352783,-0.02355475351214409,0.03014916181564331,-0.88700270652771,0.460176557302475,0.0,0.0,0.5638635158538818,-1.2727841138839722,-1.8774828910827637,0.9558967351913452,-0.97615647315979,-1.0907347202301025,-1.0469539165496826,-0.7732906341552734,-1.7320654392242432,1.459136724472046,0.8624423742294312,1.2384647130966187,-1.3125485181808472,1.0322399139404297,0.32540470361709595,0.024792054668068886,0.040847498923540115,-0.050766170024871826,0.1756056547164917,0.9971309900283813,-1.8449794054031372,0.5398359298706055,0.1201772689819336,0.35134977102279663,0.1457461714744568,0.8902636766433716,-1.9210197925567627,0.8083721995353699,-0.05440231412649155
5.022772312164307,0.9869106411933899,0.8077923655509949,-0.034545283764600754,0.0267511997371912,-0.8865305781364441,0.4606023132801056,0.0,0.0,0.5407402515411377,-1.2599936723709106,-1.8859801292419434,0.9885382652282715,-0.9745615720748901,-1.0932347774505615,-1.0470399856567383,-0.7621995210647583,-1.7380280494689941,1.4638440608978271,0.8576887845993042,1.24130380153656,-1.3169933557510376,1.0322037935256958,0.2697722315788269,0.026888705790042877,0.04505658149719238,-0.05701500549912453,0.17497217655181885,0.9707481861114502,-1.7881577014923096,0.5357531309127808,0.12589392066001892,0.3304138779640198,0.1503942906856537,0.8731076121330261,-1.8630754947662354,0.7973846197128296,-0.04132872819900513
5.020708084106445,0.9799625873565674,0.8285936117172241,-0.04571625590324402,0.023921968415379524,-0.8856332898139954,0.46150994300842285,0.0,0.0,0.5155479907989502,-1.2381657361984253,-1.8962795734405518,1.0310344696044922,-0.9724506139755249,-1.0938444137573242,-1.0470960140228271,-0.7545939683914185,-1.7436180114746094,1.4715518951416016,0.8556111454963684,1.244202733039856,-1.3203929662704468,1.032883882522583,0.21667590737342834,0.03078332357108593,0.04849082604050636,-0.06590424478054047,0.1767350137233734,0.948113203048706,-1.7393872737884521,0.5318180322647095,0.13121983408927917,0.3100074827671051,0.15403199195861816,0.859377384185791,-1.81532621383667,0.7883838415145874,-0.0292782224714756
5.018512725830078,0.9721920490264893,0.8464292883872986,-0.05549928918480873,0.022332271561026573,-0.8844059705734253,0.4628683626651764,0.0,0.0,0.4897547960281372,-1.2140593528747559,-1.9105716943740845,1.0820789337158203,-0.9697574377059937,-1.0927865505218506,-1.0471323728561401,-0.745020866394043,-1.7576136589050293,1.4907068014144897,0.8548112511634827,1.2471730709075928,-1.3225171566009521,1.0341476202011108,0.16684891283512115,0.0352732315659523,0.05072937533259392,-0.07606182992458344,0.17797031998634338,0.9320766925811768,-1.6959245204925537,0.5269510746002197,0.13614268600940704,0.29082053899765015,0.15865370631217957,0.8516989946365356,-1.7739205360412598,0.7805407047271729,-0.02011600323021412
5.015860557556152,0.9637655019760132,0.8605735301971436,-0.06323438882827759,0.022192079573869705,-0.8820109367370605,0.466439425945282,0.0,0.0,0.4648803472518921,-1.186430811882019,-1.9268474578857422,1.1328730583190918,-0.9669806957244873,-1.0904624462127686,-1.0471559762954712,-0.7384731769561768,-1.7733073234558105,1.5199079513549805,0.8564354181289673,1.2500872611999512,-1.323520541191101,1.0359421968460083,0.12450846284627914,0.040131159126758575,0.05085717514157295,-0.08637703955173492,0.17932692170143127,0.9202802181243896,-1.6596426963806152,0.5214027762413025,0.14093422889709473,0.2739091217517853,0.1637411117553711,0.8476182222366333,-1.7412358522415161,0.7738025784492493,-0.011301148682832718
5.012826442718506,0.9549282789230347,0.872140109539032,-0.06919942051172256,0.022160125896334648,-0.8791463375091553,0.4709798991680145,0.0,0.0,0.43173691630363464,-1.1620138883590698,-1.9379146099090576,1.1825155019760132,-0.963107705116272,-1.087230920791626,-1.0471713542938232,-0.7289765477180481,-1.7910622358322144,1.5534098148345947,0.8605200052261353,1.2525001764297485,-1.323685884475708,1.038476586341858,0.0864693820476532,0.04454202577471733,0.05320111662149429,-0.09738825261592865,0.17915864288806915,0.9167602062225342,-1.6321189403533936,0.5158225893974304,0.14306211471557617,0.2570223808288574,0.1712651252746582,0.8486700057983398,-1.714352011680603,0.7689355611801147,-0.004682836122810841
5.009192943572998,0.945941686630249,0.8814330101013184,-0.07316488027572632,0.021451322361826897,-0.8765299916267395,0.4752703011035919,0.0,0.0,0.400038480758667,-1.1474100351333618,-1.9386460781097412,1.2262449264526367,-0.9582764506340027,-1.0830280780792236,-1.0471813678741455,-0.7166893482208252,-1.8055646419525146,1.599433422088623,0.8675792217254639,1.2542532682418823,-1.3218598365783691,1.0409865379333496,0.05344622582197189,0.04766124486923218,0.058959051966667175,-0.10834279656410217,0.17642642557621002,0.9174864292144775,-1.6117537021636963,0.5099421143531799,0.14209364354610443,0.2410016804933548,0.1806907057762146,0.8527568578720093,-1.6915143728256226,0.7643119096755981,-0.0016762717859819531
5.004753589630127,0.9371140599250793,0.8891004323959351,-0.07579696178436279,0.021081797778606415,-0.8738871812820435,0.4797203540802002,0.0,0.0,0.37248697876930237,-1.1401398181915283,-1.9401590824127197,1.2776222229003906,-0.9526196122169495,-1.0782427787780762,-1.0471878051757812,-0.7095891237258911,-1.8150269985198975,1.653151512145996,0.8770893216133118,1.2549784183502197,-1.3179928064346313,1.0425808429718018,0.02491862326860428,0.049646712839603424,0.06537161022424698,-0.1154516339302063,0.1717250645160675,0.9212243556976318,-1.5942018032073975,0.5037564039230347,0.13705220818519592,0.22865648567676544,0.19288888573646545,0.8593288660049438,-1.6717979907989502,0.7596883773803711,0.00035708548966795206
4.999954700469971,0.9286478757858276,0.8951464891433716,-0.07793892174959183,0.019951757043600082,-0.87013179063797,0.4862078130245209,0.0,0.0,0.34677404165267944,-1.1324387788772583,-1.9358898401260376,1.3316256999969482,-0.9462695717811584,-1.073250651359558,-1.047192096710205,-0.7055995464324951,-1.8211774826049805,1.7004475593566895,0.8879813551902771,1.2544753551483154,-1.3133268356323242,1.0435699224472046,0.0005628950893878937,0.050143711268901825,0.0707019791007042,-0.11912202090024948,0.16512830555438995,0.9251317977905273,-1.580755352973938,0.49825993180274963,0.12952062487602234,0.21885839104652405,0.20484599471092224,0.8653442859649658,-1.6553943157196045,0.7555421590805054,0.0003742271801456809
4.994981288909912,0.9205639362335205,0.9002096652984619,-0.08010651916265488,0.01868402771651745,-0.8656914234161377,0.4937734603881836,0.0,0.0,0.3221268057823181,-1.1207201480865479,-1.9222030639648438,1.3789870738983154,-0.9401202201843262,-1.0679476261138916,-1.0471948385238647,-0.7039216756820679,-1.8251752853393555,1.7442994117736816,0.8989263772964478,1.2529603242874146,-1.3079321384429932,1.0442149639129639,-0.020218851044774055,0.050688646733760834,0.07747495919466019,-0.12033651024103165,0.1589343100786209,0.9286725521087646,-1.568711757659912,0.4917720556259155,0.12343204766511917,0.21138443052768707,0.21658861637115479,0.869826078414917,-1.6412498950958252,0.752657413482666,-0.0001653808867558837
4.989616394042969,0.9131930470466614,0.9041261672973633,-0.08062852174043655,0.017288725823163986,-0.8610991835594177,0.5017054080963135,0.0,0.0,0.30552616715431213,-1.117401123046875,-1.9109141826629639,1.4298135042190552,-0.934043288230896,-1.0622375011444092,-1.047196626663208,-0.7064003944396973,-1.827773928642273,1.782189130783081,0.9078593254089355,1.250077724456787,-1.3013421297073364,1.0445809364318848,-0.03474271297454834,0.04906827211380005,0.08417816460132599,-0.11835858225822449,0.15406236052513123,0.9325722455978394,-1.5587393045425415,0.4859749674797058,0.1148519441485405,0.20705917477607727,0.23093561828136444,0.8725720047950745,-1.630401611328125,0.7514361143112183,-0.000583662127610296
4.984735488891602,0.9065947532653809,0.9067957997322083,-0.0803915485739708,0.015950242057442665,-0.8557866811752319,0.5107954740524292,0.0,0.0,0.29086005687713623,-1.11882483959198,-1.8954302072525024,1.4707893133163452,-0.9285012483596802,-1.056406855583191,-1.0471978187561035,-0.7045154571533203,-1.829463005065918,1.8106309175491333,0.9170520305633545,1.2455427646636963,-1.2941958904266357,1.044823408126831,-0.04332946240901947,0.045656122267246246,0.08785924315452576,-0.11193609237670898,0.14862161874771118,0.9358712434768677,-1.5517820119857788,0.4808882474899292,0.10387860238552094,0.20586645603179932,0.24538594484329224,0.8743345737457275,-1.6233160495758057,0.751344621181488,-0.002181714866310358
4.980236053466797,0.9009323716163635,0.9089587926864624,-0.07961709797382355,0.014715169556438923,-0.8503687381744385,0.5199207067489624,0.0,0.0,0.2831208109855652,-1.1263229846954346,-1.8809430599212646,1.4989826679229736,-0.9242977499961853,-1.0503230094909668,-1.0471985340118408,-0.7037153244018555,-1.8305609226226807,1.8330771923065186,0.9256987571716309,1.239693284034729,-1.2864172458648682,1.0449471473693848,-0.04812837764620781,0.0411667600274086,0.08857285976409912,-0.10309504717588425,0.1430804282426834,0.9373276233673096,-1.5449347496032715,0.4762828052043915,0.09309034794569016,0.20731163024902344,0.25702017545700073,0.8747997879981995,-1.6173232793807983,0.7506811618804932,-0.005344781093299389
4.976207256317139,0.8962306976318359,0.9105600118637085,-0.0789995789527893,0.01267777755856514,-0.8456125259399414,0.527766764163971,0.0,0.0,0.27856799960136414,-1.1371464729309082,-1.8766248226165771,1.5296874046325684,-0.920708417892456,-1.0440624952316284,-1.047199010848999,-0.7049262523651123,-1.8312745094299316,1.8494172096252441,0.9319509267807007,1.2326834201812744,-1.27833890914917,1.0450057983398438,-0.053023263812065125,0.035474926233291626,0.08824233710765839,-0.09548930078744888,0.13881100714206696,0.9389394521713257,-1.5378334522247314,0.4716983735561371,0.0861310288310051,0.20953863859176636,0.26912379264831543,0.8756042718887329,-1.6133091449737549,0.7514885663986206,-0.006741728633642197
4.973086833953857,0.8923407793045044,0.9115728735923767,-0.07817554473876953,0.01075118687003851,-0.8426067233085632,0.5327165722846985,0.0,0.0,0.2739449143409729,-1.146220326423645,-1.8786213397979736,1.558380365371704,-0.9177196025848389,-1.037613034248352,-1.0471992492675781,-0.705857515335083,-1.8317383527755737,1.8666801452636719,0.9376866817474365,1.224562644958496,-1.269680142402649,1.0450687408447266,-0.05560266971588135,0.029524777084589005,0.08941570669412613,-0.08995257318019867,0.13436445593833923,0.9402264356613159,-1.5326039791107178,0.46711474657058716,0.08143676072359085,0.21251481771469116,0.2847867012023926,0.8752124309539795,-1.611875295639038,0.7550421357154846,-0.005616469774395227
4.970974445343018,0.8891949653625488,0.9119235873222351,-0.07684164494276047,0.009506283327937126,-0.8415168523788452,0.5346535444259644,0.0,0.0,0.27097588777542114,-1.1548939943313599,-1.8853950500488281,1.5866779088974,-0.9149398803710938,-1.031151533126831,-1.0471994876861572,-0.7078050374984741,-1.8320398330688477,1.8793673515319824,0.9422284364700317,1.2154145240783691,-1.2610927820205688,1.0450818538665771,-0.05635181814432144,0.023564105853438377,0.08865394443273544,-0.08644595742225647,0.1306091845035553,0.9429023265838623,-1.5294456481933594,0.4631001949310303,0.07774330675601959,0.21552824974060059,0.30088144540786743,0.8763889074325562,-1.612728476524353,0.7595778703689575,-0.0037790583446621895
4.969919204711914,0.8866451978683472,0.9117296934127808,-0.07569095492362976,0.009994671680033207,-0.8417102098464966,0.5345044136047363,0.0,0.0,0.26595064997673035,-1.1565866470336914,-1.8926069736480713,1.6098194122314453,-0.9123528003692627,-1.0251342058181763,-1.0471996068954468,-0.7068626284599304,-1.8322358131408691,1.8881862163543701,0.9455413818359375,1.2057863473892212,-1.253313422203064,1.0450782775878906,-0.05499674379825592,0.019294049590826035,0.08591809868812561,-0.08481747657060623,0.1258115917444229,0.9447014927864075,-1.5287792682647705,0.4608747661113739,0.07519504427909851,0.21983113884925842,0.31467539072036743,0.8797550201416016,-1.615393042564392,0.7638767957687378,-0.0018148159142583609
4.9695868492126465,0.8847874999046326,0.9112513065338135,-0.07477667927742004,0.011555624194443226,-0.8436638116836548,0.5315132737159729,0.0,0.0,0.25885888934135437,-1.15487802028656,-1.9041908979415894,1.631608486175537,-0.9096449613571167,-1.0193747282028198,-1.0471997261047363,-0.7009051442146301,-1.832363247871399,1.904010534286499,0.9517362117767334,1.195657730102539,-1.2456514835357666,1.0451335906982422,-0.0538133829832077,0.01634681038558483,0.0837961956858635,-0.08452241867780685,0.11789169907569885,0.9477682113647461,-1.5286598205566406,0.4576783776283264,0.07398409396409988,0.22393310070037842,0.3300442099571228,0.885940670967102,-1.6189274787902832,0.7676755785942078,0.00134233885910362
4.970019817352295,0.8837178349494934,0.910047709941864,-0.07284942269325256,0.015225452370941639,-0.8469275832176208,0.5264739990234375,0.0,0.0,0.25516435503959656,-1.149039387702942,-1.917974829673767,1.647419810295105,-0.906976580619812,-1.0140419006347656,-1.0471997261047363,-0.6967326998710632,-1.8324460983276367,1.918134331703186,0.9594857096672058,1.1852262020111084,-1.2389090061187744,1.0451328754425049,-0.04926687106490135,0.014535633847117424,0.07754810899496078,-0.08486846834421158,0.10753986984491348,0.9495735764503479,-1.5311274528503418,0.45743903517723083,0.07215626537799835,0.22909724712371826,0.3435230851173401,0.8953219652175903,-1.6245695352554321,0.7696070671081543,0.00643877824768424
4.971471309661865,0.8834726810455322,0.907961368560791,-0.06909008324146271,0.02075534500181675,-0.8523343205451965,0.5179981589317322,0.0,0.0,0.26013827323913574,-1.142695665359497,-1.9296326637268066,1.6515960693359375,-0.90464186668396,-1.0091924667358398,-1.0471997261047363,-0.7002047300338745,-1.8324998617172241,1.923044204711914,0.9641231298446655,1.1750624179840088,-1.2334951162338257,1.0450325012207031,-0.03598952665925026,0.013339377008378506,0.06861195713281631,-0.08490461111068726,0.09526094049215317,0.9453028440475464,-1.5370304584503174,0.4594491422176361,0.06881032884120941,0.23626749217510223,0.3571907877922058,0.9017274379730225,-1.6328551769256592,0.7699487209320068,0.015533657744526863
4.973905563354492,0.8842909336090088,0.9050682783126831,-0.0637102723121643,0.026879526674747467,-0.8600677847862244,0.5054720640182495,0.0,0.0,0.27369925379753113,-1.1394829750061035,-1.9407382011413574,1.6445595026016235,-0.9026951789855957,-1.0048918724060059,-1.0471928119659424,-0.7085467576980591,-1.832534909248352,1.9183927774429321,0.9631968140602112,1.1658347845077515,-1.2296555042266846,1.044886589050293,-0.017087580636143684,0.011949204839766026,0.05744324252009392,-0.0840398371219635,0.08117781579494476,0.937614917755127,-1.5453273057937622,0.46370750665664673,0.06468101590871811,0.244391068816185,0.367819607257843,0.9069973826408386,-1.6426408290863037,0.7691395282745361,0.023711219429969788
4.977317810058594,0.8861771821975708,0.9009284377098083,-0.056389447301626205,0.03325770050287247,-0.86861252784729,0.49114811420440674,0.0,0.0,0.2958531975746155,-1.1469323635101318,-1.9524335861206055,1.616736650466919,-0.9018518924713135,-1.0012567043304443,-1.0469372272491455,-0.7150489091873169,-1.8325576782226562,1.910595178604126,0.9593852162361145,1.1575969457626343,-1.226936936378479,1.0447781085968018,0.010928075760602951,0.009435982443392277,0.0457589253783226,-0.08204509317874908,0.06725344806909561,0.9282664060592651,-1.5601526498794556,0.4678409695625305,0.06276258081197739,0.2548380494117737,0.3718847334384918,0.9100439548492432,-1.657966136932373,0.7696128487586975,0.032843735069036484
4.981561660766602,0.889135479927063,0.8946976661682129,-0.046563904732465744,0.0416528545320034,-0.8781477808952332,0.4742923974990845,0.0,0.0,0.3307717442512512,-1.1603652238845825,-1.9623095989227295,1.5687793493270874,-0.9025739431381226,-0.9985531568527222,-1.0465939044952393,-0.7235407829284668,-1.8325724601745605,1.8999533653259277,0.9490889310836792,1.1507748365402222,-1.224913477897644,1.044623613357544,0.053586918860673904,0.007075345143675804,0.03668951243162155,-0.07667781412601471,0.0586395300924778,0.9165424108505249,-1.5850319862365723,0.47248363494873047,0.06075769290328026,0.2716875672340393,0.367685467004776,0.9086143970489502,-1.6841543912887573,0.7741179466247559,0.043972235172986984
4.986753940582275,0.8926339149475098,0.884304940700531,-0.03700007498264313,0.050994355231523514,-0.8867788314819336,0.45787978172302246,0.0,0.0,0.3685256242752075,-1.173399806022644,-1.968308448791504,1.5098755359649658,-0.9042567014694214,-0.9973365068435669,-1.046290636062622,-0.7345517873764038,-1.8323556184768677,1.88082754611969,0.935727059841156,1.1448404788970947,-1.2241162061691284,1.0445152521133423,0.10961568355560303,0.006325121968984604,0.029122041538357735,-0.06740082800388336,0.0564691424369812,0.9052589535713196,-1.623075008392334,0.4720993936061859,0.06231674551963806,0.29360249638557434,0.35181087255477905,0.8953710198402405,-1.7227798700332642,0.7889206409454346,0.05789574980735779
4.992586135864258,0.8958946466445923,0.8708603978157043,-0.02831602469086647,0.059757743030786514,-0.894392192363739,0.4423683285713196,0.0,0.0,0.4082888960838318,-1.1855605840682983,-1.9622876644134521,1.4399693012237549,-0.9066577553749084,-0.9979081749916077,-1.04593026638031,-0.7462418079376221,-1.8314666748046875,1.848803997039795,0.9217318892478943,1.1396681070327759,-1.2251410484313965,1.044427752494812,0.16736680269241333,0.0057535902597010136,0.019241025671362877,-0.05470610409975052,0.053868070244789124,0.8994436264038086,-1.6590206623077393,0.47210901975631714,0.0627344399690628,0.31449684500694275,0.3319397270679474,0.8786038756370544,-1.7649109363555908,0.8107225298881531,0.068771131336689
4.997685432434082,0.8994618058204651,0.8568864464759827,-0.02144986018538475,0.06414879858493805,-0.8994860053062439,0.43168243765830994,0.0,0.0,0.44680309295654297,-1.2081456184387207,-1.9480632543563843,1.3628791570663452,-0.9095741510391235,-0.9996030330657959,-1.0455940961837769,-0.7491523027420044,-1.8272554874420166,1.8083497285842896,0.9108946919441223,1.1350688934326172,-1.2276638746261597,1.0443964004516602,0.21639534831047058,0.002220502123236656,0.008809058926999569,-0.04373469203710556,0.04981168732047081,0.897369384765625,-1.688896894454956,0.4752061069011688,0.05982363596558571,0.3270998001098633,0.3090050518512726,0.865033745765686,-1.8003301620483398,0.8303529024124146,0.07426221668720245
5.00192928314209,0.9033020734786987,0.8429980874061584,-0.014249010011553764,0.0672239288687706,-0.9049537181854248,0.4199244976043701,0.0,0.0,0.4861043095588684,-1.2329072952270508,-1.9280089139938354,1.2874149084091187,-0.912777304649353,-1.002285361289978,-1.0454590320587158,-0.759801983833313,-1.8181266784667969,1.7637656927108765,0.9026033878326416,1.131422519683838,-1.2308094501495361,1.0443525314331055,0.26239991188049316,-0.0008179474389180541,0.0020183490123599768,-0.0329117476940155,0.052029985934495926,0.8966493010520935,-1.7192459106445312,0.4819713830947876,0.05942718684673309,0.3369060158729553,0.2821866273880005,0.8600789308547974,-1.837854027748108,0.8442239165306091,0.07407246530056
5.006289482116699,0.9073245525360107,0.8268477916717529,-0.005681862588971853,0.069473996758461,-0.9109854102134705,0.4065054655075073,0.0,0.0,0.5233707427978516,-1.258905053138733,-1.906324863433838,1.2167466878890991,-0.9161843061447144,-1.0055313110351562,-1.0453920364379883,-0.7714581489562988,-1.808841586112976,1.722792148590088,0.894602358341217,1.1289966106414795,-1.2340407371520996,1.0443720817565918,0.3113692104816437,-0.003647195640951395,-0.0014768674736842513,-0.02249971404671669,0.06171996891498566,0.8993860483169556,-1.7573459148406982,0.4918961822986603,0.059625692665576935,0.3454246520996094,0.2497527301311493,0.8631914854049683,-1.8822479248046875,0.8532454967498779,0.07223716378211975
5.010943412780762,0.9113696813583374,0.8104251623153687,0.0024953146930783987,0.06989575922489166,-0.9165995717048645,0.39364150166511536,0.0,0.0,0.5507736802101135,-1.2828506231307983,-1.8867768049240112,1.1524913311004639,-0.9195746183395386,-1.0091382265090942,-1.0453777313232422,-0.7762379050254822,-1.797770619392395,1.6882309913635254,0.8879294991493225,1.127488136291504,-1.2373926639556885,1.044451355934143,0.35547006130218506,-0.0061595202423632145,-0.0037561736535280943,-0.01369976531714201,0.07390996813774109,0.9059710502624512,-1.7935106754302979,0.5032132267951965,0.060356758534908295,0.3484269976615906,0.21644891798496246,0.8717350959777832,-1.9246852397918701,0.8591095209121704,0.06809365749359131
5.015542030334473,0.9151438474655151,0.7938770651817322,0.010250499472022057,0.06916739791631699,-0.9218840003013611,0.38110455870628357,0.0,0.0,0.5739844441413879,-1.3030879497528076,-1.8695721626281738,1.096937656402588,-0.922795832157135,-1.0128200054168701,-1.0454035997390747,-0.7818511724472046,-1.7860832214355469,1.6608812808990479,0.8835384845733643,1.1267118453979492,-1.2404321432113647,1.0445506572723389,0.3953624367713928,-0.007272077724337578,-0.0043372418731451035,-0.0072806584648787975,0.08603347837924957,0.917377233505249,-1.8288474082946777,0.5115134716033936,0.062340378761291504,0.3473389148712158,0.18497972190380096,0.8808939456939697,-1.9629597663879395,0.8629211783409119,0.0619644895195961
5.019919395446777,0.9185497760772705,0.777639627456665,0.018192347139120102,0.06825587153434753,-0.9267635345458984,0.3689437806606293,0.0,0.0,0.5922028422355652,-1.3222960233688354,-1.8570512533187866,1.0516573190689087,-0.9256917238235474,-1.0169835090637207,-1.0454062223434448,-0.7844311594963074,-1.7742500305175781,1.6369919776916504,0.8796290159225464,1.1265747547149658,-1.24387788772583,1.0445632934570312,0.4308069944381714,-0.0073071932420134544,-0.005452731624245644,-0.0028477907180786133,0.10006362199783325,0.9332299828529358,-1.86472487449646,0.5195478200912476,0.06447175145149231,0.34359246492385864,0.1549382507801056,0.8942486047744751,-1.9992096424102783,0.8653987050056458,0.05275459587574005
5.024055480957031,0.9215140342712402,0.7604655623435974,0.027462821453809738,0.06722648441791534,-0.9315862655639648,0.3561929762363434,0.0,0.0,0.6096280813217163,-1.3421919345855713,-1.8487070798873901,1.0152392387390137,-0.9282611608505249,-1.0210338830947876,-1.0453922748565674,-0.787763237953186,-1.7667381763458252,1.6169099807739258,0.8752515316009521,1.1270365715026855,-1.247088074684143,1.044585943222046,0.46747857332229614,-0.006688215769827366,-0.005511700175702572,0.0005759831983596087,0.1142876073718071,0.9525717496871948,-1.9040436744689941,0.5273464322090149,0.06539645791053772,0.33921438455581665,0.12759003043174744,0.90907883644104,-2.036123752593994,0.8670091032981873,0.04079900309443474
5.028052806854248,0.9243056178092957,0.7414445281028748,0.037360649555921555,0.06649135053157806,-0.9355548620223999,0.34484806656837463,0.0,0.0,0.6284505128860474,-1.3612184524536133,-1.8431947231292725,0.9865549206733704,-0.930554986000061,-1.024796724319458,-1.045384407043457,-0.7929190397262573,-1.7607626914978027,1.5990960597991943,0.8703675270080566,1.1279325485229492,-1.250058650970459,1.0446293354034424,0.5060112476348877,-0.004944357089698315,-0.004269739612936974,0.005057666916400194,0.1278630942106247,0.9756276607513428,-1.9476909637451172,0.5352032780647278,0.065064936876297,0.33574795722961426,0.1030879020690918,0.9254144430160522,-2.0755085945129395,0.8680558800697327,0.027359774336218834
5.031682014465332,0.9265303611755371,0.72273188829422,0.04692190885543823,0.06573352962732315,-0.9390804767608643,0.3340737819671631,0.0,0.0,0.6449321508407593,-1.3781373500823975,-1.8383350372314453,0.9624277949333191,-0.9325337409973145,-1.0283451080322266,-1.0453486442565918,-0.7973968982696533,-1.7572293281555176,1.5825209617614746,0.8649334907531738,1.1291390657424927,-1.252753496170044,1.0446562767028809,0.5441381931304932,-0.0028968099504709244,-0.0020502940751612186,0.008581461384892464,0.14108987152576447,0.9987019300460815,-1.9884438514709473,0.5389833450317383,0.06587014347314835,0.3326197862625122,0.08060485869646072,0.9412583708763123,-2.113016366958618,0.8687362670898438,0.012628119438886642
5.035255432128906,0.9284946918487549,0.7024974822998047,0.05554506182670593,0.06457522511482239,-0.9427201151847839,0.3225269019603729,0.0,0.0,0.6600602865219116,-1.391587495803833,-1.8329932689666748,0.9415608048439026,-0.9342257976531982,-1.0317199230194092,-1.0453217029571533,-0.8019833564758301,-1.7547900676727295,1.5672246217727661,0.8593112230300903,1.1306354999542236,-1.255171298980713,1.0447025299072266,0.581386148929596,-0.0003862628946080804,0.0004935568431392312,0.009920948185026646,0.151277095079422,1.024690866470337,-2.028414487838745,0.5397526621818542,0.06974911689758301,0.329654723405838,0.06099298596382141,0.9549435377120972,-2.148987293243408,0.8691785335540771,-0.0017778826877474785
5.03893518447876,0.9302587509155273,0.6866183280944824,0.06192662566900253,0.0630776435136795,-0.9476673603057861,0.306778222322464,0.0,0.0,0.6776566505432129,-1.3988116979599,-1.8233433961868286,0.9244599342346191,-0.9354346394538879,-1.0345737934112549,-1.0453370809555054,-0.8077735900878906,-1.7523399591445923,1.5523046255111694,0.8517462015151978,1.132574200630188,-1.2568366527557373,1.0447666645050049,0.6145957708358765,0.0036871309857815504,0.004984684754163027,0.00512193888425827,0.1595936417579651,1.0477513074874878,-2.0657081604003906,0.5384827256202698,0.07525511831045151,0.32883769273757935,0.04507625475525856,0.9634207487106323,-2.1791818141937256,0.8694660067558289,-0.015584258362650871
5.042154788970947,0.9319190382957458,0.670957624912262,0.07015860080718994,0.06160040572285652,-0.9495841264724731,0.2992877662181854,0.0,0.0,0.6909628510475159,-1.4125299453735352,-1.819105625152588,0.9072299003601074,-0.9369995594024658,-1.0368809700012207,-1.0452858209609985,-0.813096821308136,-1.749955415725708,1.5384345054626465,0.8471521735191345,1.1343193054199219,-1.2585878372192383,1.044870376586914,0.6469653844833374,0.006200377829372883,0.006597903091460466,0.003538072109222412,0.1656184196472168,1.0731698274612427,-2.1023857593536377,0.5386195182800293,0.07894470542669296,0.32302308082580566,0.02991497330367565,0.9770036935806274,-2.2105026245117188,0.8696528673171997,-0.028264492750167847
5.045060157775879,0.9335407018661499,0.6566677689552307,0.07617191225290298,0.06020159274339676,-0.9512746334075928,0.29266053438186646,0.0,0.0,0.7019332647323608,-1.4238630533218384,-1.8162680864334106,0.8921387195587158,-0.938499391078949,-1.039172649383545,-1.0452709197998047,-0.8171048164367676,-1.7481632232666016,1.5257928371429443,0.8441472053527832,1.136117935180664,-1.2603254318237305,1.0449085235595703,0.6730077266693115,0.008852839469909668,0.008043289184570312,-0.0003436831757426262,0.16686110198497772,1.098508596420288,-2.1351399421691895,0.5393996834754944,0.08223673701286316,0.3173661530017853,0.01751011796295643,0.9916218519210815,-2.23911714553833,0.869774341583252,-0.03918062895536423
5.047488212585449,0.9350579977035522,0.6444059610366821,0.07967860251665115,0.058647897094488144,-0.9531143307685852,0.28598037362098694,0.0,0.0,0.7112862467765808,-1.43414306640625,-1.815117359161377,0.8797245621681213,-0.9398963451385498,-1.0413908958435059,-1.0452611446380615,-0.8181908130645752,-1.747327208518982,1.5145297050476074,0.8413888216018677,1.1380672454833984,-1.262076735496521,1.0448055267333984,0.6928273439407349,0.011724170297384262,0.009687289595603943,-0.005800935439765453,0.16472254693508148,1.1223013401031494,-2.1626029014587402,0.5407634973526001,0.0848688930273056,0.31114500761032104,0.008608929812908173,1.005702257156372,-2.263045310974121,0.8698532581329346,-0.04680652543902397
5.049360275268555,0.9362534880638123,0.6348143815994263,0.08185484260320663,0.05723923444747925,-0.9550125598907471,0.27923914790153503,0.0,0.0,0.7203359603881836,-1.4430937767028809,-1.8153648376464844,0.8691524267196655,-0.9412920475006104,-1.0435082912445068,-1.0452446937561035,-0.8174597024917603,-1.7474979162216187,1.5049983263015747,0.838375449180603,1.140182375907898,-1.2637569904327393,1.0445561408996582,0.7072192430496216,0.015504341572523117,0.012084993533790112,-0.01206396333873272,0.16220130026340485,1.1428091526031494,-2.183471202850342,0.5407469868659973,0.08814680576324463,0.30399683117866516,0.0005128839984536171,1.0165562629699707,-2.2816402912139893,0.8699045777320862,-0.05331815779209137
5.050948143005371,0.9372490644454956,0.6284691691398621,0.08398273587226868,0.056234367191791534,-0.9568009972572327,0.27261048555374146,0.0,0.0,0.7273210287094116,-1.450161099433899,-1.8166513442993164,0.858892560005188,-0.9427505731582642,-1.0456088781356812,-1.0452241897583008,-0.8155859708786011,-1.7470338344573975,1.4963533878326416,0.8353216648101807,1.142426609992981,-1.265471339225769,1.044168472290039,0.716056227684021,0.01943797618150711,0.014572253450751305,-0.01844700798392296,0.15926218032836914,1.1584210395812988,-2.198267698287964,0.5417112112045288,0.09227313101291656,0.296129047870636,-0.005636994726955891,1.0238449573516846,-2.2948408126831055,0.8699379563331604,-0.06009580194950104
5.052295684814453,0.9382401704788208,0.6249639391899109,0.08371472358703613,0.05527539551258087,-0.9586244225502014,0.26641249656677246,0.0,0.0,0.7314100861549377,-1.454658031463623,-1.8178958892822266,0.8489691019058228,-0.9442086219787598,-1.047858715057373,-1.0451980829238892,-0.8117543458938599,-1.7453513145446777,1.4876197576522827,0.8328820466995239,1.1447309255599976,-1.267338514328003,1.0436561107635498,0.7188370227813721,0.023375503718852997,0.01739746890962124,-0.02480626478791237,0.1558564007282257,1.1689859628677368,-2.206644296646118,0.5424041152000427,0.09731153398752213,0.2889462411403656,-0.009107714518904686,1.0257664918899536,-2.3019466400146484,0.8699595928192139,-0.06617286801338196
5.053492546081543,0.9392209053039551,0.6241645216941833,0.08157621324062347,0.054255519062280655,-0.9605362415313721,0.2603302299976349,0.0,0.0,0.7334215641021729,-1.458297848701477,-1.8192517757415771,0.8394643664360046,-0.945671558380127,-1.0501840114593506,-1.0451682806015015,-0.8047698736190796,-1.7441542148590088,1.4795513153076172,0.8308566808700562,1.1471002101898193,-1.2693488597869873,1.0430432558059692,0.7162836790084839,0.02643248438835144,0.019172552973031998,-0.03066982701420784,0.15099695324897766,1.1747931241989136,-2.208995819091797,0.5440467596054077,0.10184986889362335,0.28175926208496094,-0.00946572795510292,1.0240870714187622,-2.3030295372009277,0.8699729442596436,-0.07014778256416321
5.054371356964111,0.9400889873504639,0.6257280111312866,0.07767839729785919,0.053089845925569534,-0.9627538323402405,0.25348085165023804,0.0,0.0,0.733928918838501,-1.4598742723464966,-1.8201934099197388,0.8311373591423035,-0.9470261335372925,-1.0526115894317627,-1.0451699495315552,-0.798208475112915,-1.7425408363342285,1.4718875885009766,0.8300580978393555,1.1494948863983154,-1.2713794708251953,1.042353630065918,0.7093997001647949,0.029349401593208313,0.02091807872056961,-0.03583405911922455,0.1465025246143341,1.1754554510116577,-2.204876184463501,0.5447956919670105,0.10575824975967407,0.27550843358039856,-0.007251236587762833,1.017594814300537,-2.298480987548828,0.869925320148468,-0.07405203580856323
5.05499792098999,0.9409935474395752,0.6293149590492249,0.0724744126200676,0.051855623722076416,-0.9649853110313416,0.246702179312706,0.0,0.0,0.7346355319023132,-1.459787130355835,-1.8201441764831543,0.824260950088501,-0.9482436776161194,-1.0551106929779053,-1.0451761484146118,-0.7916793823242188,-1.7410402297973633,1.4648120403289795,0.8306994438171387,1.151859998703003,-1.2734544277191162,1.041651725769043,0.6987614035606384,0.031513236463069916,0.02248423919081688,-0.04032142460346222,0.1426367610692978,1.170777678489685,-2.1947553157806396,0.5454626083374023,0.10921688377857208,0.27068087458610535,-0.0018241629004478455,1.0086308717727661,-2.289224624633789,0.8698428869247437,-0.07650772482156754
5.055439472198486,0.9419443607330322,0.6348303556442261,0.06658913940191269,0.05067385733127594,-0.9670977592468262,0.24024967849254608,0.0,0.0,0.7343982458114624,-1.4585316181182861,-1.8196055889129639,0.8189305067062378,-0.9493274092674255,-1.0576879978179932,-1.0452030897140503,-0.7854050397872925,-1.7400622367858887,1.4586974382400513,0.8325062394142151,1.1541900634765625,-1.2755467891693115,1.0409774780273438,0.6847032308578491,0.03315374255180359,0.02485942654311657,-0.043130263686180115,0.14044523239135742,1.163008689880371,-2.1798312664031982,0.5464630722999573,0.11130667477846146,0.26653721928596497,0.006451440043747425,0.9981658458709717,-2.276277780532837,0.8697686195373535,-0.07594610005617142
5.0556721687316895,0.9427480697631836,0.6424090266227722,0.05987516790628433,0.04956682398915291,-0.9688146114349365,0.23527920246124268,0.0,0.0,0.7327946424484253,-1.4562532901763916,-1.818591594696045,0.8152375817298889,-0.9502875804901123,-1.0609443187713623,-1.0451984405517578,-0.7787294387817383,-1.7394919395446777,1.4536032676696777,0.8380253911018372,1.1562303304672241,-1.278145432472229,1.040224552154541,0.6638996601104736,0.03344445303082466,0.026581687852740288,-0.04461169242858887,0.13909494876861572,1.1551997661590576,-2.159165382385254,0.5475064516067505,0.11337299644947052,0.2624036371707916,0.01768295094370842,0.9912910461425781,-2.260039806365967,0.8696874976158142,-0.07206264138221741
5.055691719055176,0.943306028842926,0.652535617351532,0.05255427584052086,0.048504915088415146,-0.9701839685440063,0.23157799243927002,0.0,0.0,0.7304631471633911,-1.45296049118042,-1.8170323371887207,0.8124343156814575,-0.9512104988098145,-1.0647348165512085,-1.0451997518539429,-0.771361768245697,-1.7384312152862549,1.4495022296905518,0.8455702066421509,1.1581069231033325,-1.2812199592590332,1.039414644241333,0.6373012065887451,0.03226204589009285,0.02731730043888092,-0.04452138394117355,0.13732776045799255,1.1440317630767822,-2.1325602531433105,0.5497568845748901,0.11471375077962875,0.25803929567337036,0.03214918449521065,0.9864263534545898,-2.238605499267578,0.8688967227935791,-0.06572610139846802
5.055614948272705,0.9436708688735962,0.6657779216766357,0.04497847706079483,0.04758680239319801,-0.9711155891418457,0.22944918274879456,0.0,0.0,0.7259050607681274,-1.4486918449401855,-1.8148932456970215,0.8091536164283752,-0.9521701335906982,-1.068990707397461,-1.0451970100402832,-0.761211633682251,-1.7359321117401123,1.4462592601776123,0.8536674976348877,1.1598968505859375,-1.2848093509674072,1.0385887622833252,0.6055148839950562,0.02939702942967415,0.027151454240083694,-0.043298400938510895,0.1347794532775879,1.1285945177078247,-2.097825765609741,0.5525707602500916,0.11624324321746826,0.2530745565891266,0.048337340354919434,0.9839334487915039,-2.2096571922302246,0.8645476698875427,-0.056858621537685394
5.055387496948242,0.9436510801315308,0.6817549467086792,0.03722628951072693,0.0468737855553627,-0.9721014499664307,0.22679470479488373,0.0,0.0,0.7190031409263611,-1.446060299873352,-1.8139679431915283,0.8072499632835388,-0.9531346559524536,-1.0735116004943848,-1.0452525615692139,-0.7495501637458801,-1.7351939678192139,1.4454371929168701,0.861199676990509,1.1617225408554077,-1.2886948585510254,1.0377435684204102,0.5688151121139526,0.025890696793794632,0.027435099706053734,-0.04177143797278404,0.13170459866523743,1.1097246408462524,-2.0574984550476074,0.5559126138687134,0.11706947535276413,0.24831724166870117,0.06579378992319107,0.9825277328491211,-2.174464464187622,0.8578313589096069,-0.0464976541697979
5.0547380447387695,0.9430303573608398,0.7003411650657654,0.029233457520604134,0.04628881812095642,-0.973078191280365,0.2238784283399582,0.0,0.0,0.710932731628418,-1.4430301189422607,-1.8126689195632935,0.8059120178222656,-0.954096794128418,-1.078391194343567,-1.045320749282837,-0.7390244603157043,-1.7325735092163086,1.4442663192749023,0.8686172962188721,1.1635568141937256,-1.2930351495742798,1.0369079113006592,0.5273165106773376,0.021708175539970398,0.02819991670548916,-0.04133305326104164,0.12929390370845795,1.0885579586029053,-2.0121231079101562,0.5585405826568604,0.11942829936742783,0.24415919184684753,0.08197104185819626,0.9808069467544556,-2.133229970932007,0.8489805459976196,-0.03616999462246895
5.053689479827881,0.9417252540588379,0.7212002873420715,0.020447101444005966,0.04571577534079552,-0.9739652276039124,0.2210964411497116,0.0,0.0,0.7004484534263611,-1.4385724067687988,-1.810377836227417,0.8047734498977661,-0.9550346732139587,-1.0836983919143677,-1.0454280376434326,-0.7287099361419678,-1.7268638610839844,1.4408586025238037,0.8762516379356384,1.1653516292572021,-1.2979905605316162,1.0361496210098267,0.48040899634361267,0.016949554905295372,0.029588934034109116,-0.04323634132742882,0.12677979469299316,1.0654716491699219,-1.9618239402770996,0.558732271194458,0.12436317652463913,0.2405518889427185,0.09682267159223557,0.978314220905304,-2.0864672660827637,0.8382008075714111,-0.026368573307991028
5.052156448364258,0.9399808645248413,0.7433430552482605,0.010785387828946114,0.04479285702109337,-0.9746097922325134,0.21911874413490295,0.0,0.0,0.6859156489372253,-1.4338687658309937,-1.8075790405273438,0.803010106086731,-0.9560282230377197,-1.089357614517212,-1.0455670356750488,-0.7152417898178101,-1.7209922075271606,1.436475396156311,0.8839840888977051,1.167144536972046,-1.3035775423049927,1.035503625869751,0.42776909470558167,0.011443255469202995,0.031170906499028206,-0.048430781811475754,0.12374985218048096,1.0404322147369385,-1.9078433513641357,0.5576704144477844,0.12998372316360474,0.23665913939476013,0.1105111688375473,0.9769260883331299,-2.0362157821655273,0.825660228729248,-0.01705077663064003
5.050078392028809,0.9380593299865723,0.7662901878356934,-0.0008727324311621487,0.04345899075269699,-0.9752651453018188,0.21672239899635315,0.0,0.0,0.664794385433197,-1.4269537925720215,-1.8052011728286743,0.8018444776535034,-0.9570646286010742,-1.0951802730560303,-1.0458321571350098,-0.6995083093643188,-1.7145111560821533,1.4337959289550781,0.8920049667358398,1.1689848899841309,-1.3097410202026367,1.0349969863891602,0.3676609396934509,0.006394699215888977,0.033582329750061035,-0.05613919720053673,0.12093324959278107,1.0145037174224854,-1.8509259223937988,0.5547724366188049,0.13650044798851013,0.2329101264476776,0.12352436780929565,0.9765697717666626,-1.9829424619674683,0.8110281825065613,-0.008667835034430027
5.047296524047852,0.9357689619064331,0.788040041923523,-0.012281695380806923,0.04283934086561203,-0.9760997891426086,0.21270430088043213,0.0,0.0,0.6445029377937317,-1.4199644327163696,-1.8021392822265625,0.8031014204025269,-0.9581230878829956,-1.1010009050369263,-1.0461653470993042,-0.6873120069503784,-1.710329532623291,1.4334344863891602,0.899297297000885,1.1710665225982666,-1.316263198852539,1.0344364643096924,0.3068449795246124,0.0026514264754951,0.03707966208457947,-0.06525208055973053,0.11808987706899643,0.9907474517822266,-1.7975667715072632,0.5511785745620728,0.14100177586078644,0.2303977757692337,0.13585594296455383,0.9771360158920288,-1.9322521686553955,0.7957331538200378,-0.0018285424448549747
5.044030666351318,0.9333736300468445,0.8080825209617615,-0.022952165454626083,0.0429525226354599,-0.9769091010093689,0.20803089439868927,0.0,0.0,0.6262925863265991,-1.418030858039856,-1.8041305541992188,0.8095510005950928,-0.9592626094818115,-1.1075432300567627,-1.04652738571167,-0.6746768355369568,-1.7108347415924072,1.4375226497650146,0.905716061592102,1.1731276512145996,-1.323568344116211,1.0336990356445312,0.24577374756336212,-0.0004843480419367552,0.04001891613006592,-0.07484506070613861,0.11471645534038544,0.9740991592407227,-1.74930739402771,0.5455350875854492,0.1436811089515686,0.22886301577091217,0.1478685587644577,0.9810836315155029,-1.8851063251495361,0.780085027217865,0.002701354678720236
5.040468692779541,0.9312455058097839,0.8266281485557556,-0.03217301890254021,0.042820822447538376,-0.9774331450462341,0.2043420970439911,0.0,0.0,0.6117181181907654,-1.4177072048187256,-1.8118584156036377,0.8237448930740356,-0.9606190323829651,-1.1119794845581055,-1.0467627048492432,-0.6652742624282837,-1.7109684944152832,1.4441627264022827,0.9104564189910889,1.1756260395050049,-1.3295307159423828,1.0332953929901123,0.19096824526786804,-0.00492212176322937,0.0418412983417511,-0.08339568972587585,0.10892601311206818,0.9544723033905029,-1.7054638862609863,0.541243314743042,0.14384272694587708,0.22920067608356476,0.15796135365962982,0.9807019233703613,-1.840120792388916,0.7648335695266724,0.004190821200609207
5.036960124969482,0.9290993213653564,0.8435648679733276,-0.04040125757455826,0.04274754226207733,-0.9778530597686768,0.2008575201034546,0.0,0.0,0.5957359671592712,-1.4174420833587646,-1.821134328842163,0.8422558307647705,-0.9619117975234985,-1.1135063171386719,-1.0469157695770264,-0.6531875133514404,-1.715029239654541,1.4522678852081299,0.9157905578613281,1.1782901287078857,-1.3334059715270996,1.0336591005325317,0.1397099643945694,-0.01039976254105568,0.042546700686216354,-0.09142405539751053,0.10169030725955963,0.9369230270385742,-1.6658068895339966,0.5369728803634644,0.14438027143478394,0.23070843517780304,0.16783621907234192,0.980351984500885,-1.7975900173187256,0.7491309642791748,0.0025026951916515827
5.033524990081787,0.926598310470581,0.8589248657226562,-0.04904909059405327,0.042266640812158585,-0.9781525731086731,0.1975483000278473,0.0,0.0,0.5801451206207275,-1.415974736213684,-1.8297094106674194,0.8649047613143921,-0.962974488735199,-1.1131503582000732,-1.0470151901245117,-0.6432496309280396,-1.7203598022460938,1.4584825038909912,0.9256168603897095,1.1807219982147217,-1.3358590602874756,1.034875512123108,0.0875355675816536,-0.01573607698082924,0.04284549131989479,-0.10121378302574158,0.09167180210351944,0.92294842004776,-1.6320993900299072,0.5331968069076538,0.14445866644382477,0.23061294853687286,0.17876207828521729,0.9809944033622742,-1.7581324577331543,0.7342211008071899,0.00035544694401323795
5.030189514160156,0.9235934615135193,0.8723105192184448,-0.05736812576651573,0.04175577685236931,-0.978637158870697,0.19296281039714813,0.0,0.0,0.5605376958847046,-1.4148390293121338,-1.8388261795043945,0.8950066566467285,-0.9631482362747192,-1.1111621856689453,-1.0470798015594482,-0.6314650774002075,-1.7296273708343506,1.463866949081421,0.9395571947097778,1.1825721263885498,-1.336948037147522,1.0370268821716309,0.03479667752981186,-0.019874902442097664,0.04353107884526253,-0.11213530600070953,0.07793935388326645,0.9186994433403015,-1.604988694190979,0.5289289951324463,0.1428179144859314,0.2273598611354828,0.19290009140968323,0.9864785671234131,-1.7222445011138916,0.7202061414718628,-0.003346790326759219
5.026932716369629,0.9198291897773743,0.8832138180732727,-0.06615184992551804,0.042686183005571365,-0.9793550968170166,0.18618644773960114,0.0,0.0,0.5308854579925537,-1.4043960571289062,-1.8411681652069092,0.9344580769538879,-0.9618473052978516,-1.1076927185058594,-1.0471217632293701,-0.6218054890632629,-1.7405023574829102,1.4676215648651123,0.9554665088653564,1.183982253074646,-1.3370592594146729,1.039833426475525,-0.016001027077436447,-0.020958419889211655,0.0488622784614563,-0.12163539975881577,0.06567171216011047,0.9207100868225098,-1.5842442512512207,0.5224628448486328,0.13929224014282227,0.22256150841712952,0.2096516638994217,0.994620680809021,-1.6924538612365723,0.7083174586296082,-0.006368640344589949
5.023683071136475,0.9154922962188721,0.891728937625885,-0.07445462793111801,0.043953292071819305,-0.9795246720314026,0.1818131059408188,0.0,0.0,0.5012403726577759,-1.3936469554901123,-1.8381388187408447,0.9841567277908325,-0.9587165117263794,-1.103751301765442,-1.0471491813659668,-0.6111757755279541,-1.7549445629119873,1.4733846187591553,0.974468469619751,1.184739112854004,-1.3357995748519897,1.0421072244644165,-0.06317237764596939,-0.02160865068435669,0.052454493939876556,-0.12860599160194397,0.053418323397636414,0.9269779920578003,-1.5683504343032837,0.5159462690353394,0.1358141452074051,0.21760490536689758,0.22701577842235565,1.0048907995224,-1.6687238216400146,0.6987197399139404,-0.009209053590893745
5.020413875579834,0.9111635684967041,0.8981322646141052,-0.08149643242359161,0.044169679284095764,-0.9791362285614014,0.18083015084266663,0.0,0.0,0.4793647527694702,-1.3870625495910645,-1.8352553844451904,1.0419037342071533,-0.9541653394699097,-1.099487543106079,-1.0471669435501099,-0.6035049557685852,-1.7675880193710327,1.4783575534820557,1.0012397766113281,1.1842601299285889,-1.333181381225586,1.0437300205230713,-0.10590804368257523,-0.023345034569501877,0.05015967786312103,-0.13478419184684753,0.03936921805143356,0.9334476590156555,-1.557325839996338,0.5122836828231812,0.13290095329284668,0.21221905946731567,0.24264830350875854,1.0156197547912598,-1.650290608406067,0.6904258131980896,-0.011658391915261745
5.017439842224121,0.9071872234344482,0.902604341506958,-0.08668945729732513,0.04420487582683563,-0.9788608551025391,0.1798955500125885,0.0,0.0,0.4660089910030365,-1.3862873315811157,-1.834357500076294,1.095062255859375,-0.949420154094696,-1.0943773984909058,-1.0471785068511963,-0.5912494659423828,-1.78202223777771,1.485395908355713,1.0333576202392578,1.1826026439666748,-1.329406976699829,1.044925570487976,-0.14242443442344666,-0.02518986538052559,0.043722301721572876,-0.14051483571529388,0.021118395030498505,0.9381160736083984,-1.5517857074737549,0.5135383009910583,0.13014104962348938,0.2075493335723877,0.25742387771606445,1.0258772373199463,-1.637100338935852,0.6836283802986145,-0.014837576076388359
5.014961242675781,0.9035423994064331,0.9058646559715271,-0.09068882465362549,0.04552087187767029,-0.9792910814285278,0.17519237101078033,0.0,0.0,0.4628846347332001,-1.3890409469604492,-1.8401854038238525,1.1441205739974976,-0.9451345205307007,-1.0884596109390259,-1.047186017036438,-0.581024169921875,-1.7931909561157227,1.4904991388320923,1.0687724351882935,1.1796741485595703,-1.3248047828674316,1.0457215309143066,-0.1728251874446869,-0.027419883757829666,0.03647742047905922,-0.14287178218364716,0.002789846621453762,0.9406800270080566,-1.5482087135314941,0.5165454745292664,0.12775525450706482,0.20692618191242218,0.272877037525177,1.0342905521392822,-1.6284278631210327,0.6787612438201904,-0.016608895733952522
5.012456893920898,0.8999636173248291,0.9077539443969727,-0.0959676131606102,0.048928603529930115,-0.9797461032867432,0.16880138218402863,0.0,0.0,0.4591759443283081,-1.3967877626419067,-1.8610727787017822,1.1778265237808228,-0.942756175994873,-1.0925263166427612,-1.0471909046173096,-0.5640558004379272,-1.806825876235962,1.4990828037261963,1.0934287309646606,1.1769919395446777,-1.327718734741211,1.0459558963775635,-0.20298609137535095,-0.024565227329730988,0.02730289287865162,-0.14447014033794403,-0.014638163149356842,0.9457621574401855,-1.5475492477416992,0.5212047100067139,0.12592332065105438,0.20621411502361298,0.2908163070678711,1.042069673538208,-1.6245458126068115,0.6778715252876282,-0.017334995791316032
5.010568141937256,0.8965783715248108,0.908755898475647,-0.10106787830591202,0.051789313554763794,-0.9800078868865967,0.16336379945278168,0.0,0.0,0.4528845548629761,-1.4078526496887207,-1.8936474323272705,1.1996792554855347,-0.9415293335914612,-1.1018476486206055,-1.0470705032348633,-0.5360305309295654,-1.8158464431762695,1.51072096824646,1.1141467094421387,1.1744555234909058,-1.333550214767456,1.046061635017395,-0.22842146456241608,-0.021635955199599266,0.016844863072037697,-0.14488786458969116,-0.03346285969018936,0.9500927925109863,-1.5492498874664307,0.5266863107681274,0.1229068785905838,0.20511020720005035,0.30803826451301575,1.0483821630477905,-1.6235504150390625,0.6794348955154419,-0.01573018543422222
5.009504318237305,0.8932230472564697,0.9093983769416809,-0.10530291497707367,0.05429515615105629,-0.9806065559387207,0.15612201392650604,0.0,0.0,0.4439839720726013,-1.4206585884094238,-1.9362695217132568,1.2160950899124146,-0.9408191442489624,-1.113495111465454,-1.046883463859558,-0.49632853269577026,-1.8217101097106934,1.5286176204681396,1.1349637508392334,1.1718602180480957,-1.34059476852417,1.045927882194519,-0.2484828233718872,-0.02003970928490162,0.00552502553910017,-0.14320240914821625,-0.054271399974823,0.952723503112793,-1.552504062652588,0.5343424081802368,0.11856690794229507,0.2039327174425125,0.3252471685409546,1.0537279844284058,-1.6237614154815674,0.6818655133247375,-0.011723500676453114
5.009283065795898,0.8895678520202637,0.9097233414649963,-0.1066318228840828,0.05746385455131531,-0.9824376106262207,0.14192897081375122,0.0,0.0,0.4303193986415863,-1.4321553707122803,-1.985079050064087,1.2303918600082397,-0.9401794672012329,-1.1248250007629395,-1.0466705560684204,-0.44848233461380005,-1.825521469116211,1.5535976886749268,1.153484582901001,1.169344186782837,-1.348322868347168,1.0453166961669922,-0.2594975233078003,-0.019815675914287567,-0.002579555381089449,-0.13847854733467102,-0.0746985450387001,0.9550330638885498,-1.5549540519714355,0.5417481660842896,0.11426714062690735,0.2021791934967041,0.3457840085029602,1.0582797527313232,-1.6254239082336426,0.6849637031555176,-0.0032340344041585922
5.010641098022461,0.884909451007843,0.9109576940536499,-0.10184388607740402,0.06055057793855667,-0.9851822257041931,0.12400585412979126,0.0,0.0,0.3991719186306,-1.4366042613983154,-2.03493595123291,1.2492862939834595,-0.9351034164428711,-1.123293161392212,-1.0468558073043823,-0.37544524669647217,-1.8279521465301514,1.5594096183776855,1.1921114921569824,1.161727786064148,-1.3447282314300537,1.0459758043289185,-0.2509928047657013,-0.030736394226551056,-0.004878859035670757,-0.1226978525519371,-0.09423117339611053,0.9472424983978271,-1.5488630533218384,0.5446847677230835,0.11353367567062378,0.21175436675548553,0.36377447843551636,1.0568290948867798,-1.626904010772705,0.688534677028656,0.00591489439830184
5.011363983154297,0.8805442452430725,0.9113438725471497,-0.09462250024080276,0.06449274718761444,-0.9875442385673523,0.10790549218654633,0.0,0.0,0.3599078953266144,-1.4446866512298584,-2.093997001647949,1.2569628953933716,-0.9317140579223633,-1.1260182857513428,-1.045304298400879,-0.2943587601184845,-1.8295787572860718,1.5806491374969482,1.2162399291992188,1.1563116312026978,-1.3436297178268433,1.0444839000701904,-0.24134954810142517,-0.0365370437502861,-0.00892485212534666,-0.1068488284945488,-0.11429475247859955,0.9476684331893921,-1.545998454093933,0.5509021878242493,0.11161640286445618,0.21659418940544128,0.3822662830352783,1.061748743057251,-1.62970769405365,0.6926219463348389,0.014663351699709892
5.013115882873535,0.8759639859199524,0.912024974822998,-0.0841093510389328,0.06877633184194565,-0.9903517961502075,0.08601531386375427,0.0,0.0,0.28329312801361084,-1.4299352169036865,-2.113729238510132,1.2454699277877808,-0.9230904579162598,-1.1189868450164795,-1.0459678173065186,-0.19132618606090546,-1.8304734230041504,1.5691258907318115,1.236022710800171,1.1478450298309326,-1.335782527923584,1.0452977418899536,-0.22107933461666107,-0.046354345977306366,0.0006269603036344051,-0.08744751662015915,-0.12388481199741364,0.9470241665840149,-1.5349409580230713,0.5463754534721375,0.11577306687831879,0.223664328455925,0.3981032371520996,1.0655566453933716,-1.63130521774292,0.6925564408302307,0.025143016129732132
5.014487266540527,0.871941864490509,0.9128102660179138,-0.06916701048612595,0.07469427585601807,-0.993038535118103,0.059254176914691925,0.0,0.0,0.1825159639120102,-1.4206434488296509,-2.0954015254974365,1.210461139678955,-0.9107717871665955,-1.1074473857879639,-1.0463991165161133,-0.08187198638916016,-1.8311433792114258,1.527780532836914,1.2401705980300903,1.1385570764541626,-1.3248844146728516,1.0454939603805542,-0.19469167292118073,-0.05330584943294525,0.010819264687597752,-0.06660458445549011,-0.13083377480506897,0.9517990946769714,-1.521882176399231,0.5378737449645996,0.11956142634153366,0.23104456067085266,0.4142739176750183,1.071372151374817,-1.6318432092666626,0.6913467645645142,0.032937537878751755
5.0146684646606445,0.8680016398429871,0.9135697484016418,-0.049257535487413406,0.0799054428935051,-0.9950753450393677,0.03184087574481964,0.0,0.0,0.07824428379535675,-1.4314091205596924,-2.053549289703369,1.1479262113571167,-0.8974732756614685,-1.0946558713912964,-1.046518087387085,0.01932402327656746,-1.831653118133545,1.4873054027557373,1.224475622177124,1.1302227973937988,-1.3121118545532227,1.0452125072479248,-0.1614239364862442,-0.05694044381380081,0.017549486830830574,-0.05012233927845955,-0.13965792953968048,0.956486701965332,-1.5110609531402588,0.5318048596382141,0.12111110240221024,0.23359981179237366,0.42295628786087036,1.0790228843688965,-1.6310675144195557,0.6900744438171387,0.038591526448726654
5.013406753540039,0.864572286605835,0.9143695831298828,-0.02557375840842724,0.08301921933889389,-0.9961833953857422,0.008516333065927029,0.0,0.0,-0.020901791751384735,-1.454296350479126,-1.9963397979736328,1.0731582641601562,-0.8844725489616394,-1.0824697017669678,-1.0465043783187866,0.11687102168798447,-1.831984519958496,1.4230847358703613,1.1925126314163208,1.1231880187988281,-1.2989177703857422,1.0450369119644165,-0.125641331076622,-0.057757243514060974,0.016886059194803238,-0.039364080876111984,-0.1529347449541092,0.9632145762443542,-1.504521131515503,0.529915452003479,0.12083335220813751,0.23140785098075867,0.42578035593032837,1.089278221130371,-1.628218412399292,0.6878707408905029,0.040336087346076965
5.0116868019104,0.8623965978622437,0.9143593311309814,-0.002552981022745371,0.08283954113721848,-0.9965432286262512,-0.005716061685234308,0.0,0.0,-0.10129621624946594,-1.4901480674743652,-1.9410879611968994,1.0043742656707764,-0.8736289739608765,-1.0726344585418701,-1.0463519096374512,0.20409953594207764,-1.8321999311447144,1.3627067804336548,1.1520289182662964,1.1173357963562012,-1.2850874662399292,1.0449186563491821,-0.094436414539814,-0.060232266783714294,0.012220976874232292,-0.03391572833061218,-0.17035169899463654,0.973511815071106,-1.5049209594726562,0.5352233052253723,0.12101274728775024,0.2280457615852356,0.42119166254997253,1.1052424907684326,-1.6267162561416626,0.6867960691452026,0.038716476410627365
5.010781288146973,0.8616361618041992,0.9142283797264099,0.018306240439414978,0.08183889091014862,-0.9963467121124268,-0.016142381355166435,0.0,0.0,-0.16965387761592865,-1.5229376554489136,-1.8835359811782837,0.9455232620239258,-0.8640056848526001,-1.0641731023788452,-1.046383261680603,0.2683897614479065,-1.832339882850647,1.299447774887085,1.1114400625228882,1.111722707748413,-1.2720885276794434,1.0448797941207886,-0.06475727260112762,-0.06137922406196594,0.006338867358863354,-0.03359315171837807,-0.1830568164587021,0.9837151169776917,-1.505491852760315,0.5377621650695801,0.12017672508955002,0.22679927945137024,0.4166821539402008,1.1174243688583374,-1.6252706050872803,0.6857172250747681,0.03466320037841797
5.01120138168335,0.8619120121002197,0.9144244194030762,0.03309118002653122,0.07955633103847504,-0.9959734082221985,-0.02475186437368393,0.0,0.0,-0.21712571382522583,-1.552016019821167,-1.8272029161453247,0.9053406715393066,-0.8554061651229858,-1.0579651594161987,-1.0464837551116943,0.3088645040988922,-1.8324308395385742,1.2514772415161133,1.0839601755142212,1.1057735681533813,-1.2602136135101318,1.0449296236038208,-0.043942078948020935,-0.06276119500398636,0.0015087360516190529,-0.0408942885696888,-0.19057157635688782,0.992781400680542,-1.5044143199920654,0.5344386100769043,0.123444102704525,0.2270388901233673,0.407296359539032,1.1260254383087158,-1.622584581375122,0.6858144998550415,0.028974754735827446
5.012160301208496,0.8627678155899048,0.9147000908851624,0.042455967515707016,0.07731597870588303,-0.995413064956665,-0.03704738989472389,0.0,0.0,-0.24642746150493622,-1.5763938426971436,-1.7768012285232544,0.8840466737747192,-0.8483303189277649,-1.053743839263916,-1.046586275100708,0.3272608816623688,-1.8324899673461914,1.223963975906372,1.0703020095825195,1.1000638008117676,-1.2502646446228027,1.0449750423431396,-0.032073717564344406,-0.06329452246427536,-0.001116830506362021,-0.052613548934459686,-0.19596987962722778,0.9995130300521851,-1.503767490386963,0.5280451774597168,0.12794676423072815,0.22886620461940765,0.3957628607749939,1.13157320022583,-1.6203973293304443,0.6875974535942078,0.024856293573975563
5.013424396514893,0.8640291690826416,0.9148585200309753,0.048518408089876175,0.07561036199331284,-0.994570791721344,-0.05251592770218849,0.0,0.0,-0.2692342698574066,-1.5944123268127441,-1.7300280332565308,0.8736507892608643,-0.8425973653793335,-1.0503883361816406,-1.0467277765274048,0.3326748013496399,-1.8325284719467163,1.2107923030853271,1.066494107246399,1.0950926542282104,-1.2421002388000488,1.0450063943862915,-0.02426273003220558,-0.062356673181056976,-0.0012257709167897701,-0.06694774329662323,-0.19813057780265808,1.0046427249908447,-1.5047390460968018,0.5205982327461243,0.13248448073863983,0.2318975180387497,0.3871011435985565,1.1336207389831543,-1.6195675134658813,0.6912542581558228,0.02212127484381199
5.015002250671387,0.8654353618621826,0.9148035049438477,0.05142564699053764,0.07452365010976791,-0.9937471747398376,-0.06533163785934448,0.0,0.0,-0.2825750708580017,-1.6089706420898438,-1.6867337226867676,0.8718087673187256,-0.8381786346435547,-1.048227310180664,-1.0468193292617798,0.3330863416194916,-1.832553505897522,1.2087562084197998,1.0709221363067627,1.0908950567245483,-1.2351943254470825,1.0450468063354492,-0.02047710306942463,-0.06125620752573013,0.0013997787609696388,-0.08124063909053802,-0.19920730590820312,1.0076113939285278,-1.5071430206298828,0.5143020153045654,0.13730862736701965,0.23490586876869202,0.3808664381504059,1.134043574333191,-1.6203038692474365,0.6959453225135803,0.02200998179614544
5.016601085662842,0.8665899038314819,0.9147825241088867,0.05271846055984497,0.07364270091056824,-0.9929863214492798,-0.07599756121635437,0.0,0.0,-0.28833550214767456,-1.620726227760315,-1.6479123830795288,0.8758416771888733,-0.8351365327835083,-1.0469541549682617,-1.0468426942825317,0.33049994707107544,-1.8325697183609009,1.2086719274520874,1.08172607421875,1.0872398614883423,-1.2295186519622803,1.0450860261917114,-0.018560629338026047,-0.059684932231903076,0.004814893007278442,-0.09796103090047836,-0.19952329993247986,1.0085407495498657,-1.5107762813568115,0.5107141733169556,0.14274658262729645,0.23707473278045654,0.3753174841403961,1.131960391998291,-1.620959758758545,0.6997794508934021,0.021567463874816895
5.018077850341797,0.8678001165390015,0.9137933850288391,0.054716918617486954,0.07312308251857758,-0.9919455051422119,-0.08776745200157166,0.0,0.0,-0.29109930992126465,-1.6317938566207886,-1.6116150617599487,0.878355860710144,-0.8336793184280396,-1.0460577011108398,-1.0467984676361084,0.3267795443534851,-1.8325802087783813,1.2083475589752197,1.0921156406402588,1.084087610244751,-1.2248289585113525,1.0450856685638428,-0.017385542392730713,-0.057170622050762177,0.007359218783676624,-0.11492543667554855,-0.19934198260307312,1.0100805759429932,-1.5187724828720093,0.5115782022476196,0.14654220640659332,0.23856064677238464,0.3665502071380615,1.1327451467514038,-1.6241817474365234,0.7017579078674316,0.02072206325829029
5.019460201263428,0.8693606853485107,0.9127870202064514,0.05644755810499191,0.07380692660808563,-0.9912571310997009,-0.09367797523736954,0.0,0.0,-0.29351842403411865,-1.64152193069458,-1.5769081115722656,0.882033109664917,-0.8335175514221191,-1.0458942651748657,-1.0468049049377441,0.32345497608184814,-1.8325871229171753,1.2025070190429688,1.1013118028640747,1.0811231136322021,-1.220714807510376,1.0450838804244995,-0.015105004422366619,-0.05425821989774704,0.010839355178177357,-0.12823688983917236,-0.19899703562259674,1.0096670389175415,-1.5261073112487793,0.5138117074966431,0.1479279100894928,0.24019329249858856,0.3603889048099518,1.1321334838867188,-1.6280322074890137,0.703025221824646,0.021296139806509018
5.020726203918457,0.8709104657173157,0.9116179943084717,0.057197388261556625,0.0755762979388237,-0.9913272857666016,-0.09103263914585114,0.0,0.0,-0.29602736234664917,-1.6515098810195923,-1.5458803176879883,0.8888735771179199,-0.8346248865127563,-1.046751618385315,-1.0468254089355469,0.3216342628002167,-1.8325915336608887,1.1900168657302856,1.1098695993423462,1.0780432224273682,-1.216985821723938,1.0450999736785889,-0.013853023760020733,-0.05290348082780838,0.013298116624355316,-0.13644219934940338,-0.20059728622436523,1.0095043182373047,-1.5335044860839844,0.5171758532524109,0.1484488844871521,0.2430528700351715,0.35548749566078186,1.1326649188995361,-1.6327595710754395,0.7035907506942749,0.021055415272712708
5.0218706130981445,0.8729026913642883,0.9095643162727356,0.056475717574357986,0.0771518126130104,-0.9922403693199158,-0.07948074489831924,0.0,0.0,-0.29891324043273926,-1.6602383852005005,-1.518296241760254,0.8994756937026978,-0.8368180990219116,-1.0483882427215576,-1.0468270778656006,0.32340580224990845,-1.832594394683838,1.174018144607544,1.1173111200332642,1.0747735500335693,-1.2134757041931152,1.0451323986053467,-0.014121627435088158,-0.052833400666713715,0.015435158275067806,-0.14399312436580658,-0.2018854320049286,1.0109901428222656,-1.543501377105713,0.5228938460350037,0.1498991847038269,0.245350182056427,0.3471492528915405,1.1363340616226196,-1.640120506286621,0.7054221034049988,0.020358635112643242
5.022601127624512,0.8758817911148071,0.9082827568054199,0.05541929230093956,0.07789762318134308,-0.9934450387954712,-0.0626707449555397,0.0,0.0,-0.3016081750392914,-1.6684433221817017,-1.4976613521575928,0.912036120891571,-0.8405539989471436,-1.050484538078308,-1.0467426776885986,0.32831621170043945,-1.8325963020324707,1.1640346050262451,1.121598482131958,1.0715339183807373,-1.2100913524627686,1.0451550483703613,-0.016231922432780266,-0.05369143933057785,0.01589166186749935,-0.15083307027816772,-0.2051646113395691,1.0114154815673828,-1.551098346710205,0.5286239385604858,0.15155407786369324,0.24710169434547424,0.33470937609672546,1.1407959461212158,-1.6440184116363525,0.7064182758331299,0.017457587644457817
5.023077011108398,0.8805120587348938,0.9069730639457703,0.05544464662671089,0.07804027944803238,-0.9942132830619812,-0.0487392283976078,0.0,0.0,-0.30439817905426025,-1.6734602451324463,-1.4838981628417969,0.9264391660690308,-0.8456113338470459,-1.0522249937057495,-1.046653389930725,0.3328009843826294,-1.8325974941253662,1.155379295349121,1.1243796348571777,1.0682220458984375,-1.2074575424194336,1.0451894998550415,-0.019536927342414856,-0.05516858398914337,0.013966323807835579,-0.1552436798810959,-0.21066023409366608,1.011216163635254,-1.5588046312332153,0.5358542799949646,0.15262965857982635,0.2505984306335449,0.321794331073761,1.147273302078247,-1.647355556488037,0.7061548233032227,0.013050819747149944
5.023774147033691,0.8874742984771729,0.9057292342185974,0.057537373155355453,0.07757145911455154,-0.9945417642593384,-0.03948163986206055,0.0,0.0,-0.30600547790527344,-1.6766771078109741,-1.4750852584838867,0.9373489618301392,-0.8519654870033264,-1.0533370971679688,-1.046492576599121,0.3364318013191223,-1.832598328590393,1.1478266716003418,1.1246223449707031,1.0651806592941284,-1.2056269645690918,1.0452061891555786,-0.022450650110840797,-0.05603054538369179,0.010414620861411095,-0.1570560783147812,-0.215646892786026,1.0153883695602417,-1.566009521484375,0.543607234954834,0.15307486057281494,0.2511507272720337,0.3115304708480835,1.158034324645996,-1.6485743522644043,0.7018630504608154,0.008992880582809448
5.024656772613525,0.8958593606948853,0.9052681922912598,0.0617535375058651,0.07603125274181366,-0.9945753216743469,-0.03501107171177864,0.0,0.0,-0.3046978712081909,-1.680748701095581,-1.47678542137146,0.9487500190734863,-0.8574745655059814,-1.0596208572387695,-1.046509027481079,0.3413516879081726,-1.8325988054275513,1.151107668876648,1.1243659257888794,1.0624140501022339,-1.2100656032562256,1.0449804067611694,-0.022449929267168045,-0.055889952927827835,0.0029975699726492167,-0.15634235739707947,-0.2250898778438568,1.0174670219421387,-1.569616436958313,0.5494216680526733,0.15308710932731628,0.2478812336921692,0.3073819875717163,1.168915033340454,-1.6461315155029297,0.6952800750732422,0.007480273023247719
5.025599002838135,0.9045695066452026,0.9043046236038208,0.06301180273294449,0.07433103024959564,-0.9945456981658936,-0.037192076444625854,0.0,0.0,-0.30038735270500183,-1.6838903427124023,-1.4832649230957031,0.9534460306167603,-0.8649783134460449,-1.062964677810669,-1.0461933612823486,0.3490199148654938,-1.83259916305542,1.152772307395935,1.120369791984558,1.060113787651062,-1.2123130559921265,1.0450817346572876,-0.023577578365802765,-0.05890386924147606,-5.84479421377182e-05,-0.15229839086532593,-0.231722891330719,1.0142841339111328,-1.5733857154846191,0.5559451580047607,0.1540576070547104,0.24847862124443054,0.30889832973480225,1.1755162477493286,-1.6473586559295654,0.6904910206794739,0.008212804794311523
5.02635383605957,0.9128082990646362,0.9039895534515381,0.06349962204694748,0.07341857254505157,-0.9945026636123657,-0.03926965594291687,0.0,0.0,-0.2988133132457733,-1.6865761280059814,-1.491504192352295,0.9534927606582642,-0.8735488653182983,-1.0646507740020752,-1.0459980964660645,0.3600303828716278,-1.832599401473999,1.1517683267593384,1.114359736442566,1.057807207107544,-1.212780237197876,1.0451750755310059,-0.02243931032717228,-0.06283841282129288,-0.001252549234777689,-0.1499214768409729,-0.23563331365585327,1.0055513381958008,-1.5736702680587769,0.5589578151702881,0.1574813425540924,0.25182393193244934,0.31391641497612,1.1755138635635376,-1.6481413841247559,0.6864174604415894,0.008447175845503807
5.026663780212402,0.9195295572280884,0.9039437770843506,0.06376239657402039,0.07377324998378754,-0.9945048093795776,-0.038106705993413925,0.0,0.0,-0.3019227385520935,-1.6878769397735596,-1.4976794719696045,0.9511200785636902,-0.8824412226676941,-1.0654770135879517,-1.0459012985229492,0.3733159899711609,-1.8325995206832886,1.1500625610351562,1.1052273511886597,1.055253267288208,-1.211780071258545,1.0452243089675903,-0.018829915672540665,-0.06622996926307678,-0.0013562801759690046,-0.14977438747882843,-0.23917949199676514,0.9904153347015381,-1.5731309652328491,0.5614657998085022,0.16085268557071686,0.25661683082580566,0.32001012563705444,1.1712716817855835,-1.6498327255249023,0.6848365664482117,0.00994887761771679
5.026607513427734,0.9245376586914062,0.9036141037940979,0.06345672905445099,0.07422035932540894,-0.9945143461227417,-0.03749377653002739,0.0,0.0,-0.309408962726593,-1.6879485845565796,-1.5021581649780273,0.9491755366325378,-0.8911686539649963,-1.0657074451446533,-1.0459001064300537,0.38437020778656006,-1.8325996398925781,1.1545124053955078,1.0958671569824219,1.052330732345581,-1.2100369930267334,1.045252799987793,-0.01486283540725708,-0.06843256205320358,-0.002013415563851595,-0.15257999300956726,-0.2389715015888214,0.9738966226577759,-1.5738098621368408,0.5642157793045044,0.16423271596431732,0.2610648572444916,0.3211406171321869,1.1648038625717163,-1.653261661529541,0.6859560012817383,0.011626445688307285
5.026027202606201,0.9284416437149048,0.9028076529502869,0.06302067637443542,0.07357291132211685,-0.9945557117462158,-0.038397613912820816,0.0,0.0,-0.31814008951187134,-1.6870417594909668,-1.504378080368042,0.9470698833465576,-0.8996702432632446,-1.065710425376892,-1.045881748199463,0.393819123506546,-1.8325997591018677,1.1628928184509277,1.088979721069336,1.0488781929016113,-1.2079850435256958,1.0452814102172852,-0.01117569301277399,-0.07085452228784561,-0.003314955160021782,-0.1564468890428543,-0.23537200689315796,0.953231930732727,-1.576246976852417,0.5693564414978027,0.16663074493408203,0.26458248496055603,0.31365707516670227,1.1580898761749268,-1.658371925354004,0.6886416673660278,0.01432568859308958
5.024992942810059,0.931342601776123,0.9021384119987488,0.06258978694677353,0.07322173565626144,-0.9946933388710022,-0.03614402189850807,0.0,0.0,-0.3276716470718384,-1.6841446161270142,-1.5027711391448975,0.9460462927818298,-0.9077110290527344,-1.0656936168670654,-1.045891284942627,0.39990824460983276,-1.8325997591018677,1.1690292358398438,1.0863908529281616,1.0447804927825928,-1.2057288885116577,1.045298457145691,-0.005149762146174908,-0.07481812685728073,-0.003615623340010643,-0.15999123454093933,-0.22883717715740204,0.9244253635406494,-1.5776574611663818,0.5742242336273193,0.168156698346138,0.27366185188293457,0.29959774017333984,1.1471495628356934,-1.663987159729004,0.6919995546340942,0.015441680327057838
5.023347854614258,0.9329583048820496,0.9017991423606873,0.06232590228319168,0.0731244832277298,-0.994987428188324,-0.027718311175704002,0.0,0.0,-0.33680883049964905,-1.679924488067627,-1.4982826709747314,0.9443998336791992,-0.9154840707778931,-1.0659425258636475,-1.045900583267212,0.40435850620269775,-1.8325997591018677,1.1814842224121094,1.087559461593628,1.0405733585357666,-1.2031269073486328,1.0452930927276611,0.0024736952036619186,-0.08337834477424622,-0.002439151518046856,-0.16423632204532623,-0.22125038504600525,0.8880259990692139,-1.5768680572509766,0.5775676369667053,0.1720588207244873,0.2918633818626404,0.2808685004711151,1.1329647302627563,-1.6695632934570312,0.6958912014961243,0.01279513631016016
5.020257949829102,0.9323830604553223,0.9010725617408752,0.06102026253938675,0.07323452830314636,-0.9953896999359131,-0.010613980703055859,0.0,0.0,-0.3444637060165405,-1.6735713481903076,-1.4864856004714966,0.9385881423950195,-0.9224780797958374,-1.0665091276168823,-1.0459007024765015,0.40652358531951904,-1.8325997591018677,1.197553277015686,1.0964139699935913,1.0359890460968018,-1.2004271745681763,1.0452877283096313,0.009181329049170017,-0.0996541827917099,0.0012294873595237732,-0.16783910989761353,-0.21372434496879578,0.843047022819519,-1.5764975547790527,0.5813478231430054,0.17549753189086914,0.31834208965301514,0.25961995124816895,1.1203525066375732,-1.6776010990142822,0.700302243232727,0.009484292939305305
5.014984130859375,0.9272433519363403,0.90006422996521,0.05677129700779915,0.07463688403367996,-0.9953840374946594,0.020417390391230583,0.0,0.0,-0.3550589680671692,-1.666184902191162,-1.4653557538986206,0.9319995641708374,-0.9275602102279663,-1.0674986839294434,-1.0460424423217773,0.4052857756614685,-1.8325997591018677,1.2218860387802124,1.1129488945007324,1.0309978723526,-1.1974114179611206,1.0452401638031006,0.018749285489320755,-0.12026187777519226,0.008835134096443653,-0.17018091678619385,-0.19844400882720947,0.7776477336883545,-1.5814204216003418,0.5835424661636353,0.17399294674396515,0.3485979735851288,0.22735755145549774,1.1047768592834473,-1.6893796920776367,0.7103116512298584,0.010065499693155289
5.008636951446533,0.9183844327926636,0.89928138256073,0.05144520476460457,0.07640895247459412,-0.993743360042572,0.06315962225198746,0.0,0.0,-0.36583954095840454,-1.6624953746795654,-1.4428257942199707,0.9309455752372742,-0.9309960603713989,-1.0688080787658691,-1.046238899230957,0.39781659841537476,-1.8325997591018677,1.2498458623886108,1.1293632984161377,1.0262415409088135,-1.1944758892059326,1.0451315641403198,0.027030566707253456,-0.13274475932121277,0.015350393019616604,-0.17170310020446777,-0.16801422834396362,0.7220603227615356,-1.586960792541504,0.58565753698349,0.17025581002235413,0.3670167922973633,0.18190838396549225,1.0921270847320557,-1.6972622871398926,0.7184435129165649,0.0070195687003433704
5.00206184387207,0.9093663692474365,0.8992571830749512,0.047413211315870285,0.07714515924453735,-0.990439772605896,0.10406530648469925,0.0,0.0,-0.37642452120780945,-1.664310336112976,-1.4215832948684692,0.9366863369941711,-0.9328775405883789,-1.0695786476135254,-1.046425223350525,0.38039007782936096,-1.8325997591018677,1.2720144987106323,1.1381330490112305,1.0220370292663574,-1.1923980712890625,1.044981837272644,0.03142865002155304,-0.12536852061748505,0.017184630036354065,-0.17269250750541687,-0.14023396372795105,0.704766571521759,-1.595216989517212,0.5885353684425354,0.16200730204582214,0.35863566398620605,0.13655632734298706,1.082589864730835,-1.6963040828704834,0.7200987339019775,0.004503455478698015
4.995420932769775,0.8984613418579102,0.8996349573135376,0.04467511549592018,0.07757146656513214,-0.9850342869758606,0.14728957414627075,0.0,0.0,-0.38466042280197144,-1.6690342426300049,-1.4029992818832397,0.945366382598877,-0.9339571595191956,-1.0700019598007202,-1.0465646982192993,0.35716673731803894,-1.8325997591018677,1.29505455493927,1.1422733068466187,1.018736481666565,-1.1910617351531982,1.04484224319458,0.03048398345708847,-0.11276695132255554,0.01805858686566353,-0.17333562672138214,-0.11047594249248505,0.7270528078079224,-1.5995746850967407,0.5907657742500305,0.15842925012111664,0.3437095284461975,0.09733990579843521,1.081444501876831,-1.6900601387023926,0.7159484624862671,-0.0018305755220353603
4.989246368408203,0.8877611756324768,0.899692714214325,0.04310929775238037,0.0779336467385292,-0.976476788520813,0.19636982679367065,0.0,0.0,-0.38883569836616516,-1.673778772354126,-1.3865580558776855,0.9506980776786804,-0.9351715445518494,-1.069819450378418,-1.0466252565383911,0.33367592096328735,-1.8325997591018677,1.3164937496185303,1.147933840751648,1.0161316394805908,-1.1901791095733643,1.0447733402252197,0.022026434540748596,-0.11063376069068909,0.015403307974338531,-0.17375364899635315,-0.07215404510498047,0.7640738487243652,-1.5991216897964478,0.5993789434432983,0.16056518256664276,0.3476160168647766,0.06521719694137573,1.0958619117736816,-1.6825295686721802,0.704509973526001,-0.019832875579595566
4.982638359069824,0.8808689117431641,0.8987388014793396,0.042161330580711365,0.07681610435247421,-0.9643270969390869,0.2497897446155548,0.0,0.0,-0.3811835050582886,-1.6795852184295654,-1.3839749097824097,0.9506417512893677,-0.9386292695999146,-1.0693321228027344,-1.0465025901794434,0.3124472498893738,-1.8325997591018677,1.339927077293396,1.1503076553344727,1.0147557258605957,-1.189581036567688,1.0447523593902588,0.010465591214597225,-0.11942020058631897,0.008801940828561783,-0.17402535676956177,-0.03306414932012558,0.7921240329742432,-1.5991559028625488,0.6161869764328003,0.1662302166223526,0.3694126605987549,0.040391720831394196,1.1200647354125977,-1.6754910945892334,0.6853210926055908,-0.046014100313186646
4.974592208862305,0.8793028593063354,0.8971203565597534,0.04074540734291077,0.0739617720246315,-0.9493143558502197,0.3027733266353607,0.0,0.0,-0.3668186068534851,-1.6826231479644775,-1.4014577865600586,0.947600245475769,-0.9443742632865906,-1.0681672096252441,-1.0464180707931519,0.29601961374282837,-1.8325997591018677,1.3701179027557373,1.146877408027649,1.0146816968917847,-1.1891398429870605,1.044857382774353,0.000508124940097332,-0.12964637577533722,0.0012934580445289612,-0.17420198023319244,5.311332643032074e-05,0.8000353574752808,-1.6013532876968384,0.6392394304275513,0.17081892490386963,0.3928337097167969,0.026970645412802696,1.1459614038467407,-1.6681100130081177,0.6617975831031799,-0.06592640280723572
4.964592933654785,0.8846440315246582,0.893994152545929,0.03892679512500763,0.0689661055803299,-0.9305400848388672,0.35752421617507935,0.0,0.0,-0.3507552742958069,-1.6793644428253174,-1.449171543121338,0.9531288146972656,-0.9519203901290894,-1.0670822858810425,-1.0463945865631104,0.2804565131664276,-1.831485390663147,1.403566598892212,1.1410512924194336,1.0156383514404297,-1.1893565654754639,1.0449833869934082,-0.0037699297536164522,-0.13432404398918152,-0.008485540747642517,-0.17431679368019104,0.024326864629983902,0.7929991483688354,-1.6068451404571533,0.6670697331428528,0.1716364473104477,0.408053994178772,0.019643720239400864,1.1705498695373535,-1.6621646881103516,0.6361144185066223,-0.07400298118591309
4.953729152679443,0.8959667682647705,0.890224277973175,0.03652701526880264,0.06192949041724205,-0.9074345231056213,0.41399651765823364,0.0,0.0,-0.3417714238166809,-1.6655402183532715,-1.5268046855926514,0.9783580303192139,-0.9589611291885376,-1.0678718090057373,-1.0465648174285889,0.27445656061172485,-1.8277463912963867,1.4486271142959595,1.1343419551849365,1.0170942544937134,-1.1916049718856812,1.0446443557739258,-0.0017044385895133018,-0.12753668427467346,-0.015967393293976784,-0.17420095205307007,0.04053641855716705,0.7787042856216431,-1.614086389541626,0.6939845085144043,0.1721159815788269,0.39527714252471924,0.014172530733048916,1.1903425455093384,-1.657292366027832,0.6123146414756775,-0.062496885657310486
4.943500995635986,0.9091126918792725,0.8868639469146729,0.034939493983983994,0.054599300026893616,-0.8763958811759949,0.47720906138420105,0.0,0.0,-0.34432074427604675,-1.6266388893127441,-1.6185646057128906,1.0162079334259033,-0.9641643762588501,-1.0674186944961548,-1.046581745147705,0.27455243468284607,-1.8183557987213135,1.500834345817566,1.132429599761963,1.0193626880645752,-1.194361686706543,1.043647050857544,0.011158274486660957,-0.1140718087553978,-0.019971415400505066,-0.1625785380601883,0.05341770499944687,0.763781726360321,-1.6215426921844482,0.7155342102050781,0.16870486736297607,0.3533634543418884,0.005660641938447952,1.199984073638916,-1.6551785469055176,0.5957533717155457,-0.034293919801712036
4.936242580413818,0.920809268951416,0.8947429060935974,0.03269072249531746,0.045351289212703705,-0.8404114246368408,0.5390576124191284,0.0,0.0,-0.35073694586753845,-1.5702190399169922,-1.7030352354049683,1.0585917234420776,-0.9658514261245728,-1.065897822380066,-1.046470284461975,0.2798590362071991,-1.8007466793060303,1.5559310913085938,1.1431121826171875,1.0216790437698364,-1.1976137161254883,1.0423063039779663,0.02821303904056549,-0.09776459634304047,-0.019310854375362396,-0.14422482252120972,0.06609967350959778,0.7528700232505798,-1.6291002035140991,0.727942705154419,0.16407983005046844,0.2951566278934479,-0.004445314407348633,1.1936231851577759,-1.6540930271148682,0.5890345573425293,0.00015345588326454163
4.932971000671387,0.9288229942321777,0.9029228687286377,0.03061611019074917,0.03543677181005478,-0.8076499104499817,0.5877996683120728,0.0,0.0,-0.3570108413696289,-1.508983850479126,-1.7676124572753906,1.098120927810669,-0.962950587272644,-1.0618290901184082,-1.0462546348571777,0.2934877574443817,-1.7735207080841064,1.6062167882919312,1.1638013124465942,1.0239107608795166,-1.1999821662902832,1.0408440828323364,0.04538104683160782,-0.08114266395568848,-0.016332263126969337,-0.13094064593315125,0.07577048242092133,0.7348811626434326,-1.634168267250061,0.7361888885498047,0.1645670235157013,0.23340266942977905,-0.005894106347113848,1.1791654825210571,-1.6510722637176514,0.5867806673049927,0.036237530410289764
4.932472229003906,0.9319592714309692,0.9087401032447815,0.029569566249847412,0.02638147585093975,-0.7820850014686584,0.621910572052002,0.0,0.0,-0.3653775155544281,-1.4531148672103882,-1.8092132806777954,1.130815863609314,-0.9563705325126648,-1.056699275970459,-1.0460394620895386,0.3098596930503845,-1.7390398979187012,1.6379280090332031,1.1900700330734253,1.0253616571426392,-1.2019474506378174,1.039766788482666,0.06394834816455841,-0.06628189980983734,-0.013072153553366661,-0.12380204349756241,0.08273352682590485,0.7074496746063232,-1.637740135192871,0.7414782643318176,0.16719099879264832,0.17879866063594818,-0.0025120102800428867,1.1593751907348633,-1.6518566608428955,0.589827299118042,0.06887232512235641
4.933218955993652,0.9308477640151978,0.9131947159767151,0.030044689774513245,0.01861119270324707,-0.7619805335998535,0.6466346979141235,0.0,0.0,-0.37432485818862915,-1.412306308746338,-1.8256340026855469,1.1471391916275024,-0.9475939273834229,-1.0515903234481812,-1.0457569360733032,0.32987743616104126,-1.7051875591278076,1.6434204578399658,1.2113683223724365,1.0262752771377563,-1.2039462327957153,1.0387465953826904,0.08549859374761581,-0.054619498550891876,-0.007904872298240662,-0.12078170478343964,0.08522161096334457,0.6739689707756042,-1.6411426067352295,0.7423721551895142,0.16997481882572174,0.13392114639282227,0.004583369009196758,1.1359593868255615,-1.6560122966766357,0.598016619682312,0.09712564945220947
4.9339423179626465,0.927558422088623,0.9179866313934326,0.031158441677689552,0.012372086755931377,-0.7452564835548401,0.6659345626831055,0.0,0.0,-0.3901348412036896,-1.3863976001739502,-1.8190546035766602,1.153191089630127,-0.937253475189209,-1.0470895767211914,-1.0456199645996094,0.354929655790329,-1.68039870262146,1.6172215938568115,1.219039797782898,1.0272777080535889,-1.2064692974090576,1.0371861457824707,0.11063633859157562,-0.044087156653404236,-0.0013446586672216654,-0.12097994983196259,0.08647507429122925,0.6385822296142578,-1.647153615951538,0.738727331161499,0.17063991725444794,0.09867800772190094,0.012782714329659939,1.1062476634979248,-1.6645822525024414,0.6135776042938232,0.12062439322471619
4.934434413909912,0.9235890507698059,0.920181930065155,0.032749373465776443,0.00839263666421175,-0.7311001420021057,0.6814320087432861,0.0,0.0,-0.40923285484313965,-1.375855803489685,-1.7913055419921875,1.1512725353240967,-0.9260614514350891,-1.04328191280365,-1.045539379119873,0.38158491253852844,-1.6716805696487427,1.5580368041992188,1.2125625610351562,1.0286540985107422,-1.209733009338379,1.0349175930023193,0.13531185686588287,-0.0356307327747345,0.003749134484678507,-0.12130530178546906,0.0872347429394722,0.606544554233551,-1.654906153678894,0.7375247478485107,0.16746868193149567,0.07451119273900986,0.018409986048936844,1.0784863233566284,-1.6738008260726929,0.6297711133956909,0.1349610984325409
4.934563159942627,0.9200063943862915,0.9211727380752563,0.03382996842265129,0.005816182587295771,-0.7202147245407104,0.6929014921188354,0.0,0.0,-0.4297216832637787,-1.37625253200531,-1.7501440048217773,1.1519842147827148,-0.9144711494445801,-1.0400662422180176,-1.0455849170684814,0.3997485041618347,-1.677443265914917,1.4730136394500732,1.2052967548370361,1.0300540924072266,-1.2134946584701538,1.0325291156768799,0.15702994167804718,-0.02927360124886036,0.00691925548017025,-0.12144647538661957,0.08670686930418015,0.5795300602912903,-1.6607946157455444,0.7361024618148804,0.16214019060134888,0.0601472333073616,0.02168082818388939,1.052604079246521,-1.680426836013794,0.643884539604187,0.14174014329910278
4.934493541717529,0.9173159599304199,0.921527624130249,0.03471348062157631,0.004414527676999569,-0.7127667665481567,0.7005277276039124,0.0,0.0,-0.44957274198532104,-1.3852653503417969,-1.702128529548645,1.1564971208572388,-0.9031654596328735,-1.0371122360229492,-1.0456733703613281,0.4131022095680237,-1.6960723400115967,1.372087001800537,1.2027860879898071,1.0316685438156128,-1.2172772884368896,1.0299614667892456,0.17449268698692322,-0.02461070753633976,0.009412026964128017,-0.12195234000682831,0.08394425362348557,0.5599426031112671,-1.6659870147705078,0.7330735921859741,0.15734338760375977,0.05188111588358879,0.022633947432041168,1.0324993133544922,-1.6824640035629272,0.6556647419929504,0.1438862532377243
4.934574604034424,0.91597980260849,0.9221144318580627,0.034025661647319794,0.0023415773175656796,-0.7081504464149475,0.7052373886108398,0.0,0.0,-0.4608016312122345,-1.4021940231323242,-1.658268928527832,1.168921947479248,-0.8925174474716187,-1.0344337224960327,-1.0457334518432617,0.4253326654434204,-1.7264683246612549,1.2687323093414307,1.2096960544586182,1.0331568717956543,-1.2204445600509644,1.027684211730957,0.18272128701210022,-0.020601782947778702,0.012181535363197327,-0.1232643574476242,0.0757618099451065,0.5517867803573608,-1.6683144569396973,0.7271226048469543,0.15356561541557312,0.044249843806028366,0.021480629220604897,1.0194088220596313,-1.6764569282531738,0.6626631021499634,0.14422105252742767
4.935135364532471,0.9154421091079712,0.9219942688941956,0.03108750283718109,-0.00042047849274240434,-0.7050578594207764,0.7084678411483765,0.0,0.0,-0.4702621400356293,-1.4216127395629883,-1.618532419204712,1.1767277717590332,-0.883366584777832,-1.0317991971969604,-1.045775055885315,0.42205169796943665,-1.7579545974731445,1.1792714595794678,1.235788106918335,1.0337218046188354,-1.2226663827896118,1.0268003940582275,0.18368759751319885,-0.015412699431180954,0.015663007274270058,-0.12579701840877533,0.06477053463459015,0.5517894625663757,-1.6736633777618408,0.7178142070770264,0.14953342080116272,0.03548126295208931,0.017805950716137886,1.0110735893249512,-1.6678729057312012,0.6684804558753967,0.1442326456308365
4.935918807983398,0.9151268005371094,0.9225389957427979,0.02681022882461548,-0.005043101031333208,-0.7021464705467224,0.7115098237991333,0.0,0.0,-0.46630921959877014,-1.4443531036376953,-1.5913214683532715,1.1816900968551636,-0.8760064840316772,-1.02950119972229,-1.0456851720809937,0.41451770067214966,-1.7840787172317505,1.1156586408615112,1.2695224285125732,1.0342367887496948,-1.2235270738601685,1.0266331434249878,0.17745354771614075,-0.010067758150398731,0.01886514574289322,-0.13058193027973175,0.05289854109287262,0.5500029921531677,-1.6769819259643555,0.7092063426971436,0.14617820084095,0.023926185443997383,0.013585018925368786,1.005759835243225,-1.6539661884307861,0.6683652400970459,0.14296454191207886
4.936684608459473,0.9148896932601929,0.922568142414093,0.021555239334702492,-0.009891911409795284,-0.6989428400993347,0.7147842049598694,0.0,0.0,-0.4574119448661804,-1.4669396877288818,-1.570511817932129,1.1776422262191772,-0.8703310489654541,-1.0275133848190308,-1.0455560684204102,0.4042966961860657,-1.8010611534118652,1.0818254947662354,1.2998982667922974,1.0346966981887817,-1.2230355739593506,1.027123212814331,0.1674748659133911,-0.005018568132072687,0.021175911650061607,-0.1338757872581482,0.04231191426515579,0.5492835640907288,-1.6794610023498535,0.7048547267913818,0.14124074578285217,0.012542210519313812,0.011511186137795448,1.0057199001312256,-1.6405370235443115,0.6634638905525208,0.13989385962486267
