0.003237526000,-0.281545128000,0.661087725000,0.787211683000,0.002678079000,-0.061015008000,-0.613651173000,-1.387960165000,0.186795910000,0.106747559000,1.309548964000,-0.177241204000,0.053540933000,-1.397699547000,-0.218169587000,-0.049995820000,1.311079361000,-0.061811310000,-0.061815679000,-0.097687095146,0.119937000201,-0.004078454388,0.076112571189,0.112381183760,0.132159630435,-0.554379488514,0.247289304978,-0.243415721133,-0.414840931941,0.473069570400,-0.190965075239,-0.177836235014,0.708959759630,0.603329073816,0.442403944131,-0.612458971400,-0.489884083784
0.000513097000,-0.283408480000,0.658213996000,0.758109642000,0.011978489000,-0.051079008000,-0.650013247000,-1.385050046000,0.180119624000,0.094018142000,1.280118939000,-0.229950762000,0.109279625000,-1.408719441000,-0.218645463000,-0.046886893000,1.329773989000,-0.057704803000,-0.046594921000,-0.113408592711,0.130790866190,0.010833218734,-0.035827256633,0.063644781650,0.121535827959,-0.569605733801,0.268154687363,-0.240359743397,-0.414891721095,0.473115433176,-0.186549456510,-0.212882709941,0.714234244739,0.591697299634,0.442322446275,-0.612513791040,-0.489899573710
-0.000201460000,-0.283747465000,0.658309672000,0.749575530000,0.014730501000,-0.046780655000,-0.660099317000,-1.401298619000,0.186098113000,0.100717767000,1.294515338000,-0.251291825000,0.099362525000,-1.410922534000,-0.225468820000,-0.046700009000,1.323635392000,-0.076199750000,-0.050001604000,-0.109131937908,0.131840389205,0.022070677303,-0.043510769224,0.047774308621,0.107949010590,-0.584657336996,0.319935136207,-0.237999639458,-0.414962610620,0.473220076301,-0.190330707680,-0.194813831865,0.740646529658,0.622676066114,0.442113398202,-0.612594268973,-0.489955516077
-0.000422512000,-0.283673980000,0.658211375000,0.746268834000,0.015900029000,-0.047897507000,-0.663728744000,-1.402941815000,0.187761331000,0.102702489000,1.296805369000,-0.266743267000,0.096862085000,-1.409561852000,-0.228786084000,-0.045221744000,1.321107343000,-0.088322634000,-0.055178870000,-0.101792916208,0.131241702427,0.020009392436,-0.031646119485,0.040575995829,0.102319618997,-0.571825401171,0.319057307308,-0.236084381436,-0.415034837088,0.473371644016,-0.191689185767,-0.193082886250,0.744472944137,0.636637707816,0.441208640588,-0.623297032108,-0.490051923890
-0.000426915000,-0.283614158000,0.658239673000,0.744986815000,0.015860946000,-0.048279903000,-0.665140682000,-1.399666089000,0.187409111000,0.103137619000,1.295991647000,-0.275900800000,0.097705132000,-1.406340945000,-0.229795097000,-0.044283196000,1.317683274000,-0.095536521000,-0.063680567000,-0.101113643755,0.131213273501,0.014012966925,-0.021023747806,0.040741840254,0.098776601830,-0.558853853507,0.318070749423,-0.234461485414,-0.415096542950,0.473556212380,-0.190499222632,-0.191312025538,0.739686304795,0.644969103301,0.445925188974,-0.639635959327,-0.490176629153
-0.000376451000,-0.283595688000,0.658258363000,0.744465437000,0.015265711000,-0.049164225000,-0.665673381000,-1.397693198000,0.186601268000,0.103156223000,1.297301234000,-0.280639749000,0.098238694000,-1.404855803000,-0.229580548000,-0.042664481000,1.319347100000,-0.100091935000,-0.073718396000,-0.101074226858,0.129816993594,0.010201391138,-0.014772243527,0.039531043289,0.097049612980,-0.550119966814,0.323723503594,-0.233027819136,-0.415141137828,0.473762706666,-0.191989269273,-0.188379196725,0.738992810190,0.654574835834,0.453112340205,-0.658149619765,-0.490324659990
-0.000307056000,-0.283659469000,0.658316212000,0.744278099000,0.015457368000,-0.049061224000,-0.665886009000,-1.396242210000,0.185981025000,0.103132738000,1.297197377000,-0.283072883000,0.098010720000,-1.404689849000,-0.229579431000,-0.042202427000,1.319307089000,-0.102159959000,-0.079924031000,-0.101788979090,0.130641687510,0.007496274200,-0.009607194757,0.036871947190,0.096468732784,-0.546656662580,0.325742909727,-0.231718101696,-0.415166645179,0.473982282460,-0.192563225546,-0.186675243528,0.740009107912,0.658579966449,0.461404881713,-0.677969847945,-0.490481915797
-0.000224492000,-0.283757327000,0.658319809000,0.744208289000,0.015459112000,-0.048644940000,-0.665994526000,-1.397200052000,0.185293276000,0.102753685000,1.299315438000,-0.284765626000,0.098294344000,-1.407545202000,-0.229414244000,-0.041340486000,1.322672877000,-0.102653770000,-0.085858976000,-0.103315514283,0.131182694435,0.005475287788,-0.007486821327,0.033209001963,0.096736736900,-0.547031883358,0.327102150339,-0.230487633091,-0.415173605227,0.474208828854,-0.194509011180,-0.184922084387,0.742778584057,0.660896533283,0.469667625927,-0.698162854448,-0.490646965081
-0.000139426000,-0.283738526000,0.658316602000,0.744134254000,0.014170433000,-0.048960771000,-0.666082768000,-1.395267090000,0.184365295000,0.102314329000,1.301195841000,-0.286149145000,0.099413108000,-1.407405048000,-0.229363434000,-0.040747172000,1.325119425000,-0.102538638000,-0.089816720000,-0.104654361647,0.130041044495,0.003461712847,-0.004370923274,0.033741091199,0.098182114093,-0.546426364914,0.331424726459,-0.229302223223,-0.415163375171,0.474438384296,-0.191642775384,-0.184353600249,0.743806184738,0.662942431963,0.477673866972,-0.718723370958,-0.490829561576
-0.000058402000,-0.283848083000,0.658331030000,0.744186699000,0.014522681000,-0.048151945000,-0.666075551000,-1.396406889000,0.183883657000,0.102186340000,1.302805093000,-0.287120952000,0.099409244000,-1.410645371000,-0.229111826000,-0.040159217000,1.327947723000,-0.101778708000,-0.092590839000,-0.104817014451,0.131567118353,0.001927713728,-0.003239395435,0.030927103498,0.098329591395,-0.547371393327,0.331088084303,-0.228144448366,-0.415138258661,0.474668853708,-0.192938463992,-0.182263844230,0.744977632268,0.662978334007,0.484537896465,-0.738374390566,-0.491024078491
0.000025233000,-0.283899563000,0.658313052000,0.744205696000,0.014306006000,-0.047772132000,-0.666086363000,-1.396469857000,0.183268892000,0.102010552000,1.304794222000,-0.288373639000,0.100635098000,-1.412769422000,-0.228944635000,-0.039658766000,1.330891508000,-0.100917439000,-0.094408081000,-0.105650805100,0.132210126026,0.001177068130,-0.001210244916,0.028866607934,0.099678485180,-0.549374196922,0.332688012105,-0.226999403367,-0.415100246877,0.474898553157,-0.193659421901,-0.181401659076,0.746793284132,0.663871771886,0.489963508982,-0.756171827330,-0.491214891878
0.000105013000,-0.283952536000,0.658314157000,0.744263557000,0.014213587000,-0.047258380000,-0.666060340000,-1.396177266000,0.182759901000,0.102065983000,1.306041844000,-0.289654301000,0.101432657000,-1.414233963000,-0.228721628000,-0.039256668000,1.332901379000,-0.100084486000,-0.095453835000,-0.105721793195,0.133218507821,0.000011543828,0.000561762918,0.027927080046,0.101283174526,-0.551012102049,0.331778330302,-0.225859618897,-0.415051908293,0.475126648156,-0.193589644486,-0.181069190235,0.749124502427,0.662920241781,0.493840487850,-0.770599417720,-0.491423160231
0.000176639000,-0.283962439000,0.658315203000,0.744305692000,0.013879527000,-0.047218188000,-0.666023151000,-1.394895656000,0.182227010000,0.102147537000,1.307094857000,-0.290407180000,0.102439194000,-1.414637370000,-0.228493047000,-0.038843436000,1.334402606000,-0.099098345000,-0.096069734000,-0.105882682833,0.133547699278,-0.002014996823,0.003070958395,0.028259754134,0.101941927032,-0.550658401626,0.332715099199,-0.224719078039,-0.414994916205,0.475352681315,-0.192710665096,-0.180680558620,0.749922225694,0.662794143670,0.496269947253,-0.781075444793,-0.491624115122
0.000246574000,-0.284021702000,0.658332685000,0.744431652000,0.014061979000,-0.046587906000,-0.665922926000,-1.394499141000,0.181875169000,0.102388727000,1.307627145000,-0.291506081000,0.102827051000,-1.415821940000,-0.228299714000,-0.038604282000,1.335456740000,-0.097939518000,-0.096139689000,-0.105554435181,0.134940504310,-0.003125847211,0.004435669862,0.027297305148,0.102618609115,-0.551629460710,0.332414080242,-0.223574219802,-0.414930691269,0.475576607861,-0.193045570155,-0.179933284927,0.750594771376,0.661355125891,0.497620780689,-0.788513969281,-0.491817870017
0.000316500000,-0.284089212000,0.658337965000,0.744558680000,0.014360727000,-0.045804920000,-0.665828845000,-1.394686747000,0.181609587000,0.102627030000,1.308280589000,-0.292377204000,0.103311450000,-1.417530905000,-0.228057861000,-0.038367210000,1.336567870000,-0.096976781000,-0.096045081000,-0.105449130310,0.136417394465,-0.003861883628,0.005089077590,0.025440131907,0.103416940531,-0.553291251720,0.333319630007,-0.222421354435,-0.414860466437,0.475798604715,-0.193973198137,-0.179354832421,0.751005434157,0.659938311396,0.498297991779,-0.794832755222,-0.492007619103
0.000370716000,-0.284176781000,0.658335528000,0.744750380000,0.015160536000,-0.044981767000,-0.665652815000,-1.395795032000,0.181690173000,0.103299020000,1.308434226000,-0.293130098000,0.102696104000,-1.420130525000,-0.227794945000,-0.038167170000,1.337701017000,-0.095781526000,-0.095760133000,-0.104566596709,0.138260386494,-0.005472468269,0.005737694107,0.021754007334,0.104694293923,-0.556933112824,0.335658171585,-0.221254876969,-0.414784923660,0.476018750482,-0.198790871635,-0.179010002544,0.753243669069,0.661132288790,0.498500059873,-0.800614516085,-0.492199472097
0.000344635000,-0.284146599000,0.658308749000,0.744796223000,0.014991625000,-0.045220412000,-0.665589176000,-1.395687222000,0.181768941000,0.103306111000,1.307716440000,-0.292407852000,0.102927404000,-1.420252201000,-0.227783446000,-0.038325635000,1.336555854000,-0.095753680000,-0.095094617000,-0.105137661984,0.137907690415,-0.003067852742,0.005941933828,0.022599860969,0.104555362889,-0.557593166062,0.336787018746,-0.220079718541,-0.414706443872,0.476237783310,-0.197168273980,-0.179335372560,0.752633118112,0.661230245756,0.498521432856,-0.807495544102,-0.492400152107
0.000333152000,-0.284212028000,0.658302572000,0.744849596000,0.015819072000,-0.044504512000,-0.665558551000,-1.397784449000,0.181945759000,0.103467451000,1.306357170000,-0.292303770000,0.101740653000,-1.422456897000,-0.227703000000,-0.038478256000,1.335886518000,-0.094887641000,-0.096073896000,-0.105089312451,0.139277012651,-0.003902548030,0.006438891700,0.020062570560,0.104111454567,-0.557932200801,0.333819155053,-0.218903439181,-0.414625728146,0.476455612703,-0.201098969151,-0.178792488346,0.752938954975,0.662987330160,0.498198187145,-0.812821718463,-0.492598043306
0.000325169000,-0.284210476000,0.658258180000,0.744830900000,0.016265524000,-0.044555724000,-0.665565286000,-1.399186852000,0.182055862000,0.103313374000,1.306144916000,-0.292092174000,0.102094038000,-1.424030277000,-0.227737555000,-0.038602067000,1.335450577000,-0.095197516000,-0.096571575000,-0.105077263647,0.139528929912,-0.002774296101,0.006828264840,0.018503177144,0.103657973588,-0.558981331379,0.332545740940,-0.217730309783,-0.414543493378,0.476672231073,-0.204265863066,-0.178372434443,0.752793965460,0.664097378913,0.497573260919,-0.816277870677,-0.492791950526
0.000325600000,-0.284236944000,0.658219509000,0.744824033000,0.016643911000,-0.044341983000,-0.665577890000,-1.401212726000,0.182075899000,0.103462989000,1.306209322000,-0.291522667000,0.102010891000,-1.426009975000,-0.227598285000,-0.038425757000,1.336117906000,-0.095740525000,-0.097226699000,-0.104896236803,0.140003413662,-0.003078554495,0.005284116061,0.016719400374,0.102961830702,-0.558584533947,0.330689639297,-0.216563366444,-0.414460323893,0.476888369469,-0.207328042022,-0.177885199402,0.750959047118,0.663962398490,0.496738947599,-0.818423099670,-0.492983590528
0.000323259000,-0.284292656000,0.658186955000,0.744800162000,0.017286022000,-0.043810939000,-0.665623402000,-1.403396245000,0.182299923000,0.103362976000,1.306442707000,-0.291583615000,0.102305626000,-1.428763916000,-0.227627926000,-0.038319829000,1.336609619000,-0.095923043000,-0.097918644000,-0.105121919164,0.141090717345,-0.003518583504,0.004535432384,0.013873380583,0.102792756883,-0.557562576976,0.329649136139,-0.215403424942,-0.414376508333,0.477104741812,-0.209939358121,-0.177162166592,0.750255959389,0.661990896399,0.495759675150,-0.819649665259,-0.493174080458
0.000323358000,-0.284270280000,0.658148595000,0.744736215000,0.016986572000,-0.044111481000,-0.665682810000,-1.403670893000,0.182367816000,0.103322635000,1.306740655000,-0.291565927000,0.102487809000,-1.429329846000,-0.227770284000,-0.038126920000,1.337673544000,-0.096264664000,-0.097928336000,-0.105231073034,0.140530993438,-0.003452444204,0.004083040898,0.014671523955,0.103596019644,-0.558347196377,0.329109968753,-0.214250542860,-0.414293100623,0.477321133730,-0.209323767480,-0.177398238690,0.751136359949,0.660458648923,0.494681864840,-0.820233232744,-0.493362733028
0.000327902000,-0.284273214000,0.658140784000,0.744711561000,0.016890861000,-0.044012214000,-0.665719396000,-1.404017751000,0.182400923000,0.103313041000,1.306532939000,-0.291584172000,0.102423322000,-1.429911233000,-0.227912786000,-0.038044923000,1.337927265000,-0.096271663000,-0.098101999000,-0.105552138676,0.140494642928,-0.004412703106,0.004006692190,0.014476878663,0.104293265262,-0.559038446711,0.328935930814,-0.213107579282,-0.414210162739,0.477536955265,-0.209230635348,-0.177523872036,0.752842619088,0.658302700731,0.493539619274,-0.820367037472,-0.493549426725
0.000342428000,-0.284266640000,0.658134706000,0.744656194000,0.016835845000,-0.044043329000,-0.665780663000,-1.404350539000,0.182494720000,0.103318246000,1.306216703000,-0.291375811000,0.101981461000,-1.430113517000,-0.228197597000,-0.038143029000,1.337705388000,-0.096139203000,-0.097817736000,-0.105650668274,0.140386510599,-0.005260998690,0.004085459332,0.014981923755,0.104749149631,-0.559379869707,0.329222420474,-0.211972259285,-0.414127851018,0.477752322592,-0.208637293874,-0.177727857758,0.753593231058,0.657756434355,0.492355240372,-0.820186587095,-0.493734378639
0.000360971000,-0.284232091000,0.658132376000,0.744538321000,0.016446777000,-0.044312721000,-0.665904328000,-1.403749711000,0.182482488000,0.103316635000,1.305740420000,-0.291014542000,0.102296690000,-1.429520617000,-0.228401237000,-0.038104491000,1.337482322000,-0.095699330000,-0.097607938000,-0.106089056015,0.139774216572,-0.006555291243,0.005615933788,0.016119154028,0.105178491411,-0.558725215704,0.330987987789,-0.210845362733,-0.414045666441,0.477967054927,-0.207776547431,-0.177881865212,0.754339004310,0.657446564359,0.491147085533,-0.819786315560,-0.493916917600
0.000379145000,-0.284239677000,0.658130271000,0.744456110000,0.016541431000,-0.044072322000,-0.666009844000,-1.404209200000,0.182647533000,0.103179775000,1.305645745000,-0.290911387000,0.102421326000,-1.430321923000,-0.228462483000,-0.037966714000,1.337156644000,-0.095547334000,-0.097394160000,-0.106006206661,0.140136022171,-0.007750344259,0.006753710669,0.015899812784,0.105316183223,-0.557141379037,0.331040562782,-0.209728247079,-0.413963334983,0.478181291577,-0.207825107871,-0.178067066413,0.754441987904,0.656153432905,0.489927327733,-0.819232853926,-0.494097292492
0.000390119000,-0.284252241000,0.658123400000,0.744352360000,0.016961046000,-0.043944130000,-0.666123713000,-1.404942904000,0.182739567000,0.103188478000,1.305327736000,-0.290891912000,0.102069945000,-1.431212573000,-0.228545669000,-0.037921614000,1.336501472000,-0.095097396000,-0.097320979000,-0.105809923128,0.140482359818,-0.008448240065,0.006430481028,0.015095584664,0.104583284172,-0.556581836883,0.331620577376,-0.208620672707,-0.413880464986,0.478395025035,-0.209391659611,-0.177709860262,0.754717364398,0.657737662462,0.488701069877,-0.818572711167,-0.494276399922
0.000390870000,-0.284270132000,0.658111616000,0.744347383000,0.017342240000,-0.043744890000,-0.666132573000,-1.406045751000,0.182888712000,0.103279900000,1.304839220000,-0.290931009000,0.101951789000,-1.431962890000,-0.228650370000,-0.037955633000,1.335562432000,-0.095171624000,-0.097186490000,-0.105542299770,0.140957571172,-0.008471880319,0.005248831585,0.014009088868,0.104508408004,-0.555652546666,0.331167631731,-0.207521656943,-0.413797042527,0.478608350392,-0.211042581604,-0.177828678335,0.753907658257,0.657839755369,0.487472774808,-0.817838742359,-0.494454679698
0.000385364000,-0.284258992000,0.658085412000,0.744332087000,0.017435264000,-0.044036371000,-0.666128031000,-1.406750008000,0.183147154000,0.103447950000,1.304919352000,-0.290660626000,0.101544342000,-1.432611411000,-0.228665842000,-0.037754697000,1.335585025000,-0.095246826000,-0.097224161000,-0.105008295256,0.140658503130,-0.008658205235,0.005976827325,0.013520585563,0.104360670477,-0.555638183842,0.331498446055,-0.206428108143,-0.413712944222,0.478821526383,-0.212473474765,-0.177606917184,0.753423268608,0.659596900378,0.486243081575,-0.817053710728,-0.494632571866
0.000382959000,-0.284226430000,0.658085580000,0.744307768000,0.017156171000,-0.044394214000,-0.666138698000,-1.406108052000,0.183302270000,0.103595256000,1.304152489000,-0.290431929000,0.101427735000,-1.431542800000,-0.228818155000,-0.037610066000,1.334897116000,-0.095247181000,-0.096886993000,-0.104841619053,0.140189662250,-0.008863460644,0.006230022900,0.015698153676,0.104928293320,-0.555902859338,0.331932865243,-0.205339137595,-0.413628483248,0.479034319366,-0.210716648309,-0.178558973655,0.752744509252,0.658721049286,0.485017286879,-0.816233927603,-0.494808827555
0.000375215000,-0.284138241000,0.658109833000,0.744280027000,0.015972821000,-0.045025193000,-0.666156770000,-1.403385785000,0.183309862000,0.103737058000,1.303446603000,-0.289180291000,0.101092540000,-1.428336771000,-0.228925852000,-0.037956865000,1.333376502000,-0.094828875000,-0.096791576000,-0.106736139987,0.138668462656,-0.009330190210,0.010365980132,0.016880313362,0.104698985699,-0.554168806179,0.336331695376,-0.204253531442,-0.413542705360,0.479246277414,-0.207665054889,-0.178080047754,0.753274397731,0.660168773512,0.483798297471,-0.815391105483,-0.494983082950
0.000354963000,-0.284131557000,0.658137045000,0.744405007000,0.015691351000,-0.045078407000,-0.666020198000,-1.402501542000,0.183513913000,0.103746418000,1.302604741000,-0.289050782000,0.101199782000,-1.427258184000,-0.228982926000,-0.037996130000,1.332516911000,-0.094028184000,-0.096260324000,-0.106638416557,0.138626616157,-0.010764755165,0.012485482781,0.018316513254,0.106074840439,-0.553782147744,0.334481303560,-0.203174435155,-0.413456074895,0.479456926332,-0.205816279367,-0.180018763996,0.754178130658,0.657135755357,0.482592164622,-0.814532880345,-0.495153952048
0.000334487000,-0.284080536000,0.658160357000,0.744478156000,0.015239251000,-0.045429812000,-0.665925051000,-1.400399582000,0.183593650000,0.103909531000,1.300665310000,-0.288749199000,0.101796270000,-1.425283799000,-0.229087840000,-0.038013443000,1.330877862000,-0.093375569000,-0.095910309000,-0.105969152020,0.137983430141,-0.011611186763,0.014242660538,0.020571692976,0.107007385266,-0.553911618581,0.333525567568,-0.202105179753,-0.413368701684,0.479665692154,-0.203867204458,-0.182044905984,0.754028874754,0.656338394372,0.481401521354,-0.813663914692,-0.495320502754
0.000325916000,-0.284077529000,0.658187073000,0.744515306000,0.015149680000,-0.045202771000,-0.665901011000,-1.399603578000,0.183648866000,0.104086549000,1.299131488000,-0.287926546000,0.101762243000,-1.424630683000,-0.229108755000,-0.038267714000,1.329855845000,-0.093037097000,-0.095543489000,-0.106430786579,0.138297268969,-0.011514897996,0.016520848037,0.020621237828,0.107059632427,-0.551477130582,0.333048231524,-0.201044316735,-0.413280627159,0.479873455558,-0.202691607445,-0.182162885722,0.753645951084,0.654535665112,0.480224231803,-0.812788540413,-0.495483841396
0.000316710000,-0.284076989000,0.658206754000,0.744582525000,0.015260595000,-0.045059130000,-0.665833052000,-1.398498825000,0.183548156000,0.104212874000,1.297305247000,-0.287650642000,0.102044987000,-1.423736009000,-0.229061902000,-0.038515234000,1.328641021000,-0.092331388000,-0.094998945000,-0.105945082498,0.138887120064,-0.013044354540,0.018783732123,0.021450380882,0.107772250636,-0.551092085990,0.331899924747,-0.199992496334,-0.413192562052,0.480079930666,-0.202059564076,-0.183140189367,0.753269475340,0.653822589361,0.479059071286,-0.811909450012,-0.495644338678
0.000303201000,-0.284038331000,0.658237540000,0.744675754000,0.015186433000,-0.045349770000,-0.665710742000,-1.396207808000,0.183384140000,0.104497350000,1.295208178000,-0.286999002000,0.102204532000,-1.421223823000,-0.229188101000,-0.038767355000,1.326845881000,-0.091596004000,-0.094216506000,-0.105074350569,0.138908513307,-0.013942097240,0.022394288551,0.022764722660,0.107880549345,-0.552095260841,0.332140810717,-0.198952786771,-0.413104077412,0.480283636447,-0.202026307075,-0.183828456180,0.751822906084,0.655502534617,0.477906569067,-0.811027964410,-0.495802107746
0.000296972000,-0.284106169000,0.658259599000,0.744846387000,0.015811442000,-0.044601119000,-0.665555856000,-1.396924801000,0.183315522000,0.104640882000,1.294335370000,-0.286656527000,0.102176210000,-1.422050036000,-0.228988018000,-0.038771298000,1.326616917000,-0.091475153000,-0.094327291000,-0.104760456422,0.140409933076,-0.014315243928,0.024147110827,0.021126275632,0.108213183432,-0.552746365440,0.331518322649,-0.197924593611,-0.413015713920,0.480485152569,-0.203871472395,-0.183499164508,0.751889034725,0.655733218775,0.476765243864,-0.810146353243,-0.495958460495
0.000293355000,-0.284185888000,0.658269452000,0.744995008000,0.016604699000,-0.043687317000,-0.665430793000,-1.397630101000,0.183165769000,0.104779443000,1.293123116000,-0.287048955000,0.102643512000,-1.422876336000,-0.228811206000,-0.038697248000,1.326335384000,-0.091890663000,-0.094765987000,-0.105047054720,0.142323598931,-0.014508137305,0.025878342364,0.020088891392,0.108591680809,-0.554331161391,0.328408663451,-0.196910261935,-0.412928740440,0.480684507436,-0.204358397479,-0.184309071500,0.752025713383,0.653391998826,0.475634985793,-0.809266600652,-0.496113526755
0.000279036000,-0.284165632000,0.658268203000,0.745093091000,0.016646660000,-0.043851416000,-0.665309122000,-1.396815836000,0.183115480000,0.105287885000,1.291834940000,-0.286159668000,0.102134245000,-1.422158091000,-0.228698162000,-0.038871585000,1.326014382000,-0.091845060000,-0.094673902000,-0.104193008834,0.142108187434,-0.015096232064,0.028749836922,0.020161423239,0.108996163531,-0.555785209513,0.329057816479,-0.195906047449,-0.412842657514,0.480881677863,-0.206060831788,-0.184370295264,0.752225430509,0.655046012628,0.474514247025,-0.808388757509,-0.496267704370
0.000270826000,-0.284153159000,0.658269025000,0.745120240000,0.016606634000,-0.043768143000,-0.665285200000,-1.396377611000,0.183080783000,0.105621030000,1.290169561000,-0.285513294000,0.102218122000,-1.421830540000,-0.228517894000,-0.038992253000,1.325285665000,-0.091605530000,-0.094411900000,-0.104363153383,0.142376852170,-0.014712785080,0.030848378180,0.020652686361,0.109198284755,-0.555856763292,0.329341129705,-0.194908989521,-0.412757864566,0.481077624328,-0.205337959490,-0.184499323396,0.752592733601,0.654406029547,0.473402601646,-0.807513983392,-0.496420936393
0.000269028000,-0.284137857000,0.658281448000,0.745093538000,0.016759339000,-0.043982105000,-0.665297166000,-1.395891006000,0.182999640000,0.105995214000,1.288299974000,-0.284697545000,0.102324061000,-1.421054254000,-0.228571383000,-0.039350754000,1.324303814000,-0.090847724000,-0.093946435000,-0.103963850633,0.142351231553,-0.014882317470,0.032313214258,0.021634705454,0.109709265930,-0.556473647103,0.329353467394,-0.193918738627,-0.412674122546,0.481272241747,-0.205574627676,-0.185160984594,0.752752895423,0.654326882551,0.472300446895,-0.806642285420,-0.496573086611
0.000275685000,-0.284132458000,0.658284594000,0.745073187000,0.016707646000,-0.043970685000,-0.665322012000,-1.395831791000,0.183077704000,0.106137304000,1.287546799000,-0.283752435000,0.102228003000,-1.420632716000,-0.228682789000,-0.039653309000,1.324162233000,-0.090539398000,-0.093639018000,-0.104106050499,0.142583142689,-0.014279140946,0.034430993794,0.022257730507,0.109918569426,-0.557321132030,0.330360911417,-0.192935137418,-0.412591213728,0.481465722395,-0.205893679943,-0.184574551541,0.752709983139,0.655711464157,0.471206573966,-0.805774060603,-0.496724725369
0.000283108000,-0.284162594000,0.658285896000,0.745054071000,0.017064115000,-0.043633766000,-0.665356552000,-1.396566111000,0.183301058000,0.106190832000,1.287806912000,-0.283330152000,0.101979410000,-1.421282870000,-0.228884193000,-0.039893544000,1.325331101000,-0.090347304000,-0.093721274000,-0.104165516131,0.143338210352,-0.014948357358,0.036699350882,0.021571037476,0.110068779995,-0.558597318683,0.329306559776,-0.191962032246,-0.412508907384,0.481657387771,-0.207484354107,-0.184267196836,0.752240295137,0.656368974786,0.470121114924,-0.804909360400,-0.496875979511
0.000301517000,-0.284178069000,0.658275280000,0.745004016000,0.017113115000,-0.043215951000,-0.665438606000,-1.396851917000,0.183508538000,0.106191735000,1.288258996000,-0.283253495000,0.101943630000,-1.421435290000,-0.229190173000,-0.040178229000,1.326131649000,-0.090290360000,-0.093950639000,-0.104481672501,0.144181519618,-0.017095502663,0.040148423388,0.021280708453,0.110360988540,-0.559469509250,0.326784910747,-0.191005435008,-0.412427193068,0.481846119535,-0.207796827988,-0.184125049530,0.750406790391,0.654599839550,0.469045913890,-0.804048397951,-0.497026418971
0.000334599000,-0.284177962000,0.658263674000,0.744887432000,0.016628693000,-0.042601046000,-0.665621026000,-1.397062019000,0.183501560000,0.105916422000,1.289061922000,-0.283584927000,0.102324356000,-1.421840798000,-0.229480123000,-0.040544138000,1.327331007000,-0.090367892000,-0.094563965000,-0.105546760673,0.144384180543,-0.018826266719,0.042801889541,0.020951401968,0.111016841107,-0.557748618851,0.324294477389,-0.190067895479,-0.412346488529,0.482031887406,-0.206604249074,-0.183642065142,0.748237962206,0.651288214441,0.467981892847,-0.803192162838,-0.497175578892
0.000370519000,-0.284162774000,0.658248384000,0.744734125000,0.016076621000,-0.042420085000,-0.665817665000,-1.396480313000,0.183725884000,0.105685725000,1.289960078000,-0.283323912000,0.102015009000,-1.422350975000,-0.229553855000,-0.040715041000,1.329196387000,-0.090063046000,-0.093146002000,-0.105986989922,0.144258306545,-0.020228655767,0.045632692696,0.022667356910,0.111772449379,-0.557927847063,0.325951712673,-0.189144208719,-0.412266854145,0.482215362825,-0.204805853658,-0.183489718257,0.747850510600,0.651289377151,0.466927985715,-0.802340815153,-0.497323909193
0.000413099000,-0.284178946000,0.658238184000,0.744609021000,0.015722217000,-0.041856931000,-0.666001663000,-1.396872927000,0.183950189000,0.105421613000,1.290970802000,-0.283424251000,0.101850313000,-1.424075300000,-0.229559685000,-0.040551402000,1.331375099000,-0.090077649000,-0.093328366000,-0.106986765734,0.144302638877,-0.019460470831,0.046027924912,0.021882737331,0.111152110021,-0.557302337472,0.328116433578,-0.188230302187,-0.412187697934,0.482397814548,-0.204600292312,-0.182508857405,0.747482485813,0.652551686733,0.465882039960,-0.801494337635,-0.497472622855
0.000461946000,-0.284158879000,0.658225580000,0.744418209000,0.015172845000,-0.041733898000,-0.666235391000,-1.396050089000,0.184224680000,0.105195885000,1.291893321000,-0.284175415000,0.102397758000,-1.424865938000,-0.229806609000,-0.040516962000,1.333498831000,-0.090192192000,-0.093038323000,-0.107982985267,0.143938591174,-0.019829969181,0.047107429442,0.022524789538,0.111189636731,-0.556323986550,0.329205113281,-0.187323140488,-0.412109090848,0.482580115336,-0.203210278059,-0.182217257881,0.746457496458,0.650521214722,0.464846261372,-0.800652104848,-0.497621018170
0.000517519000,-0.284170423000,0.658210558000,0.744269723000,0.014775326000,-0.041310648000,-0.666436568000,-1.395785063000,0.184491936000,0.104948848000,1.292116885000,-0.284809428000,0.102970642000,-1.426591409000,-0.229689156000,-0.040274914000,1.336536681000,-0.090335901000,-0.093208817000,-0.107702732191,0.144080987090,-0.020766839194,0.048762884010,0.022669166850,0.111552059812,-0.555781202031,0.328381761235,-0.186424761350,-0.412030219957,0.482762379783,-0.203023616752,-0.182198955890,0.745509466695,0.648533933948,0.463823355687,-0.799813009393,-0.497768577925
0.000564277000,-0.284205330000,0.658193607000,0.744142333000,0.014421138000,-0.040847893000,-0.666615083000,-1.395785586000,0.184693448000,0.104599899000,1.293289193000,-0.285934405000,0.103735506000,-1.429000590000,-0.229378961000,-0.039754495000,1.341036079000,-0.090906922000,-0.093543478000,-0.108305686111,0.144073841049,-0.020190064083,0.049056260574,0.021964460608,0.111852151861,-0.556415023088,0.327101287334,-0.185535147825,-0.411951010496,0.482945002443,-0.202952423177,-0.182012412998,0.745787116918,0.647277100572,0.462812432110,-0.798976862126,-0.497915383961
0.000598757000,-0.284216528000,0.658167242000,0.744042651000,0.013643867000,-0.040722873000,-0.666750348000,-1.394998982000,0.184834865000,0.104425172000,1.294000536000,-0.286484277000,0.104388554000,-1.430848068000,-0.228935812000,-0.039218115000,1.346015292000,-0.091942136000,-0.093383923000,-0.109222844450,0.143572336639,-0.017946542241,0.050273681025,0.021941494663,0.111968312947,-0.556471324165,0.329487168441,-0.184648753863,-0.411871488430,0.483128690593,-0.201998524032,-0.181452797886,0.746447132056,0.647978444333,0.461810290577,-0.798144043930,-0.498061684230
0.000612182000,-0.284270111000,0.658166999000,0.744058674000,0.013141342000,-0.040388498000,-0.666762899000,-1.394192345000,0.185033144000,0.104307683000,1.294337454000,-0.286890642000,0.104263548000,-1.432767723000,-0.228386944000,-0.038534133000,1.351371199000,-0.093104469000,-0.093979821000,-0.110425366479,0.143431679122,-0.017647443569,0.051166493399,0.019369174422,0.111271499638,-0.556206609287,0.333127993344,-0.183764164197,-0.411790132042,0.483313385697,-0.202779681240,-0.180466624560,0.745816665591,0.648652205041,0.461276710902,-0.800231948834,-0.498211586395
0.000608150000,-0.284365365000,0.658157223000,0.744161326000,0.013076811000,-0.039836770000,-0.666682795000,-1.394277165000,0.185380312000,0.104262767000,1.294725307000,-0.288294990000,0.104651461000,-1.436488678000,-0.227844846000,-0.037539940000,1.358949399000,-0.094277321000,-0.094848942000,-0.111445216120,0.143713077681,-0.018238527224,0.052038796110,0.016898793458,0.111726240624,-0.557983877838,0.333791709901,-0.182884160795,-0.411707047826,0.483498387693,-0.204683800141,-0.180499809977,0.745791354129,0.648113757851,0.461334872774,-0.806176136408,-0.498364073022
0.000578119000,-0.284417002000,0.658114936000,0.744320453000,0.012505005000,-0.040027865000,-0.666504657000,-1.393540753000,0.186021942000,0.104507807000,1.295947392000,-0.288971386000,0.104270158000,-1.440287607000,-0.227254053000,-0.036311722000,1.369409561000,-0.096039428000,-0.095467767000,-0.112608883900,0.142885389762,-0.018385624253,0.055350349403,0.015895143452,0.112950663085,-0.561282800481,0.334936751321,-0.182007972936,-0.411622936600,0.483683067766,-0.205768745446,-0.180972031180,0.747251995275,0.648167951225,0.461985354668,-0.816061617357,-0.498518363321
0.000535153000,-0.284454765000,0.658086503000,0.744512010000,0.011816289000,-0.040456793000,-0.666277338000,-1.392071438000,0.186622052000,0.104676845000,1.296465940000,-0.289428871000,0.103894260000,-1.443200776000,-0.226751798000,-0.035079679000,1.379735175000,-0.097440059000,-0.095721754000,-0.113443615812,0.141906318482,-0.018247258437,0.059359388954,0.016174200545,0.113631105788,-0.564070659978,0.335686806420,-0.181136825167,-0.411537914335,0.483866857853,-0.205385863339,-0.182227816560,0.747230176677,0.649062261608,0.463376841273,-0.829929617624,-0.498689377354
0.000493204000,-0.284560124000,0.658077583000,0.744701612000,0.011724544000,-0.040309025000,-0.666075991000,-1.391622240000,0.187237969000,0.104775970000,1.296517565000,-0.290126750000,0.103150100000,-1.447379513000,-0.226264771000,-0.033985262000,1.391013881000,-0.099508925000,-0.096564853000,-0.114048823318,0.141892839181,-0.018952979280,0.061515778005,0.015201764012,0.113375500676,-0.566526822856,0.334648254921,-0.180274331754,-0.411452236294,0.484049738625,-0.208040797876,-0.182127451014,0.746309120320,0.651964403922,0.465275129001,-0.846594617788,-0.498873668056
0.000446324000,-0.284626047000,0.658059824000,0.744850359000,0.011123836000,-0.040503131000,-0.665908176000,-1.390360713000,0.187821301000,0.104931004000,1.296459846000,-0.290393328000,0.102470496000,-1.450397527000,-0.225863608000,-0.032694759000,1.402752603000,-0.101669654000,-0.097549819000,-0.115377996739,0.141015775160,-0.019441716943,0.065426652128,0.015892754505,0.112590662930,-0.567199556544,0.335379975679,-0.179420544879,-0.411366091547,0.484231791600,-0.207485723698,-0.181388651307,0.745931706341,0.653451491760,0.467311098909,-0.864699860148,-0.499052257051
0.000385905000,-0.284665951000,0.658050473000,0.744954188000,0.010631379000,-0.041421490000,-0.665743563000,-1.389063059000,0.188191432000,0.105083474000,1.296755860000,-0.290386721000,0.101113183000,-1.451835194000,-0.225551767000,-0.031569872000,1.413038659000,-0.103683562000,-0.098189376000,-0.115995360544,0.139459644128,-0.019120359229,0.066547054372,0.014953824860,0.110948920414,-0.567185959830,0.339606788207,-0.178573706268,-0.411277499018,0.484412457786,-0.209252855547,-0.180363130840,0.745741000262,0.660444103547,0.469386786379,-0.883078868113,-0.499235366985
0.000310530000,-0.284713133000,0.658072991000,0.745090362000,0.010623655000,-0.042106443000,-0.665548299000,-1.387623048000,0.188443444000,0.105427888000,1.295945746000,-0.290452576000,0.099656279000,-1.451778530000,-0.225248048000,-0.030565318000,1.421137151000,-0.106714842000,-0.098982625000,-0.116324505076,0.138790241597,-0.015098350916,0.069704592466,0.014154894540,0.108983362774,-0.568080828834,0.342940979565,-0.177732132688,-0.411186004997,0.484591689328,-0.209739927183,-0.179242904043,0.745069829782,0.666569077562,0.471456628982,-0.901341417890,-0.499426521853
0.000234393000,-0.284752338000,0.658101325000,0.745201256000,0.010645116000,-0.042734656000,-0.665383738000,-1.386700547000,0.188599302000,0.105533159000,1.295736947000,-0.291018091000,0.098437040000,-1.450407996000,-0.225073048000,-0.029948994000,1.426892834000,-0.109703672000,-0.099832974000,-0.116991014465,0.138290141817,-0.010355625997,0.070418970213,0.013296232452,0.107741322369,-0.569700808974,0.342999275787,-0.176896466167,-0.411091295183,0.484769149994,-0.209337305322,-0.179297009931,0.745520393771,0.671566458357,0.472958223846,-0.915884384081,-0.499611026654
0.000144914000,-0.284823869000,0.658136270000,0.745391026000,0.011293212000,-0.043180042000,-0.665131690000,-1.386809841000,0.188956784000,0.106081420000,1.294910571000,-0.290674687000,0.097088300000,-1.449628676000,-0.224723163000,-0.029381018000,1.431923994000,-0.113512366000,-0.101188276000,-0.115989474875,0.138423768800,-0.004684497179,0.071375928564,0.011168684808,0.106570039904,-0.571677586044,0.345011762755,-0.176063561819,-0.410993404886,0.484945276823,-0.210789300423,-0.179401971752,0.746476880212,0.676437633537,0.474014718808,-0.927544195195,-0.499799253240
0.000056076000,-0.284805555000,0.658166843000,0.745542913000,0.011017216000,-0.044163911000,-0.664901448000,-1.385705489000,0.188990052000,0.106374247000,1.294485014000,-0.290258274000,0.096281670000,-1.446056633000,-0.224897247000,-0.029346068000,1.434757496000,-0.117454018000,-0.101731367000,-0.115600742839,0.137069275497,0.003628055967,0.071655508893,0.010772633102,0.105441867370,-0.571920454935,0.348121460984,-0.175232816085,-0.410891740847,0.485119581650,-0.209944743146,-0.179408979822,0.747825999988,0.682467346534,0.474439737081,-0.935415052720,-0.499968905062
-0.000039977000,-0.284847023000,0.658218430000,0.745837454000,0.011748761000,-0.044442144000,-0.664539957000,-1.385805018000,0.188990980000,0.106894082000,1.292655883000,-0.290123755000,0.095593949000,-1.443431078000,-0.224923720000,-0.029630691000,1.435777779000,-0.120808683000,-0.101964383000,-0.114004992680,0.137561720669,0.013998992561,0.069168814599,0.012630720147,0.104440003755,-0.573115856400,0.342738102211,-0.174409366834,-0.410789095959,0.485291274115,-0.206578612112,-0.182182015629,0.745211047709,0.680244686413,0.474400643674,-0.940496256250,-0.500124257949
-0.000133086000,-0.284842982000,0.658243448000,0.746159255000,0.012324141000,-0.045008839000,-0.664130022000,-1.386588737000,0.189072029000,0.107607522000,1.291444755000,-0.288956491000,0.095015686000,-1.440873754000,-0.225253067000,-0.029926971000,1.435712428000,-0.123729229000,-0.102280233000,-0.112883350276,0.137130707514,0.025711355248,0.065033195105,0.012264172103,0.102892335621,-0.574066399606,0.341836074966,-0.173592412394,-0.410685438548,0.485460020234,-0.205567371905,-0.183422519997,0.742597281140,0.678952008603,0.474038914123,-0.943620779883,-0.500268194066
-0.000227173000,-0.284844200000,0.658252026000,0.746565049000,0.012877668000,-0.045532455000,-0.663627598000,-1.387878424000,0.188976730000,0.107951936000,1.292310665000,-0.288941227000,0.095890949000,-1.438474383000,-0.225665410000,-0.030119835000,1.435271325000,-0.127151495000,-0.102253457000,-0.111769454429,0.136940464170,0.040685919014,0.060384529220,0.012160069836,0.101608681318,-0.575353542168,0.340010326293,-0.172781156395,-0.410581715801,0.485626205697,-0.203187085724,-0.184647496029,0.742093401255,0.677533816649,0.473452645999,-0.945374355574,-0.500402999330
-0.000313417000,-0.284874206000,0.658258867000,0.746980847000,0.013610472000,-0.045859631000,-0.663122360000,-1.390409946000,0.188922063000,0.108380463000,1.293059332000,-0.288968293000,0.095682063000,-1.436828682000,-0.226359344000,-0.030138653000,1.434899336000,-0.130156914000,-0.102195522000,-0.111306666775,0.136923472840,0.055090152279,0.053240065122,0.012310335735,0.100445566365,-0.577864787196,0.337174406867,-0.171972726710,-0.410479443897,0.485790334203,-0.202074670400,-0.186041177966,0.743029265300,0.676318361375,0.472709489435,-0.946168134371,-0.500530364502
-0.000386711000,-0.284903975000,0.658262942000,0.747404617000,0.014544527000,-0.046352059000,-0.662590584000,-1.393129096000,0.188715715000,0.108553229000,1.294909735000,-0.288691095000,0.095535556000,-1.435155955000,-0.227053598000,-0.029968497000,1.434980325000,-0.133299199000,-0.102041040000,-0.110853327006,0.136847015250,0.070724267081,0.047851055118,0.012015816154,0.098950196302,-0.579371732534,0.334126855517,-0.171165162841,-0.410379337020,0.485952795263,-0.202232609232,-0.187109449223,0.743149620279,0.676101183573,0.471854571407,-0.946290381311,-0.500652523050
-0.000432419000,-0.284960441000,0.658274963000,0.747819785000,0.015743880000,-0.046255134000,-0.662101323000,-1.396101514000,0.188336419000,0.108623114000,1.296157410000,-0.288800422000,0.096057864000,-1.434413405000,-0.227799262000,-0.029856139000,1.433659304000,-0.135292198000,-0.101646188000,-0.110719535761,0.137655705821,0.084927618993,0.042756165694,0.010534568979,0.098652710794,-0.580148518772,0.333037611024,-0.168698425392,-0.410282394524,0.486114060888,-0.201901479100,-0.187900085104,0.744176773149,0.673087942260,0.470921088909,-0.945943817867,-0.500770937891
-0.000458891000,-0.285010307000,0.658266824000,0.748105783000,0.017210809000,-0.046637496000,-0.661714795000,-1.399020671000,0.187904504000,0.108878272000,1.297568883000,-0.288852465000,0.095980854000,-1.434155224000,-0.228606704000,-0.029294089000,1.433644865000,-0.136768505000,-0.101099916000,-0.110420728014,0.138456728614,0.099070120613,0.042110923911,0.010292349017,0.098738793126,-0.580659131125,0.332611408571,-0.162521629924,-0.410190001822,0.486274471730,-0.201445756442,-0.190185047753,0.744959514193,0.669866217277,0.469933313178,-0.945270778804,-0.500886630226
-0.000444107000,-0.285049227000,0.658239842000,0.748269793000,0.018439566000,-0.046894009000,-0.661478081000,-1.402132655000,0.187270027000,0.109145838000,1.298810102000,-0.288902401000,0.096836911000,-1.434201005000,-0.229639238000,-0.028779775000,1.434209287000,-0.138592974000,-0.099377789000,-0.110023834782,0.139487224950,0.112694239380,0.043593084175,0.011034830550,0.100545386776,-0.583472637986,0.329491107516,-0.152121700935,-0.410103741529,0.486435067923,-0.200638665178,-0.193199644561,0.748364140307,0.663896523330,0.468911129684,-0.944371374569,-0.500999745727
-0.000400828000,-0.285158952000,0.658194031000,0.748411258000,0.020624000000,-0.046589322000,-0.661275037000,-1.407917350000,0.186527039000,0.109503358000,1.301159274000,-0.289236160000,0.097603997000,-1.436453548000,-0.230383098000,-0.027561603000,1.435303137000,-0.140869954000,-0.099006207000,-0.109742672880,0.141969154873,0.124597134194,0.042937050864,0.009983324384,0.102000277840,-0.585654520595,0.327156764559,-0.134367645406,-0.410024546617,0.486596511186,-0.201634393021,-0.197488583878,0.750717535080,0.656041413701,0.467870803917,-0.943316153970,-0.501110880662
-0.000329232000,-0.285324815000,0.658111899000,0.748544761000,0.023081641000,-0.045402497000,-0.661125246000,-1.416458772000,0.185702429000,0.110369066000,1.304393595000,-0.290250889000,0.099092272000,-1.441340723000,-0.230952323000,-0.025891514000,1.438120085000,-0.143565324000,-0.097938021000,-0.109663283040,0.145124087881,0.133029313149,0.036699481154,0.009979612643,0.103904742198,-0.587707413853,0.322537835933,-0.106620088031,-0.409955724155,0.486761030264,-0.199543302987,-0.202076773692,0.756475917433,0.639329197039,0.466826852707,-0.942156745199,-0.501219060100
-0.000230218000,-0.285594199000,0.657974018000,0.748659482000,0.026464254000,-0.043710242000,-0.660982631000,-1.428482102000,0.184941468000,0.110926495000,1.310965896000,-0.293411507000,0.101734654000,-1.449638431000,-0.231353801000,-0.023568718000,1.443057351000,-0.146522013000,-0.095563403000,-0.109497595715,0.149941172639,0.142596629558,0.026916064523,0.011295813795,0.108520246991,-0.594335329490,0.313606940780,-0.068170787054,-0.409900969869,0.486930126491,-0.197006315823,-0.211327901341,0.763563240152,0.620146347405,0.465789699111,-0.940929371661,-0.501324230734
-0.000074272000,-0.285959193000,0.657793492000,0.748812640000,0.030247532000,-0.040847261000,-0.660829947000,-1.444725294000,0.184447796000,0.111895483000,1.320144549000,-0.297803002000,0.105025648000,-1.461548178000,-0.232610428000,-0.021258781000,1.450445034000,-0.149188966000,-0.090121049000,-0.106947625156,0.155901425333,0.147292945555,0.017666588136,0.013711084517,0.118670851125,-0.604734663402,0.295052157768,-0.015449502286,-0.409864993962,0.487104796046,-0.194641905930,-0.223635111165,0.774675336653,0.591385679682,0.464769500302,-0.939659547654,-0.501425041215
0.000094307000,-0.286419884000,0.657595864000,0.749014401000,0.035087012000,-0.037676953000,-0.660550359000,-1.462930244000,0.184714352000,0.113782868000,1.329830511000,-0.303076488000,0.107661876000,-1.475941811000,-0.233999546000,-0.018610343000,1.459112274000,-0.153186192000,-0.080030597000,-0.103744405634,0.163247960187,0.162531347474,0.007950222197,0.017645840192,0.132233264868,-0.626933277879,0.272345541966,0.054622896019,-0.409855602769,0.487286960221,-0.190976405906,-0.240493091858,0.793758164236,0.560103876183,0.463766186646,-0.938368495586,-0.501522238751
0.000302950000,-0.287182257000,0.657354904000,0.749320789000,0.041953348000,-0.031874250000,-0.660107797000,-1.490219865000,0.186073256000,0.116573665000,1.342523327000,-0.310835178000,0.108993320000,-1.500311453000,-0.235236191000,-0.014943068000,1.473586894000,-0.158993035000,-0.069451863000,-0.103196011511,0.174298604103,0.181452907566,-0.006959746756,0.013021092896,0.153713407784,-0.657351747239,0.243243345802,0.140704964860,-0.409881601180,0.487480306349,-0.198093214988,-0.265765631213,0.822109522124,0.520884390581,0.462779482535,-0.937072265920,-0.501619687935
0.000598000000,-0.288356406000,0.657062881000,0.749738135000,0.051268604000,-0.021639862000,-0.659390609000,-1.530470089000,0.187862426000,0.120380575000,1.354617318000,-0.319550511000,0.109468242000,-1.537251706000,-0.236374922000,-0.010892452000,1.490870314000,-0.166603377000,-0.055774751000,-0.100461883978,0.190069769524,0.207119678489,-0.032022059108,0.001181711394,0.178877945273,-0.688676083041,0.209532203313,0.240704964860,-0.409958530362,0.487694168141,-0.209123612570,-0.293799116198,0.853742603068,0.463313633357,0.461845726774,-0.939254512325,-0.501778758582
0.000847147000,-0.289621602000,0.657356941000,0.749378882000,0.058207373000,-0.012268471000,-0.659463932000,-1.576673588000,0.189708817000,0.125688486000,1.364372299000,-0.327964047000,0.112225960000,-1.578834882000,-0.237856715000,-0.007130125000,1.507751726000,-0.175751506000,-0.037941549000,-0.096493156106,0.205454396183,0.240548603267,-0.060441861323,-0.004954791910,0.204696973833,-0.714773948604,0.174066953490,0.339805588079,-0.410106889577,0.487942149744,-0.215512287863,-0.327780853266,0.884305605466,0.391812209291,0.458061857132,-0.957691337857,-0.501936236000
0.001417668000,-0.291366280000,0.657169932000,0.749265828000,0.067399594000,0.001728475000,-0.658828526000,-1.631002899000,0.191600725000,0.130773666000,1.372304896000,-0.334713450000,0.113631172000,-1.626200028000,-0.238473170000,-0.004148299000,1.520323066000,-0.187349534000,-0.023989109000,-0.092011343226,0.220492199203,0.265678546942,-0.096005363658,-0.013506565021,0.223967183967,-0.723109167693,0.147684985205,0.439805588079,-0.410344741916,0.488243320349,-0.216712951995,-0.354436440326,0.903231860479,0.322424524257,0.440846599981,-1.014678556409,-0.501889238351
0.002310826000,-0.293898895000,0.657256818000,0.749042775000,0.076817234000,0.016086080000,-0.657856574000,-1.687520489000,0.192658792000,0.135878733000,1.374145163000,-0.338748009000,0.112831008000,-1.673918814000,-0.238310370000,-0.000567481000,1.529006223000,-0.200198691000,-0.016387025000,-0.086443230607,0.231382906983,0.279694587303,-0.137952975331,-0.020950795597,0.240979110710,-0.700504457430,0.101655177443,0.539805588078,-0.410676074686,0.488610775804,-0.227371909846,-0.368993075943,0.912521364640,0.275625252353,0.415949836871,-1.103479143162,-0.502714508129
0.003687998000,-0.297586752000,0.657871530000,0.748961335000,0.083525958000,0.026691358000,-0.656786042000,-1.729724140000,0.192586679000,0.140128666000,1.376342336000,-0.341702444000,0.112739667000,-1.704206188000,-0.238930238000,0.003309721000,1.534347630000,-0.213280335000,-0.014053285000,-0.081383222676,0.233840286937,0.286709984212,-0.166932793722,-0.002874703160,0.254531742662,-0.654084143838,0.032972188103,0.639805588078,-0.432954473076,0.489018934615,-0.214667409184,-0.385208781852,0.896967611266,0.233317410118,0.410764459698,-1.164464172290,-0.503403389145
0.005422974000,-0.302977715000,0.659307285000,0.749304695000,0.088971825000,0.038747176000,-0.655076442000,-1.760426022000,0.192513735000,0.142275323000,1.377826455000,-0.345060881000,0.111064816000,-1.721869552000,-0.240141276000,0.005830792000,1.535052542000,-0.228347775000,-0.015792404000,-0.077650565974,0.234245857778,0.285204866919,-0.183992625825,0.012039734388,0.256366496566,-0.618142871489,-0.014129366728,0.739805588077,-0.456529871869,0.489531120344,-0.201326203157,-0.392038884432,0.877570951588,0.208925284823,0.410796839804,-1.208205772420,-0.504014052355
0.007137803000,-0.308784357000,0.661186036000,0.750274943000,0.090556341000,0.046639488000,-0.653231825000,-1.774604542000,0.189888104000,0.141475197000,1.381800273000,-0.347708567000,0.111008319000,-1.720994247000,-0.241534948000,0.008018842000,1.535709427000,-0.244937058000,-0.023619499000,-0.072237950868,0.225881869755,0.290319581125,-0.184786973535,0.028737240865,0.241575330557,-0.586237346041,-0.029004398583,0.839805588077,-0.480531616079,0.490104480724,-0.187851695020,-0.386321361863,0.847806110465,0.222140427110,0.432234062250,-1.236409335425,-0.504581872921
0.008622349000,-0.314088552000,0.663140151000,0.751573249000,0.090394836000,0.053126739000,-0.651263368000,-1.780954909000,0.185746042000,0.138779675000,1.386729046000,-0.352220449000,0.111997387000,-1.710612113000,-0.242979304000,0.009426938000,1.533621243000,-0.263060234000,-0.034406826000,-0.067362341934,0.216653714270,0.288462671323,-0.184782870900,0.031077109881,0.221484583255,-0.561224379528,-0.028763007169,0.939805563400,-0.497400819746,0.490704634503,-0.191419067821,-0.370556358143,0.805651818474,0.257732992121,0.480362931553,-1.254971962446,-0.505125653734
0.009685822000,-0.317754832000,0.664694229000,0.753252155000,0.085696096000,0.053711277000,-0.649909585000,-1.774050761000,0.180912860000,0.134912382000,1.393968940000,-0.355723227000,0.114155309000,-1.688896820000,-0.244662338000,0.010558850000,1.535111876000,-0.281597485000,-0.043851105000,-0.062236598097,0.201738525437,0.291737853480,-0.185943643133,0.038759210158,0.201209172816,-0.544443292596,-0.006034289828,1.013753239211,-0.519259375526,0.491326493986,-0.199692776421,-0.349010724758,0.763212701081,0.323850176451,0.560345521559,-1.263917456422,-0.505651746517
0.010480159000,-0.320020811000,0.666172934000,0.755276000000,0.078104281000,0.051470638000,-0.648697663000,-1.753463319000,0.175189782000,0.130646156000,1.397083708000,-0.359370251000,0.116479231000,-1.653770214000,-0.245361546000,0.010546990000,1.528809127000,-0.300403874000,-0.055007361000,-0.059604870782,0.186527538632,0.285343092690,-0.182271940090,0.036920798361,0.177581462513,-0.529548711045,0.036374633188,1.028086871257,-0.534540302025,0.491945422961,-0.212454467487,-0.319438893166,0.730277230657,0.413850176451,0.652085216951,-1.267339460189,-0.506160751789
0.011081923000,-0.321141176000,0.667968983000,0.757711640000,0.068353682000,0.045116789000,-0.647429780000,-1.711522769000,0.168782347000,0.128620691000,1.387888894000,-0.363121076000,0.120036324000,-1.598356962000,-0.246128501000,0.006832916000,1.507163153000,-0.315562501000,-0.060099928000,-0.058191964307,0.169454777240,0.284446032995,-0.176475837575,0.042353848068,0.156782071154,-0.532271833397,0.105061817324,0.981689116572,-0.546800151971,0.492562010154,-0.223829557132,-0.292294491173,0.752804085860,0.503850176451,0.715173649207,-1.268999257115,-0.506649866367
0.011863847000,-0.322450348000,0.670728463000,0.760361077000,0.059217113000,0.039826101000,-0.645568158000,-1.665640169000,0.160657061000,0.127984933000,1.368821689000,-0.362932309000,0.123019820000,-1.534359187000,-0.245574254000,0.000803947000,1.474287605000,-0.331440690000,-0.066841944000,-0.054984278050,0.153988537295,0.283954880349,-0.177625409449,0.028862949204,0.132103224123,-0.544905413780,0.182744309288,0.882047917408,-0.555180820563,0.493155136036,-0.251526310638,-0.271274742844,0.747464356588,0.593850176451,0.758141438771,-1.269405857928,-0.507120555612
0.013020845000,-0.324535118000,0.675344495000,0.763151813000,0.051514952000,0.034189894000,-0.643254670000,-1.607447655000,0.151629600000,0.130255515000,1.339823989000,-0.364815729000,0.128529472000,-1.461894574000,-0.244395995000,-0.007196492000,1.429844461000,-0.343080005000,-0.068372147000,-0.052313858937,0.139643931692,0.277799953199,-0.180201257726,0.020318515368,0.107959045309,-0.545689950622,0.268420068388,0.793375952333,-0.560926010933,0.493719912138,-0.263567709807,-0.248922044093,0.718517762066,0.683850176451,0.786980982128,-1.268921332100,-0.507573375119
0.015144432000,-0.328610811000,0.682602288000,0.765884125000,0.046557017000,0.033313496000,-0.640424985000,-1.539251663000,0.142195802000,0.135881240000,1.295076307000,-0.367066290000,0.130367665000,-1.375788195000,-0.243075536000,-0.019842530000,1.365790579000,-0.351229661000,-0.066353127000,-0.052872358561,0.125962298447,0.272534944294,-0.182132002961,0.012032447035,0.094669643519,-0.533751562711,0.353792558523,0.710447631238,-0.564806576064,0.494253452867,-0.264859665562,-0.225437846133,0.695435124026,0.773850176451,0.805903799443,-1.267800656850,-0.508006879171
0.018766997000,-0.335548260000,0.696813406000,0.768943181000,0.037485398000,0.028094836000,-0.637598549000,-1.454481174000,0.130934926000,0.142026824000,1.240214429000,-0.368610803000,0.138118718000,-1.280326127000,-0.240086461000,-0.033510207000,1.296423918000,-0.352832468000,-0.063879015000,-0.055333446155,0.106553688923,0.270601743417,-0.188558550748,0.010487672535,0.086429822041,-0.498882619486,0.441305576960,0.641110422364,-0.581732367823,0.494667973203,-0.255883154700,-0.214268040881,0.670000510273,0.863850176451,0.817891593603,-1.266222942027,-0.508415542833
0.024927496000,-0.346649804000,0.721041889000,0.771666315000,0.030516684000,0.022100719000,-0.634910536000,-1.341165085000,0.119320462000,0.152917917000,1.160682343000,-0.374092264000,0.146208957000,-1.158492756000,-0.235722217000,-0.051788158000,1.205516577000,-0.353289109000,-0.056315497000,-0.056399459047,0.087686479552,0.259358480245,-0.175369330673,0.025503352326,0.077744824574,-0.467885598616,0.508983592804,0.591341560285,-0.593365988330,0.495066307826,-0.231178635314,-0.207714411959,0.640602024579,0.953850176451,0.825060127447,-1.264309171823,-0.508790659499
0.033723585000,-0.363468196000,0.751691051000,0.772836485000,0.029219274000,0.024226480000,-0.633469083000,-1.221239385000,0.107471999000,0.161870522000,1.087773600000,-0.378939894000,0.156595890000,-1.042203599000,-0.231571841000,-0.068135291000,1.129404813000,-0.343545373000,-0.046740644000,-0.052408972557,0.066258217864,0.228595380427,-0.163287931894,0.049393061495,0.080942678936,-0.429816543963,0.537387411443,0.555273859551,-0.601272763365,0.495433312911,-0.198288408265,-0.213026228012,0.606479852599,1.010841178019,0.828920607928,-1.262145300668,-0.509120686689
0.044725011000,-0.386355166000,0.784345704000,0.772745054000,0.033672282000,0.032283052000,-0.633000050000,-1.069272143000,0.095275384000,0.172819250000,0.996348238000,-0.386446904000,0.166045610000,-0.883387930000,-0.225705490000,-0.090871267000,1.027015623000,-0.331510851000,-0.031466767000,-0.042823397498,0.041868486755,0.191268932472,-0.129699543973,0.093646705229,0.089118078770,-0.385175933915,0.555535022774,0.528762220713,-0.606547084286,0.495749667114,-0.140192903827,-0.229521281696,0.562776864328,1.041681908045,0.830549586564,-1.259788869166,-0.509393697185
0.056020737000,-0.414873362000,0.813430844000,0.772611154000,0.045291402000,0.036334177000,-0.632218728000,-0.879720027000,0.083657559000,0.189893556000,0.891241423000,-0.393496500000,0.175972617000,-0.733119418000,-0.222242644000,-0.104994118000,0.953947430000,-0.305321523000,-0.007670214000,-0.032567744883,0.016272060145,0.161136209999,-0.082714319885,0.158749892248,0.097680075666,-0.354133766562,0.573432124332,0.508864316647,-0.609956741473,0.495992875060,-0.068146673608,-0.254440943490,0.519943198052,1.066478921150,0.830718510207,-1.257278859839,-0.509594758549
0.066163707000,-0.445980462000,0.835737271000,0.773686255000,0.054572251000,0.040370885000,-0.629921932000,-0.689633026000,0.074068929000,0.209460393000,0.783169566000,-0.398664573000,0.177517583000,-0.572026631000,-0.217098003000,-0.119193110000,0.869220297000,-0.278129516000,0.008357236000,-0.023937424484,-0.009791275284,0.136986110891,-0.046154913427,0.227638504920,0.132075985570,-0.264133766562,0.532190330383,0.607657945590,-0.612039426311,0.496148826034,0.003237971540,-0.262396450621,0.486582778544,1.097898571379,0.829956174197,-1.254650158829,-0.509717545283
0.074391505000,-0.476616900000,0.850413163000,0.775334407000,0.061815126000,0.041341355000,-0.627157348000,-0.546231982000,0.066451638000,0.228389559000,0.695766955000,-0.397676299000,0.171934172000,-0.475506536000,-0.210985566000,-0.121521907000,0.825078695000,-0.249452995000,0.016943307000,-0.020774026907,-0.025979645663,0.105309081517,-0.010677028595,0.285914554141,0.135611585590,-0.174133779341,0.531882415028,0.639550770486,-0.613177591385,0.496217425860,0.049337860997,-0.269868605453,0.459209206502,1.115714678696,0.828633764622,-1.251934705519,-0.509763935854
0.081080573000,-0.504714964000,0.858596057000,0.777757670000,0.068514547000,0.038543085000,-0.623629051000,-0.455433265000,0.061663045000,0.241592540000,0.641655208000,-0.402900860000,0.163200134000,-0.437139469000,-0.206433034000,-0.113176577000,0.823733410000,-0.225467744000,0.023789243000,-0.026030615349,-0.035381655941,0.103600565311,0.008345304680,0.299393671946,0.113416919991,-0.084133779346,0.580760611849,0.589389435560,-0.613643949321,0.496201677777,0.067404988373,-0.279136134553,0.446691912477,1.115503560996,0.826998031000,-1.249158158420,-0.509736862410
0.086142931000,-0.526953067000,0.859652757000,0.781140413000,0.071119694000,0.035056865000,-0.619300137000,-0.368639486000,0.056535849000,0.254102394000,0.586380694000,-0.408069251000,0.154929966000,-0.406314642000,-0.201016362000,-0.107691208000,0.829237946000,-0.202694671000,0.029663787000,-0.029891413991,-0.045544928698,0.094697621478,0.044082089367,0.329586864204,0.116729390517,-0.039511375119,0.645090569154,0.489393944644,-0.613633246893,0.496107580685,0.099598489390,-0.284765158504,0.439985154214,1.101676235523,0.825219162598,-1.246344759291,-0.509635287639
0.089506858000,-0.542511811000,0.855020191000,0.784998432000,0.074636319000,0.029040462000,-0.614299221000,-0.308124248000,0.051728813000,0.267176937000,0.541375311000,-0.413621307000,0.144158351000,-0.411104196000,-0.189084526000,-0.096307762000,0.854594940000,-0.192243071000,0.031767607000,-0.043847409743,-0.048098982338,0.108561796983,0.068716499677,0.328849622894,0.133672788196,-0.079180385065,0.660241232826,0.389393944644,-0.613285199549,0.495944180287,0.122246405094,-0.298108785453,0.435003057533,1.081278419863,0.823413077998,-1.243510606675,-0.509461924314
0.090800862000,-0.549229492000,0.844946981000,0.787362988000,0.078104884000,0.020732748000,-0.611170439000,-0.255199401000,0.045977600000,0.276806068000,0.505518010000,-0.424087906000,0.133015173000,-0.447532818000,-0.177006870000,-0.088576396000,0.876572636000,-0.179276204000,0.030597748000,-0.059668549423,-0.051409032337,0.120270842540,0.084294050362,0.331223846484,0.151110457651,-0.119995416800,0.671856341564,0.298044540741,-0.612701231558,0.495722944291,0.151442347808,-0.303189264407,0.408446672238,1.067243159677,0.584147994336,-0.536666387252,-0.410752350644
0.090686754000,-0.548603872000,0.831323770000,0.787930817000,0.080164268000,0.014368940000,-0.610354201000,-0.219409020000,0.041128253000,0.277572693000,0.486840242000,-0.439269141000,0.114719653000,-0.489181624000,-0.162897428000,-0.088709739000,0.864339773000,-0.166722563000,0.027555904000,-0.081480449396,-0.052858068794,0.142847730503,0.098172003249,0.303530665086,0.169087302841,-0.151006630604,0.677721787729,0.233039601603,-0.611957726144,0.495460493650,0.166223292104,-0.302507879860,0.407468570886,1.055348211089,0.597037783091,-0.541065322565,-0.401242057954
0.089640961000,-0.541462769000,0.815916099000,0.787954549000,0.083231559000,0.010038143000,-0.609999485000,-0.185029815000,0.037797181000,0.281921571000,0.464432967000,-0.447826897000,0.089687746000,-0.519407467000,-0.149772463000,-0.097077571000,0.806492455000,-0.144790017000,0.032871879000,-0.090362832434,-0.049451750445,0.135077864402,0.125359480143,0.286989537045,0.191604449954,-0.129870226590,0.687914408390,0.186551551962,-0.611108809518,0.495164652757,0.162188920052,-0.315379173542,0.411564008814,1.030416068781,0.617247426002,-0.545342963967,-0.390305711678
0.087742413000,-0.527798655000,0.800723194000,0.788502214000,0.087001544000,0.009727887000,-0.608769545000,-0.180719468000,0.036395062000,0.263107911000,0.483542551000,-0.458895151000,0.065082837000,-0.525453589000,-0.140568011000,-0.108636220000,0.710373582000,-0.109516011000,0.040346372000,-0.087497686502,-0.043618160519,0.139380414074,0.150739351214,0.275566011004,0.197496169153,-0.082201919909,0.677291546736,0.153054004399,-0.610198188050,0.494841931575,0.170555454257,-0.325122356332,0.384997351722,1.018117215476,0.628457321315,-0.551016130343,-0.385627006454
0.085488818000,-0.509807777000,0.788060192000,0.789452755000,0.091396022000,0.009241862000,-0.606898429000,-0.163474385000,0.035231620000,0.262313542000,0.471707293000,-0.457908040000,0.036068366000,-0.522746677000,-0.134589629000,-0.122610408000,0.594361772000,-0.064400446000,0.051749751000,-0.092025007005,-0.038301148110,0.147823052815,0.164173942119,0.243682546610,0.192738871420,-0.061078840603,0.676699663090,0.128688415403,-0.609253151291,0.494496907468,0.162979680924,-0.335061664348,0.376918739071,1.029312567344,0.628412021466,-0.550987399906,-0.385293292124
0.083791763000,-0.491397467000,0.778986644000,0.788750107000,0.094092321000,0.012764222000,-0.607335969000,-0.172628321000,0.034199642000,0.225430010000,0.523302753000,-0.472178297000,0.022809629000,-0.509039635000,-0.128728118000,-0.149339420000,0.483944279000,-0.009532203000,0.053705279000,-0.096224083910,-0.034196978981,0.158879069309,0.172102424117,0.233817105196,0.190674456409,-0.044173461287,0.681150062941,0.110743542453,-0.608291841818,0.494134644210,0.162816901441,-0.348714428697,0.348735336585,1.042846574370,0.625881616017,-0.553813005861,-0.389535885380
0.082085447000,-0.468574243000,0.774173112000,0.789135467000,0.094315509000,0.012157478000,-0.606812983000,-0.159933838000,0.032031113000,0.205507006000,0.546361292000,-0.480172416000,0.009230466000,-0.494805987000,-0.124625498000,-0.181365921000,0.400310394000,0.037925314000,0.056197508000,-0.094030781672,-0.030117269968,0.175070436437,0.186826335166,0.226908977593,0.183562299561,-0.046799916185,0.649239280293,0.097280944970,-0.607331130813,0.493761503054,0.168113218235,-0.358592673968,0.317037157435,1.046925552411,0.618936796076,-0.557898745944,-0.395677208367
0.079241927000,-0.442146619000,0.772005578000,0.790495049000,0.092382123000,0.009355272000,-0.605388801000,-0.127660343000,0.028463741000,0.194815675000,0.542642093000,-0.478633061000,0.000247705000,-0.470381371000,-0.122005924000,-0.226011959000,0.338939459000,0.081141293000,0.054943014000,-0.097746549205,-0.031365170502,0.209214994060,0.208542412223,0.244869110711,0.168886233211,-0.032052253822,0.650871848600,0.086987561327,-0.606374255128,0.493381055877,0.189286372996,-0.354602754546,0.261540987123,1.081790768402,0.597748312267,-0.559596010475,-0.405739832432
0.074567316000,-0.415379959000,0.771739062000,0.791240004000,0.093260837000,0.007239625000,-0.604308911000,-0.118118492000,0.023585938000,0.183784260000,0.562443362000,-0.474372621000,0.002475683000,-0.455149020000,-0.117587725000,-0.262666125000,0.303837450000,0.101285829000,0.046777110000,-0.106779336411,-0.030729405909,0.251666868068,0.220603093468,0.261539668778,0.153354369904,-0.017898181265,0.653705485704,0.078940357501,-0.605421267032,0.492996853987,0.208362043247,-0.352596000738,0.217900572819,1.104983391632,0.578469968777,-0.561125559000,-0.415414878445
0.069836481000,-0.392259782000,0.770205663000,0.791564131000,0.096063575000,0.004988684000,-0.603467588000,-0.104156823000,0.021575213000,0.177124972000,0.593490987000,-0.464293410000,0.004297616000,-0.445736185000,-0.115266308000,-0.299919841000,0.279977989000,0.116024961000,0.043616340000,-0.114357116339,-0.032352313251,0.308110086925,0.228341157690,0.274894289712,0.139418071642,-0.027396958023,0.645113721392,0.072487495084,-0.604472136507,0.492608846593,0.221874688334,-0.351997815693,0.184177302268,1.129596580499,0.561081148380,-0.562472095451,-0.424541764796
0.062743727000,-0.373859733000,0.767825105000,0.792679895000,0.097555871000,0.004504803000,-0.601765023000,-0.110702918000,0.024596981000,0.170974761000,0.655791625000,-0.441432060000,0.004334505000,-0.424886080000,-0.115384964000,-0.338105469000,0.254125459000,0.113988977000,0.035970948000,-0.117361813168,-0.034306512263,0.403045516337,0.242960986543,0.289590220095,0.131534998127,-0.043831746200,0.638593704782,0.067182714851,-0.603525975211,0.492216220787,0.241744412479,-0.351090266396,0.158424507252,1.152131147397,0.545307897519,-0.562193677591,-0.432488692960
0.053664897000,-0.363158857000,0.765173301000,0.796194445000,0.099242675000,0.004771868000,-0.596827049000,-0.103920682000,0.032213485000,0.173986838000,0.697142767000,-0.410467829000,0.007605621000,-0.397277191000,-0.119497268000,-0.383504570000,0.222888436000,0.112594645000,0.033391052000,-0.124371732365,-0.037993180403,0.469149747370,0.257474111616,0.303032013467,0.118220567259,-0.066024366879,0.639608850856,0.062721005183,-0.602580736711,0.491817958742,0.256182892855,-0.345758122849,0.143426150496,1.172570691139,0.528107534254,-0.559099056508,-0.439124819845
0.041848491000,-0.357834858000,0.758135085000,0.802423479000,0.093212997000,-0.001547152000,-0.589428115000,-0.111992567000,0.039456303000,0.173684980000,0.757427325000,-0.379260066000,0.017754645000,-0.366417568000,-0.124182759000,-0.428563019000,0.196310894000,0.106646584000,0.024657247000,-0.127691922247,-0.045730319798,0.529941406713,0.275997852314,0.319638135203,0.105941049262,-0.037014253895,0.633834953653,0.087577307066,-0.601632102309,0.491414762994,0.266774427829,-0.336092942921,0.122603053661,1.193104548064,0.503461163656,-0.554284011833,-0.448152673322
0.030733957000,-0.359132855000,0.751838176000,0.805852968000,0.091487978000,-0.005049644000,-0.584983285000,-0.120777422000,0.043977814000,0.168212726000,0.816892944000,-0.349425879000,0.034825939000,-0.332321826000,-0.125241279000,-0.463551794000,0.183795853000,0.084822849000,0.013186715000,-0.123159605479,-0.052157429240,0.585038587331,0.291191484266,0.351263796043,0.090260659025,0.007490792105,0.640567881621,0.112277544798,-0.600670327872,0.491003369885,0.272176076393,-0.324224958345,0.112561513491,1.201531036662,0.483060728203,-0.546858418119,-0.452072989124
0.022141892000,-0.365510761000,0.744467184000,0.808688309000,0.087398693000,-0.007368321000,-0.581661754000,-0.182664059000,0.046444128000,0.149546634000,0.954473937000,-0.305465426000,0.051880585000,-0.287492474000,-0.121686877000,-0.480089173000,0.186666541000,0.041210834000,-0.004360844000,-0.101451404108,-0.062905885084,0.638284052903,0.308630548012,0.395801949010,0.071180800769,0.054852050699,0.685500929001,0.071548967604,-0.599685236996,0.490584153815,0.272852280851,-0.315046602418,0.114279519126,1.212939753293,0.480062366735,-0.540122080655,-0.453657253530
0.016964709000,-0.373383420000,0.737590399000,0.810779092000,0.083268353000,-0.009116845000,-0.579327652000,-0.241108884000,0.045416620000,0.141611925000,1.051837628000,-0.275017066000,0.070637581000,-0.246289152000,-0.118165103000,-0.487656681000,0.198488828000,-0.001552374000,-0.004530358000,-0.076940463740,-0.064993922615,0.660058449524,0.318577474374,0.439812691826,0.060735060269,0.061248921315,0.753690497138,-0.012391120640,-0.598670212620,0.490159657246,0.249475496006,-0.311272508417,0.136125045799,1.199347843066,0.494351130354,-0.540375489552,-0.451858752997
0.016064372000,-0.380329461000,0.731974940000,0.812519725000,0.078318670000,-0.010346899000,-0.577555906000,-0.287380080000,0.044088998000,0.139809419000,1.122745428000,-0.256933495000,0.088136409000,-0.202501327000,-0.115276861000,-0.494078506000,0.202797446000,-0.029835296000,0.006564026000,-0.046736608650,-0.065966524833,0.631757749318,0.318342240440,0.495164185763,0.048997792633,0.072046435845,0.843690497138,-0.066847802611,-0.597618318326,0.489729750361,0.231090668404,-0.306469510209,0.158622977765,1.199274975997,0.512014743825,-0.541182843208,-0.449005064269
0.017974911000,-0.386915210000,0.727642446000,0.816304910000,0.075481318000,-0.010510783000,-0.572571731000,-0.388009684000,0.047380350000,0.140699824000,1.231585149000,-0.254720194000,0.103130809000,-0.167671671000,-0.114437909000,-0.492152733000,0.209950469000,-0.059349072000,0.018639907000,-0.010027592195,-0.061071312877,0.620057122647,0.315131642510,0.523099229707,0.045764640320,0.075753956412,0.872879365333,-0.112940761958,-0.596539006558,0.489296939239,0.193568640656,-0.313830354638,0.204527882609,1.165135122111,0.538650481587,-0.547681036001,-0.450859134249
0.021867937000,-0.393969206000,0.724079207000,0.822467266000,0.071595395000,-0.004269639000,-0.564272511000,-0.475701893000,0.044872592000,0.152017913000,1.258232966000,-0.251489384000,0.122144342000,-0.112935178000,-0.111040503000,-0.500997806000,0.201589712000,-0.078210698000,0.034426522000,0.035699188953,-0.058697755801,0.579554640617,0.313997445056,0.555840354238,0.035091251677,0.059931375500,0.873386112330,-0.150389300734,-0.595509530990,0.488863128807,0.168686047873,-0.314747378678,0.243330766017,1.156444639768,0.557790429242,-0.553322678886,-0.451928489570
0.025025798000,-0.402750220000,0.719727272000,0.832330528000,0.066704886000,0.003681246000,-0.550238856000,-0.539138567000,0.053667314000,0.169915579000,1.212748680000,-0.241881964000,0.132293262000,-0.073382163000,-0.113313418000,-0.505612306000,0.203017830000,-0.094445251000,0.052467018000,0.061243845626,-0.052889401517,0.527641413859,0.303483147619,0.567526299767,0.031393095198,0.056695193561,0.888105492272,-0.181990363381,-0.594408515504,0.488446099877,0.145036739426,-0.310479138936,0.275955909497,1.138507308595,0.571513562196,-0.559611252762,-0.452471645402
0.028473677000,-0.413651731000,0.715368592000,0.847044275000,0.059150510000,0.011430599000,-0.528097107000,-0.567812516000,0.057368941000,0.189054269000,1.128391332000,-0.233414963000,0.146711841000,-0.031016869000,-0.114593214000,-0.517224351000,0.198667342000,-0.104727370000,0.069151870000,0.082729810792,-0.050555204816,0.477648696155,0.301329468327,0.567423507434,0.020374849228,0.077368125668,0.915534455120,-0.203995339138,-0.593307040029,0.488026346393,0.138123699812,-0.292826302347,0.301189359598,1.133778727847,0.573704708010,-0.561868339337,-0.451279558992
0.034246458000,-0.424726383000,0.707366264000,0.864765924000,0.048040750000,0.007061745000,-0.499822083000,-0.587716131000,0.053302225000,0.214734512000,1.020074838000,-0.224758622000,0.161193481000,0.010986772000,-0.112078444000,-0.536796042000,0.181260523000,-0.112752817000,0.084575988000,0.107139378942,-0.046562660479,0.430581113789,0.301655400644,0.560981953293,0.009076056019,0.130362139433,0.966248318043,-0.219163770241,-0.592202182657,0.487609701797,0.116841332818,-0.284921170805,0.322703985678,1.146285541337,0.577772336609,-0.560386747168,-0.451359576494
0.043318279000,-0.436737110000,0.704886975000,0.882825470000,0.039644953000,0.011340553000,-0.467887657000,-0.591760196000,0.042798775000,0.256590806000,0.858404865000,-0.202997129000,0.172421844000,0.047837998000,-0.106982726000,-0.563144428000,0.161581256000,-0.115842430000,0.100633383000,0.134151752897,-0.042607871991,0.362635914367,0.290316785406,0.554921458085,-0.003543758947,0.190519515867,0.998310855051,-0.229484242801,-0.591095413243,0.487197739990,0.084629635172,-0.274086929573,0.339208706131,1.157612164506,0.581544709199,-0.562435821624,-0.451720393575
0.055978677000,-0.450033725000,0.702244325000,0.898824479000,0.034691802000,0.018301055000,-0.436550234000,-0.574278466000,0.030512460000,0.320036014000,0.671768806000,-0.171567022000,0.180498879000,0.072918051000,-0.101385976000,-0.588010524000,0.148795067000,-0.122148104000,0.111868266000,0.151905844391,-0.041291148807,0.346386256575,0.267211130375,0.533998472618,-0.016695432683,0.233070218297,1.001252447452,-0.236380671464,-0.589987944599,0.486791483150,0.057670392230,-0.258549437356,0.344686562766,1.175230811756,0.571976051296,-0.562665935977,-0.454503061681
0.072295534000,-0.465478079000,0.699521060000,0.911836874000,0.030210334000,0.027270010000,-0.408530535000,-0.540554618000,0.015229081000,0.422272327000,0.477542235000,-0.137256266000,0.188966405000,0.104012750000,-0.094829425000,-0.613752917000,0.144693547000,-0.127540554000,0.120597263000,0.176091462614,-0.042820902352,0.322708432011,0.243116164461,0.526723945949,-0.021179686316,0.258243788617,0.985579577703,-0.240887662614,-0.588878292209,0.486388454563,0.040069528389,-0.238979434147,0.344231416147,1.190289427106,0.560563795052,-0.562042955628,-0.456533999687
0.090832406000,-0.481828271000,0.697828279000,0.923116750000,0.026787083000,0.036056851000,-0.381887184000,-0.516521780000,0.008445456000,0.588046010000,0.322898062000,-0.109960359000,0.191334187000,0.131377817000,-0.090610574000,-0.628710125000,0.149845042000,-0.139415035000,0.122758963000,0.197675949174,-0.045929074978,0.292770463013,0.214176016428,0.512253538941,-0.017327304182,0.268748932217,0.962048561657,-0.243734023595,-0.587766258485,0.485990915016,0.050492307566,-0.229504826621,0.311246689834,1.136308120719,0.552533474351,-0.561609376343,-0.457963140475
0.110964062000,-0.497155282000,0.697167502000,0.933736721000,0.024518398000,0.044476982000,-0.354339359000,-0.513897774000,0.002168299000,0.725304714000,0.230853762000,-0.086491282000,0.186549163000,0.153635323000,-0.088307696000,-0.630061637000,0.149027923000,-0.152230537000,0.121477132000,0.209715923195,-0.046758734885,0.262494325252,0.189080492682,0.489371024741,-0.018887294045,0.266365640676,0.948788972672,-0.245399139741,-0.586651549776,0.485604606639,0.006107945407,-0.211663316810,0.299311095396,1.186865003007,0.546806148780,-0.561310416548,-0.458982967593
0.131715474000,-0.510688886000,0.697272880000,0.942960602000,0.020909741000,0.050438492000,-0.328396171000,-0.504353193000,-0.006116913000,0.791486991000,0.188895305000,-0.067641825000,0.187276904000,0.181468593000,-0.089560079000,-0.628707826000,0.155501827000,-0.162115620000,0.121036033000,0.220485292424,-0.050120872859,0.239149208042,0.176541977613,0.483277907676,-0.022153349699,0.270258790845,0.947003689289,-0.246206505241,-0.585529650314,0.485232557606,-0.005253646396,-0.198355962353,0.295916820341,1.202918385876,0.542636877545,-0.561104682044,-0.459723586708
0.153379779000,-0.519159505000,0.699789050000,0.949877716000,0.017182782000,0.054178648000,-0.307411372000,-0.483097761000,-0.010647141000,0.806477800000,0.187926695000,-0.055221175000,0.190746331000,0.210731184000,-0.094513717000,-0.622057206000,0.168309842000,-0.169917662000,0.123828102000,0.222936025090,-0.055695859549,0.209734988598,0.163128894483,0.472830458308,-0.027258542578,0.293021561916,0.955224739462,-0.251507795483,-0.590382581513,0.484890580125,-0.014954826813,-0.187056673077,0.293601160582,1.206618693960,0.539492760264,-0.560960341476,-0.460275541730
0.176741823000,-0.523412527000,0.714620321000,0.957661509000,0.016734481000,0.072476748000,-0.278121399000,-0.436019739000,-0.016220646000,0.801574279000,0.200062969000,-0.058037853000,0.196736423000,0.242867698000,-0.104452955000,-0.600978781000,0.202143684000,-0.163400297000,0.125066393000,0.217949902247,-0.068564215611,0.195519627386,0.162939823604,0.461708256664,-0.035394239678,0.316488609689,0.952091816101,-0.262261512582,-0.604901249456,0.484502895153,-0.000894012152,-0.182055557550,0.287830459893,1.211610238891,0.536998498821,-0.560852314210,-0.460696108749
0.204160750000,-0.518141899000,0.737508828000,0.967706264000,0.039502518000,0.094324239000,-0.230406325000,-0.375336800000,-0.026269188000,0.798858331000,0.196008418000,-0.080860831000,0.195591305000,0.245517556000,-0.124454219000,-0.518270507000,0.294362724000,-0.127375168000,0.124952267000,0.214357998340,-0.085902410834,0.176082844907,0.169155109111,0.463600775363,-0.043552416455,0.345257034285,0.952714146193,-0.282568805157,-0.634948704741,0.484484823376,0.028246069224,-0.177893251939,0.278258702275,1.218591580774,0.534922733597,-0.560756628465,-0.461015959127
0.222892832000,-0.511955582000,0.738679782000,0.970123149000,0.042510479000,0.082668998000,-0.224097684000,-0.317970521000,-0.034335447000,0.780967392000,0.189877440000,-0.112084056000,0.182518727000,0.227859417000,-0.139794160000,-0.420112086000,0.403911687000,-0.083251792000,0.134816969000,0.206224029292,-0.102981268801,0.166050426348,0.174755261286,0.463531508627,-0.044861889337,0.342681050833,0.930447309928,-0.358332370624,-0.655490114201,0.484356824800,0.051901669676,-0.173196367509,0.268539196963,1.221358972265,0.533135980705,-0.560654960596,-0.461252009533
0.237778438000,-0.502246223000,0.736437515000,0.973122278000,0.045233414000,0.064155811000,-0.216497117000,-0.259805273000,-0.043444811000,0.758238167000,0.178353400000,-0.146991168000,0.163372273000,0.142043661000,-0.157619908000,-0.322299912000,0.586355081000,-0.035222622000,0.156516177000,0.193812690993,-0.115898220535,0.154828485099,0.182269845803,0.452474009756,-0.040005966115,0.373040587649,0.952881676507,-0.435789012447,-0.669347703964,0.484143926943,0.075101078930,-0.170456167845,0.259001892587,1.226864814522,0.531568398994,-0.560539476541,-0.461411718384
0.247079329000,-0.487599888000,0.735603228000,0.978446737000,0.045830901000,0.043628272000,-0.196565727000,-0.206157682000,-0.048705260000,0.714048516000,0.171332146000,-0.183911690000,0.127433206000,0.018840625000,-0.174278369000,-0.248280555000,0.767779071000,-0.010783138000,0.155493822000,0.164167123932,-0.124549446286,0.138722951763,0.191058131202,0.428744947141,-0.026897770681,0.422669299304,0.976397188336,-0.443148325146,-0.678502002978,0.483864889960,0.084436368238,-0.164155178007,0.252967534602,1.222171607062,0.530152040901,-0.560408757874,-0.461500881760
0.243724953000,-0.469768975000,0.734053410000,0.984350729000,0.041573756000,-0.013490006000,-0.170714045000,-0.169436128000,-0.048903908000,0.643431499000,0.176580573000,-0.225939436000,0.091764556000,-0.126140768000,-0.178067906000,-0.186464076000,0.910982818000,-0.026958210000,0.125727211000,0.125786789980,-0.124347951982,0.126209325572,0.202788233378,0.366890417877,-0.016467589769,0.440510794856,0.921217290191,-0.493385644034,-0.684351025530,0.483539827592,0.071593685737,-0.174348855252,0.253169276368,1.198651844762,0.528886357826,-0.560266143730,-0.461527148584
0.228937208000,-0.449238810000,0.738097976000,0.990457536000,0.043530183000,-0.011269652000,-0.130276580000,-0.128659817000,-0.048429228000,0.583137433000,0.167879963000,-0.247331443000,0.055006703000,-0.203900582000,-0.170651743000,-0.155758833000,0.952792140000,-0.063167218000,0.101180928000,0.101796917948,-0.121378305655,0.094566325530,0.215826466672,0.335624688785,-0.011828655704,0.403510426499,0.907073595946,-0.593385644034,-0.687876140533,0.483181354828,0.060076897154,-0.174900729311,0.263779292162,1.183905975115,0.527764232205,-0.560109100703,-0.461496307986
0.201884633000,-0.427436247000,0.740612973000,0.994975277000,0.046950421000,-0.011558081000,-0.087671359000,-0.082054610000,-0.050809108000,0.523173180000,0.141743258000,-0.253084868000,0.024342347000,-0.302869645000,-0.157333584000,-0.124121425000,0.965729042000,-0.097938356000,0.078070488000,0.068717037424,-0.117860917345,0.084210696267,0.232060245279,0.309494536267,-0.014031189203,0.380601539814,0.894061811709,-0.693385644034,-0.689767658457,0.482802557706,0.062991504582,-0.173070819445,0.278198764204,1.174037861938,0.526794389836,-0.559935750734,-0.461414289198
0.173448606000,-0.409469474000,0.741740320000,0.997573182000,0.051680396000,-0.009965404000,-0.045580416000,-0.040359191000,-0.050498472000,0.459147135000,0.124635136000,-0.265087417000,-0.002104981000,-0.370189304000,-0.144613661000,-0.103381051000,0.933234962000,-0.123734319000,0.064264793000,0.025748007749,-0.111892868435,0.071604267147,0.249547003410,0.284255367452,-0.029087189631,0.388559076549,0.871694039286,-0.793385644034,-0.690507554213,0.482411181637,0.066071259217,-0.171657286054,0.290603240785,1.164337063437,0.525980379809,-0.559741424830,-0.461287085811
0.154219604000,-0.402341981000,0.746959339000,0.997657508000,0.067536304000,0.009905312000,0.004497605000,-0.010603989000,-0.045759475000,0.407841317000,0.116230856000,-0.274438874000,-0.032111666000,-0.405267319000,-0.137660872000,-0.088935328000,0.841869691000,-0.131134220000,0.064753660000,-0.015295356544,-0.101693592141,0.067454697581,0.260222901786,0.252581377821,-0.039636106934,0.335292523581,0.827725717144,-0.893385644034,-0.689037683230,0.482011488838,0.070781749978,-0.174280779944,0.305584778428,1.162756096645,0.525326006173,-0.559518430054,-0.461121849525
0.145570142000,-0.399114672000,0.750249041000,0.995727323000,0.071857862000,0.023415947000,0.053058832000,0.023182084000,-0.035478071000,0.378335604000,0.128421516000,-0.299043184000,-0.065882701000,-0.418472462000,-0.133254010000,-0.087934248000,0.691462876000,-0.107450079000,0.070004171000,-0.051081662092,-0.093996496893,0.058205807644,0.270609234691,0.226839273977,-0.033114624516,0.245292523581,0.793799836122,-0.950090035812,-0.687050399268,0.481607933668,0.079685311700,-0.183282817940,0.324633913625,1.144100571182,0.524834764108,-0.559266267880,-0.460924336927
0.144126436000,-0.399350995000,0.753763852000,0.991803932000,0.075252470000,0.037620672000,0.096159821000,0.050327809000,-0.018158893000,0.363375069000,0.146257244000,-0.317999989000,-0.110295512000,-0.396623941000,-0.137474418000,-0.104684093000,0.507690556000,-0.053159196000,0.080938337000,-0.079288193072,-0.086391006150,0.048282396124,0.285397960511,0.178204851340,-0.041767934737,0.155292523581,0.768677208299,-0.850090035813,-0.686006930045,0.481203794434,0.079911500706,-0.195750172604,0.340298550332,1.153189576880,0.524463028093,-0.558982122310,-0.460711995076
0.145349901000,-0.399941786000,0.757677026000,0.987818730000,0.074701437000,0.052376091000,0.126057911000,0.069222274000,0.001742300000,0.354811689000,0.166638525000,-0.338222267000,-0.143701956000,-0.375584846000,-0.146266718000,-0.157943756000,0.319662742000,0.027106253000,0.088343042000,-0.117594579516,-0.078937109379,0.036221578006,0.274316701211,0.114283273738,-0.063881956601,0.065292523581,0.829479825861,-0.777148200338,-0.684721182294,0.480806258321,0.079230663236,-0.214430496910,0.364500636933,1.137936889989,0.524219306678,-0.558668395295,-0.460494879226
0.147977183000,-0.396940251000,0.756339398000,0.985288134000,0.072108580000,0.053648177000,0.145359962000,0.089828514000,0.020799835000,0.342272565000,0.179429292000,-0.350209085000,-0.165968719000,-0.369725920000,-0.147049784000,-0.205443919000,0.184339603000,0.100058971000,0.087631677000,-0.147486797499,-0.076413320274,0.010504336948,0.259569363335,0.105925735250,-0.063922177336,-0.024707476419,0.867863891451,-0.724796818272,-0.683276606302,0.480419175769,0.082547411848,-0.225944725976,0.407423608420,1.151236842001,0.520905240594,-0.458165281740,-0.407799747662
0.149410283000,-0.389262224000,0.754232417000,0.983136941000,0.066046817000,0.058199296000,0.160288535000,0.119674112000,0.038105425000,0.332794207000,0.190485176000,-0.356766587000,-0.177817650000,-0.368115939000,-0.140794548000,-0.193565743000,0.101218469000,0.147614825000,0.091170885000,-0.165909937517,-0.081174036753,-0.010910613186,0.253761499309,0.137398337042,-0.008214801011,-0.114707476419,0.867455040166,-0.624796818272,-0.681725583527,0.480045488221,0.093499494098,-0.216392614613,0.388717906228,1.187963068580,0.495088902173,-0.458609072404,-0.414621952819
0.152499244000,-0.377081298000,0.757229699000,0.980045056000,0.064775766000,0.081706018000,0.169233316000,0.140919292000,0.053241026000,0.329388078000,0.212503873000,-0.370191226000,-0.182452457000,-0.362710583000,-0.134063053000,-0.158299248000,0.068583666000,0.165526064000,0.092386281000,-0.173601149322,-0.083121781971,-0.008812122340,0.257964203724,0.176575090495,0.011282031211,-0.080736345119,0.840948897892,-0.524796818272,-0.679801623076,0.479687477473,0.100544706784,-0.211032458829,0.386864742009,1.198979458416,0.482138362494,-0.460052445120,-0.419445741275
0.160504633000,-0.364652882000,0.762237600000,0.976197140000,0.063097714000,0.106784982000,0.177917932000,0.149708679000,0.073842724000,0.335473507000,0.259244228000,-0.377633957000,-0.187125400000,-0.339638971000,-0.131051660000,-0.180277122000,0.078830094000,0.165026502000,0.079457586000,-0.182016174913,-0.083355521193,-0.004327312654,0.279153322090,0.210717902883,0.015303388308,0.009263654881,0.818477266768,-0.489153052586,-0.676451811575,0.479346687406,0.113598767643,-0.215096520347,0.371613981743,1.211279374762,0.473035730515,-0.455740605950,-0.423023976813
0.172313665000,-0.361132199000,0.772860069000,0.971679205000,0.052693843000,0.124849909000,0.193585592000,0.122203618000,0.099410689000,0.281857243000,0.383546207000,-0.364640050000,-0.141438060000,-0.276563572000,-0.125869207000,-0.222952664000,0.095010976000,0.147883004000,0.061158359000,-0.179116347226,-0.092247536893,-0.004836246083,0.308874276990,0.269544074860,0.033809681177,0.099263654880,0.789614746831,-0.589153052583,-0.678873149399,0.479022080566,0.136788435050,-0.223248849722,0.363629517382,1.215693517781,0.474939551382,-0.450896818091,-0.423674616503
0.182921619000,-0.364646121000,0.768349399000,0.971145094000,0.032139837000,0.113699524000,0.207163355000,-0.014995732000,0.112246768000,0.146825690000,0.664196224000,-0.293982486000,-0.044664654000,-0.205008177000,-0.117798283000,-0.276899883000,0.104623042000,0.091876928000,0.038858888000,-0.171258260369,-0.098118359384,-0.028054598021,0.323145806141,0.345971174596,0.043609061403,0.189263654524,0.879614744538,-0.689153052573,-0.680026036704,0.478716957566,0.150178921214,-0.223502521305,0.378671419265,1.222789892019,0.486259736833,-0.446848511044,-0.424459049193
0.187960096000,-0.366325700000,0.761228139000,0.968670319000,0.029225192000,0.095817010000,0.227250528000,-0.151659190000,0.115540128000,0.110589160000,0.904054091000,-0.234913195000,0.020596682000,-0.148846274000,-0.108596919000,-0.331242418000,0.109549351000,0.028681110000,0.038301152000,-0.164590882789,-0.090124114298,-0.040467170441,0.338070258641,0.319612752447,0.021278550208,0.279263654524,0.969614744538,-0.789153052573,-0.680292924623,0.478437228073,0.162858981045,-0.233428529735,0.382187142578,1.223741858535,0.502974007999,-0.439946440424,-0.424467520361
0.183012722000,-0.357821020000,0.753886521000,0.965817831000,0.035270935000,0.076337176000,0.245203006000,-0.269029675000,0.110395451000,0.109529771000,1.048238711000,-0.237459540000,0.073659371000,-0.095239264000,-0.098261740000,-0.369936566000,0.102795471000,-0.012581392000,0.048339998000,-0.136595061354,-0.082582541524,-0.063992341686,0.324111621804,0.304292603457,-0.000784576089,0.369261966192,1.024597640137,-0.889153044033,-0.679944315148,0.478180065077,0.169492342114,-0.239285744603,0.385988453578,1.218201548866,0.514996637932,-0.437613010761,-0.424957529969
0.170148674000,-0.347610006000,0.746574166000,0.962982779000,0.039471423000,0.059365234000,0.259965272000,-0.366942795000,0.107138491000,0.130049082000,1.109890381000,-0.264019168000,0.113867984000,-0.042262415000,-0.091463444000,-0.387479587000,0.089353195000,-0.038790732000,0.062105624000,-0.106085279446,-0.075345949640,-0.083877363425,0.321035675589,0.306854530005,-0.014052237433,0.393438638459,1.016520707076,-0.989152686700,-0.679168822044,0.477935895391,0.166605391239,-0.245451486027,0.394750342330,1.225300480806,0.526976614581,-0.433719665516,-0.426368410184
0.150679811000,-0.335062072000,0.740915266000,0.960565422000,0.040174436000,0.044309814000,0.271545070000,-0.451210849000,0.108932440000,0.159212339000,1.122263895000,-0.279315864000,0.139238485000,0.009563320000,-0.086688211000,-0.387828218000,0.067860010000,-0.049599066000,0.075948411000,-0.075475954629,-0.071233771676,-0.103426839505,0.318812416567,0.307374060129,-0.009588556794,0.340765548073,0.984718773826,-1.089152686634,-0.678100518258,0.477693638348,0.163827597727,-0.253957949701,0.404653592215,1.216798768929,0.549202486909,-0.431539129135,-0.425477822444
0.131877504000,-0.333559661000,0.735483463000,0.958085817000,0.039118850000,0.030374237000,0.282167839000,-0.521762475000,0.110498481000,0.188704666000,1.106419975000,-0.278454567000,0.153898552000,0.047333651000,-0.089782533000,-0.411469236000,0.066666800000,-0.062769200000,0.082624284000,-0.047797566998,-0.069309894793,-0.133848225432,0.315436917645,0.321269403610,0.001998322775,0.264320277343,0.949904827622,-1.189152686615,-0.676828382517,0.477440920730,0.168592581563,-0.259838240051,0.403975434598,1.206995539364,0.571758792152,-0.429903560708,-0.423462473709
0.116052787000,-0.340151780000,0.725983705000,0.955238990000,0.042965299000,0.002082531000,0.292691164000,-0.528232131000,0.100713259000,0.238743268000,0.913167722000,-0.243627970000,0.161049706000,0.097243709000,-0.091855274000,-0.414162787000,0.048255594000,-0.059965466000,0.097149065000,-0.027334475419,-0.067971516503,-0.148544556733,0.314164498050,0.351477273798,0.009316017030,0.217175890518,0.949545997839,-1.289152686615,-0.675407910341,0.477164758050,0.157229870163,-0.258473764224,0.407346988421,1.207606299010,0.602790993865,-0.429648909537,-0.418281400067
0.110266273000,-0.337035379000,0.720746770000,0.950387828000,0.039816382000,-0.002854319000,0.308495519000,-0.474197747000,0.072925915000,0.361750623000,0.599647444000,-0.191139307000,0.163144968000,0.151554571000,-0.091085755000,-0.417452165000,0.036049167000,-0.074621460000,0.112947362000,-0.000521127982,-0.065428298278,-0.148682785818,0.310979639666,0.396946913840,0.011470759738,0.198976944898,0.983929657932,-1.357196861125,-0.673871241537,0.476854257255,0.142554269533,-0.265262015583,0.404573883768,1.202326208229,0.665443454039,-0.435480536550,-0.411252898070
0.115087962000,-0.326584774000,0.715536169000,0.945470884000,0.039715434000,-0.001832455000,0.323270991000,-0.457248257000,0.059304423000,0.523414434000,0.400978546000,-0.152581353000,0.159422654000,0.187002242000,-0.094796433000,-0.428062960000,0.057608419000,-0.109223590000,0.106067897000,0.017795821474,-0.065324664125,-0.159336756650,0.297648511170,0.436567691487,0.014137225660,0.235239644803,0.992148912673,-1.402054217050,-0.672242177822,0.476505671220,0.145377567030,-0.272609062920,0.355707078243,1.181114722974,0.699401077936,-0.442206734087,-0.407346940176
0.126379531000,-0.310133658000,0.709016798000,0.942497107000,0.037357288000,-0.000309439000,0.332119768000,-0.478419770000,0.049083359000,0.648869434000,0.298576256000,-0.128307450000,0.153866613000,0.214905809000,-0.100844798000,-0.443547341000,0.082346590000,-0.132322625000,0.095469001000,0.041799775753,-0.062328204205,-0.182065155373,0.284973132077,0.471098245892,0.003827364533,0.292296886487,0.997025872908,-1.430611969034,-0.670533598257,0.476120862216,0.133750227732,-0.268283099308,0.321362861234,1.167642315190,0.699293034745,-0.445042383795,-0.412091777284
0.140401344000,-0.291932235000,0.702475324000,0.941903316000,0.034497503000,-0.001445667000,0.334104738000,-0.527374542000,0.050498350000,0.706271096000,0.249975859000,-0.098434675000,0.153426947000,0.243674754000,-0.112917640000,-0.452349241000,0.112648337000,-0.152959973000,0.088175639000,0.064878240191,-0.061572663947,-0.207470954955,0.277988706670,0.498236052105,-0.010829244672,0.339994633848,0.987857201294,-1.447721003698,-0.668762646190,0.475708217052,0.130221460213,-0.267658527969,0.272681284281,1.148232547548,0.679745277115,-0.452733795858,-0.421750906686
0.152255870000,-0.277369226000,0.694197837000,0.946332721000,0.032490809000,-0.012435736000,0.321316169000,-0.579986854000,0.050858350000,0.743171956000,0.224459783000,-0.072489132000,0.158084703000,0.263519989000,-0.126862552000,-0.448287335000,0.157689962000,-0.173359220000,0.080017306000,0.085521380948,-0.059228342850,-0.215199731130,0.270529324571,0.511681105252,-0.020559256680,0.362943337471,0.961202475226,-1.456824968862,-0.666950082188,0.475276919714,0.131624495916,-0.268054100926,0.237822416371,1.117709049448,0.656167534893,-0.464089755098,-0.428867831028
0.161446392000,-0.268052871000,0.688887938000,0.946638205000,0.034551549000,-0.016896002000,0.319995039000,-0.628693835000,0.047046260000,0.773643038000,0.213498444000,-0.051424040000,0.163580663000,0.280216587000,-0.134603977000,-0.420025123000,0.198647487000,-0.189002878000,0.069377703000,0.101565160851,-0.058818927641,-0.223665114974,0.270733014116,0.512401300803,-0.034077951014,0.361837974432,0.926423471620,-1.460359588983,-0.665114862961,0.474835779987,0.133065609577,-0.265375060899,0.212700099120,1.092330094388,0.631809684948,-0.476173163846,-0.435163082052
0.167620877000,-0.266127286000,0.697544674000,0.937035293000,0.030663710000,-0.006622198000,0.347822862000,-0.657538841000,0.044753841000,0.804046900000,0.209491791000,-0.034235363000,0.167950866000,0.291796690000,-0.140414871000,-0.392130148000,0.239467464000,-0.202605153000,0.064094232000,0.102685559103,-0.058837062226,-0.229057309550,0.275629858523,0.502018896366,-0.044020780172,0.345557655541,0.890847439807,-1.460027134752,-0.663272086485,0.474390311327,0.137706358335,-0.263694170451,0.192741357875,1.078568301363,0.603723128636,-0.488183613320,-0.440778590383
0.174086773000,-0.258020220000,0.716658929000,0.912768203000,0.033082887000,0.037414253000,0.405413250000,-0.674074146000,0.047016388000,0.795189005000,0.225906383000,-0.019621630000,0.173050406000,0.293469036000,-0.146454463000,-0.361784741000,0.291872129000,-0.215457753000,0.059172385000,0.099209076961,-0.058048280429,-0.240060658228,0.284452775393,0.497257801366,-0.050170796726,0.329788309378,0.864031106916,-1.457008563257,-0.661433255964,0.473943752716,0.145677649927,-0.257318247831,0.179785054907,1.064914495672,0.578102390459,-0.498168370190,-0.441586059503
0.176297142000,-0.244717908000,0.714320849000,0.918766356000,0.033158765000,0.048318842000,0.390428186000,-0.672598397000,0.055527157000,0.743788152000,0.266186799000,-0.009531822000,0.175401088000,0.293350230000,-0.155074181000,-0.328722373000,0.351529291000,-0.228548538000,0.057962351000,0.091330363164,-0.059533282156,-0.244074053746,0.296881356573,0.487624084363,-0.049874060636,0.327910619887,0.855368564000,-1.452095934121,-0.659600052739,0.473499512936,0.148504543321,-0.248694497373,0.170678298089,1.060309925955,0.550209209581,-0.500506696185,-0.440990385309
0.176274444000,-0.228270597000,0.705621094000,0.928726542000,0.028886804000,0.052542793000,0.365884979000,-0.693114179000,0.064048584000,0.603247272000,0.357582677000,-0.013463409000,0.173554393000,0.272914936000,-0.164311660000,-0.281070062000,0.447948629000,-0.235677556000,0.053874591000,0.080949718777,-0.062316042461,-0.253658972316,0.303265301678,0.479637753074,-0.043263806413,0.341428011593,0.865189923709,-1.445832201341,-0.657771409365,0.473059078522,0.154419457170,-0.239734312506,0.176263265718,1.060560659349,0.528941728591,-0.499199833695,-0.435731851951
0.176563484000,-0.216914418000,0.693849859000,0.936776726000,0.031006071000,0.045331036000,0.345590922000,-0.764271399000,0.067129145000,0.425936811000,0.506635508000,-0.040492476000,0.168971789000,0.204525267000,-0.176324555000,-0.234459396000,0.595039052000,-0.240945524000,0.050635042000,0.067424343181,-0.062327991861,-0.257501798683,0.294328278169,0.462550151250,-0.039621822396,0.339150123819,0.857931153934,-1.438652810624,-0.655957162561,0.472625845867,0.146261305641,-0.229648556483,0.196144718363,1.050256938225,0.516764859026,-0.503749604918,-0.432141858380
0.183131124000,-0.207973483000,0.681590859000,0.946807916000,0.035695340000,0.033836284000,0.318018426000,-0.866214886000,0.072937525000,0.299648510000,0.725652786000,-0.106157599000,0.176391165000,0.128252392000,-0.184922171000,-0.196816947000,0.736302006000,-0.263054590000,0.043263458000,0.061728529158,-0.060798438540,-0.256387219777,0.287609571456,0.445953267149,-0.029143783055,0.312607968071,0.829897926613,-1.430870304111,-0.654169292973,0.472206265854,0.136551878360,-0.223552610816,0.230311251871,1.030106155239,0.506334706207,-0.508960877886,-0.428088876067
0.188514435000,-0.205737810000,0.666633235000,0.954596155000,0.042128752000,0.021386349000,0.294132579000,-0.985550733000,0.080518383000,0.241583793000,0.916336712000,-0.153534124000,0.182910449000,0.039301914000,-0.189786726000,-0.163299982000,0.865234375000,-0.303691963000,0.031949296000,0.073787933922,-0.049752635920,-0.239455841611,0.272429294643,0.427847770239,-0.020692463064,0.260084392928,0.789891723153,-1.422715995534,-0.652417421366,0.471806688047,0.113215638920,-0.219735525891,0.259251464468,1.020535899319,0.501433465683,-0.513373740169,-0.425294021445
0.182422477000,-0.212001249000,0.651304982000,0.958448211000,0.048478445000,0.010002708000,0.280939163000,-1.080571380000,0.091635779000,0.217652955000,1.038887588000,-0.173418693000,0.176590017000,-0.011623918000,-0.191948254000,-0.144661496000,0.931710992000,-0.350314722000,0.024825338000,0.072868488935,-0.039707192087,-0.228417919695,0.281736740010,0.410546413281,-0.011616172764,0.202679079677,0.745882925340,-1.406997002696,-0.650706260723,0.471430259402,0.097293864767,-0.217735723350,0.300795539754,1.001499664203,0.502919534836,-0.515185899415,-0.421858540844
0.157272648000,-0.229469717000,0.639198385000,0.958905870000,0.055912430000,0.008146083000,0.278041318000,-1.134789507000,0.101348078000,0.216238642000,1.074662212000,-0.164404862000,0.165301714000,-0.038066868000,-0.197611559000,-0.132946611000,0.970287846000,-0.388131781000,0.026885840000,0.079044924119,-0.035616562824,-0.224703200692,0.276125184716,0.394720804722,-0.007643805158,0.177143052018,0.695707004119,-1.368037756123,-0.649029372188,0.471073877567,0.085708140620,-0.222047625816,0.289744888264,1.027941826954,0.494912783031,-0.514109010755,-0.426063841038
0.123566303000,-0.254657490000,0.631937569000,0.958336930000,0.059185526000,0.010554187000,0.279241850000,-1.197150766000,0.109538496000,0.218379131000,1.103111161000,-0.154455474000,0.155586830000,-0.066720366000,-0.201327916000,-0.120595304000,1.003300219000,-0.420034011000,0.019118660000,0.089525074023,-0.027245008556,-0.214530509936,0.253337603527,0.371302345033,-0.007139806680,0.160017330894,0.653850868811,-1.314383870448,-0.647382245996,0.470737351333,0.063523933724,-0.221971069552,0.289368511328,1.036100908743,0.489200271306,-0.516071024565,-0.429994725955
0.095844962000,-0.278070838000,0.624631729000,0.958516751000,0.064079200000,0.008613292000,0.277606385000,-1.268375874000,0.117512292000,0.215348361000,1.163962729000,-0.153374502000,0.144525560000,-0.092038174000,-0.207114727000,-0.107186683000,1.045557140000,-0.448240006000,0.014581495000,0.085140813020,-0.019560926949,-0.221115017871,0.243344756006,0.345665850644,-0.006702830024,0.141072425378,0.620065359286,-1.262084880881,-0.645496373339,0.470419804089,0.041903618907,-0.222574992523,0.298656288184,1.043163223452,0.483322783281,-0.516917458811,-0.433287475840
0.072688517000,-0.301435908000,0.623349184000,0.958259964000,0.069983341000,0.011640175000,0.276956096000,-1.339330464000,0.125738660000,0.211487560000,1.232953402000,-0.159812552000,0.132660277000,-0.110338524000,-0.215804258000,-0.097016922000,1.081074949000,-0.473605676000,0.018216084000,0.083112641829,-0.012774089112,-0.219708331767,0.220229721334,0.325370582559,-0.001093892180,0.104566419563,0.583091049798,-1.207658597978,-0.643370916857,0.470119691574,0.014142568225,-0.229638747843,0.305072555721,1.035022142468,0.482497716302,-0.520281307838,-0.437408346316
0.055657083000,-0.323002181000,0.626994189000,0.957881825000,0.075702084000,0.008186846000,0.276883693000,-1.403837454000,0.131543189000,0.207650740000,1.307876103000,-0.172734704000,0.124258926000,-0.113982699000,-0.224917298000,-0.086433679000,1.119437626000,-0.494591455000,0.024778470000,0.075936459182,-0.011433579479,-0.214568699609,0.200815202209,0.322255487313,0.003568574486,0.086535179843,0.572837664691,-1.159914208558,-0.643232367420,0.469833977666,0.005630700968,-0.231268036920,0.307693357644,1.030962885306,0.476815753607,-0.521366294353,-0.439920684399
0.042153990000,-0.342886545000,0.634679546000,0.957894846000,0.080263238000,0.005158379000,0.275624143000,-1.466565757000,0.136077225000,0.202705133000,1.387883760000,-0.194792939000,0.119215200000,-0.122668085000,-0.234540021000,-0.077099901000,1.163292893000,-0.513467408000,0.035323085000,0.065251423273,-0.008796559448,-0.205416403601,0.182165281688,0.302512457515,0.016351755884,0.025306202850,0.541861452950,-1.086417550653,-0.643540528770,0.469562829971,-0.003894425010,-0.235070077567,0.339713221065,1.005396694689,0.482773728639,-0.525384797747,-0.440811907526
0.033700597000,-0.358379262000,0.640850456000,0.957989400000,0.084180103000,0.002859406000,0.274156604000,-1.509764872000,0.139580221000,0.199224708000,1.438948893000,-0.210122044000,0.112180269000,-0.122415343000,-0.244247549000,-0.069254245000,1.203336410000,-0.523242622000,0.049490761000,0.056923275069,-0.009359596369,-0.204320027576,0.178693596969,0.297921980696,0.028190415318,-0.032278960122,0.513018976535,-0.987189448437,-0.643619479589,0.469302827793,-0.001663037955,-0.243247781900,0.348693000755,0.990583686994,0.486489271155,-0.526162819632,-0.440797473467
0.030910068000,-0.366576002000,0.643757312000,0.957893426000,0.085904509000,0.002803441000,0.273957553000,-1.534231374000,0.140910588000,0.196246862000,1.454908941000,-0.216850696000,0.105290448000,-0.122033252000,-0.252689616000,-0.061488770000,1.233489074000,-0.526969471000,0.062879406000,0.050622830981,-0.009373994401,-0.199499574920,0.176626258034,0.296036939771,0.034184062006,-0.070325554371,0.496499035755,-0.887197552489,-0.642575471509,0.469052725981,-0.003942999149,-0.246878342349,0.356365093703,0.990110448151,0.488883901012,-0.523765412534,-0.442530155186
0.033923887000,-0.366247181000,0.644238271000,0.958616514000,0.084759261000,0.005089686000,0.271743154000,-1.553972969000,0.139982493000,0.192023800000,1.460057610000,-0.220132697000,0.102064117000,-0.118171383000,-0.259454890000,-0.053923162000,1.252218805000,-0.528887073000,0.073346132000,0.049832341412,-0.009906186795,-0.206296424833,0.172066652884,0.302763741249,0.036411910527,-0.086143807822,0.483921452524,-0.787203441546,-0.648173547250,0.468804535374,-0.001732551924,-0.245108284258,0.363466642721,0.988103493290,0.492987455890,-0.522333431270,-0.443109421282
0.041232844000,-0.361650694000,0.642588095000,0.959863853000,0.081007829000,0.009031321000,0.268360860000,-1.578052996000,0.138372966000,0.185062223000,1.469140919000,-0.221487606000,0.101393554000,-0.121115976000,-0.265018069000,-0.046373424000,1.276154851000,-0.531131802000,0.076699690000,0.054612148413,-0.008909807428,-0.212840086987,0.162060011009,0.312228526037,0.035586105252,-0.081205407519,0.474459067363,-0.723720698805,-0.683365974407,0.468432154626,0.002859353869,-0.237037993123,0.370390574254,0.982689427100,0.495862796060,-0.521329028541,-0.443513545271
0.046838571000,-0.358649915000,0.642683654000,0.961137924000,0.079205662000,0.011510020000,0.264211795000,-1.576021365000,0.135640842000,0.177564857000,1.465649025000,-0.224856469000,0.099598262000,-0.109405129000,-0.268708822000,-0.042757227000,1.280084189000,-0.530836229000,0.080379142000,0.056281257411,-0.009158174359,-0.219087548884,0.171673992785,0.326845777506,0.037788589174,-0.083238826890,0.458763475221,-0.672721028226,-0.704815270558,0.468117284430,0.019765292017,-0.233463421877,0.374074897623,0.986370385353,0.497876099699,-0.520613518955,-0.443792043771
0.049907747000,-0.357201296000,0.643887706000,0.961867982000,0.075941673000,0.013339410000,0.262421242000,-1.562670636000,0.134650576000,0.171368485000,1.447208282000,-0.220458929000,0.096658992000,-0.094677957000,-0.272372372000,-0.043257425000,1.270384216000,-0.526202498000,0.082349060000,0.062842922261,-0.008987646207,-0.219339486676,0.177153157524,0.344849462346,0.036746903328,-0.070211737237,0.443912749614,-0.652886747023,-0.719392967074,0.467848533574,0.034196919683,-0.228201440722,0.371740202336,0.995855248013,0.499280286075,-0.520091921119,-0.443979913153
0.050941060000,-0.358004937000,0.646842230000,0.963421364000,0.071131979000,0.014633608000,0.257963903000,-1.547476972000,0.134786237000,0.164853616000,1.435856933000,-0.215338316000,0.095559395000,-0.077916498000,-0.274222543000,-0.044684556000,1.256948411000,-0.522736016000,0.078114077000,0.070525243137,-0.009865628698,-0.215107022536,0.181595398408,0.360505912584,0.030678604848,-0.039030954111,0.440968515255,-0.680602952745,-0.728714871532,0.467616407457,0.046586779109,-0.215807556568,0.364685193989,1.007907191698,0.500247547109,-0.519696282815,-0.444101373740
0.046557842000,-0.361919710000,0.649767359000,0.965174999000,0.066080190000,0.016566756000,0.252579040000,-1.521257439000,0.133492959000,0.157868159000,1.415499324000,-0.212295096000,0.093134132000,-0.066516344000,-0.274592752000,-0.048410522000,1.239268989000,-0.516311125000,0.072402600000,0.073326092504,-0.009891937996,-0.214095488315,0.189967513854,0.361629062568,0.027146591919,-0.010708635393,0.459743805996,-0.756415580904,-0.733079505649,0.467414100314,0.047484475521,-0.209103450884,0.357118698472,1.026664812126,0.500892491683,-0.519378877156,-0.444174131517
0.035540083000,-0.369240171000,0.654075020000,0.967152720000,0.060442576000,0.017714953000,0.246269143000,-1.510410823000,0.131235427000,0.152834255000,1.398866985000,-0.212661392000,0.091068397000,-0.063226709000,-0.271689060000,-0.054505560000,1.210466832000,-0.511679742000,0.064409485000,0.084493029522,-0.004909970067,-0.204188721060,0.174027857474,0.354537849643,0.027587605479,0.018094069211,0.496979867819,-0.856415580904,-0.734216216973,0.467238551020,0.035341451367,-0.204883385078,0.354120604444,1.040400886075,0.501307495783,-0.519113966870,-0.444210571012
0.026844228000,-0.376470603000,0.660412235000,0.968864919000,0.056843512000,0.020136574000,0.240133508000,-1.485330930000,0.129114634000,0.151859699000,1.365731555000,-0.208730053000,0.087438454000,-0.056446837000,-0.266800965000,-0.062140428000,1.164981201000,-0.503329025000,0.055769707000,0.094126700062,-0.003827907835,-0.188785752544,0.159399983374,0.351012862839,0.023440482259,0.040027403296,0.523234567901,-0.956415580904,-0.736427628347,0.467085635129,0.033961250461,-0.204729187492,0.352808344588,1.042040861071,0.501572699116,-0.518886665022,-0.444218522901
0.021973548000,-0.381401882000,0.669923569000,0.970609249000,0.051175529000,0.024884919000,0.233836463000,-1.447877693000,0.125139910000,0.152551908000,1.327104917000,-0.208294078000,0.084055992000,-0.036469398000,-0.260412628000,-0.074648660000,1.091332648000,-0.487024788000,0.050231471000,0.101275497115,-0.002762634743,-0.186124316565,0.153653266595,0.355029066566,0.021230287108,0.058167403955,0.547453434756,-1.056415580904,-0.736015639598,0.466949432167,0.040239347559,-0.201982749175,0.358470593898,1.030805467060,0.501754341978,-0.518685752308,-0.444201710676
0.020360205000,-0.383817240000,0.681429912000,0.973363299000,0.046838215000,0.026965902000,0.222806890000,-1.399220372000,0.120420351000,0.156605771000,1.274153717000,-0.206237665000,0.081435175000,-0.011982324000,-0.254273783000,-0.090988107000,0.993025018000,-0.461959429000,0.049446953000,0.110945080718,-0.003755647625,-0.170820702292,0.139729412532,0.350636580440,0.021540944561,0.058609215495,0.564069877149,-1.156415580904,-0.734631333955,0.466824298440,0.041548553014,-0.202175872441,0.372009863929,1.015784484956,0.501910290318,-0.518506798625,-0.444163924136
0.019614190000,-0.385310162000,0.696984825000,0.975102038000,0.041176774000,0.035951211000,0.214913932000,-1.338335134000,0.118756482000,0.166996971000,1.191773181000,-0.193118584000,0.074247405000,0.003297474000,-0.249017931000,-0.108591931000,0.888827449000,-0.429112732000,0.046615079000,0.119580793226,-0.004133410580,-0.148331246961,0.124674502837,0.333628132527,0.025573201719,0.042117602345,0.568270932403,-1.224796815489,-0.731185506646,0.466709027248,0.031827250075,-0.201373670399,0.393842156986,0.998792748120,0.502063407868,-0.518351878585,-0.444111372076
0.014983853000,-0.388215819000,0.715653806000,0.976919472000,0.033448204000,0.046879929000,0.205698408000,-1.259503765000,0.116952974000,0.180612880000,1.089522107000,-0.178004000000,0.072476698000,0.014639906000,-0.243209135000,-0.128786367000,0.784931139000,-0.388638475000,0.047099705000,0.116443475142,-0.006210326005,-0.107168849347,0.119850299972,0.298069310215,0.031790805324,-0.001003506585,0.546336753692,-1.217081206471,-0.727890917828,0.466605130482,0.030533554280,-0.201769205746,0.416367452669,0.982694952513,0.502213586606,-0.518222992272,-0.444049871789
0.009262636000,-0.389593538000,0.735177522000,0.978117059000,0.024325974000,0.060751081000,0.197495752000,-1.155690534000,0.114002815000,0.199218012000,0.970748406000,-0.166639090000,0.071542540000,0.028115294000,-0.234098881000,-0.151683202000,0.673836644000,-0.338325601000,0.049117469000,0.105935794937,-0.011737658697,-0.067678043629,0.132160397442,0.248556300524,0.037042220917,-0.051252927494,0.555279818160,-1.165612532217,-0.724655455249,0.466516594527,0.032569228202,-0.206169845017,0.428592691741,0.980357322624,0.502350791508,-0.518116042420,-0.443987489461
0.007481772000,-0.389159144000,0.751762953000,0.977502431000,0.018964302000,0.074926117000,0.196253486000,-1.046920620000,0.109543555000,0.227098435000,0.845315231000,-0.150223277000,0.071194998000,0.057781009000,-0.225710083000,-0.182193200000,0.575360190000,-0.283472116000,0.061131305000,0.128791213987,-0.022070333660,-0.036332758329,0.128880820756,0.267248888551,0.038567501697,-0.042253580700,0.560729044293,-1.107447558554,-0.721343394865,0.466432807646,0.065818356734,-0.223820828069,0.417664242310,0.993473467517,0.502480679538,-0.518023215959,-0.443925865037
0.010198787000,-0.386836913000,0.766623945000,0.973774822000,0.014299362000,0.100228103000,0.203746049000,-0.944043035000,0.100601657000,0.257221195000,0.730612665000,-0.133211307000,0.082586921000,0.047215246000,-0.222713822000,-0.199388615000,0.548406895000,-0.239347680000,0.074359742000,0.134968236992,-0.032891443426,-0.017150652379,0.118861225982,0.285938043324,0.042598381819,0.001355674732,0.620905070639,-1.078305537583,-0.718441788885,0.466347129772,0.066321573420,-0.240429653331,0.394214329519,1.016925075555,0.502615024981,-0.517942071590,-0.443869962859
0.018201177000,-0.376338373000,0.776435928000,0.966337103000,0.012071896000,0.138227988000,0.216656169000,-0.821519754000,0.092850819000,0.298446791000,0.624424458000,-0.131669245000,0.096729663000,0.029267445000,-0.231032016000,-0.201955990000,0.568982827000,-0.196527923000,0.092616036000,0.129770025959,-0.049407406850,-0.013310002691,0.115737925454,0.309384406915,0.040067611238,0.042543638753,0.650919095694,-1.074660839205,-0.716034370795,0.466250459734,0.088972176132,-0.244630010373,0.376403635198,1.015728035949,0.502755424847,-0.517873397393,-0.443817259608
0.036613948000,-0.357036143000,0.780702077000,0.958765955000,0.021552668000,0.146900529000,0.242329446000,-0.676483857000,0.078824192000,0.355288233000,0.514784146000,-0.148559600000,0.116121964000,-0.026009914000,-0.235623655000,-0.169042348000,0.682612138000,-0.164297141000,0.099651490000,0.102920064602,-0.066412082847,-0.022169254756,0.147118740165,0.326248198877,0.041801031587,0.080865214119,0.705732305765,-1.083488619838,-0.713808408909,0.466134427984,0.128527381756,-0.255152381251,0.351546585350,1.042332590379,0.502865254662,-0.517805755810,-0.443764752121
0.062997703000,-0.331321568000,0.782422042000,0.949472612000,0.029884152000,0.146653315000,0.275865006000,-0.538991114000,0.060099527000,0.407834902000,0.436891031000,-0.187756497000,0.129874930000,-0.113615847000,-0.229467067000,-0.127468125000,0.826068285000,-0.141582184000,0.097308546000,0.063314443684,-0.083643467799,-0.025807620584,0.166960496580,0.335922470578,0.027846758120,0.128295831892,0.745000266520,-1.119777639312,-0.711695447289,0.465997976151,0.171426774879,-0.248765340479,0.318951365925,1.055871782800,0.502925564014,-0.517740050056,-0.443709965475
0.087091784000,-0.305258071000,0.780689942000,0.937400146000,0.038606800000,0.142947056000,0.315208853000,-0.430053509000,0.043935633000,0.464386955000,0.376778863000,-0.227502981000,0.124725828000,-0.206424176000,-0.211182134000,-0.089433994000,0.976161562000,-0.142719419000,0.092745320000,0.006779747280,-0.092710687363,-0.027159733771,0.185512137709,0.304723341574,0.017341541243,0.129595417707,0.757612870735,-1.161826131202,-0.709666815002,0.465841786585,0.189094229946,-0.245884504440,0.285171185273,1.065385579732,0.502933768536,-0.517674298336,-0.443651552875
0.102096953000,-0.282998753000,0.776775074000,0.924859225000,0.047410664000,0.133078381000,0.353097419000,-0.330535093000,0.029538785000,0.486800839000,0.351584959000,-0.289148590000,0.107995320000,-0.345271095000,-0.188850821000,-0.059889718000,1.086266368000,-0.154709042000,0.073168921000,-0.074876447927,-0.096143942847,-0.041652753525,0.204130902985,0.288198153243,0.013743399503,0.129682332843,0.766136220496,-1.198666136942,-0.707925980690,0.465670777354,0.225073127161,-0.254137039670,0.255525404880,1.048968592846,0.502933038949,-0.517603346937,-0.443573629701
0.110373028000,-0.265815364000,0.771047375000,0.913058536000,0.051103657000,0.124589513000,0.384954517000,-0.246326669000,0.027021974000,0.485369468000,0.345965527000,-0.348864363000,0.069825494000,-0.472017709000,-0.179892526000,-0.050588701000,1.175278950000,-0.176362838000,0.060216067000,-0.163012084869,-0.093242313736,-0.053231430361,0.216395161871,0.246037749186,0.024412166000,0.080253786668,0.778713134882,-1.222111321601,-0.706137592124,0.465489442786,0.245442375153,-0.269167718196,0.223294730226,1.029924428429,0.502949372824,-0.517524148762,-0.443470171007
0.116540352000,-0.255002703000,0.763500498000,0.903755392000,0.053952723000,0.117381183000,0.408089394000,-0.171040295000,0.030629632000,0.453801516000,0.355658463000,-0.398266714000,0.033455863000,-0.600531820000,-0.169787520000,-0.050435110000,1.196244029000,-0.189838805000,0.047116982000,-0.219843543483,-0.093563298666,-0.056243302463,0.209370131161,0.243345992798,0.029686903162,0.072852311605,0.819701279328,-1.221786900644,-0.704353465118,0.465300358621,0.244692587735,-0.264717074594,0.177762832702,1.026892558424,0.513196319749,-0.492109648152,-0.397855427673
0.122521547000,-0.248478867000,0.754890072000,0.896852503000,0.053335011000,0.118903565000,0.422697180000,-0.094410503000,0.036778699000,0.425798358000,0.363469860000,-0.430341995000,-0.005243905000,-0.680508557000,-0.161332855000,-0.064894074000,1.107107712000,-0.179884664000,0.046128394000,-0.262913228471,-0.093318843809,-0.068928079231,0.214366690516,0.253158695206,0.024352719090,0.110046759637,0.857123385409,-1.191306933424,-0.702499442073,0.465104031637,0.247629910116,-0.257005990181,0.166700577142,1.024459451287,0.527255376046,-0.489999538242,-0.391604694823
0.125489713000,-0.244074674000,0.747017899000,0.893644583000,0.050383493000,0.126113782000,0.427733770000,-0.011607911000,0.047060542000,0.439229060000,0.345509897000,-0.433840191000,-0.061265381000,-0.692528938000,-0.161197302000,-0.114321105000,0.831259817000,-0.125292537000,0.062176577000,-0.280232210799,-0.089515864346,-0.093011060004,0.219340706579,0.245373150054,0.014160605422,0.133600828573,0.864905236914,-1.129825928907,-0.700862341374,0.464896558425,0.238191921423,-0.253856086035,0.142831732695,1.042109620756,0.534175910490,-0.486631516925,-0.393132702515
0.124859886000,-0.244734996000,0.740053013000,0.894899832000,0.044350281000,0.132903595000,0.423702701000,0.060985027000,0.060751089000,0.443392309000,0.336945735000,-0.440473606000,-0.106955625000,-0.678845657000,-0.165528441000,-0.183937147000,0.550132691000,-0.041290241000,0.072510101000,-0.295377363445,-0.085886142810,-0.107523772983,0.226191145237,0.239606614252,0.003134344134,0.129654547789,0.849091962553,-1.029825928907,-0.698845609946,0.464674876907,0.244905478603,-0.247126769761,0.120005409552,1.054459736898,0.532660174671,-0.485720058275,-0.397557354211
0.118199206000,-0.252079836000,0.733366729000,0.898065259000,0.040665358000,0.132303923000,0.417517413000,0.126153955000,0.076258063000,0.440122299000,0.330232544000,-0.450012511000,-0.136539058000,-0.650916450000,-0.174959834000,-0.304363735000,0.319233127000,0.052431722000,0.064528222000,-0.303302614922,-0.084889135988,-0.114460231219,0.230448904505,0.231309259880,-0.005914862854,0.088578862354,0.824613656361,-0.929825928907,-0.697146581034,0.464438808478,0.249550216722,-0.245371000710,0.100774766112,1.079357659028,0.522609102501,-0.483406918233,-0.404414924255
0.109048380000,-0.260554292000,0.728062026000,0.902786043000,0.039335345000,0.131238153000,0.407684485000,0.171521677000,0.094021565000,0.442114336000,0.332231789000,-0.456680443000,-0.153403949000,-0.641083507000,-0.175838193000,-0.392984962000,0.198880869000,0.108734491000,0.041477901000,-0.319021151226,-0.082222661685,-0.106127138550,0.233379199134,0.199848766103,-0.026436901924,0.002605956687,0.829391990697,-0.834519045251,-0.695424714697,0.464197154851,0.256832927717,-0.253073577210,0.090455081413,1.115082803104,0.503478256917,-0.479264422501,-0.415298741534
0.102404408000,-0.266247712000,0.723015276000,0.907256646000,0.040873372000,0.128730460000,0.398300408000,0.208202402000,0.110855710000,0.444189844000,0.337952098000,-0.454377459000,-0.157898738000,-0.643065148000,-0.172948717000,-0.406633531000,0.157301577000,0.133481311000,0.025869385000,-0.330604112117,-0.083024994300,-0.096844509555,0.250453967749,0.183410309708,-0.030551431923,-0.063694113408,0.859752062142,-0.766465564694,-0.693698869504,0.463958526499,0.256589765232,-0.264643234416,0.083773953097,1.149360258893,0.477149710309,-0.476197860306,-0.427027018377
0.100144879000,-0.268722230000,0.721905312000,0.909472468000,0.041785779000,0.130475452000,0.392542908000,0.231194664000,0.127966262000,0.397128090000,0.374000206000,-0.460364882000,-0.140823731000,-0.644920364000,-0.177669223000,-0.385823077000,0.180690086000,0.139791173000,0.007096747000,-0.335090663569,-0.086707514916,-0.088185612198,0.254743547191,0.191018299799,-0.035900428036,-0.116403208085,0.852817609033,-0.717589489755,-0.691977744595,0.463726213808,0.264066147681,-0.271039899378,0.080690970128,1.169070414713,0.456603544690,-0.474252604054,-0.438799612265
0.102063685000,-0.268707967000,0.720238186000,0.909823535000,0.042362927000,0.123370403000,0.393962260000,0.262203917000,0.144030210000,0.341827044000,0.408782117000,-0.452293136000,-0.113021448000,-0.632627725000,-0.181870343000,-0.331552403000,0.250956510000,0.121213705000,-0.000009233000,-0.337479450216,-0.094291051212,-0.081343518755,0.260821539175,0.224587540084,-0.031407503469,-0.141582306354,0.804704355898,-0.617589489755,-0.690259065043,0.463503155558,0.273956343009,-0.264449985264,0.064096464026,1.195004425676,0.433598087562,-0.470029132332,-0.447933442741
0.102100218000,-0.270287788000,0.719073492000,0.911158085000,0.046106338000,0.110174862000,0.394368673000,0.278884137000,0.158403527000,0.280740524000,0.456046000000,-0.428481988000,-0.072487215000,-0.601882079000,-0.187157147000,-0.287662901000,0.313012808000,0.093718382000,0.003977592000,-0.333836124744,-0.101054754347,-0.081458554704,0.256909232047,0.275331041334,-0.015759995255,-0.104238905181,0.743431685561,-0.517589489755,-0.689757271087,0.463289931161,0.283530412553,-0.257442295223,0.051619263698,1.220099660704,0.410982500620,-0.458666334287,-0.453901454067
0.098302971000,-0.271564308000,0.716029134000,0.911968159000,0.052280323000,0.095699489000,0.395502785000,0.266889686000,0.167820503000,0.213148391000,0.535088679000,-0.399777456000,-0.018690167000,-0.580600634000,-0.186780399000,-0.242646149000,0.388913592000,0.053977005000,0.006848361000,-0.336426664016,-0.107570885262,-0.100638899953,0.248156950043,0.334408010638,-0.016335374914,-0.014240017368,0.678978712003,-0.417589489755,-0.685147068382,0.463087466771,0.281964611701,-0.252703189858,0.066389205507,1.223369059736,0.409098714037,-0.450719055698,-0.455276218462
0.097853284000,-0.265163308000,0.712410957000,0.911621974000,0.061018460000,0.087825210000,0.396873854000,0.250792041000,0.173995614000,0.176080480000,0.592202062000,-0.386419690000,0.019536147000,-0.581710377000,-0.185444328000,-0.205425437000,0.469912849000,0.005744156000,0.010576548000,-0.338967368638,-0.107770497743,-0.116063661582,0.242611749419,0.374336759466,-0.027694347961,0.075759982632,0.635402673638,-0.355435307248,-0.678358016632,0.462897825912,0.273084363505,-0.251298791857,0.069094506395,1.215666619671,0.410520322727,-0.446498478771,-0.457025601381
0.096756079000,-0.268622650000,0.707157403000,0.911792622000,0.070446261000,0.081296859000,0.396310939000,0.230090991000,0.179550544000,0.150415862000,0.658557087000,-0.386652444000,0.052082094000,-0.589574314000,-0.184849800000,-0.175912596000,0.551912958000,-0.034450708000,0.010925120000,-0.338523235027,-0.109809599938,-0.119460825732,0.229175306653,0.390688187727,-0.042477671809,0.139431922187,0.617876462656,-0.365122801514,-0.677407909207,0.462719779486,0.275477573929,-0.251698870137,0.082396225827,1.186247562995,0.424190932461,-0.445269405122,-0.454962336083
0.089161732000,-0.295327882000,0.699511869000,0.911389892000,0.078214177000,0.073913386000,0.397225149000,0.198029987000,0.187604979000,0.130285057000,0.719798876000,-0.401110200000,0.085503661000,-0.607083890000,-0.191726579000,-0.153846030000,0.645331061000,-0.080539960000,0.011744580000,-0.324769056195,-0.113567558841,-0.122689875941,0.212386774063,0.411854864037,-0.048503949549,0.229431914702,0.615057359249,-0.465122801514,-0.674736910843,0.462553506741,0.254684387232,-0.247883937735,0.101722207162,1.169532509705,0.430022871001,-0.441687461139,-0.454661369707
0.069076560000,-0.345189487000,0.690169385000,0.910010953000,0.086493109000,0.068247249000,0.399676520000,0.182825758000,0.197202525000,0.128146213000,0.746583892000,-0.438385985000,0.119159729000,-0.628712235000,-0.201022872000,-0.129595849000,0.752789155000,-0.136499605000,0.005402891000,-0.316924418970,-0.116028746186,-0.123744884311,0.190150954571,0.412056537016,-0.045172516332,0.267042428509,0.643492281983,-0.565122801513,-0.669074079354,0.462401004242,0.247461118932,-0.243025551744,0.111609492717,1.141418233963,0.439088604355,-0.437999672116,-0.454518500089
0.046297788000,-0.379555476000,0.681791012000,0.906500034000,0.094753342000,0.064213630000,0.406394023000,0.176915378000,0.204910704000,0.133106654000,0.757762882000,-0.473856500000,0.142145108000,-0.648108493000,-0.211196758000,-0.113717957000,0.851415368000,-0.182841005000,-0.001779059000,-0.311220383827,-0.119444691384,-0.131490500816,0.172050794476,0.402528088453,-0.043103102863,0.265702766544,0.664820560083,-0.665122801509,-0.664585826887,0.462259890971,0.228646112662,-0.241926698625,0.124122607314,1.121339491858,0.443180670095,-0.434028230615,-0.455142310377
0.023090018000,-0.391138321000,0.674627607000,0.905203223000,0.099926994000,0.056281380000,0.409211593000,0.167849721000,0.209379607000,0.129627403000,0.776990604000,-0.501205331000,0.153984474000,-0.692480599000,-0.214017508000,-0.102612597000,0.940738305000,-0.212334808000,-0.006599822000,-0.310749868357,-0.118639150354,-0.139011708436,0.152894229275,0.390230054083,-0.027055580005,0.201790690191,0.670184860186,-0.765122801009,-0.661314685861,0.462131355177,0.204510013436,-0.241904793002,0.154869564843,1.079562779840,0.453382872730,-0.435575723415,-0.452386420338
-0.004016649000,-0.393418780000,0.668811825000,0.904645837000,0.105296802000,0.053831242000,0.409427272000,0.171550649000,0.211820514000,0.125425881000,0.786766446000,-0.523627948000,0.161518882000,-0.745730386000,-0.213862501000,-0.090669564000,1.029026331000,-0.235742207000,-0.007632104000,-0.312953628800,-0.115233968573,-0.149475142768,0.136800816397,0.388783501374,-0.009214723826,0.132501601890,0.655811856906,-0.824856403614,-0.657825915260,0.462014775592,0.179652613937,-0.247033606470,0.196582953312,1.033927130988,0.463032614308,-0.437419255125,-0.446249391243
-0.023557924000,-0.390296940000,0.664409924000,0.903945557000,0.109540566000,0.052983875000,0.409970734000,0.179935750000,0.210954959000,0.122240136000,0.794156007000,-0.541407366000,0.166778915000,-0.803211999000,-0.213928405000,-0.083347361000,1.095538230000,-0.247915380000,-0.003524515000,-0.319227905628,-0.108690346589,-0.147347865999,0.136734396727,0.371909460338,0.006366584974,0.066011807883,0.658629741754,-0.817029548169,-0.654837863617,0.461908750737,0.139306965810,-0.260497861242,0.236984567149,0.999821075571,0.470682748975,-0.441410269497,-0.442743063206
-0.030039646000,-0.385194882000,0.659782959000,0.903982572000,0.111309173000,0.052000319000,0.409538452000,0.192417240000,0.212563978000,0.118804533000,0.808008529000,-0.559353207000,0.166201839000,-0.875615147000,-0.214320624000,-0.075248659000,1.171759287000,-0.261191495000,-0.002890594000,-0.319186816409,-0.105548931621,-0.139538891650,0.137335643981,0.346414024031,0.021623661007,-0.009402776581,0.672458621787,-0.762481317520,-0.653103954076,0.461814676881,0.097237038551,-0.275375887206,0.262662806871,0.975028492391,0.466240271601,-0.447528883438,-0.444312460760
-0.029836570000,-0.379457179000,0.653055215000,0.906861318000,0.111019730000,0.051578576000,0.403257758000,0.201120099000,0.215682773000,0.112547629000,0.828032087000,-0.578343877000,0.166784140000,-0.964053600000,-0.210920612000,-0.061151657000,1.261478687000,-0.272923304000,-0.003123124000,-0.337615800442,-0.100560960404,-0.110063166519,0.141900670108,0.283908363126,0.028599017155,-0.099402776581,0.696795259024,-0.723155176239,-0.651402116448,0.461742748058,0.053138607473,-0.284695472946,0.313887000472,0.945840870993,0.452279079912,-0.457629930360,-0.451647923777
-0.027433344000,-0.372741112000,0.642142820000,0.909767849000,0.110768107000,0.050880271000,0.396817447000,0.206996772000,0.218342387000,0.104585036000,0.860966514000,-0.596978867000,0.173723856000,-1.062217997000,-0.206353410000,-0.045440897000,1.360271671000,-0.280693603000,-0.005065859000,-0.357953814741,-0.097239920461,-0.080310134167,0.161785538728,0.220612540047,0.044483317243,-0.189402776581,0.670396735181,-0.694509080732,-0.649733954772,0.461701149142,0.009478121212,-0.292939293209,0.339807971500,0.937045889790,0.425129933804,-0.464507002406,-0.465281811588
-0.025056148000,-0.365616501000,0.626848238000,0.911274108000,0.110203280000,0.050994865000,0.393489849000,0.210510051000,0.222554976000,0.093069129000,0.911194303000,-0.616068635000,0.179958848000,-1.162222057000,-0.203729495000,-0.032091133000,1.460379147000,-0.287446951000,-0.006821908000,-0.371177510542,-0.093024677297,-0.063090572206,0.173692530538,0.201351731623,0.053751535394,-0.246436566402,0.656646878167,-0.673355036862,-0.648096719304,0.461692037960,-0.015793190263,-0.300269421696,0.362180448096,0.909329605423,0.410434987666,-0.470153279917,-0.474268104265
-0.021975354000,-0.358872168000,0.611930285000,0.912468345000,0.109117509000,0.050160585000,0.391125050000,0.216383740000,0.228267632000,0.081399178000,0.968098900000,-0.626357486000,0.184042160000,-1.235045235000,-0.204118000000,-0.023557632000,1.541209963000,-0.298611568000,-0.005441291000,-0.382545082264,-0.091577145313,-0.051046394488,0.184117090982,0.197127998142,0.052475900923,-0.284069158818,0.642973923400,-0.657463557802,-0.646484380066,0.461713162013,-0.022104574457,-0.296448252033,0.396796213579,0.885226141011,0.398627809531,-0.473562684478,-0.483412109585
-0.020721673000,-0.354726216000,0.597223232000,0.912236951000,0.106780355000,0.041288578000,0.393340762000,0.205782252000,0.236174518000,0.069204371000,1.043275655000,-0.636373290000,0.183950931000,-1.309601411000,-0.206535154000,-0.014079165000,1.624669102000,-0.311097145000,-0.007376323000,-0.386410740207,-0.087396290757,-0.044984403500,0.180206296093,0.204378798526,0.050510879779,-0.306301107246,0.638908143558,-0.645274454623,-0.644890509458,0.461761873966,-0.024161929371,-0.291421548023,0.422882963529,0.869152990871,0.385228541661,-0.474127021787,-0.493077080241
-0.024084299000,-0.354990047000,0.583021432000,0.911841860000,0.106294097000,0.035965372000,0.394908190000,0.200125430000,0.244608641000,0.057222270000,1.112140120000,-0.650657517000,0.183371009000,-1.380791866000,-0.207478477000,-0.002567970000,1.708649572000,-0.325397926000,-0.009407538000,-0.389620747107,-0.081287664897,-0.045035744766,0.177219634286,0.224342060700,0.053966413866,-0.305280078759,0.646448986110,-0.635685185243,-0.643311720738,0.461837108107,-0.016054722753,-0.292119197662,0.436625317096,0.855935363571,0.371547866971,-0.473929533716,-0.500331565521
-0.031182908000,-0.360396230000,0.570113698000,0.911423066000,0.105308849000,0.032066747000,0.396471644000,0.188980810000,0.252342395000,0.045074326000,1.175469352000,-0.666440039000,0.179489438000,-1.446790579000,-0.209173748000,0.006643107000,1.780223686000,-0.342465725000,-0.009850293000,-0.389644414907,-0.074576921558,-0.047370289771,0.170670268052,0.238204421546,0.060831021786,-0.286733315824,0.667791728133,-0.627912947676,-0.641745366985,0.461939262629,-0.015564876984,-0.293666662172,0.446576582601,0.866564197696,0.353963645399,-0.473653901329,-0.509135057499
-0.038275250000,-0.367036892000,0.562717014000,0.911441084000,0.105645682000,0.029236471000,0.396559414000,0.184604031000,0.258288751000,0.035205098000,1.223159980000,-0.675824363000,0.174841648000,-1.494040514000,-0.210970881000,0.013288967000,1.835135717000,-0.358486396000,-0.011693996000,-0.387147882644,-0.069891112172,-0.055715607092,0.165608620770,0.252612920762,0.061066569861,-0.266760559193,0.694508429469,-0.621413538247,-0.640187239417,0.462065572687,-0.021539973916,-0.290143726984,0.455552352798,0.889317209835,0.333751725677,-0.472026061211,-0.517079465756
-0.042442372000,-0.371296730000,0.563464334000,0.912146855000,0.105315040000,0.027613954000,0.395138365000,0.179539678000,0.261399272000,0.029440734000,1.256533157000,-0.676802160000,0.168978320000,-1.516163254000,-0.210145389000,0.018281870000,1.868920365000,-0.375454727000,-0.018308131000,-0.387986742843,-0.063283672486,-0.061880800518,0.172527951861,0.258708358642,0.053736538712,-0.252865377546,0.712487843451,-0.615801735343,-0.638633476567,0.462213912612,-0.022610412065,-0.285466661683,0.463371308762,0.903393026318,0.317881586234,-0.470994026476,-0.522351271348
-0.044444825000,-0.372401820000,0.568808529000,0.912053762000,0.106884898000,0.028623139000,0.394859811000,0.176888809000,0.262294774000,0.030211078000,1.265506417000,-0.670615642000,0.163127444000,-1.518858870000,-0.210205227000,0.021795086000,1.880162459000,-0.389578621000,-0.022511793000,-0.382608988027,-0.056918768244,-0.067898366953,0.170054537665,0.258442946161,0.043279358423,-0.256424728684,0.722847772240,-0.610821449988,-0.637078969531,0.462376511879,-0.030843331878,-0.283833113138,0.457731380808,0.941603168667,0.294905678326,-0.466251293847,-0.527954983171
-0.044799970000,-0.370468698000,0.577644690000,0.912422120000,0.108358329000,0.032729468000,0.393285048000,0.172909289000,0.260657575000,0.034893102000,1.251382043000,-0.661513466000,0.157889659000,-1.506060296000,-0.208461237000,0.023560432000,1.871699067000,-0.400727564000,-0.031442622000,-0.382600033042,-0.047339889673,-0.071391392780,0.169014154914,0.253289523317,0.038188644310,-0.258496212270,0.735879847842,-0.606281475670,-0.635519091419,0.462548285442,-0.040550139869,-0.285129758258,0.453350411064,0.961485128553,0.282010375686,-0.461436404430,-0.530586541474
-0.042558343000,-0.367784991000,0.590664233000,0.912489848000,0.113278509000,0.040601160000,0.391001026000,0.168148628000,0.258606375000,0.043640039000,1.215497156000,-0.642546055000,0.151953363000,-1.489998874000,-0.206214211000,0.024072030000,1.850510990000,-0.404892025000,-0.039912821000,-0.379410804261,-0.038378400745,-0.080363957676,0.154998763705,0.254841264015,0.027124958500,-0.258117850772,0.754366166987,-0.602052774830,-0.633949361053,0.462721843351,-0.055363252976,-0.286222258808,0.427964672651,0.997546440144,0.263629560971,-0.456457556113,-0.533627375104
-0.038240236000,-0.365470232000,0.609110494000,0.909188479000,0.117572157000,0.038231517000,0.397607154000,0.172939352000,0.253785193000,0.059588766000,1.135464473000,-0.614140579000,0.146307031000,-1.451352823000,-0.201996021000,0.021893554000,1.804396168000,-0.409131811000,-0.048999612000,-0.380221854198,-0.029622866916,-0.082285058823,0.134767393758,0.253038536141,0.018756253053,-0.245489194467,0.769727150860,-0.570473556652,-0.632368398637,0.462890851330,-0.065849247531,-0.284005720995,0.404689319822,1.026622521660,0.253957976577,-0.452981483837,-0.532715541107
-0.031668997000,-0.361969262000,0.631755795000,0.908955981000,0.117448428000,0.050979160000,0.396744272000,0.167133195000,0.245505193000,0.082805031000,1.030072037000,-0.576216374000,0.143122202000,-1.368547897000,-0.197733747000,0.009331859000,1.704770062000,-0.411490337000,-0.054167621000,-0.376785383157,-0.026086134029,-0.076158046552,0.117880492734,0.249311727562,0.014219605026,-0.214222461812,0.790210311974,-0.504363727385,-0.630354636284,0.463051192692,-0.075276973622,-0.277774861493,0.389047399553,1.048060733275,0.257498255505,-0.451600989091,-0.527822141665
-0.022958439000,-0.356918504000,0.658288732000,0.907749300000,0.114465807000,0.067804981000,0.397858357000,0.154301154000,0.234022885000,0.116972381000,0.908570147000,-0.525264391000,0.139175649000,-1.250590674000,-0.189085793000,-0.010933609000,1.562616206000,-0.402181764000,-0.056784181000,-0.374589912355,-0.023826825624,-0.062057520699,0.116315799356,0.239189717956,-0.000432073173,-0.177620049799,0.815624812578,-0.438230105512,-0.629019688755,0.463199575004,-0.068891317440,-0.265734237875,0.377091548813,1.061552226381,0.273213003361,-0.449727965362,-0.519114977935
-0.015472152000,-0.351382987000,0.683042780000,0.906792848000,0.111580997000,0.084300468000,0.397705724000,0.138850931000,0.218275833000,0.155226746000,0.810070911000,-0.472811192000,0.130022499000,-1.128759307000,-0.178024321000,-0.035916230000,1.402580157000,-0.380233754000,-0.052624471000,-0.381994479499,-0.021541512570,-0.056132583482,0.113110386627,0.218666229248,-0.021499472008,-0.159628063418,0.852914576218,-0.407486491751,-0.627393712705,0.463331200453,-0.061215092594,-0.255531979175,0.375900584528,1.076915954711,0.292655829419,-0.446758276369,-0.511960149790
-0.012103680000,-0.343502764000,0.702433604000,0.910180450000,0.107786632000,0.122281455000,0.380789753000,0.047444137000,0.192483510000,0.166440052000,0.846848765000,-0.413381922000,0.136548798000,-0.986542311000,-0.164410331000,-0.063304898000,1.237183957000,-0.348480773000,-0.047092916000,-0.362885853309,-0.026721262955,-0.040636991684,0.124008201544,0.213502813156,-0.027962113368,-0.163998686183,0.847975014894,-0.394915288063,-0.625909878882,0.463443404101,-0.034360041139,-0.259617765096,0.362029262861,1.099924591150,0.328075576958,-0.441236176717,-0.503706656548
-0.014981855000,-0.337328820000,0.715762642000,0.912673896000,0.099512435000,0.137119330000,0.371916555000,-0.061098272000,0.163744209000,0.165487332000,0.933801023000,-0.360359144000,0.137077515000,-0.848859454000,-0.152421162000,-0.094544661000,1.058694128000,-0.309291933000,-0.033278107000,-0.344318225313,-0.029192784477,-0.028584874273,0.134480375536,0.204083449476,-0.030939077693,-0.194234575829,0.845167983205,-0.395043434545,-0.624440338475,0.463539836531,-0.013661584697,-0.267999838640,0.362558890881,1.125204654919,0.358086361419,-0.438464517685,-0.501313633356
-0.019533673000,-0.327135472000,0.724295953000,0.918818546000,0.086850356000,0.139329393000,0.358910597000,-0.190939877000,0.133227358000,0.158396407000,1.054863435000,-0.320479384000,0.140663322000,-0.717129867000,-0.138519917000,-0.118181136000,0.908425497000,-0.273088833000,-0.022665920000,-0.315862636948,-0.035215984786,-0.030045126749,0.164973763850,0.210493404818,-0.018137423883,-0.205910348235,0.819583192325,-0.388351065449,-0.623896165516,0.463624030697,0.022394304508,-0.283074720981,0.362141688781,1.157158283387,0.390917892922,-0.432697755998,-0.496748211343
-0.022843779000,-0.318021366000,0.729416802000,0.929280677000,0.074302830000,0.119427933000,0.341545724000,-0.332043534000,0.104348455000,0.150794919000,1.166423110000,-0.295136329000,0.149711566000,-0.572303760000,-0.127245206000,-0.146101460000,0.757410310000,-0.242115984000,-0.009912752000,-0.267536326719,-0.040571078673,-0.048919740903,0.198754884662,0.227753265765,-0.012119944993,-0.217345634961,0.756126216369,-0.344385123909,-0.625542188852,0.463697772031,0.053457394609,-0.279017476011,0.399677342303,1.155533440324,0.428673956999,-0.434910686938,-0.490574625086
-0.022594583000,-0.313415236000,0.730976092000,0.939831240000,0.059288903000,0.107067819000,0.318964807000,-0.441280645000,0.084243958000,0.150065532000,1.202588335000,-0.292495910000,0.166342236000,-0.445412493000,-0.120172381000,-0.178066237000,0.625488673000,-0.208143345000,0.011057041000,-0.211042819321,-0.044080256288,-0.078069718407,0.228842813867,0.244141175632,0.001194700421,-0.216589512495,0.694476288767,-0.285963203810,-0.628573223378,0.463761329015,0.089262459521,-0.277475047610,0.440297734559,1.138603583172,0.463518652410,-0.443280603152,-0.482562380474
-0.015603787000,-0.311105247000,0.730235651000,0.948489685000,0.047762187000,0.096048241000,0.298095330000,-0.537927917000,0.085082758000,0.153824051000,1.196713425000,-0.287732615000,0.173552588000,-0.342751481000,-0.121199489000,-0.208418743000,0.526161851000,-0.177342845000,0.031643845000,-0.167315304354,-0.044862550272,-0.101237455743,0.279247215904,0.256491154839,0.014934103061,-0.190912503699,0.652456468848,-0.234852448930,-0.632397501713,0.463814436743,0.118916857396,-0.280648665172,0.455538869189,1.134608768696,0.487822080007,-0.444490198741,-0.478080996701
-0.000957306000,-0.304762353000,0.728987914000,0.953808037000,0.040868538000,0.088133298000,0.284275419000,-0.640850076000,0.093020735000,0.166573813000,1.135436155000,-0.273946348000,0.181512937000,-0.256174294000,-0.128253372000,-0.240684224000,0.445954178000,-0.154601545000,0.052790871000,-0.129673563716,-0.041265070050,-0.106718024717,0.307744179092,0.246093062424,0.026204982124,-0.170773822943,0.648520015996,-0.207940752268,-0.635592219939,0.463855324627,0.120724075843,-0.285804707878,0.480152589208,1.116704730036,0.515049584117,-0.447750964800,-0.475270553759
0.019355681000,-0.291564768000,0.729408035000,0.956398651000,0.032271493000,0.092751919000,0.275058636000,-0.677637766000,0.108014990000,0.193099481000,0.990110023000,-0.247471449000,0.183804278000,-0.180123482000,-0.138775442000,-0.265176496000,0.401548832000,-0.152349724000,0.067619547000,-0.100603133117,-0.041720407184,-0.107458965186,0.330114670967,0.244537660165,0.036619550129,-0.152076618801,0.637039984590,-0.226967525256,-0.640037835966,0.463878477788,0.131630463491,-0.282558604794,0.506202807704,1.101735617079,0.539840942202,-0.450281337705,-0.467644635349
0.043437875000,-0.273416000000,0.728192873000,0.955957313000,0.026126302000,0.091774919000,0.277561518000,-0.613952894000,0.096217786000,0.295988213000,0.657431973000,-0.195250404000,0.181086298000,-0.075288055000,-0.144697653000,-0.300500714000,0.354197128000,-0.165373523000,0.084345309000,-0.075092721386,-0.040679854537,-0.095250588857,0.354594358332,0.263749520562,0.044707093739,-0.089175176546,0.612205050508,-0.326967525256,-0.640507781404,0.463864978998,0.150822910283,-0.277515649909,0.511611627442,1.091128138757,0.584265490169,-0.451900014705,-0.452262015402
0.070930898000,-0.261526023000,0.721986200000,0.957767841000,0.019204067000,0.086930506000,0.273413703000,-0.671085115000,0.085393252000,0.364105660000,0.536149804000,-0.150620224000,0.177112506000,0.004238317000,-0.148034021000,-0.302554788000,0.352089168000,-0.195559076000,0.074346802000,-0.044965170801,-0.048055630392,-0.108493537180,0.368050660217,0.302279468251,0.042188793602,-0.018527009502,0.573316495411,-0.426967523309,-0.640413910009,0.463807293925,0.159995503331,-0.263927910164,0.506380185394,1.055339850268,0.609873463393,-0.465414744526,-0.444024248777
0.099973095000,-0.259776201000,0.713705235000,0.961211440000,0.016417878000,0.079811290000,0.263501765000,-0.725659358000,0.082841605000,0.408539684000,0.470246678000,-0.109591245000,0.174448640000,0.076198032000,-0.149796997000,-0.288971448000,0.354285173000,-0.216812575000,0.065280715000,-0.004119573276,-0.052464252031,-0.125888573074,0.380450536301,0.355081783975,0.031235404143,0.071472990459,0.538338252979,-0.526967523309,-0.638249866419,0.463708420520,0.155589646708,-0.247714744410,0.491271761244,1.059837496081,0.613242116217,-0.474497591386,-0.444169845709
0.120729570000,-0.263085830000,0.705389623000,0.963876109000,0.015071062000,0.072616720000,0.255817358000,-0.743187752000,0.088276367000,0.517229565000,0.366885649000,-0.066365525000,0.175783797000,0.141071867000,-0.153515228000,-0.280147234000,0.354831838000,-0.227561258000,0.061219762000,0.021854314729,-0.050876759785,-0.130409736675,0.391721694779,0.397141907521,0.032953335310,0.161472990459,0.628338252979,-0.626967523309,-0.636282152400,0.463575155361,0.160987989396,-0.236326556000,0.457458203157,1.046818140902,0.624068238532,-0.484700536078,-0.446027284572
0.133318988000,-0.265923384000,0.698717791000,0.963424780000,0.015187843000,0.075270158000,0.256741945000,-0.756468811000,0.088349237000,0.642350685000,0.276826869000,-0.030716627000,0.178032224000,0.199849105000,-0.156041697000,-0.274432748000,0.350662497000,-0.233323822000,0.054680577000,0.046629231484,-0.046943116120,-0.135754735114,0.411733742504,0.409115152379,0.013386538215,0.222326070639,0.695688730512,-0.726935993633,-0.634448766186,0.463410115320,0.179056821910,-0.225916390306,0.416265662236,1.026398329959,0.627449888162,-0.494077612401,-0.447010704798
0.145500403000,-0.265194484000,0.694962061000,0.961724403000,0.013690568000,0.080924227000,0.261438351000,-0.778511771000,0.078225772000,0.718450520000,0.230378722000,-0.003549961000,0.181353645000,0.241372955000,-0.155166090000,-0.258533067000,0.368686849000,-0.243442108000,0.045939486000,0.063592057079,-0.042259054174,-0.145600629591,0.425680948085,0.426295841211,0.001226822489,0.254718274594,0.727059570192,-0.826934435840,-0.632699098004,0.463216891444,0.191222775583,-0.225021696387,0.364601831797,1.043644200016,0.618523299606,-0.498928116601,-0.449765294881
0.155965694000,-0.264051432000,0.690583817000,0.959934703000,0.013435885000,0.079042208000,0.268509165000,-0.796742742000,0.072987544000,0.770572829000,0.205808503000,0.022119131000,0.182018681000,0.291123485000,-0.156755353000,-0.256757960000,0.372042329000,-0.250643151000,0.041941864000,0.078373219590,-0.038640023641,-0.171494896815,0.451028083656,0.460617576784,-0.015396879420,0.298745792347,0.788870176191,-0.926925384588,-0.630995378392,0.463000081113,0.191860689728,-0.219583855294,0.320236647059,1.049880735191,0.607136423092,-0.507401840929,-0.453589212077
0.173010141000,-0.258922962000,0.689152259000,0.956880767000,0.016099656000,0.076743227000,0.279697113000,-0.809575324000,0.073475381000,0.764666762000,0.228590133000,0.036671456000,0.185525780000,0.337263513000,-0.163648393000,-0.245585128000,0.395747215000,-0.267601647000,0.041492888000,0.088711541900,-0.036651386005,-0.186388829685,0.455474378467,0.493890232814,-0.031688823447,0.302146731126,0.865062678564,-0.996905560454,-0.629311907113,0.462762682508,0.195043236135,-0.219583411492,0.283737617614,1.031929115315,0.605627874763,-0.512985236732,-0.451889728604
0.191992845000,-0.249715211000,0.684930169000,0.955365224000,0.017662299000,0.065615343000,0.287506451000,-0.797188918000,0.078823355000,0.735813178000,0.260730646000,0.054969324000,0.180599009000,0.382556674000,-0.169798662000,-0.233861163000,0.417320555000,-0.270419587000,0.040486208000,0.095354893805,-0.037771070603,-0.195540896944,0.472784737845,0.519716102684,-0.040459172885,0.337232132760,0.912819168679,-1.043872517111,-0.627631468278,0.462509097851,0.213117342171,-0.214986334067,0.245134022229,1.039229199499,0.604529587156,-0.516890334139,-0.450699675696
0.210055410000,-0.234749596000,0.679942016000,0.956666615000,0.019597405000,0.051916946000,0.285848842000,-0.776145646000,0.086620065000,0.696196190000,0.293437878000,0.069006508000,0.171050637000,0.423261665000,-0.180178376000,-0.230866550000,0.438530092000,-0.268614431000,0.042223988000,0.092856507681,-0.042557547175,-0.202708649333,0.481453537939,0.548707124098,-0.057299543598,0.399115619754,0.950697901538,-1.074605176459,-0.625945735174,0.462241649059,0.235304465964,-0.206740388755,0.210738969239,1.040724307294,0.603680689215,-0.519615513189,-0.449861758009
0.231884543000,-0.214142217000,0.675087825000,0.958312600000,0.019344635000,0.036681199000,0.282696366000,-0.764473006000,0.092029385000,0.634066196000,0.333861951000,0.071193946000,0.162346778000,0.454848434000,-0.190642809000,-0.231442539000,0.457652037000,-0.272191356000,0.044077668000,0.102769367575,-0.045790521103,-0.197066421610,0.468342356484,0.564633654985,-0.061881631809,0.427172685662,0.979880766050,-1.093882929435,-0.624249224204,0.461958867379,0.244842296337,-0.199370731938,0.179002993576,1.066060351293,0.602973344059,-0.521506290797,-0.449265414206
0.259488537000,-0.198736143000,0.670054461000,0.961398376000,0.021921368000,0.013617521000,0.273947401000,-0.791209047000,0.097604430000,0.500715846000,0.420510327000,0.057436070000,0.147275551000,0.461609437000,-0.201279956000,-0.222916049000,0.501593840000,-0.280384385000,0.046250013000,0.114358625024,-0.047562292333,-0.197327680816,0.450306317252,0.560420007877,-0.060502627100,0.429662137490,0.982678678849,-1.105104131371,-0.622540470930,0.461659922450,0.239647984799,-0.201792521136,0.151712733752,1.086262835020,0.602339809887,-0.522802220011,-0.448830963495
0.282342199000,-0.191468460000,0.666769316000,0.966333106000,0.019288308000,0.000915233000,0.256568610000,-0.858107797000,0.104470976000,0.381115594000,0.549842694000,0.020011319000,0.138241921000,0.472677850000,-0.209836480000,-0.222231693000,0.520468270000,-0.293361391000,0.053551022000,0.132334315474,-0.047100805394,-0.203018068206,0.406067591381,0.555398548357,-0.058718181926,0.431844968991,0.968444695284,-1.110683355377,-0.620827977978,0.461347015170,0.238372732132,-0.195115898106,0.143088640715,1.085348904900,0.601735433087,-0.523676661149,-0.448499412537
0.288636509000,-0.189664238000,0.663352313000,0.969614010000,0.019148955000,-0.008917788000,0.243726205000,-0.929043007000,0.111721399000,0.310271381000,0.677489429000,-0.017213373000,0.138632480000,0.471998391000,-0.216803777000,-0.213923691000,0.550221277000,-0.305064790000,0.057526049000,0.155438741825,-0.047928893854,-0.197126136118,0.374539780245,0.542854743547,-0.057209375020,0.409356083281,0.938620790477,-1.112348128943,-0.619117480178,0.461026074550,0.234791428107,-0.185218487597,0.149288661357,1.074375958978,0.601119164586,-0.524251821805,-0.448233750378
0.282732596000,-0.192338208000,0.657897752000,0.973132727000,0.018107158000,-0.017095399000,0.228894241000,-1.010119675000,0.119589834000,0.266864256000,0.798220627000,-0.057932662000,0.141587663000,0.450261265000,-0.215914831000,-0.204846364000,0.577365423000,-0.325477987000,0.053735354000,0.160737726339,-0.040340941144,-0.186343976788,0.345433134782,0.488809224456,-0.045555184476,0.387174717189,0.867897778490,-1.111361289385,-0.617424510889,0.460706940890,0.229862445487,-0.176282967063,0.177698260308,1.043973550775,0.600474892517,-0.524615264347,-0.448004576980
0.268983713000,-0.208711402000,0.653601675000,0.974395191000,0.019178109000,-0.017931283000,0.223304011000,-1.063066220000,0.130135026000,0.253033548000,0.859234970000,-0.072202142000,0.136289271000,0.417106789000,-0.217401730000,-0.196566299000,0.612876972000,-0.342689698000,0.054806774000,0.163227086895,-0.037113344763,-0.175944144804,0.324021523390,0.446406638828,-0.041264647017,0.349789030039,0.830326208011,-1.108551807006,-0.615761546852,0.460397953712,0.207960783317,-0.166235521223,0.227881446986,1.022540659226,0.599793784278,-0.524833158281,-0.447795653197
0.255130084000,-0.237285598000,0.649809600000,0.974881793000,0.020307128000,-0.012982193000,0.221414932000,-1.136398595000,0.134866759000,0.234712801000,0.942636474000,-0.097091525000,0.136330189000,0.380408806000,-0.216093700000,-0.190985989000,0.633612128000,-0.363980111000,0.058287020000,0.167612439949,-0.029880624352,-0.173685949978,0.288786553296,0.394066739193,-0.032003772528,0.326540444156,0.808756371962,-1.115136881203,-0.614134591063,0.460105244784,0.169765716064,-0.167044674697,0.268841786669,1.027120221590,0.577143507472,-0.524954834445,-0.447599672591
0.235114743000,-0.269671706000,0.644644999000,0.974904997000,0.022956337000,-0.007105231000,0.221320511000,-1.212923346000,0.136497023000,0.217344434000,1.036196377000,-0.119587984000,0.129837842000,0.361198317000,-0.215076155000,-0.188342105000,0.641662789000,-0.382036805000,0.065381500000,0.173907894270,-0.026332862250,-0.184480778779,0.258051225925,0.371927861420,-0.027382415947,0.301557532690,0.795289797644,-1.131645930687,-0.612541008599,0.459824699480,0.139158147840,-0.174003585347,0.280925643082,1.015271932190,0.540930121699,-0.525012735557,-0.447406376965
0.207096155000,-0.302568751000,0.638631746000,0.974969599000,0.024162455000,-0.001842408000,0.221013714000,-1.280174123000,0.138415353000,0.206162705000,1.118579551000,-0.138966366000,0.121264237000,0.354305298000,-0.215611142000,-0.187880060000,0.647407456000,-0.396843421000,0.078216458000,0.177199663408,-0.025868326848,-0.186845014032,0.240343548114,0.361381483445,-0.021503637739,0.268593479892,0.774353803203,-1.152954169064,-0.610979218342,0.459550867276,0.130617769874,-0.175511809480,0.302886411575,0.978686354305,0.523583305441,-0.525030413646,-0.447205571976
0.163355319000,-0.335528885000,0.632846708000,0.974769467000,0.026235056000,0.005636000000,0.221595226000,-1.359802352000,0.140443628000,0.195369885000,1.204134307000,-0.158633979000,0.117871614000,0.332176570000,-0.219090212000,-0.182561602000,0.677683102000,-0.415096648000,0.090060377000,0.178090787665,-0.025988644687,-0.171725298522,0.212343814870,0.342355534848,-0.007163868119,0.211414604978,0.749489265982,-1.167918405842,-0.609452654015,0.459282311996,0.108699935766,-0.185687702092,0.357781105605,0.945714080178,0.511508346982,-0.525030067122,-0.446994813101
0.113469369000,-0.362859788000,0.629378679000,0.975814386000,0.027357039000,0.017355173000,0.216186666000,-1.436634613000,0.140379958000,0.184218188000,1.284143606000,-0.181558746000,0.117030905000,0.313321235000,-0.223566826000,-0.176111240000,0.704784407000,-0.427857859000,0.096917864000,0.175904024565,-0.025272741020,-0.160003455802,0.204035875526,0.320870650736,0.014827407801,0.152470792449,0.717672384444,-1.176140653012,-0.607966956360,0.459020261804,0.083062822302,-0.202059476839,0.413176405206,0.906535587985,0.503177262457,-0.525028058870,-0.446775025828
0.076807784000,-0.381620054000,0.627492219000,0.977994276000,0.031631489000,0.022924725000,0.204941703000,-1.504715839000,0.141643271000,0.175769600000,1.351713654000,-0.202671687000,0.118630685000,0.294106004000,-0.230582332000,-0.167857522000,0.746714149000,-0.441888221000,0.107732686000,0.169883749785,-0.026607087274,-0.138495870298,0.194552437101,0.307571436015,0.034567235354,0.095735723557,0.686618045787,-1.179635047608,-0.606523978515,0.458764572263,0.070085449926,-0.224378994429,0.458845476910,0.858981006223,0.497521837800,-0.525031070944,-0.446543074009
0.058286666000,-0.395035199000,0.625905990000,0.981158155000,0.036080833000,0.025617787000,0.188070671000,-1.574740660000,0.145032683000,0.171145416000,1.400042566000,-0.219373057000,0.119949549000,0.257469626000,-0.239059752000,-0.159127856000,0.795936368000,-0.457307320000,0.117152773000,0.157424650530,-0.021384101783,-0.112574330889,0.170454263486,0.246701557176,0.059414165013,0.019939556439,0.628198088743,-1.179852317770,-0.605133953527,0.458522860084,0.024184504111,-0.230128446359,0.507015783566,0.801619250681,0.493772258718,-0.525055085708,-0.446307880365
0.050089149000,-0.404349163000,0.623921514000,0.984219317000,0.040437395000,0.026596814000,0.170205060000,-1.626290069000,0.150738236000,0.169257111000,1.431029832000,-0.228416363000,0.118233354000,0.241018098000,-0.248522925000,-0.151617646000,0.836855342000,-0.469709975000,0.124632383000,0.141576145607,-0.023109535999,-0.078487359934,0.164536071680,0.193234614400,0.078907466587,-0.051816580916,0.573579174165,-1.177788043116,-0.603802602836,0.458298391310,0.001898720362,-0.237654381472,0.547939011326,0.765881852324,0.491361557217,-0.525106474702,-0.446076441074
0.050787742000,-0.409229318000,0.622445508000,0.985677306000,0.043107044000,0.031294183000,0.160008455000,-1.679106408000,0.155290860000,0.165531457000,1.470115940000,-0.235191733000,0.121196239000,0.241841794000,-0.259150515000,-0.148036666000,0.869384767000,-0.480118638000,0.129250670000,0.139378240732,-0.025920340809,-0.054102786303,0.156137273633,0.157399140496,0.092064320999,-0.094587719865,0.536366873648,-1.174129131956,-0.602528729423,0.458092924348,-0.017144158106,-0.239037341161,0.567657287682,0.744106504380,0.489884727885,-0.525187665449,-0.445854813163
0.053202286000,-0.410812856000,0.621294129000,0.987049784000,0.044523427000,0.036995065000,0.149605326000,-1.734141396000,0.158609011000,0.160266643000,1.505891805000,-0.235697815000,0.118182235000,0.250957159000,-0.267338336000,-0.144710391000,0.881101050000,-0.488639769000,0.132786439000,0.133618405714,-0.024660678303,-0.023784053035,0.135267727512,0.123115546291,0.098806863379,-0.130602773123,0.531381748418,-1.169317105805,-0.601302405734,0.457905336977,-0.032123927556,-0.239265557185,0.579138528815,0.752519747955,0.489042039767,-0.525289453162,-0.445644943970
0.055251834000,-0.411123202000,0.620738775000,0.988725220000,0.043510476000,0.041568408000,0.137117996000,-1.774375894000,0.164715935000,0.155037096000,1.529457992000,-0.232466743000,0.114758413000,0.262458246000,-0.275223435000,-0.141771360000,0.885565428000,-0.491664336000,0.132562423000,0.125643726286,-0.021215129234,0.007650263112,0.125906329699,0.108523807315,0.103852334717,-0.162830193273,0.514905633665,-1.163684126510,-0.600114027059,0.457733441964,-0.029558656412,-0.239782475983,0.585623476305,0.732079161224,0.488647702686,-0.525398640835,-0.445440625914
0.056564187000,-0.411094694000,0.620875923000,0.990507151000,0.042516581000,0.046036749000,0.122345992000,-1.798294573000,0.171435544000,0.150052606000,1.533905282000,-0.228207398000,0.111728189000,0.263163135000,-0.283338149000,-0.138958766000,0.886480230000,-0.493921151000,0.128201045000,0.121721705094,-0.013779975599,0.041711708683,0.117195133121,0.103342257004,0.109130698290,-0.183637834447,0.483711029456,-1.175232849198,-0.622921307640,0.457578309273,-0.030514318903,-0.245639135245,0.593761256626,0.721747261695,0.488566995848,-0.525500354791,-0.445237154847
0.056476943000,-0.412029514000,0.620756944000,0.991936198000,0.041028529000,0.050231651000,0.108885358000,-1.826871144000,0.178822089000,0.144428478000,1.545048619000,-0.223613700000,0.106549745000,0.265413980000,-0.291968814000,-0.139656561000,0.885721658000,-0.495876676000,0.122520781000,0.126183040740,-0.006382088345,0.060116631733,0.108526007004,0.108097082553,0.115378722362,-0.193666081188,0.453929144966,-1.200886974021,-0.669821732138,0.457505898085,-0.039704962190,-0.247459175283,0.586462977859,0.723942627502,0.488696403874,-0.525591873679,-0.445038625865
0.055030386000,-0.414174553000,0.621476634000,0.993057603000,0.043312578000,0.054941616000,0.094562342000,-1.842601401000,0.185311093000,0.141151595000,1.547278036000,-0.223146454000,0.105671627000,0.255770354000,-0.300417304000,-0.139554694000,0.883052317000,-0.498749379000,0.117789129000,0.125669142712,0.000337051099,0.077470367380,0.098600095168,0.121066451369,0.116447861716,-0.206551522941,0.420018527242,-1.229947761134,-0.758710492164,0.457186322148,-0.043766242546,-0.250769963064,0.569641400095,0.734044268902,0.571051215989,-0.540929121934,-0.400454264899
0.053241788000,-0.417644342000,0.624967510000,0.995014403000,0.045827527000,0.059165098000,0.065921670000,-1.838121927000,0.188623195000,0.142303609000,1.532698963000,-0.219466797000,0.098922475000,0.251272084000,-0.304519357000,-0.139702740000,0.851068416000,-0.492429123000,0.104084757000,0.127080406709,0.004925167430,0.083865552002,0.089865390688,0.124494908120,0.114943524804,-0.233288333069,0.399365481224,-1.248506187683,-0.858710492164,0.456999749852,-0.064345598711,-0.246799365449,0.556282719030,0.760476720531,0.565047958355,-0.537982706238,-0.405681396376
0.056456323000,-0.418657979000,0.634892381000,0.995071616000,0.043415413000,0.067369961000,0.058385521000,-1.811095188000,0.188854320000,0.147021535000,1.497244524000,-0.214349526000,0.090833412000,0.251448110000,-0.303231825000,-0.141678455000,0.787142729000,-0.469190262000,0.089142849000,0.125049212326,0.009840224374,0.089891566050,0.087888697059,0.116515038247,0.116030888526,-0.270384550955,0.409140040343,-1.251731654553,-0.958710492164,0.456540953655,-0.080895752834,-0.237895171621,0.547885464539,0.786596705053,0.554623565312,-0.531350684675,-0.410611407112
0.060366329000,-0.418401893000,0.650828958000,0.995155748000,0.041623977000,0.076025483000,0.046396213000,-1.762215940000,0.188471708000,0.154031065000,1.441205744000,-0.205943675000,0.084855305000,0.236550798000,-0.301968347000,-0.143653685000,0.715746038000,-0.426307955000,0.079442722000,0.122102639809,0.014902147651,0.095358831767,0.084307309696,0.111418245126,0.118931594691,-0.313990849002,0.440054873219,-1.200685794672,-1.036668546665,0.456171860553,-0.095749474700,-0.228029316231,0.546940086079,0.804869020443,0.547025766634,-0.523279467871,-0.414802121593
0.065864740000,-0.417306604000,0.671071603000,0.995059539000,0.037346569000,0.084497848000,0.036357403000,-1.676589623000,0.187466628000,0.166686199000,1.350706852000,-0.190364238000,0.075332814000,0.242297727000,-0.298401515000,-0.151445569000,0.620112690000,-0.364804877000,0.073611160000,0.122172534653,0.014465224941,0.095763407000,0.106336745141,0.127710058668,0.112333511116,-0.340556393527,0.506072919987,-1.160060602438,-1.090261264563,0.455877428247,-0.071535886638,-0.229612718070,0.527796392758,0.844018007970,0.533506300415,-0.515670266319,-0.416420758919
0.073902852000,-0.414101258000,0.690071321000,0.994413281000,0.031249150000,0.095441692000,0.032505382000,-1.559803472000,0.181586206000,0.181570095000,1.243945335000,-0.175565189000,0.074784038000,0.246888098000,-0.292682774000,-0.164592838000,0.526154056000,-0.288551604000,0.078034428000,0.126885637791,0.013238981347,0.085746658489,0.137374701944,0.154396315879,0.103781136354,-0.318642177886,0.550854137341,-1.121890354732,-1.126755771706,0.455639055588,-0.045299242580,-0.220489658576,0.528799984463,0.854823530317,0.532941331020,-0.514693607404,-0.416573586602
0.083902914000,-0.411241453000,0.712816532000,0.993824902000,0.024696768000,0.104512900000,0.027913923000,-1.432671431000,0.172679819000,0.196490767000,1.129721432000,-0.160164928000,0.074032695000,0.216562779000,-0.286582065000,-0.176897576000,0.490663710000,-0.214421710000,0.080816049000,0.135575344577,0.010918430333,0.065779300322,0.175653575368,0.176689011836,0.093632701344,-0.237805779027,0.600306341781,-1.076220623410,-1.150827921533,0.455446583859,-0.035267671179,-0.206696037505,0.505771443731,0.911343016147,0.512457174335,-0.516203991812,-0.421607870973
0.092836978000,-0.411747251000,0.742279051000,0.993254254000,0.023875441000,0.111388166000,0.021647778000,-1.276186073000,0.158386011000,0.213026088000,1.001893346000,-0.152543959000,0.079712121000,0.180950637000,-0.278660333000,-0.190416874000,0.472086009000,-0.155036403000,0.086236734000,0.133085247738,0.001161481235,0.038420869241,0.207439972007,0.197763581477,0.078722277047,-0.147915239518,0.647638086421,-1.047069046558,-1.166754944173,0.455288902586,-0.040012315108,-0.203397763663,0.492289637251,0.960464405722,0.496657431309,-0.514290079746,-0.425599249878
0.101092688000,-0.414749880000,0.771947167000,0.993165384000,0.026515142000,0.112994915000,0.012313237000,-1.147666100000,0.142176928000,0.223450951000,0.905927558000,-0.160624692000,0.090488317000,0.091594891000,-0.271609844000,-0.192730694000,0.527760090000,-0.123613125000,0.091643491000,0.125465908578,-0.003251321161,0.008272693221,0.218666459398,0.201139849255,0.081040703859,-0.127704982189,0.678309270492,-1.031080777614,-1.176815399369,0.455158667840,-0.043267068342,-0.218252133523,0.504176639442,0.974715328316,0.490479463700,-0.513688713752,-0.425025247184
0.112239129000,-0.414320946000,0.794844902000,0.985424124000,0.028995724000,0.164012441000,0.034618812000,-1.017670895000,0.125518833000,0.242241952000,0.795817361000,-0.169462542000,0.098131141000,-0.022070509000,-0.265516502000,-0.179380619000,0.630499438000,-0.111295133000,0.092422163000,0.116044347896,-0.007710476368,0.000410070593,0.232845909823,0.195643352404,0.090563539792,-0.109412977784,0.703743504972,-1.017993507991,-1.182774400997,0.455053599003,-0.035037999024,-0.225085875459,0.474083642263,0.996257854072,0.473497678791,-0.516576606771,-0.425372772599
0.123689164000,-0.414930148000,0.806679858000,0.984560019000,0.033526086000,0.166362663000,0.042907292000,-0.879538767000,0.104595578000,0.259568479000,0.697538537000,-0.194851715000,0.115914144000,-0.147216709000,-0.253824875000,-0.150498047000,0.767082038000,-0.119543829000,0.090017815000,0.096490277070,-0.017421116379,0.004652228233,0.254517173750,0.192445926238,0.093831589325,-0.092257410297,0.702152048720,-1.006992444202,-1.185859974624,0.454971778066,-0.032468932799,-0.227011678177,0.494270269213,0.966865116813,0.478723077883,-0.519777061705,-0.421084097355
0.137239213000,-0.415440739000,0.813422869000,0.985090011000,0.041365808000,0.159224774000,0.050338960000,-0.764238414000,0.085547471000,0.272624113000,0.629202312000,-0.230865724000,0.125246613000,-0.277940000000,-0.243973697000,-0.131055089000,0.861144061000,-0.138891864000,0.081490666000,0.056499086379,-0.019682073799,0.009768665912,0.252114377031,0.175829220710,0.109425998201,-0.069697186745,0.689743496660,-0.997507994477,-1.186938880251,0.454907818014,-0.025359402482,-0.241237504370,0.510585885600,0.933118825538,0.492366058542,-0.524374687040,-0.414644467373
0.148307598000,-0.416052597000,0.817027531000,0.985087805000,0.049317068000,0.153463286000,0.060156985000,-0.639374601000,0.072741458000,0.314716479000,0.529306658000,-0.241751396000,0.113384767000,-0.346708545000,-0.231275634000,-0.124353353000,0.899006249000,-0.155655493000,0.077146845000,0.033968311987,-0.025779492955,0.018754316115,0.250340411265,0.161962191441,0.118099619894,-0.056398724081,0.691148339694,-0.989125514663,-1.186611527864,0.454849793177,-0.027816526610,-0.249612839889,0.510390378934,0.935584791199,0.496795815503,-0.524967796992,-0.409619300875
0.159093857000,-0.413905449000,0.817826448000,0.982181178000,0.063661469000,0.150955369000,0.092085976000,-0.497762970000,0.052714859000,0.394794422000,0.409579516000,-0.254181737000,0.098319013000,-0.460319775000,-0.198319211000,-0.089976157000,0.954559248000,-0.163163334000,0.073013700000,0.002146523992,-0.028743381529,0.027296924782,0.266390032313,0.147017052628,0.099339601790,-0.091136580246,0.661074335403,-0.981591583083,-1.185293834436,0.454783196044,0.006900845535,-0.266543869784,0.475794478548,0.934665921284,0.511572937150,-0.522807102758,-0.399977947628
0.167867722000,-0.409324019000,0.814940552000,0.980133710000,0.073846633000,0.131408557000,0.128904527000,-0.397589401000,0.030657053000,0.409891314000,0.380981517000,-0.312491231000,0.080202519000,-0.588868713000,-0.157843551000,-0.062715341000,0.965422589000,-0.169719908000,0.068306650000,-0.062369796094,-0.028384629299,0.014283324311,0.257896299551,0.130808316039,0.086567660084,-0.131140118274,0.648794397026,-0.974691730463,-1.183273449700,0.454699464645,0.045334345786,-0.293989046606,0.449680292505,0.915983522466,0.550452707344,-0.517707849110,-0.387108870636
0.173915259000,-0.401616208000,0.809091377000,0.972807596000,0.078380227000,0.134101022000,0.171810465000,-0.324000576000,0.019907852000,0.375752409000,0.404778565000,-0.371620566000,0.049969525000,-0.642157000000,-0.151094955000,-0.050449018000,0.929201807000,-0.161497518000,0.074325326000,-0.113509242179,-0.031628004988,-0.034465372867,0.243365086135,0.142413164952,0.069074591917,-0.145155438521,0.689016715336,-0.968224626176,-1.180750447143,0.454587469601,0.074145692660,-0.305014433328,0.409687889371,0.964542455328,0.564230985404,-0.514623751673,-0.386661035227
0.179082737000,-0.392369767000,0.799707994000,0.963589589000,0.076678270000,0.139159647000,0.215058455000,-0.258952979000,0.020629182000,0.335660856000,0.432507190000,-0.422437734000,0.016496994000,-0.707079890000,-0.150563832000,-0.040609070000,0.889141790000,-0.144897811000,0.072699454000,-0.161346530563,-0.034816816680,-0.065965240639,0.233623291577,0.166916688671,0.047710521086,-0.121985826520,0.771820417968,-0.961983808280,-1.177866911406,0.454450914030,0.096622479920,-0.295752561736,0.382481760338,0.993529547812,0.574055844598,-0.517468707513,-0.387568367568
0.181480303000,-0.383923319000,0.791446323000,0.958767274000,0.070667978000,0.135604888000,0.239546791000,-0.172928755000,0.028273166000,0.310435945000,0.437726482000,-0.457118527000,-0.031219252000,-0.736525962000,-0.148263735000,-0.070298013000,0.709890560000,-0.085106143000,0.082636887000,-0.208931056890,-0.033935430651,-0.108185351804,0.234913134597,0.181370133852,0.034112143053,-0.082665036327,0.817239053595,-0.917656290267,-1.175267130692,0.454292574358,0.116080243669,-0.287535251048,0.354189620873,1.011518728537,0.587385063505,-0.515548617594,-0.385748692424
0.180156781000,-0.369617771000,0.781612614000,0.953381689000,0.063212757000,0.145744324000,0.256565964000,-0.084495239000,0.043183775000,0.301991476000,0.429169268000,-0.475907416000,-0.081179092000,-0.724868328000,-0.163025849000,-0.146483865000,0.463920890000,0.014614201000,0.093506187000,-0.238846054555,-0.034289060443,-0.142453758872,0.237562829747,0.203918025565,0.018241341066,-0.040278878157,0.803633151425,-0.817656309835,-1.173995132407,0.454110230588,0.141428533591,-0.276451102771,0.300340828374,1.047441879475,0.579371545019,-0.511125825632,-0.392288866503
0.176531305000,-0.354350453000,0.769920110000,0.949569644000,0.053566458000,0.149438428000,0.270400224000,-0.014994014000,0.059984549000,0.289242940000,0.432495075000,-0.497137670000,-0.112678017000,-0.728470344000,-0.169513904000,-0.252386184000,0.285291655000,0.108187719000,0.075560132000,-0.268227954394,-0.034475122290,-0.160920509574,0.254385664978,0.215203634283,0.007022366936,-0.032537812198,0.800508627996,-0.717656309835,-1.173449850628,0.453912991568,0.183489017721,-0.272507563098,0.263232370390,1.032093653269,0.576839917507,-0.509720356045,-0.395529891928
0.168957000000,-0.342666282000,0.757382944000,0.948940906000,0.051411019000,0.146701205000,0.274493754000,0.053879330000,0.081236334000,0.300132086000,0.421924257000,-0.494059805000,-0.140538120000,-0.722767720000,-0.176080565000,-0.319736568000,0.180388170000,0.161099128000,0.052877694000,-0.292455954562,-0.037902295717,-0.181922015237,0.285643094267,0.218582525133,0.007868713862,-0.035347992623,0.826427854157,-0.617656309850,-1.172698001644,0.453708015660,0.205200193157,-0.286882557846,0.214752391361,1.065634639113,0.562087785473,-0.505346426060,-0.402514774415
0.160907220000,-0.333601119000,0.746554141000,0.948593835000,0.052617894000,0.144587924000,0.276578065000,0.111593881000,0.100654958000,0.315295134000,0.407472202000,-0.481505880000,-0.150637254000,-0.732907626000,-0.177523478000,-0.344359354000,0.149280763000,0.175321430000,0.031465473000,-0.306509251531,-0.041386306513,-0.198187910976,0.316183196567,0.235234865011,0.004791513901,-0.021241393511,0.816700167262,-0.517656309850,-1.171471636432,0.453501712036,0.216265942065,-0.284722119076,0.194273371474,1.068714574169,0.542833825349,-0.510444533975,-0.406784811138
0.147036994000,-0.332069790000,0.737561329000,0.949423889000,0.053740499000,0.138965485000,0.276396148000,0.160032380000,0.121913926000,0.317803689000,0.412159684000,-0.468132791000,-0.149570610000,-0.733517696000,-0.183769862000,-0.368229876000,0.157926674000,0.177818914000,0.012740560000,-0.317111200650,-0.050227460372,-0.212120990881,0.346612185164,0.253513008168,-0.000303620508,0.011145326809,0.804106682898,-0.429376598648,-1.170333056882,0.453298878026,0.230303455608,-0.278264992796,0.184423592158,1.088850967159,0.520173878277,-0.509161668433,-0.411290506741
0.124523996000,-0.337119308000,0.730754522000,0.949754030000,0.058877859000,0.133121813000,0.277090712000,0.202903105000,0.145337503000,0.292653598000,0.445485157000,-0.463121356000,-0.126471483000,-0.730244773000,-0.200728450000,-0.352446282000,0.232519108000,0.154388335000,-0.003340067000,-0.327639926973,-0.060870495049,-0.225680878849,0.372752879414,0.281774252085,-0.009906469377,0.046984513609,0.768645401641,-0.365859554402,-1.170832095407,0.453104669858,0.260412012208,-0.277835465856,0.155971338292,1.116114652964,0.489762995015,-0.501904136616,-0.420942995842
0.101409899000,-0.346077105000,0.722148527000,0.951500064000,0.067999292000,0.118804228000,0.275516388000,0.233611929000,0.171986879000,0.249545769000,0.493903187000,-0.443124625000,-0.087466780000,-0.715461751000,-0.219751872000,-0.297467561000,0.321543242000,0.122186594000,-0.004225695000,-0.330418015404,-0.070807584961,-0.247735068252,0.387556917110,0.322492698285,-0.025422558273,0.104209350181,0.708358214043,-0.351029419260,-1.172167523076,0.452924772775,0.273746623796,-0.267883722797,0.131751957206,1.148324525371,0.454116185169,-0.492097255105,-0.435141868687
0.085619126000,-0.350103791000,0.711888499000,0.954343259000,0.079051097000,0.104535433000,0.268425429000,0.252603443000,0.196966433000,0.213022037000,0.531813735000,-0.416485516000,-0.046924901000,-0.695212190000,-0.231236405000,-0.244092747000,0.400059762000,0.076932154000,-0.001371198000,-0.336205469918,-0.075137274769,-0.263770365202,0.393206013023,0.347116913555,-0.040212356439,0.148700561806,0.675108272854,-0.374997129544,-1.171558947470,0.452762150776,0.265354407829,-0.258304126467,0.122855395145,1.160996095279,0.427438505108,-0.483678420731,-0.447115846390
0.083832574000,-0.344382519000,0.700272410000,0.955271237000,0.086683448000,0.095185577000,0.266237770000,0.262036408000,0.218990811000,0.181804483000,0.579747762000,-0.393471575000,-0.006432838000,-0.673297164000,-0.241253000000,-0.209102694000,0.483718754000,0.023778165000,-0.001677125000,-0.337028720086,-0.085974135283,-0.273543204138,0.388309216538,0.384863626555,-0.046618445411,0.236603551893,0.655978605968,-0.474997129544,-1.166545565326,0.452616514604,0.273526179687,-0.251597605345,0.118148582908,1.164332011099,0.415542717008,-0.476935179144,-0.453211982801
0.092734804000,-0.336861192000,0.684857309000,0.955206601000,0.101159261000,0.086675119000,0.264262328000,0.273591159000,0.239313919000,0.163449888000,0.635843800000,-0.396593107000,0.030900976000,-0.710101405000,-0.252203855000,-0.157818145000,0.633627543000,-0.052448968000,-0.007003733000,-0.343210091457,-0.094522849875,-0.264255510065,0.360502346375,0.396331247452,-0.044328818322,0.273538790687,0.677507111018,-0.574997129513,-1.162872438073,0.452493397669,0.264081642981,-0.255203061955,0.106640430048,1.174029042313,0.395533973192,-0.470251794619,-0.466573871327
0.101327728000,-0.333201658000,0.663193274000,0.954690876000,0.112507900000,0.073921455000,0.265410857000,0.277961354000,0.258760369000,0.146830279000,0.693475896000,-0.432291302000,0.071798805000,-0.802042349000,-0.267948170000,-0.114631184000,0.822718524000,-0.120820698000,-0.017643574000,-0.348387427452,-0.098938923633,-0.249523876248,0.325256970940,0.403361846298,-0.040886520350,0.324474123158,0.723134769726,-0.674997129513,-1.160458906314,0.452397101918,0.239823356770,-0.259772895824,0.103748594243,1.158089441916,0.392617209802,-0.466876066929,-0.473521173454
0.098125559000,-0.341449551000,0.637496676000,0.952289576000,0.121480423000,0.059318867000,0.273620800000,0.266417061000,0.279112506000,0.125966583000,0.771142056000,-0.472933136000,0.110140120000,-0.906681034000,-0.284215230000,-0.073682125000,1.015387711000,-0.179425724000,-0.030630347000,-0.357917583590,-0.103375643657,-0.252148257666,0.303302008072,0.397085969736,-0.039530620772,0.344460388051,0.768800455155,-0.774997129513,-1.154883385154,0.452328867893,0.218309412134,-0.257634142650,0.104751003716,1.147639031915,0.382225738604,-0.463189719312,-0.476917200540
0.071929715000,-0.357125223000,0.616671584000,0.949913843000,0.129601227000,0.049053609000,0.280108828000,0.279510738000,0.291901506000,0.116000142000,0.796561550000,-0.515891702000,0.135840214000,-1.003888676000,-0.297851220000,-0.042899242000,1.175341844000,-0.223337230000,-0.033813214000,-0.375283295857,-0.099169402159,-0.256506411297,0.287966691216,0.379442949312,-0.038138817570,0.358214945838,0.823282841337,-0.874997129513,-1.146860476514,0.452284758835,0.181614630958,-0.262523873223,0.118528359698,1.136209623336,0.381184429415,-0.456127524577,-0.475711664577
0.035288044000,-0.364688361000,0.604811726000,0.949126394000,0.134395389000,0.041501041000,0.281735037000,0.273275286000,0.295667530000,0.098425822000,0.845322969000,-0.540580178000,0.156616011000,-1.079872015000,-0.296010769000,-0.019365501000,1.303062338000,-0.260902837000,-0.037068751000,-0.386991503987,-0.096048469708,-0.256358557890,0.271519136086,0.354767689455,-0.028181253349,0.319881086267,0.853597768261,-0.974997129487,-1.138163283346,0.452260939250,0.139586009437,-0.260088508532,0.147066966066,1.123607907530,0.379416330586,-0.452145083042,-0.475010692127
-0.005740480000,-0.365275539000,0.599537944000,0.948802048000,0.135981196000,0.040031209000,0.282278747000,0.281846424000,0.294840416000,0.092416606000,0.862557716000,-0.557980094000,0.160710096000,-1.131295840000,-0.284436638000,-0.008209331000,1.385886179000,-0.285350924000,-0.034632864000,-0.410124735582,-0.085787338668,-0.252147391010,0.280222610131,0.294243831060,-0.025029000941,0.229881086267,0.842888632422,-0.971236076494,-1.130961538347,0.452259478441,0.104911065874,-0.274842670287,0.225383861392,1.046403786678,0.406613053003,-0.456457552408,-0.466489186023
-0.034614362000,-0.366824125000,0.595328291000,0.947726272000,0.136499614000,0.041005680000,0.285484331000,0.296629884000,0.294441272000,0.095914590000,0.862399296000,-0.563690540000,0.155855831000,-1.174405854000,-0.275267590000,-0.005881665000,1.446245389000,-0.301607397000,-0.029490043000,-0.419915171077,-0.078108272861,-0.243961324176,0.284030523025,0.256114812245,-0.016099952993,0.139881086267,0.857168988372,-0.956383327599,-1.124842711646,0.452274920084,0.074968090733,-0.296348295215,0.257760721191,1.015683420302,0.412236351554,-0.451542369031,-0.459646930682
-0.045248832000,-0.372503208000,0.592833814000,0.947168462000,0.134557295000,0.039786117000,0.288415160000,0.300483348000,0.292788558000,0.093280084000,0.875608227000,-0.568786674000,0.156403197000,-1.226364722000,-0.266308288000,-0.005344657000,1.501044166000,-0.307626954000,-0.024777255000,-0.431204105489,-0.067983579316,-0.229409970172,0.286514756269,0.230215754681,0.004254788178,0.049881086267,0.832468913355,-0.944148454624,-1.119490703179,0.452306932188,0.038285197374,-0.311989832575,0.313503885757,0.950712015794,0.431671531225,-0.453278157447,-0.455595638133
-0.046375114000,-0.376483691000,0.593580046000,0.947762030000,0.132001657000,0.038715550000,0.287791250000,0.310113020000,0.291064471000,0.090264092000,0.891870195000,-0.573106425000,0.157266179000,-1.269192356000,-0.258106836000,-0.005297702000,1.549491306000,-0.314707298000,-0.021362616000,-0.438058587997,-0.065163474775,-0.228542938172,0.285964132181,0.221617610055,0.026424359453,-0.040118913733,0.808295263402,-0.933753348921,-1.114682921069,0.452356047923,0.011747135876,-0.319236104085,0.348508612845,0.922808566538,0.425591603448,-0.453575952051,-0.458366625656
-0.044435199000,-0.376195259000,0.595317682000,0.949014013000,0.128888351000,0.039935305000,0.284895361000,0.318178026000,0.290964806000,0.088916416000,0.905275624000,-0.580966082000,0.156002128000,-1.312260604000,-0.253464218000,-0.004371905000,1.593888811000,-0.322764966000,-0.020013832000,-0.444530570618,-0.062376636627,-0.230473918646,0.276518905760,0.209580393946,0.045149085947,-0.130118913733,0.784799405194,-0.924658696574,-1.110261799538,0.452423986681,-0.006478501127,-0.319595651071,0.375422049118,0.902643741049,0.407953379266,-0.456423269102,-0.468065215914
-0.046538307000,-0.372724017000,0.594610049000,0.951259540000,0.124371066000,0.042025338000,0.279053752000,0.326105690000,0.291038114000,0.087410488000,0.917660417000,-0.589006842000,0.156259216000,-1.348693016000,-0.250988443000,-0.004762801000,1.630247195000,-0.328175726000,-0.019588768000,-0.448347454299,-0.060902264151,-0.234922760449,0.268209325066,0.209791590699,0.056288158501,-0.193265139288,0.763613999977,-0.916483421041,-1.106116464650,0.452511798927,-0.017852727114,-0.316019229166,0.408763288155,0.881072056121,0.389342441663,-0.458621805268,-0.477970229312
-0.051405096000,-0.368610574000,0.591431952000,0.953448519000,0.119021412000,0.044398175000,0.273493378000,0.323936382000,0.290914208000,0.083474248000,0.936987007000,-0.599381303000,0.156152299000,-1.387355400000,-0.248648937000,-0.004808239000,1.664264850000,-0.336458359000,-0.022243128000,-0.451845318886,-0.057073694391,-0.230787933718,0.249708122712,0.200799872348,0.063277695474,-0.233435992359,0.728634933885,-0.908976857223,-1.102171872400,0.452620752170,-0.035691292933,-0.317228090786,0.448604278230,0.859829774035,0.373584611626,-0.461517679584,-0.488337765646
-0.056410636000,-0.366484151000,0.586733004000,0.955421419000,0.113537826000,0.046933722000,0.268470296000,0.320793821000,0.291192044000,0.079813893000,0.956936904000,-0.607502702000,0.154898779000,-1.424699872000,-0.247345846000,-0.004007784000,1.699945560000,-0.345914051000,-0.024494832000,-0.455484497704,-0.055556387806,-0.225007520688,0.228039409808,0.187457309010,0.066862264759,-0.270776247479,0.697334626218,-0.901953712702,-1.098376409147,0.452751387431,-0.048876074439,-0.316498308910,0.487208776612,0.858279280619,0.349869750871,-0.464785263094,-0.500353152657
-0.065131912000,-0.366223944000,0.582326990000,0.956451411000,0.109775890000,0.048997503000,0.265987212000,0.319447886000,0.291965876000,0.077600225000,0.968894186000,-0.615971962000,0.152368348000,-1.466033323000,-0.245521150000,-0.001903711000,1.733417558000,-0.353941367000,-0.026915410000,-0.456804871877,-0.053613747160,-0.223704078824,0.207183117497,0.180156826187,0.071503624801,-0.298568093613,0.679074385847,-0.895285113380,-1.094694359229,0.452904645482,-0.060213905036,-0.316531626217,0.521473145827,0.855548537281,0.329971329469,-0.471496894036,-0.511907292488
-0.071712026000,-0.364652729000,0.579950233000,0.957052433000,0.106058543000,0.048644581000,0.265397684000,0.310498590000,0.293828750000,0.074089113000,0.986543007000,-0.626201661000,0.149300741000,-1.512734792000,-0.245202497000,0.001149152000,1.770464812000,-0.358144802000,-0.027727498000,-0.456606468421,-0.050243083938,-0.223659823913,0.186147220021,0.170069426469,0.076480335255,-0.327750118295,0.651718464027,-0.888897645210,-1.091103796085,0.453078994293,-0.074381286844,-0.316917643567,0.556156249336,0.849054616618,0.309905530346,-0.478474167728,-0.521348135361
-0.077568724000,-0.362465266000,0.579500385000,0.957215278000,0.103583276000,0.048355991000,0.265840395000,0.304424176000,0.295872687000,0.071723464000,0.996255512000,-0.638184058000,0.151390005000,-1.544185443000,-0.248016422000,0.003785202000,1.801246439000,-0.366134993000,-0.025659214000,-0.456289527662,-0.047681670613,-0.224915509926,0.157314740415,0.165665624037,0.077797811257,-0.362741489446,0.634163612984,-0.882729429768,-1.087584962080,0.453271686128,-0.084260433626,-0.315635560468,0.590519496242,0.844277600590,0.295120842914,-0.482907409000,-0.527981776450
-0.082943718000,-0.361020056000,0.580005919000,0.956485772000,0.103972641000,0.050190922000,0.267965536000,0.308568920000,0.297049925000,0.071357203000,0.985884786000,-0.645321690000,0.149779405000,-1.565067898000,-0.248378832000,0.007238784000,1.823842348000,-0.374953353000,-0.026773077000,-0.453319928774,-0.045746041156,-0.227149430041,0.141745985047,0.168969886256,0.075525918420,-0.389878179805,0.628497782043,-0.099853677389,-0.263648218983,0.512776905712,-0.090705271431,-0.314130498525,0.614186883293,0.843741814265,0.288129969827,-0.485861010513,-0.529804486740
-0.089903709000,-0.362500421000,0.582236993000,0.956005193000,0.102853775000,0.053175958000,0.269531983000,0.299720712000,0.297703979000,0.072542956000,0.970220947000,-0.645626446000,0.145495085000,-1.588154426000,-0.248413844000,0.009541107000,1.834152304000,-0.377557547000,-0.028516073000,-0.449712044002,-0.040472254865,-0.228300254454,0.127458165096,0.168980476602,0.072897941588,-0.390181449916,0.640876207762,-0.098433165846,-0.265500409106,0.513474129923,-0.105054700337,-0.310217934549,0.629240669657,0.846246105761,0.281493513772,-0.490358069942,-0.530577478678
-0.093099764000,-0.363761460000,0.587109524000,0.954514255000,0.103486038000,0.058061882000,0.273536092000,0.291303444000,0.298282725000,0.078781886000,0.943742476000,-0.637018163000,0.139126441000,-1.603182898000,-0.246304739000,0.011681291000,1.836757632000,-0.385193725000,-0.033748752000,-0.450662113048,-0.031611775606,-0.220261759174,0.106890328771,0.160080156207,0.063865140582,-0.387355179455,0.670009157945,-0.097413621970,-0.266797169302,0.513965656254,-0.125236983358,-0.302781638667,0.637156309585,0.865843076577,0.268925328511,-0.495542706686,-0.535597945685
-0.092318358000,-0.362591726000,0.595162066000,0.953342585000,0.105359930000,0.065075320000,0.275322364000,0.285065140000,0.294405541000,0.089213546000,0.896661877000,-0.617293154000,0.136851101000,-1.590612265000,-0.241521329000,0.010194683000,1.813764592000,-0.393996230000,-0.042214907000,-0.454282803920,-0.025531952355,-0.207278687827,0.100897021797,0.151915427101,0.055910203000,-0.372625309709,0.716662467302,-0.096623949781,-0.267701567857,0.514313407712,-0.145505014600,-0.294926035100,0.639616794950,0.888569587053,0.264403844425,-0.499391691329,-0.534399626541
-0.088770141000,-0.360154736000,0.607263436000,0.952517222000,0.108525584000,0.075095552000,0.274397151000,0.282762153000,0.289281396000,0.108992906000,0.831534640000,-0.587558686000,0.130646536000,-1.551921985000,-0.234921413000,0.006420119000,1.762876256000,-0.404355367000,-0.051594656000,-0.457723332553,-0.022929518272,-0.188597212591,0.092304252432,0.143418722592,0.041464632776,-0.343996156616,0.783456964760,-0.095922333406,-0.268323809123,0.514557984490,-0.158736860070,-0.281174116732,0.622578052807,0.938365273077,0.256569760505,-0.499436843834,-0.533405192917
-0.083883849000,-0.359900401000,0.625679268000,0.947963502000,0.112545850000,0.074142853000,0.288446645000,0.264880461000,0.282269429000,0.139826731000,0.749982998000,-0.555972400000,0.116798294000,-1.503014491000,-0.226363684000,-0.001604307000,1.680296828000,-0.409321849000,-0.060725915000,-0.458082428021,-0.007270609611,-0.173905452839,0.079176486482,0.118226676159,0.029961034579,-0.325149968373,0.801467629411,-0.095272954521,-0.268749018678,0.514726348955,-0.178777473488,-0.281663895732,0.601084461222,0.963597095963,0.249222545724,-0.499190471010,-0.535795310918
-0.080662324000,-0.360047510000,0.648767590000,0.945119566000,0.117871214000,0.086768291000,0.292107252000,0.230886455000,0.268573818000,0.173094624000,0.683243661000,-0.508575126000,0.114664397000,-1.399819279000,-0.216824135000,-0.019280936000,1.539859214000,-0.399259865000,-0.063373567000,-0.444718156247,-0.005119900327,-0.167694213922,0.073236707167,0.121700770368,0.023827295220,-0.312426861628,0.817652733376,-0.094655610577,-0.269027819064,0.514826365572,-0.177442889036,-0.285061146457,0.563677793670,0.996997126968,0.263207708982,-0.490587013916,-0.527593638750
-0.078970795000,-0.360331653000,0.672573023000,0.941823947000,0.122815180000,0.096935870000,0.297468521000,0.186424561000,0.250395023000,0.208107932000,0.638212822000,-0.447083535000,0.106686138000,-1.271493274000,-0.203411770000,-0.040706267000,1.377352418000,-0.378294460000,-0.060043827000,-0.437945714831,-0.000863905721,-0.164757476902,0.074045914833,0.122043156007,0.020170341892,-0.303750860592,0.836274116326,-0.094051866463,-0.269190757553,0.514862505009,-0.166930616699,-0.300072334207,0.509909347920,1.045590914158,0.285011145222,-0.476439447802,-0.519578497348
-0.078210303000,-0.356886688000,0.693164325000,0.942635986000,0.126976965000,0.137137223000,0.276600126000,0.112059879000,0.221928099000,0.220813095000,0.651538526000,-0.392313597000,0.108193300000,-1.142631775000,-0.186619772000,-0.066272880000,1.212887697000,-0.346390021000,-0.052485589000,-0.425083276654,-0.001840268389,-0.138843100223,0.063506288623,0.120226620123,0.020500593891,-0.295089127723,0.851784888933,-0.093449309890,-0.269262980875,0.514843241030,-0.147074803719,-0.304443380869,0.484946918939,1.078627448416,0.318173458458,-0.466577722082,-0.511401353958
-0.083975693000,-0.354119541000,0.706979285000,0.941878823000,0.112520496000,0.110294447000,0.296712918000,-0.047214946000,0.184222203000,0.194195517000,0.809456201000,-0.345946467000,0.125304724000,-1.002925306000,-0.164321795000,-0.088416714000,1.070877308000,-0.313066975000,-0.053165944000,-0.396216517399,-0.013338941447,-0.120996988882,0.052310101329,0.126950298764,0.014416125044,-0.311918549867,0.851481456777,-0.092897617224,-0.269263483176,0.514776686445,-0.091750910790,-0.311549974793,0.457062300369,1.094490932436,0.364652670029,-0.460156317549,-0.497975741546
-0.099636473000,-0.345292149000,0.717611781000,0.945947126000,0.107791208000,0.140350991000,0.271784269000,-0.156455287000,0.151061895000,0.188413531000,0.904064399000,-0.319978689000,0.127743117000,-0.869454389000,-0.148383909000,-0.120770853000,0.915308733000,-0.269455736000,-0.033606551000,-0.367096153697,-0.018527115757,-0.117033251662,0.082381366488,0.152436668489,0.009711798625,-0.325165031966,0.834886535993,-0.092370340717,-0.269207350367,0.514673510467,-0.047369435437,-0.313809494740,0.435750477262,1.118566795372,0.390774659270,-0.456296398365,-0.492550451812
-0.118966004000,-0.338344878000,0.722902850000,0.949194093000,0.091230986000,0.148095158000,0.262250464000,-0.247179181000,0.124799711000,0.183836943000,0.970659799000,-0.316657893000,0.135608083000,-0.757017193000,-0.140321049000,-0.150506535000,0.786509630000,-0.231328580000,-0.015753037000,-0.334833021461,-0.026913196695,-0.123273298156,0.108672707302,0.160634731430,0.011687720070,-0.317081013209,0.838067164281,-0.096109127180,-0.269111612404,0.514540117479,-0.012019664491,-0.303563839144,0.440529303054,1.139310664706,0.405892072804,-0.454723121358,-0.487963894610
-0.126632389000,-0.335495815000,0.725795245000,0.954318783000,0.081416983000,0.148617806000,0.246088770000,-0.322397164000,0.101908013000,0.180232557000,1.042308517000,-0.321316225000,0.145485127000,-0.643443121000,-0.132035311000,-0.181112982000,0.660953046000,-0.187768095000,0.002452120000,-0.307830052242,-0.026986910934,-0.137636511625,0.150587753547,0.178928449817,0.013994649144,-0.290968281017,0.803456873806,-0.135114111249,-0.268992064981,0.514379818602,0.029201531042,-0.311921820200,0.449168776468,1.120989390246,0.440652004739,-0.455149797813,-0.478052202014
-0.110485114000,-0.335195734000,0.727424082000,0.958699154000,0.066009842000,0.147206430000,0.234241114000,-0.415271962000,0.082606092000,0.172894212000,1.104694247000,-0.315738092000,0.161461008000,-0.525514867000,-0.122996732000,-0.211227485000,0.557943908000,-0.157484315000,0.012873281000,-0.259292767233,-0.034947969036,-0.159861828979,0.187353455773,0.213034796837,0.017452739256,-0.245531068493,0.752254772951,-0.235114110931,-0.268865232786,0.514195757953,0.062227060394,-0.305818896606,0.462172258417,1.098336814966,0.471340041533,-0.461031124437,-0.470348109331
-0.077140417000,-0.328255151000,0.727528068000,0.965370903000,0.054866531000,0.121454710000,0.224270901000,-0.521412939000,0.079228445000,0.172208126000,1.129626748000,-0.306254268000,0.175562519000,-0.415964420000,-0.120201168000,-0.236913277000,0.482048142000,-0.138954670000,0.029142997000,-0.218898714866,-0.035806129074,-0.160684352851,0.235292349792,0.219476700858,0.026049899118,-0.253606894031,0.735618117943,-0.335114110931,-0.269287378951,0.513993462090,0.093789669902,-0.299533242103,0.497278518864,1.076460275100,0.487362299825,-0.464733099595,-0.466382663578
-0.044854971000,-0.325268660000,0.727552402000,0.971243532000,0.045951276000,0.104940778000,0.208714911000,-0.623222877000,0.082512449000,0.171576437000,1.110467993000,-0.298019050000,0.188356365000,-0.340180255000,-0.120118281000,-0.246336352000,0.441618366000,-0.134142417000,0.037609987000,-0.178660638453,-0.033719149879,-0.178575586553,0.278611608732,0.219165132959,0.047636828760,-0.247576843605,0.711856093337,-0.370540698712,-0.268425356683,0.513780376956,0.107189600241,-0.288579526072,0.525614363924,1.057527587021,0.498609756914,-0.467324445776,-0.463601316988
-0.015599663000,-0.319552332000,0.729752035000,0.973376822000,0.038974793000,0.104655669000,0.200164230000,-0.677431611000,0.100814994000,0.193814201000,0.985928900000,-0.272885030000,0.194190859000,-0.259774169000,-0.128786399000,-0.261946634000,0.413294126000,-0.140040368000,0.058069687000,-0.130825196668,-0.034916685519,-0.188296071791,0.292664174718,0.231136715559,0.058234918195,-0.235267780892,0.662276378246,-0.378334102181,-0.267312307655,0.513553778252,0.124886264547,-0.284426797026,0.550614039301,1.037903506819,0.506559453516,-0.469140489866,-0.461640184433
0.011806990000,-0.308697671000,0.732409484000,0.974374716000,0.031078552000,0.107671080000,0.195025576000,-0.576553528000,0.104672264000,0.250015959000,0.703392479000,-0.240304453000,0.196114340000,-0.145318316000,-0.133574124000,-0.302153365000,0.354031735000,-0.145514991000,0.077359320000,-0.115726701382,-0.039017517424,-0.197860550207,0.351840096407,0.268812991333,0.066528581145,-0.145267780898,0.625579924811,-0.443806096978,-0.293385157290,0.513616436118,0.147248102374,-0.271832103663,0.562582745480,1.045071666747,0.512250715126,-0.470407482060,-0.460237798760
0.041558292000,-0.300998474000,0.725827210000,0.978657004000,0.024208212000,0.095549499000,0.180318397000,-0.622709321000,0.082089973000,0.304364235000,0.580784042000,-0.192905967000,0.185742181000,-0.043782375000,-0.130730175000,-0.316507202000,0.326279217000,-0.166601589000,0.073659093000,-0.087274790903,-0.045171872782,-0.214938956788,0.389584973040,0.341968497299,0.074092640638,-0.055267780898,0.558176544546,-0.543806076494,-0.358602867915,0.514719713811,0.167679418818,-0.259345880675,0.555278574032,1.040722821124,0.516423321860,-0.471299242159,-0.459214874098
0.072192638000,-0.298309207000,0.717611025000,0.983268808000,0.022111597000,0.085453342000,0.159346339000,-0.673078521000,0.088318207000,0.363635192000,0.494207026000,-0.136864386000,0.171388248000,0.029905997000,-0.136059277000,-0.302200345000,0.333685991000,-0.199498216000,0.073590055000,-0.047858286470,-0.044971302705,-0.215672162807,0.402109570903,0.398119288942,0.062105574673,0.034732219102,0.536634583859,-0.643806076494,-0.404065457018,0.515370416770,0.178415678170,-0.254797633694,0.528067601421,1.041032852202,0.519563749375,-0.471936876588,-0.458456548121
0.094629998000,-0.296952349000,0.709731725000,0.985426621000,0.020447052000,0.079058740000,0.149217989000,-0.687312387000,0.098682205000,0.479219625000,0.367721070000,-0.083585170000,0.170558353000,0.097933483000,-0.140702413000,-0.294152661000,0.322186748000,-0.215444096000,0.070521465000,-0.011471019560,-0.042499224649,-0.224141073313,0.413900593564,0.452332345364,0.047304674964,0.124732219102,0.626634583859,-0.743806076493,-0.435663630465,0.515697686228,0.180944497151,-0.241844895500,0.489462843439,1.032499346701,0.522005235170,-0.472405142776,-0.457884571713
0.113508995000,-0.292213185000,0.702781537000,0.984750350000,0.020710460000,0.083909217000,0.150986980000,-0.707800500000,0.099388742000,0.590017956000,0.276122244000,-0.044757654000,0.172837112000,0.148093506000,-0.145754507000,-0.284889133000,0.321910022000,-0.228040410000,0.064539993000,0.026331143047,-0.038077267363,-0.235147611685,0.434722087537,0.453441128301,0.013692374287,0.214732219102,0.716634583859,-0.843806076493,-0.457527832065,0.515790180833,0.184332451557,-0.230009057058,0.448920076078,1.032866466753,0.523936104271,-0.472761031369,-0.457448190717
0.128396693000,-0.286880274000,0.696061706000,0.983937175000,0.018851686000,0.085183535000,0.155743428000,-0.743943675000,0.092656162000,0.659728284000,0.226471479000,-0.015123004000,0.174730055000,0.187471530000,-0.150712574000,-0.278070343000,0.328898989000,-0.240358895000,0.055814601000,0.060061183263,-0.031744344421,-0.244662547909,0.447160755605,0.445401168604,-0.015393413470,0.301247311871,0.799717883202,-0.943806003940,-0.472555417677,0.515714596509,0.179051559545,-0.214234752941,0.414252875344,1.038949872333,0.525452792767,-0.473046153142,-0.457116865653
0.141559424000,-0.284221996000,0.690507313000,0.983105573000,0.017086782000,0.083218052000,0.162130286000,-0.779202941000,0.082585026000,0.703867243000,0.216034931000,0.004344074000,0.176653056000,0.227470211000,-0.152770609000,-0.272938771000,0.335309989000,-0.247614459000,0.046026027000,0.081207863128,-0.024107191587,-0.250218687627,0.467064796755,0.448056418407,-0.028820524538,0.328535243050,0.825325513162,-1.043805706648,-0.482780386331,0.515520872055,0.177594002421,-0.207763601076,0.383606508247,1.041619169549,0.526640889230,-0.473286300572,-0.456865332481
0.158936206000,-0.283829610000,0.687874098000,0.981508248000,0.013005762000,0.083502995000,0.171754650000,-0.794184448000,0.076197492000,0.745918931000,0.207036677000,0.024544996000,0.175549549000,0.277517193000,-0.155014209000,-0.277071060000,0.332338119000,-0.246853613000,0.041996272000,0.088646291725,-0.020247250995,-0.266408595120,0.494296649400,0.461339033130,-0.035066884977,0.326027402799,0.848085200790,-1.143805704944,-0.489626068733,0.515240370959,0.190574066160,-0.202299061032,0.356326215881,1.041433257533,0.527572676014,-0.473496031231,-0.456669533614
0.177311554000,-0.282768104000,0.685426807000,0.980122590000,0.014421050000,0.080367906000,0.180811342000,-0.786569813000,0.076497794000,0.762400973000,0.213716781000,0.045511783000,0.176562264000,0.317932733000,-0.160091747000,-0.271221268000,0.349827875000,-0.254752633000,0.040088547000,0.088598044193,-0.019845013554,-0.273422233304,0.520342131032,0.478160320546,-0.045572937454,0.327446257423,0.881216186920,-1.220852142664,-0.494089580297,0.514896208980,0.204849120297,-0.200553045210,0.323516018489,1.049438393327,0.528294703825,-0.473682723536,-0.456511966708
0.195925374000,-0.273592840000,0.682412843000,0.980935417000,0.018000458000,0.071303376000,0.179881959000,-0.765698748000,0.081420950000,0.743078133000,0.240159591000,0.061273462000,0.174477201000,0.350658795000,-0.166407562000,-0.263434368000,0.370003808000,-0.264297599000,0.038048061000,0.082549683870,-0.018288820146,-0.264605758192,0.547936225451,0.484555441033,-0.050191450060,0.328093319737,0.907232404761,-1.272255634735,-0.496871516411,0.514505297644,0.214648344357,-0.195006319051,0.288741619839,1.059656341344,0.528839933194,-0.473846806640,-0.456379128635
0.219888697000,-0.254442739000,0.678141869000,0.982769549000,0.018732769000,0.057472682000,0.174671086000,-0.744408116000,0.088471121000,0.697473898000,0.278058911000,0.069430935000,0.167953046000,0.389277171000,-0.176019457000,-0.261345396000,0.387430247000,-0.265350862000,0.040722510000,0.084163796966,-0.018324476343,-0.265649740469,0.570700720149,0.498222838299,-0.051071227307,0.349373695513,0.932362225974,-1.305610891410,-0.498467714376,0.514077382575,0.227829082215,-0.190198440181,0.254809399388,1.075993153654,0.529234584852,-0.473988335963,-0.456259109462
0.248199497000,-0.233029015000,0.662745976000,0.994141577000,0.014111965000,-0.018336839000,0.105580007000,-0.735637953000,0.104309036000,0.614669055000,0.339262663000,0.063836441000,0.155694396000,0.421776521000,-0.190050775000,-0.264227056000,0.401389083000,-0.270019893000,0.040980386000,0.075817984659,-0.019230702371,-0.258376643084,0.590470232011,0.531051275502,-0.058851474806,0.356510908028,0.912504002386,-1.326303472317,-0.499233081294,0.513622957991,0.232621183866,-0.186732690531,0.235956738688,1.070474206397,0.529488569758,-0.474110938334,-0.456143110034
0.277456450000,-0.227476472000,0.664478859000,0.993751329000,0.009402379000,-0.001875383000,0.111204203000,-0.775006510000,0.115233079000,0.477795041000,0.437896624000,0.043942559000,0.141559456000,0.444397674000,-0.206172579000,-0.264763429000,0.422240651000,-0.268041715000,0.048514076000,0.088026267903,-0.018046537308,-0.245379181194,0.588218989807,0.474296701949,-0.043834214988,0.371531239150,0.899126029986,-1.338118510643,-0.499415740480,0.513142685939,0.284743906472,-0.161746383059,0.145956738688,0.980474206397,0.529628414030,-0.474214025840,-0.456019238999
0.288034256000,-0.224687658000,0.659391027000,0.997739795000,0.006908207000,-0.026171393000,0.061503149000,-0.862511493000,0.134803701000,0.368691339000,0.587595097000,0.007395694000,0.135823194000,0.425961106000,-0.221975963000,-0.246456332000,0.482071305000,-0.276138175000,0.053953011000,0.080202862692,-0.017930907369,-0.213897539958,0.589084336764,0.417673187136,-0.022513498355,0.368335530529,0.877050302741,-1.343721892604,-0.499198708337,0.512651433364,0.240964625423,-0.180988856096,0.163609846294,1.021927317734,0.529663752001,-0.474299514480,-0.455890467346
0.295193394000,-0.221589800000,0.659107841000,0.994468343000,0.011191975000,-0.010994614000,0.103858426000,-0.972184839000,0.148665604000,0.297814161000,0.749675109000,-0.041384909000,0.141421805000,0.393220624000,-0.235866635000,-0.223061962000,0.540887622000,-0.288408630000,0.061741177000,0.087830499930,-0.011748904818,-0.194855075687,0.568544037953,0.367393565676,-0.008116780990,0.322680161355,0.851703704800,-1.344986973010,-0.498713859276,0.512157314131,0.207162534510,-0.190477089461,0.226691934455,1.034461045026,0.529603559413,-0.474375221807,-0.455759091690
0.288153546000,-0.229770093000,0.647356514000,0.998967892000,0.018581118000,-0.019513453000,0.036566628000,-1.076151784000,0.158825622000,0.262962343000,0.886322111000,-0.077465380000,0.145725038000,0.355393989000,-0.246433094000,-0.198035492000,0.607549838000,-0.305851461000,0.071774865000,0.091641755306,-0.006826786666,-0.178341956525,0.567314426807,0.329282535982,0.001143996440,0.254540364213,0.827475565356,-1.343212782095,-0.498051846336,0.511664330165,0.117162534510,-0.196292403843,0.316691934455,1.124461045026,0.529459782250,-0.474446236393,-0.455624118101
0.283908559000,-0.248803290000,0.639865778000,0.998374341000,0.023787381000,-0.008729919000,0.051055102000,-1.167485243000,0.162431642000,0.239245234000,1.007515276000,-0.111419714000,0.142616623000,0.339723031000,-0.250012271000,-0.185820104000,0.640475216000,-0.324611388000,0.079024820000,0.095591271253,-0.000089935049,-0.195724349394,0.571506014826,0.310048485583,0.009076742787,0.195690345228,0.806675203461,-1.339306302050,-0.497269077285,0.511172912218,0.155537692698,-0.210034413173,0.285243652136,1.046753854190,0.477964001664,-0.486806284558,-0.417126280985
0.275824349000,-0.271948825000,0.630071166000,0.996508556000,0.031769112000,-0.001641530000,0.077192784000,-1.260084557000,0.163635262000,0.224401122000,1.119560573000,-0.139530397000,0.136769149000,0.316127044000,-0.252671960000,-0.175138404000,0.679753613000,-0.348423368000,0.090804064000,0.098173794979,0.009352609608,-0.185096322663,0.557250912099,0.285132864655,0.020358863654,0.139159308005,0.784074022009,-1.333921887974,-0.496408191860,0.510683221004,0.120406172173,-0.222949157856,0.301676941953,1.031499119700,0.492387051651,-0.488021211670,-0.411391613983
0.253748224000,-0.302725841000,0.618612430000,0.996368704000,0.041826882000,-0.001987121000,0.074134805000,-1.335297794000,0.161404174000,0.216498541000,1.209515558000,-0.165876093000,0.129337673000,0.290063258000,-0.256407217000,-0.166588083000,0.711765104000,-0.368074314000,0.108429470000,0.106059200918,0.017300487063,-0.166670048940,0.534335921223,0.260384682643,0.032541965333,0.067884810728,0.756385355992,-1.327529405670,-0.495504655674,0.510192274779,0.081884819181,-0.238570861506,0.340549948041,1.013642802187,0.512213130744,-0.494575444184,-0.405601493997
0.214581679000,-0.332283736000,0.610866110000,0.996425203000,0.048155552000,-0.000446477000,0.069409353000,-1.391409338000,0.157339417000,0.210768241000,1.275445231000,-0.183357783000,0.119882083000,0.273160823000,-0.257618071000,-0.158837414000,0.730792329000,-0.382621105000,0.113930580000,0.117776763629,0.016977868434,-0.166986100559,0.517705888773,0.241457304583,0.043607614347,0.016606628906,0.734738934343,-1.321987641201,-0.494583192177,0.509699547614,0.039754752821,-0.242131186248,0.356758145395,1.009796716912,0.520749285805,-0.507735140230,-0.406322806196
0.171306898000,-0.355037657000,0.608098872000,0.996607209000,0.053204778000,0.001415506000,0.062779930000,-1.440481825000,0.152470304000,0.203181269000,1.335202591000,-0.202311930000,0.112409945000,0.268881194000,-0.258113184000,-0.151759850000,0.743822866000,-0.394616451000,0.120535519000,0.128065439148,0.017957179879,-0.167473867128,0.513575365492,0.232873038626,0.052934252737,-0.025275097580,0.700191284668,-1.316852926281,-0.493679999261,0.509202967614,0.015899289450,-0.254862643157,0.371465752716,0.991402656330,0.531633354382,-0.513575759920,-0.404155692404
0.143020162000,-0.373760576000,0.609248875000,0.997061192000,0.056794075000,0.003698460000,0.051280931000,-1.490491565000,0.148586820000,0.194180509000,1.386379552000,-0.216885362000,0.106489817000,0.266286720000,-0.261510200000,-0.146741994000,0.765628735000,-0.403922125000,0.127142765000,0.136317728648,0.017724859897,-0.164620009668,0.494610265555,0.233686991723,0.066401417342,-0.068494774645,0.668624231474,-1.311368643965,-0.492711664336,0.508701598437,0.000388832679,-0.265016552536,0.382101439236,0.973118471144,0.541415445647,-0.519018012045,-0.404478698142
0.128488264000,-0.389964981000,0.611504742000,0.997592172000,0.057620938000,0.006892358000,0.037976053000,-1.540279683000,0.147248322000,0.184488374000,1.434810328000,-0.227303090000,0.102916928000,0.261033638000,-0.266846333000,-0.140599747000,0.800700520000,-0.411615196000,0.131385975000,0.146024646625,0.017058941191,-0.158849545172,0.487782233051,0.239560329254,0.079592117554,-0.107002490577,0.634847626686,-1.305014838310,-0.491769261521,0.508199109496,-0.004257338025,-0.270199801544,0.394775322161,0.946827998992,0.550660461020,-0.523561998783,-0.404566063215
0.119320382000,-0.403032978000,0.612911989000,0.997875650000,0.058352377000,0.012905961000,0.025934987000,-1.578236708000,0.146853341000,0.174252554000,1.472219958000,-0.236922370000,0.101328521000,0.258805528000,-0.272839029000,-0.135312251000,0.830278935000,-0.416098415000,0.134504500000,0.154781136143,0.016185108328,-0.160835387756,0.487223394592,0.250998079119,0.090099298532,-0.139807054495,0.584473371166,-1.295945318698,-0.490851242306,0.507698586688,-0.000042140830,-0.271183166389,0.416177956808,0.903650508361,0.562543254375,-0.524457778679,-0.402961448442
0.110984100000,-0.412404866000,0.613732788000,0.997981092000,0.058890425000,0.018026010000,0.015515203000,-1.614494793000,0.148045053000,0.164539107000,1.505022439000,-0.238372152000,0.097647061000,0.257076351000,-0.281691938000,-0.129324177000,0.859151297000,-0.420510728000,0.135537769000,0.166610808576,0.016096787708,-0.171833378621,0.485942578830,0.271470790312,0.093460402363,-0.149978633886,0.536788964055,-1.270669773523,-0.490470581429,0.507201619259,-0.003023514071,-0.263635449166,0.433358797885,0.883354505984,0.567147589409,-0.521331227961,-0.402473956879
0.104076570000,-0.418865525000,0.614528289000,0.997990471000,0.058645712000,0.022786776000,0.007514210000,-1.648315423000,0.148995404000,0.155550444000,1.537447914000,-0.239731907000,0.094999874000,0.261495981000,-0.289657023000,-0.124505021000,0.874820900000,-0.427311185000,0.130928456000,0.176084507056,0.016549088146,-0.176914786774,0.481564240537,0.284881650694,0.092684165853,-0.157708074572,0.494031131704,-1.219256226336,-0.490460239022,0.506709935467,-0.003278915391,-0.255249055597,0.443911906715,0.870212428542,0.567213875119,-0.515257669364,-0.401298471971
0.094963837000,-0.425466128000,0.614273718000,0.998087444000,0.056482526000,0.025118525000,-0.000488040000,-1.676855236000,0.151328182000,0.146346221000,1.559263031000,-0.239552837000,0.091949876000,0.256983357000,-0.297249514000,-0.121723342000,0.894737366000,-0.435908117000,0.126165506000,0.181850828746,0.019142525211,-0.179620081296,0.474651216236,0.297047521926,0.093090239093,-0.160498364281,0.475269443521,-1.155358869908,-0.490123179696,0.506225727949,0.000003364679,-0.247829798747,0.446635618361,0.863531853733,0.570415443050,-0.513256056298,-0.399716593928
0.082552440000,-0.430918719000,0.614770764000,0.998078576000,0.055701940000,0.026507543000,-0.005813874000,-1.698364042000,0.155909093000,0.140021413000,1.569708012000,-0.237099432000,0.088083606000,0.249538315000,-0.304572181000,-0.119345529000,0.908225941000,-0.443302878000,0.121930273000,0.180553598093,0.020453611101,-0.174682412823,0.464658454407,0.298720232749,0.092199215466,-0.161922576905,0.469655319397,-1.106801799819,-0.508901240319,0.505807246772,0.001375340361,-0.245449255287,0.445741904833,0.870035211874,0.568749799874,-0.514440886290,-0.401093527218
0.068792636000,-0.435490249000,0.616907384000,0.998140210000,0.053743883000,0.027323055000,-0.009009249000,-1.712523377000,0.161887519000,0.137285166000,1.570871860000,-0.233596716000,0.084421886000,0.248825840000,-0.309436621000,-0.118005560000,0.905872493000,-0.446942346000,0.114731282000,0.175629592952,0.022853527622,-0.166057440100,0.460815112590,0.294188726228,0.091496139356,-0.164672491123,0.469315745679,-1.088383571527,-0.559990977407,0.505321603829,0.001655749006,-0.240965265459,0.451396400879,0.874833548831,0.568339764120,-0.515326202566,-0.402199528485
0.056469615000,-0.438408017000,0.621262579000,0.998163558000,0.051144438000,0.028252888000,-0.015985398000,-1.718588917000,0.166557435000,0.137448852000,1.556468108000,-0.229308984000,0.080456733000,0.247302652000,-0.312816209000,-0.119903287000,0.886538681000,-0.446446059000,0.108213086000,0.170473389389,0.027067800745,-0.148072266112,0.447803339145,0.283886906319,0.094567575920,-0.183428149195,0.462715144257,-1.081097640438,-0.626283185787,0.504740763322,-0.004314295565,-0.239683688462,0.462376557523,0.870121905677,0.568825857472,-0.516903275210,-0.402562384045
0.045126472000,-0.440910913000,0.626173840000,0.997832498000,0.045467186000,0.027038059000,-0.039140579000,-1.721664147000,0.171034803000,0.138965429000,1.539273296000,-0.222694545000,0.078075143000,0.241093313000,-0.316546307000,-0.123480680000,0.860745798000,-0.436417715000,0.102295983000,0.162077059929,0.032532437257,-0.125147048551,0.434630795648,0.265880679198,0.099611526485,-0.198251110212,0.480538322185,-1.085426476774,-0.698780044525,0.504226774103,-0.011231460518,-0.236410997513,0.452961964202,0.881480521742,0.563397504556,-0.518483931870,-0.404929135690
0.036950830000,-0.441737578000,0.632399744000,0.997499352000,0.041773173000,0.029974119000,-0.048493267000,-1.708850973000,0.173292978000,0.142788787000,1.507405928000,-0.218980290000,0.074833134000,0.240256183000,-0.316510135000,-0.126897436000,0.808463575000,-0.416761345000,0.095626616000,0.151032252159,0.037338004552,-0.102206265936,0.423452481753,0.244024633365,0.102262627231,-0.208583816418,0.509861133771,-1.088497924071,-0.763848581747,0.503766004408,-0.024595972337,-0.233366177144,0.452436395567,0.891286107936,0.561977379362,-0.517542753936,-0.406512850245
0.032898436000,-0.441584428000,0.641515445000,0.996850995000,0.039283735000,0.035201718000,-0.059209124000,-1.671302991000,0.175239984000,0.151829369000,1.449900873000,-0.211265462000,0.070152515000,0.241696554000,-0.313847498000,-0.130374644000,0.742168325000,-0.385134184000,0.093049913000,0.139488180790,0.042403070739,-0.077633714004,0.424633258497,0.227908294724,0.103816467152,-0.219349468767,0.528735632435,-1.074272792178,-0.808427709064,0.503327302197,-0.034919544129,-0.237171132364,0.459443600609,0.889029773137,0.571432374323,-0.515367893081,-0.404181970689
0.033605059000,-0.439508579000,0.654201373000,0.995858818000,0.034776579000,0.044474660000,-0.071258750000,-1.617134696000,0.177853958000,0.164509434000,1.368914051000,-0.195900870000,0.065503714000,0.235601628000,-0.310539679000,-0.138712714000,0.673464695000,-0.345644193000,0.091038562000,0.123412730789,0.048661169843,-0.053519073685,0.422425591567,0.207715498584,0.104138839715,-0.223972190884,0.563176941292,-1.052736232782,-0.838424435362,0.502907078580,-0.053337723979,-0.235485584713,0.466620404567,0.902470385041,0.575161583529,-0.513359302819,-0.403200418938
0.039261477000,-0.434974826000,0.671303352000,0.994048576000,0.027987974000,0.056909064000,-0.088574600000,-1.548113972000,0.177622910000,0.175634029000,1.285545975000,-0.182154576000,0.068962417000,0.223595661000,-0.306193874000,-0.151224387000,0.596516604000,-0.297677302000,0.088515956000,0.115142568895,0.051890078475,-0.032487993055,0.418467707186,0.183384050089,0.103661544774,-0.222591279969,0.613976719956,-1.034806405551,-0.858731270748,0.502506524704,-0.075962000056,-0.231897857024,0.461264967165,0.932507696613,0.569171342987,-0.510452922611,-0.406313091061
0.050450766000,-0.427618782000,0.693628174000,0.991291602000,0.020727954000,0.072178758000,-0.108173654000,-1.439403516000,0.178836390000,0.189967589000,1.177597255000,-0.171580992000,0.073346512000,0.175274327000,-0.304979221000,-0.168740358000,0.554541592000,-0.233931730000,0.098661405000,0.100973061502,0.052026007851,-0.021069158688,0.431683102348,0.169344670489,0.102580795476,-0.213416696341,0.657533453177,-1.022372005621,-0.872458994002,0.502127185986,-0.087334160094,-0.224452378954,0.474998333491,0.942297875611,0.565380713737,-0.510023758116,-0.406679039653
0.062309379000,-0.421132696000,0.720558241000,0.987510259000,0.011775841000,0.089272204000,-0.129287627000,-1.313744070000,0.177741664000,0.210300529000,1.037702699000,-0.151588212000,0.068813446000,0.132607036000,-0.297152500000,-0.192465773000,0.505218343000,-0.180459530000,0.091657843000,0.094063789881,0.052556838638,-0.013220506604,0.439247885893,0.147043578810,0.103860448080,-0.203056528817,0.710825295022,-1.011761384464,-0.881331143589,0.501772039204,-0.113315640278,-0.210757556932,0.483471165546,0.977496428098,0.544393715476,-0.510538059701,-0.411675604887
0.072925683000,-0.419553551000,0.748790114000,0.982776667000,0.012894161000,0.101933810000,-0.153600984000,-1.171595461000,0.172220135000,0.233790650000,0.890793180000,-0.134014141000,0.071317461000,0.059568309000,-0.290201679000,-0.207577009000,0.513813079000,-0.137702283000,0.093211031000,0.089702371829,0.050017289091,-0.016581143346,0.479844609714,0.152318469885,0.099489467924,-0.175748418735,0.737060543395,-1.005031524050,-0.886790384130,0.501441080946,-0.109340708528,-0.206614155321,0.478424805984,0.995655280654,0.526056782077,-0.507421303563,-0.413070597408
0.085840911000,-0.420622340000,0.774530675000,0.978899955000,0.017084341000,0.111519287000,-0.170371511000,-1.042800263000,0.159253018000,0.260199033000,0.762270806000,-0.128967044000,0.082444367000,-0.026730376000,-0.279419261000,-0.208951631000,0.564929036000,-0.118277998000,0.092592549000,0.090501518205,0.047968853197,-0.017280775501,0.495049991768,0.156248425891,0.101855835482,-0.149855508500,0.760424078721,-0.998445182582,-0.889862934592,0.501130204149,-0.117329492434,-0.208722070645,0.467813292098,1.022532530490,0.508513962340,-0.504472992920,-0.414234323754
0.103449680000,-0.424436508000,0.798235599000,0.976349684000,0.028975541000,0.131858924000,-0.168863666000,-0.889819672000,0.140747845000,0.299107078000,0.623219382000,-0.130951039000,0.090811681000,-0.114655532000,-0.260887303000,-0.199839234000,0.644854097000,-0.114035192000,0.094581657000,0.074794197494,0.040339689919,-0.020652012949,0.536701842385,0.176963415768,0.111209951200,-0.112972883987,0.777279996576,-0.991981306198,-0.891262585222,0.500835839584,-0.092803711300,-0.215946146194,0.465338710208,1.019516285132,0.503853193522,-0.501436049791,-0.408327868790
0.124607713000,-0.428258121000,0.812967504000,0.970077624000,0.050302308000,0.179454021000,-0.155612774000,-0.746133791000,0.119381684000,0.358333474000,0.491791371000,-0.135200863000,0.097902327000,-0.230821776000,-0.230944102000,-0.180618978000,0.747882270000,-0.119850519000,0.095403061000,0.061906558200,0.036278005529,-0.034573815357,0.562973193742,0.184394041869,0.116858229319,-0.069653256700,0.772556487922,-0.985671895497,-0.891496275564,0.500555178366,-0.071239394776,-0.220780207947,0.426965639046,1.006850826575,0.508031930706,-0.509051747470,-0.404345474382
0.146081837000,-0.433020958000,0.820041002000,0.971126686000,0.058094878000,0.174561904000,-0.151875235000,-0.647074147000,0.099682771000,0.397179993000,0.423794077000,-0.155518664000,0.103243865000,-0.378025945000,-0.208556942000,-0.152956157000,0.872521700000,-0.136370220000,0.091325875000,0.038149619297,0.032498218006,-0.032320012136,0.587915772784,0.166838063007,0.121098061496,-0.052933288421,0.764068983868,-0.979510657639,-0.890917164492,0.500286622449,-0.087689845800,-0.222444730735,0.441969062263,0.987570904109,0.516151124008,-0.514707671686,-0.400754011440
0.166355248000,-0.437207431000,0.823308659000,0.973910316000,0.061915457000,0.165238309000,-0.142693636000,-0.563359490000,0.086937145000,0.444389669000,0.370258744000,-0.175683759000,0.096474470000,-0.478911469000,-0.200690776000,-0.137100058000,0.949938393000,-0.151120823000,0.090796804000,0.016507841240,0.030201759333,-0.032908356641,0.596541207455,0.165051650345,0.130547031049,-0.050105704179,0.757519722399,-0.973495392388,-0.889772094777,0.500021792243,-0.084262916850,-0.227276758439,0.462666279392,0.963443317639,0.530038689403,-0.517390332994,-0.393466832721
0.182573917000,-0.440369783000,0.824676355000,0.976277092000,0.068335223000,0.157539003000,-0.131889347000,-0.471830866000,0.070871113000,0.491167802000,0.319075201000,-0.188917386000,0.085554926000,-0.494512536000,-0.183860516000,-0.132400132000,0.937168919000,-0.158559864000,0.090144621000,0.010721595773,0.023662957952,-0.058131532191,0.630058588451,0.172436167655,0.120351118478,-0.048004049773,0.771110566049,-0.967593195139,-0.888219756455,0.499749380388,-0.077733734289,-0.231615755030,0.438590960537,0.993361367959,0.535566422882,-0.511635491741,-0.389806564529
0.193850110000,-0.442179401000,0.824721492000,0.983241170000,0.071735869000,0.138073600000,-0.095007621000,-0.392218226000,0.048855442000,0.520712915000,0.266493119000,-0.208159150000,0.064094731000,-0.608599432000,-0.154689402000,-0.096533441000,0.960505533000,-0.162160744000,0.090249386000,-0.009890856273,0.023955854017,-0.062391430368,0.624319602430,0.148841429631,0.105853782083,-0.093002134245,0.747293304193,-0.961840262176,-0.886386055792,0.499466171476,-0.055874245813,-0.246097877168,0.429868575404,0.986292546858,0.559118864227,-0.513672998232,-0.383893332557
0.201784702000,-0.443339152000,0.820068622000,0.988346225000,0.075709487000,0.125843968000,-0.040038832000,-0.342547668000,0.034283574000,0.492662976000,0.274143017000,-0.265612506000,0.038648359000,-0.706564493000,-0.130099095000,-0.063845095000,0.948596823000,-0.160375461000,0.090584439000,-0.045965638373,0.026342821700,-0.080718631533,0.600071792765,0.121619079032,0.090811878902,-0.149977022881,0.738214990781,-0.956211905595,-0.884352611504,0.499169151521,-0.053808582032,-0.266535608058,0.425503445393,0.984400877520,0.585089428087,-0.514425906260,-0.382537691956
0.208174071000,-0.442817744000,0.813069874000,0.989509191000,0.078751490000,0.120128029000,0.015460300000,-0.280111701000,0.026996897000,0.451175855000,0.309023401000,-0.335856624000,0.009414988000,-0.745353373000,-0.121020456000,-0.049291238000,0.903053853000,-0.141659550000,0.092039570000,-0.102425390497,0.020347723018,-0.117088078577,0.582276660300,0.119060822910,0.075363461278,-0.185431350274,0.751094245791,-0.950649304045,-0.882175612841,0.498856979619,-0.020814178139,-0.284378012971,0.409840896762,0.980168217728,0.600667389849,-0.515268786215,-0.379108751045
0.213414490000,-0.439185137000,0.805151099000,0.987160511000,0.076945539000,0.121144953000,0.070124251000,-0.201354396000,0.028228245000,0.421945343000,0.331250713000,-0.385912998000,-0.031496801000,-0.762399664000,-0.123346171000,-0.047924769000,0.837374673000,-0.109238356000,0.094864096000,-0.156372999745,0.012408171591,-0.134888780550,0.574275637507,0.148785345519,0.058938304500,-0.180393527093,0.787790211076,-0.945093829528,-0.879897154669,0.498528754799,0.037971984747,-0.293336761481,0.360939708083,0.983691856775,0.609082202604,-0.518412663279,-0.376198983030
0.216067771000,-0.432271858000,0.796440334000,0.981787201000,0.071345124000,0.132372214000,0.116109267000,-0.126753506000,0.036002754000,0.390570538000,0.341480360000,-0.416857330000,-0.079644200000,-0.763620075000,-0.131663987000,-0.077002511000,0.677012070000,-0.048519346000,0.100528680000,-0.198853231567,0.014644017412,-0.144158210937,0.559475031156,0.183020732781,0.056185213126,-0.118946643034,0.805890563065,-0.910169318100,-0.877092355861,0.498185030364,0.079176315909,-0.294455800991,0.332045634140,0.962453031476,0.619561505353,-0.522264898922,-0.373661066209
0.215543397000,-0.422809333000,0.788122309000,0.977810697000,0.066712656000,0.141478587000,0.139353765000,-0.047556525000,0.048255344000,0.378015427000,0.337802407000,-0.432478452000,-0.126183138000,-0.747982485000,-0.145487963000,-0.149822388000,0.468397873000,0.037595635000,0.099864416000,-0.235497087293,0.014720893541,-0.168179443658,0.550581118018,0.216418664894,0.043846175353,-0.028946643047,0.812148602456,-0.860612727689,-0.875202968843,0.497823762772,0.106394549328,-0.288317055782,0.296652873222,0.959698504228,0.618137100872,-0.524954818339,-0.376182669782
0.213122234000,-0.409419091000,0.779240652000,0.973519628000,0.059641898000,0.154463253000,0.157618148000,0.020120412000,0.064241166000,0.367269709000,0.339052356000,-0.445788044000,-0.160897490000,-0.730078802000,-0.158001605000,-0.249717598000,0.303458471000,0.116430155000,0.077679620000,-0.260817362471,0.012793862472,-0.180852112387,0.556628753666,0.235852188964,0.031359645265,0.034854391286,0.815947109521,-0.818888526104,-0.874447451980,0.497447582984,0.135284471055,-0.284920149396,0.268995536185,0.947300312391,0.611052849677,-0.526886677237,-0.379699411599
0.206772190000,-0.395247681000,0.768910138000,0.971778766000,0.057223295000,0.153072327000,0.170118747000,0.090754678000,0.086094943000,0.376259130000,0.332593013000,-0.442211777000,-0.188364695000,-0.712623960000,-0.166184351000,-0.306726551000,0.198809758000,0.167986574000,0.058288960000,-0.272978479296,0.002899419647,-0.183966198299,0.568157212058,0.252205681497,0.022266841374,0.065099727173,0.803283427335,-0.787339083216,-0.874801910027,0.497060447623,0.163393576530,-0.279221244360,0.236740935703,0.952192941330,0.592881391039,-0.528924461969,-0.386665246414
0.191585817000,-0.383800542000,0.758332620000,0.971210600000,0.056814368000,0.147461141000,0.178261912000,0.139127175000,0.109460630000,0.377774165000,0.339976932000,-0.441802941000,-0.195531999000,-0.712687104000,-0.176187891000,-0.326650627000,0.154489662000,0.191871331000,0.041348154000,-0.279631349255,-0.004552694945,-0.190497792433,0.588469617421,0.260997444094,0.019674121939,0.056823309331,0.785776666359,-0.757185799141,-0.875813448686,0.496669333358,0.189466217378,-0.275923910911,0.216952548438,0.962411804805,0.568459558005,-0.528467860221,-0.395602790872
0.165026324000,-0.375079165000,0.747981282000,0.969910869000,0.060783002000,0.144225969000,0.186486469000,0.172648536000,0.136966416000,0.368344204000,0.357889789000,-0.439186138000,-0.187826681000,-0.726490219000,-0.197540817000,-0.345360604000,0.162436009000,0.196091268000,0.018227552000,-0.285477931522,-0.010530859552,-0.191434072839,0.597639671125,0.268038718654,0.020411953862,0.050149248467,0.778203980222,-0.731005027773,-0.877528044287,0.496281080070,0.197942339379,-0.276706224813,0.193734993740,0.991235144528,0.532725639934,-0.527529739915,-0.411318634782
0.135839781000,-0.372666691000,0.734467920000,0.969332560000,0.065190162000,0.138081869000,0.192556561000,0.199727811000,0.169363875000,0.336345587000,0.391656952000,-0.445226932000,-0.158325081000,-0.741097289000,-0.229243623000,-0.342633182000,0.220515929000,0.179341293000,-0.005268158000,-0.290688073999,-0.017048174153,-0.180628361337,0.606783723293,0.281918722286,0.014244809754,0.052772410560,0.752748762570,-0.700847881861,-0.880257173567,0.495904700241,0.218848340391,-0.276805719408,0.172415245119,1.001878628067,0.498805360514,-0.524373727683,-0.427689772609
0.115536637000,-0.373781540000,0.720294463000,0.968489884000,0.070720911000,0.130840211000,0.199766706000,0.216310921000,0.201182203000,0.294631284000,0.422017021000,-0.437727401000,-0.118116362000,-0.755285025000,-0.256229907000,-0.307743825000,0.294621124000,0.152500644000,-0.017198763000,-0.295028024756,-0.021727207084,-0.189756995565,0.614343416990,0.295756741321,0.005426101091,0.079534937671,0.736843170139,-0.674687049473,-0.884337363084,0.495546870560,0.216187541148,-0.273528956132,0.159032866679,1.036876741054,0.464232355321,-0.518170901551,-0.444085889879
0.099589793000,-0.365603445000,0.705979090000,0.967919861000,0.078948411000,0.124223304000,0.203634139000,0.241771869000,0.229960663000,0.267480731000,0.441154934000,-0.421154984000,-0.082437195000,-0.770893406000,-0.272345456000,-0.257049935000,0.381689607000,0.107765116000,-0.015517245000,-0.301148838297,-0.027101554191,-0.192577588134,0.611231204621,0.316294044187,-0.010006436641,0.150395192279,0.728598071924,-0.686967473364,-0.889557598596,0.495213212448,0.203657124956,-0.264803240199,0.152393039620,1.062007050414,0.432678670437,-0.510005173946,-0.457325628173
0.094808467000,-0.353689581000,0.689854865000,0.968045467000,0.089765439000,0.112534084000,0.205344149000,0.266076945000,0.253658188000,0.234396321000,0.475338483000,-0.413863923000,-0.043392174000,-0.811042302000,-0.281958127000,-0.187948303000,0.514315245000,0.041032818000,-0.012360319000,-0.313733530884,-0.035253999034,-0.186197558094,0.598272253187,0.325534284640,-0.021838162285,0.211125813644,0.744748358743,-0.741072555471,-0.893301618284,0.494908223688,0.191036806970,-0.262542394536,0.146827850531,1.080486233911,0.405209183949,-0.500703951757,-0.470140485122
0.095848871000,-0.346206856000,0.670225410000,0.967409198000,0.102226056000,0.102321960000,0.207844878000,0.278851916000,0.269410441000,0.201047256000,0.521813252000,-0.426013560000,0.003863434000,-0.893713581000,-0.285989810000,-0.124688344000,0.692387210000,-0.040866220000,-0.018184527000,-0.333671949200,-0.038463147354,-0.175596585312,0.582822466203,0.321666845440,-0.024496487867,0.211399319109,0.756954658260,-0.781514495336,-0.893041248915,0.494636290458,0.162366905498,-0.269831750325,0.158585361113,1.063446617925,0.398859578054,-0.500408699366,-0.478159948932
0.096289006000,-0.335799431000,0.649208505000,0.966120666000,0.114838464000,0.090548528000,0.212659235000,0.298189722000,0.285661338000,0.187000385000,0.561549221000,-0.452922445000,0.044391203000,-0.997160402000,-0.298358747000,-0.080291184000,0.882357273000,-0.115389923000,-0.027254966000,-0.352340349495,-0.041786624758,-0.165931833412,0.559359294573,0.295028867495,-0.022948829410,0.121404753067,0.755079747579,-0.707139732763,-0.889343376489,0.494394201945,0.122416940480,-0.282063347940,0.152963849724,1.077344226094,0.383866183348,-0.496651131015,-0.485483063098
0.094702671000,-0.331714143000,0.630525346000,0.963524705000,0.126449812000,0.080042002000,0.221864523000,0.314804069000,0.300037636000,0.186022924000,0.581836804000,-0.485947813000,0.076297887000,-1.098770665000,-0.312910895000,-0.045411260000,1.051347185000,-0.167840713000,-0.032560371000,-0.377171102369,-0.039786619353,-0.162827673544,0.546835586508,0.252019617632,-0.032990879355,0.031404753067,0.797840622694,-0.607139732763,-0.886147065865,0.494180521445,0.082856015388,-0.289097720609,0.177283413502,1.067578757252,0.374606137300,-0.492099688888,-0.486705596863
0.087435025000,-0.329718251000,0.613832669000,0.960739518000,0.130545200000,0.069995586000,0.234602104000,0.317756169000,0.312840595000,0.177794701000,0.614527873000,-0.515688093000,0.100618536000,-1.194182655000,-0.324648045000,-0.019730825000,1.192600772000,-0.200424670000,-0.033444831000,-0.394454951445,-0.035389441322,-0.163753699113,0.544864491356,0.203914295196,-0.026796256436,-0.058595246933,0.824437310471,-0.536270788087,-0.883169710960,0.493995452986,0.041730539395,-0.302246556690,0.226122697266,1.031926625804,0.377481334327,-0.487622158856,-0.485239583639
0.066476487000,-0.331733113000,0.601982185000,0.958260657000,0.136066631000,0.067940394000,0.242087770000,0.326578960000,0.320698066000,0.169119451000,0.637854215000,-0.529900742000,0.119024112000,-1.248029302000,-0.329791099000,-0.004544219000,1.285845803000,-0.222969066000,-0.031209328000,-0.405312731738,-0.031080980644,-0.168152967829,0.547096174856,0.190491010864,-0.005026784531,-0.148595246933,0.805800818922,-0.485883151981,-0.880344934478,0.493834119374,0.019170630960,-0.314913878942,0.269691873257,0.979388329078,0.392359272720,-0.483518885440,-0.478766922445
0.026667211000,-0.336504092000,0.593658037000,0.956221936000,0.141020186000,0.070924597000,0.246419597000,0.317874999000,0.326381177000,0.157123405000,0.669214334000,-0.540345980000,0.129943111000,-1.303091953000,-0.330644047000,0.008461902000,1.372074735000,-0.247803222000,-0.033758935000,-0.411384702481,-0.025118996452,-0.177506610698,0.530150386765,0.164083310844,0.014580308364,-0.223929904926,0.788332728045,-0.449878518485,-0.877623644074,0.493691305576,-0.022769100047,-0.327558851527,0.296007474824,0.967922081505,0.388062001505,-0.477869230766,-0.478089962631
-0.017891693000,-0.345168043000,0.588247221000,0.954009936000,0.144073805000,0.075895225000,0.251689680000,0.314254955000,0.332133385000,0.152413497000,0.690302006000,-0.550285294000,0.129722321000,-1.354905577000,-0.329348201000,0.018567441000,1.448578657000,-0.270736413000,-0.033890421000,-0.412499738467,-0.018235742341,-0.189789586979,0.508488350283,0.140025884571,0.025512490820,-0.264076713116,0.770401490678,-0.423980093050,-0.874976258971,0.493565626361,-0.058044132296,-0.338211318240,0.327348825512,0.959171238603,0.376408539428,-0.474168375372,-0.479596857601
-0.042199094000,-0.356905320000,0.585121585000,0.951629864000,0.143221473000,0.078442124000,0.260259571000,0.311083169000,0.336043420000,0.147061212000,0.705860902000,-0.557023421000,0.129997120000,-1.398708382000,-0.326971658000,0.024308107000,1.507108332000,-0.287917882000,-0.033903134000,-0.410770872921,-0.014876104431,-0.201681888543,0.486603637728,0.126985622059,0.030559079649,-0.287598092258,0.753157805669,-0.405174891375,-0.872381784667,0.493455361343,-0.087084719849,-0.343860230726,0.352856190386,0.962903170031,0.356345906229,-0.471932093032,-0.484741144534
-0.051143407000,-0.364987091000,0.584982368000,0.950392286000,0.138964383000,0.078073769000,0.267110257000,0.317812156000,0.338633663000,0.144404281000,0.714082533000,-0.562980768000,0.131479356000,-1.421375682000,-0.325833212000,0.024961840000,1.546782370000,-0.300429199000,-0.032401531000,-0.419381503306,-0.014120318709,-0.213704129029,0.483310479961,0.126368836741,0.034277315596,-0.312124137353,0.738242592127,-0.391337293345,-0.869823807932,0.493360694375,-0.094441774380,-0.344589619180,0.404646299680,0.935644509089,0.352192007330,-0.469440781135,-0.486200947399
-0.054102666000,-0.367162661000,0.586567756000,0.950443601000,0.133414349000,0.078506742000,0.269618738000,0.319976761000,0.340677523000,0.143227588000,0.719844020000,-0.568394246000,0.131398920000,-1.445215996000,-0.323928484000,0.025748770000,1.581425254000,-0.311244036000,-0.033430665000,-0.429929785719,-0.010747257496,-0.216401026241,0.472317977776,0.123883596669,0.038628502609,-0.333981374321,0.730276946254,-0.380969415191,-0.867292210614,0.493283632957,-0.103521151435,-0.342595699370,0.449388754427,0.911367904428,0.345693868053,-0.469126752182,-0.490783314327
-0.057561041000,-0.364774036000,0.588270389000,0.951391693000,0.129738077000,0.080191929000,0.267565193000,0.321677289000,0.342591832000,0.143272847000,0.723553164000,-0.573738532000,0.132763499000,-1.471985388000,-0.323968748000,0.027418316000,1.612366073000,-0.317267402000,-0.034085660000,-0.434921595611,-0.007359984113,-0.223664142987,0.459435265619,0.121037356092,0.039647446100,-0.354478343900,0.738148422976,-0.373008939534,-0.864775629482,0.493224384819,-0.128504299479,-0.340199790963,0.476537858125,0.918128485106,0.329518631315,-0.467239120092,-0.500584655475
-0.063073973000,-0.360849965000,0.589330201000,0.953070521000,0.126714099000,0.082536578000,0.262274346000,0.321534543000,0.343651223000,0.144791162000,0.720044517000,-0.579246916000,0.132207571000,-1.499693405000,-0.325556724000,0.029560619000,1.641976324000,-0.326613273000,-0.037391298000,-0.445332098009,-0.003626679722,-0.216540305326,0.439912879260,0.108068759735,0.038459072592,-0.368628385367,0.762663415740,-0.366698613523,-0.862264850257,0.493181727240,-0.162105449125,-0.335765037418,0.496058562186,0.938022533066,0.310197073298,-0.466631428986,-0.512003683188
-0.070448543000,-0.358617824000,0.589983194000,0.953875365000,0.126235896000,0.086090954000,0.258407883000,0.317002575000,0.343810520000,0.149378540000,0.713730389000,-0.582235289000,0.130452441000,-1.516550417000,-0.324145986000,0.030994947000,1.660633038000,-0.338448427000,-0.043191137000,-0.458510546598,0.001826861197,-0.209799762095,0.426364553334,0.077768451633,0.038922883900,-0.395585696250,0.747926953744,-0.361564483459,-0.859764773175,0.493159931477,-0.184887795330,-0.337875949409,0.550755641001,0.902988566459,0.313707098308,-0.470925877343,-0.518459798011
-0.078991858000,-0.357641408000,0.591865858000,0.953547080000,0.128957104000,0.089967963000,0.256950963000,0.300849565000,0.344943308000,0.156800164000,0.702081347000,-0.574282533000,0.124274257000,-1.543278558000,-0.321781932000,0.033342050000,1.676843009000,-0.346977482000,-0.049957523000,-0.456635819579,0.009014937579,-0.207952893073,0.396761747203,0.045266551168,0.048923098742,-0.410894372753,0.731462994459,-0.357273355069,-0.857278089320,0.493156129283,-0.217368342914,-0.350107682092,0.540140862386,0.922492803565,0.287211671573,-0.473449623227,-0.527959176738
-0.087441835000,-0.358028937000,0.597568533000,0.952753721000,0.133481728000,0.095600084000,0.255545691000,0.290358942000,0.341566666000,0.168197362000,0.669728363000,-0.557731036000,0.122332857000,-1.553354154000,-0.317840907000,0.034358253000,1.677745735000,-0.353723124000,-0.057090744000,-0.461116812721,0.018885266132,-0.206734620985,0.374847569987,0.026193855921,0.053040990270,-0.418220889903,0.722243196998,-0.353593488414,-0.854807709041,0.493167477758,-0.235319304066,-0.355550049464,0.549307416243,0.923508948808,0.276126809630,-0.478788036712,-0.532527289896
-0.092345055000,-0.357434635000,0.607766735000,0.950538908000,0.140144992000,0.102329619000,0.257611751000,0.282469373000,0.334784585000,0.190782344000,0.622570003000,-0.534386663000,0.118878733000,-1.529473107000,-0.313294718000,0.032358938000,1.650356995000,-0.368138225000,-0.066178689000,-0.463241462643,0.026020004776,-0.204742732511,0.346448379759,0.020982592680,0.049779630830,-0.425038142770,0.715681454841,-0.350362122010,-0.852353374212,0.493184714598,-0.241197411778,-0.363456022378,0.538079314407,0.938193182172,0.267759565203,-0.482290649384,-0.533271668819
-0.096805216000,-0.355953983000,0.620546975000,0.950166874000,0.145051305000,0.112427085000,0.251998377000,0.264123616000,0.322789916000,0.224111684000,0.566128397000,-0.502927258000,0.111915728000,-1.495748510000,-0.306288934000,0.024372524000,1.595196073000,-0.383068000000,-0.077388035000,-0.470350647175,0.038166467267,-0.189184486593,0.305437141829,0.017713082363,0.044901949671,-0.420305877148,0.733950890517,-0.347424737946,-0.849911500366,0.493202410769,-0.247736274674,-0.361501508013,0.544963185275,0.944063158974,0.271376106256,-0.486722613583,-0.534366702473
-0.099297934000,-0.355050547000,0.633648486000,0.949645538000,0.151666006000,0.124835566000,0.244104190000,0.237409337000,0.309046869000,0.265646993000,0.515634779000,-0.462369613000,0.097782054000,-1.447685779000,-0.295435974000,0.015669579000,1.526793105000,-0.394798039000,-0.087434186000,-0.475073540948,0.053351579860,-0.176550258443,0.267100552755,0.001550805100,0.038111122005,-0.406198839003,0.766208243701,-0.344655896186,-0.847476535234,0.493215191156,-0.262302053572,-0.366689538928,0.526499660828,0.982792854372,0.269120493391,-0.486550284707,-0.536938296281
-0.099225215000,-0.353408045000,0.647920746000,0.948682589000,0.156618875000,0.137473590000,0.237850552000,0.181715483000,0.286998961000,0.286526259000,0.513585073000,-0.422237249000,0.098269992000,-1.378500848000,-0.275418828000,0.001750774000,1.443591190000,-0.396561357000,-0.097382573000,-0.475542051755,0.060904802574,-0.157826238639,0.236878566146,0.014086600197,0.040505827808,-0.374476947579,0.800726028807,-0.341973311813,-0.845043977076,0.493218829041,-0.249125465769,-0.370225528054,0.517404761666,0.993195866041,0.299891233780,-0.485427244368,-0.527522574781
-0.101098042000,-0.351551656000,0.663263971000,0.946320299000,0.166873108000,0.159534994000,0.226229624000,0.109192218000,0.260502783000,0.293419724000,0.547261773000,-0.378821545000,0.098234685000,-1.286312756000,-0.251034560000,-0.013673144000,1.343024374000,-0.388482126000,-0.101347651000,-0.467023159898,0.063487432696,-0.143740704002,0.217907183126,0.025695420272,0.020272575025,-0.353888745116,0.833306729913,-0.339317635902,-0.842604539426,0.493208619943,-0.233418502513,-0.364345025250,0.468782567002,1.050440472583,0.316611952509,-0.480012934549,-0.523378565321
-0.115332194000,-0.352122989000,0.676942576000,0.948371198000,0.155032235000,0.118616433000,0.249974437000,0.019877070000,0.220702548000,0.279377698000,0.636323700000,-0.356942792000,0.103320226000,-1.178298468000,-0.222781715000,-0.031668734000,1.221049138000,-0.369221140000,-0.100155443000,-0.461330894096,0.067898537323,-0.132846005776,0.199597866383,0.038475008475,0.003480824017,-0.366224657661,0.857859826363,-0.336681923987,-0.840149328729,0.493178023318,-0.196175427534,-0.370480824915,0.420006090146,1.081588416078,0.343571140550,-0.471756489546,-0.515044730011
-0.129749634000,-0.337371172000,0.688370777000,0.949373963000,0.157910217000,0.153540116000,0.224006415000,-0.126304312000,0.176228811000,0.253598627000,0.783828330000,-0.337069713000,0.102477685000,-1.077667599000,-0.196010582000,-0.056257379000,1.092018730000,-0.333139190000,-0.090032086000,-0.442445134039,0.069778772693,-0.110369079863,0.181507026471,0.048346416824,0.009997159372,-0.376325564171,0.838361401540,-0.334076517222,-0.837678787927,0.493128188792,-0.165290981404,-0.378569266435,0.393171699131,1.114624413863,0.376386321386,-0.465766657638,-0.509213493396
-0.145782009000,-0.326557799000,0.692870248000,0.953254292000,0.142705912000,0.161597878000,0.211724828000,-0.278048047000,0.142008625000,0.228602082000,0.967241256000,-0.326910065000,0.097084476000,-0.998642353000,-0.172925829000,-0.078655577000,0.990366247000,-0.293191985000,-0.078011232000,-0.416733985106,0.065790254629,-0.104874955812,0.177202757278,0.049716823560,0.009304666632,-0.398145463515,0.832475514822,-0.331499940045,-0.835199615625,0.493066584055,-0.147518007385,-0.370000654013,0.404345348842,1.118582367169,0.401983469925,-0.466307588153,-0.505425733460
-0.151633311000,-0.321211814000,0.691472432000,0.960270839000,0.129817562000,0.156422759000,0.191204699000,-0.412367929000,0.117218948000,0.208552746000,1.147137721000,-0.325302284000,0.098516305000,-0.930350047000,-0.153047264000,-0.091803112000,0.927418008000,-0.261417953000,-0.070897627000,-0.384458273753,0.056046629934,-0.119746772121,0.191376530568,0.068013945493,0.011128828050,-0.421998129802,0.815613076350,-0.328994352517,-0.832728541633,0.492999322758,-0.118154500498,-0.363640039413,0.411904987478,1.096580045273,0.420822415819,-0.472068377394,-0.500643174637
-0.145158404000,-0.322944415000,0.689689555000,0.968611197000,0.117257962000,0.149654573000,0.160145020000,-0.511979353000,0.100163855000,0.199609296000,1.225182318000,-0.329745981000,0.107571771000,-0.858822525000,-0.139851272000,-0.104578510000,0.855524973000,-0.229866205000,-0.051531474000,-0.363272328647,0.052081313371,-0.142651974628,0.218213394331,0.058679653899,0.024557274773,-0.432075626109,0.808754341773,-0.326566703499,-0.830281663180,0.492931566647,-0.104992715394,-0.363893267500,0.424278012836,1.085176126065,0.434031438892,-0.476106999861,-0.497291266871
-0.129124314000,-0.329493276000,0.689050730000,0.977512548000,0.105417431000,0.120847701000,0.136938730000,-0.638395112000,0.096017791000,0.186029099000,1.281671098000,-0.324687210000,0.123787924000,-0.787925424000,-0.132848951000,-0.112229716000,0.793905914000,-0.206277728000,-0.035408111000,-0.327512916670,0.043891851633,-0.174394785625,0.228989514522,0.055847513995,0.032807633850,-0.423926862052,0.811499555541,-0.324211703978,-0.827874184208,0.492867010885,-0.097368684372,-0.353957411890,0.441166111620,1.076860393286,0.443294825777,-0.478950700018,-0.494940771806
-0.109678816000,-0.328665087000,0.690670178000,0.983116108000,0.096711815000,0.108729919000,0.110938485000,-0.693271483000,0.094367294000,0.181513392000,1.205010617000,-0.336692190000,0.147997198000,-0.712366302000,-0.133982156000,-0.120813315000,0.721968437000,-0.184084568000,-0.008603339000,-0.294385929975,0.041426472405,-0.190799988554,0.233280669348,0.051803328915,0.037656952894,-0.410931530040,0.799950704416,-0.321952165783,-0.825515234940,0.492805262852,-0.086932860934,-0.340227059633,0.468726812951,1.052260416065,0.449802615423,-0.480965429088,-0.493286774589
-0.086987044000,-0.321413162000,0.696619338000,0.987612694000,0.089700525000,0.105651053000,0.073571985000,-0.718323774000,0.098766238000,0.178455504000,1.038140094000,-0.335226913000,0.161478990000,-0.635040939000,-0.141175298000,-0.136728925000,0.628868799000,-0.150030744000,0.020307845000,-0.275373884753,0.041607897188,-0.223730028208,0.257180829116,0.057967014139,0.043770014328,-0.382700567089,0.825586753847,-0.319745860343,-0.823198504189,0.492739386611,-0.096700173894,-0.331157533951,0.494538244613,1.058299663652,0.454393486296,-0.482392854879,-0.492113601408
-0.061813656000,-0.303533820000,0.704129357000,0.988924226000,0.084568214000,0.118801684000,0.027627037000,-0.704429374000,0.115280945000,0.173687567000,0.844890217000,-0.326631104000,0.165812282000,-0.569893167000,-0.154611970000,-0.146060663000,0.571310757000,-0.132130022000,0.045535577000,-0.252750696717,0.032835299146,-0.218945737792,0.270660706596,0.063369590127,0.048295736264,-0.378535845409,0.839686761241,-0.317591110705,-0.820921777255,0.492666205282,-0.105911663269,-0.298273022916,0.538732007755,1.054780390453,0.457658957600,-0.483406905203,-0.491272027602
-0.035590816000,-0.276230211000,0.708354280000,0.988678470000,0.079020279000,0.120025835000,-0.043179602000,-0.673019415000,0.123380975000,0.144004708000,0.760113829000,-0.323505611000,0.161270621000,-0.469686188000,-0.162529476000,-0.146362089000,0.526815266000,-0.129184486000,0.050232669000,-0.230831954254,0.006586388432,-0.255545707417,0.297484864278,0.125234918221,0.058711171300,-0.388129263499,0.837591074515,-0.315511339987,-0.818672755912,0.492573261264,-0.070804484902,-0.274607529236,0.584255930710,1.049674600388,0.460011288260,-0.484119685246,-0.490647277255
-0.010504050000,-0.248638250000,0.712616952000,0.980468570000,0.080102085000,0.128386122000,-0.125626599000,-0.637210364000,0.146026572000,0.123923285000,0.658804140000,-0.304486658000,0.143240236000,-0.413107866000,-0.174992937000,-0.139693778000,0.519906533000,-0.129554691000,0.058267445000,-0.181311003483,-0.009450976220,-0.341532359927,0.303727861610,0.191257442371,0.070508274660,-0.301222002971,0.747591074515,-0.383402808283,-0.816379496096,0.492458043183,-0.056925221902,-0.253583720880,0.622477804773,1.054928592597,0.461729404474,-0.484609261600,-0.490167839378
0.014635540000,-0.222432033000,0.716774402000,0.966606060000,0.086136351000,0.130829273000,-0.202822471000,-0.577692222000,0.167044319000,0.117979616000,0.571077843000,-0.283826789000,0.125341813000,-0.372890737000,-0.186754289000,-0.138579944000,0.508597875000,-0.136856225000,0.060207032000,-0.124409116257,-0.020723348144,-0.409844734032,0.289647331858,0.244893589920,0.091854096019,-0.211222086064,0.657591075515,-0.483402182007,-0.815940681395,0.492321780743,-0.032948325691,-0.222196741163,0.654257196895,1.055953584735,0.462973241983,-0.484937535460,-0.489787775797
0.034452369000,-0.199108886000,0.720261821000,0.948068272000,0.096314491000,0.132668261000,-0.272560457000,-0.519205109000,0.179793268000,0.150603756000,0.470426744000,-0.252123021000,0.110158787000,-0.348095688000,-0.193613696000,-0.146637664000,0.500771435000,-0.154511466000,0.051465085000,-0.073323498577,-0.027887929184,-0.489459626996,0.284203519271,0.334893589920,0.117845815822,-0.121222086064,0.567591075515,-0.583402182007,-0.811595093781,0.492164027623,-0.039753875179,-0.209290169479,0.662013551304,1.060427866714,0.463864198546,-0.485149400507,-0.489476886946
0.047182080000,-0.184545711000,0.721171109000,0.925339187000,0.108178550000,0.142314640000,-0.334352109000,-0.504391790000,0.184321808000,0.175352778000,0.438556984000,-0.230665066000,0.110413712000,-0.314547653000,-0.195919672000,-0.170082037000,0.492124255000,-0.178702841000,0.036808526000,-0.028866012697,-0.038760604166,-0.525629248294,0.262005932533,0.424893589920,0.088950358221,-0.031222086064,0.498800164630,-0.683402182007,-0.807388585489,0.491990386504,-0.040890954401,-0.198918689717,0.656787439066,1.054485606847,0.464490612160,-0.485284741337,-0.489214096646
0.055617660000,-0.175872637000,0.720641432000,0.900141854000,0.122616478000,0.144191704000,-0.392324604000,-0.479768152000,0.182856523000,0.216558486000,0.407124285000,-0.218007593000,0.109406796000,-0.288854982000,-0.196660655000,-0.187605907000,0.489967832000,-0.196501167000,0.035223519000,-0.007661721893,-0.042524873006,-0.503907840254,0.233242825262,0.511014460343,0.042657788792,0.045967064335,0.455634353003,-0.783402182007,-0.804906336772,0.491804877587,-0.017531362089,-0.202356863071,0.633814373288,1.033138251367,0.429803482950,-0.485375118290,-0.488984024690
0.064895858000,-0.173950251000,0.720113236000,0.872854491000,0.133129613000,0.144705767000,-0.446611447000,-0.439756247000,0.182795142000,0.244370129000,0.380487970000,-0.207059681000,0.101148110000,-0.253718546000,-0.206857003000,-0.214899115000,0.474739464000,-0.202171680000,0.036489333000,0.011769423621,-0.046472837374,-0.544459518603,0.227571847453,0.577940743113,0.024097262652,0.104602728159,0.545634352997,-0.883402182007,-0.802540150626,0.491607922473,0.016837917930,-0.202685193961,0.586503280946,1.024639689347,0.365169937637,-0.485438105555,-0.488773627820
0.082731414000,-0.178598197000,0.720742476000,0.842422892000,0.145483479000,0.144081719000,-0.498396114000,-0.427016249000,0.180702561000,0.272202130000,0.368396774000,-0.200573351000,0.093016109000,-0.238744370000,-0.220275162000,-0.227286514000,0.466721689000,-0.207932332000,0.035753032000,0.024847991549,-0.048745259455,-0.515908027223,0.198452758133,0.574003752937,0.013267002365,0.129138275426,0.635634352997,-0.983402182007,-0.800256415968,0.491402073156,0.028638558120,-0.203227948724,0.568659211466,1.009163856929,0.299221673885,-0.485487319909,-0.488583750184
0.115869269000,-0.189802987000,0.721024202000,0.805134286000,0.158260692000,0.134127385000,-0.555627734000,-0.376511960000,0.173500154000,0.284665611000,0.365060006000,-0.211861779000,0.081979048000,-0.233320079000,-0.239273682000,-0.226169798000,0.463491244000,-0.198435553000,0.042329887000,0.013143212156,-0.056636222438,-0.421230758198,0.170687777648,0.545799333450,0.007702956166,0.159104796308,0.725879668046,-1.123402180365,-0.798033936914,0.491183019106,0.050755512553,-0.219858778223,0.583813610795,1.007544902747,0.253528109040,-0.485529234352,-0.488411805274
0.150231564000,-0.211416841000,0.721792579000,0.760697309000,0.169334171000,0.121476009000,-0.614743135000,-0.328859981000,0.165173016000,0.272731961000,0.384009914000,-0.240507871000,0.075102757000,-0.219650805000,-0.259853227000,-0.226288068000,0.443417509000,-0.174766149000,0.040630344000,0.010016793758,-0.063375014109,-0.360184126276,0.164357298387,0.553154943836,0.004010374118,0.148564229222,0.788156751060,-1.223402180365,-0.795853879123,0.490945613911,0.076093591741,-0.249042001480,0.587108367956,1.012908979246,0.222099981243,-0.485566703117,-0.488246092556
0.178371220000,-0.237821325000,0.718436420000,0.720066586000,0.174315227000,0.104732645000,-0.663437552000,-0.330185513000,0.157552319000,0.246518819000,0.431272798000,-0.275494415000,0.074002686000,-0.258347992000,-0.275534020000,-0.191730443000,0.465045511000,-0.159305664000,0.028587383000,0.005386876087,-0.058364002607,-0.312941563832,0.161586547971,0.529753209282,0.012357076895,0.134856974426,0.834427589609,-1.323402092179,-0.793706717573,0.490693289708,0.086648464390,-0.275373083920,0.582543044611,0.995315256512,0.200755864393,-0.485604041210,-0.488077206698
0.210790609000,-0.277814256000,0.711697689000,0.687087081000,0.167738433000,0.090335823000,-0.701152337000,-0.362286300000,0.145920227000,0.218948354000,0.486020197000,-0.302811649000,0.079338856000,-0.264475237000,-0.279606648000,-0.161345386000,0.470232422000,-0.142469251000,0.015087177000,0.013628064102,-0.047524729930,-0.287631053570,0.181938820472,0.520637295773,0.027389507106,0.082625633340,0.863763376373,-1.423401764556,-0.791584910732,0.490424937465,0.110854969937,-0.301161239115,0.552948678248,0.974097045518,0.186564357257,-0.485642230471,-0.487894132987
0.226940512000,-0.320324067000,0.711198572000,0.674943750000,0.160374896000,0.078183386000,-0.715973593000,-0.345081970000,0.137534074000,0.238966586000,0.471101559000,-0.310441988000,0.077344820000,-0.271724052000,-0.274233992000,-0.150635712000,0.470367866000,-0.131707882000,0.003949187000,-0.006254012021,-0.037160322444,-0.268837784345,0.210731128555,0.495338134752,0.054580180572,0.010666747679,0.841035069876,-1.523401764556,-0.789489538064,0.490137527860,0.129676640312,-0.320647947385,0.501565068108,0.934621720306,0.177461642716,-0.485686379592,-0.487688377774
0.242899830000,-0.348070312000,0.712080989000,0.669754378000,0.147532275000,0.064449184000,-0.724920412000,-0.306091334000,0.129584871000,0.266636909000,0.441733102000,-0.313796495000,0.072127447000,-0.307710785000,-0.259491616000,-0.147538553000,0.483610178000,-0.113809687000,-0.004715638000,-0.038104543473,-0.030711095986,-0.231951056662,0.254008649942,0.473120860933,0.078779156723,-0.051561779759,0.808161324703,-1.590386034388,-0.787428486043,0.489835337618,0.178063956805,-0.317728239382,0.443910098176,0.916999200322,0.171967587300,-0.485743666194,-0.487454856483
0.252720993000,-0.381639754000,0.712441698000,0.666586889000,0.134106465000,0.054372439000,-0.731246205000,-0.281597402000,0.121429948000,0.283774163000,0.425583416000,-0.319872747000,0.072926835000,-0.343444412000,-0.239027222000,-0.157788835000,0.491741373000,-0.099887921000,-0.010374202000,-0.041958505250,-0.023727109737,-0.219122976535,0.293170455734,0.453668354507,0.107031586572,-0.059840023194,0.783084434062,-1.634221165744,-0.785403534162,0.489522981509,0.194871742814,-0.311014901065,0.389867868186,0.920272944572,0.169012093598,-0.485816314056,-0.487194537453
0.238685332000,-0.404281878000,0.710239253000,0.662259658000,0.118044821000,0.043813647000,-0.738618934000,-0.267848180000,0.116578134000,0.295847115000,0.421032041000,-0.325635968000,0.075142083000,-0.354614446000,-0.222913818000,-0.182926722000,0.482853611000,-0.085323440000,-0.009628600000,-0.050437245643,-0.019255457603,-0.208435008975,0.322629691887,0.426067091982,0.134739597984,-0.057869936860,0.751696481190,-1.661840209531,-0.783415147292,0.489201857952,0.200645755087,-0.305431581856,0.351455834090,0.934767668580,0.167829021882,-0.485902399487,-0.486911546231
0.200914641000,-0.412922724000,0.711727895000,0.657610022000,0.104833734000,0.035777103000,-0.745170414000,-0.266708381000,0.111339017000,0.294364303000,0.437297260000,-0.339005942000,0.084587441000,-0.369011692000,-0.212441851000,-0.200952161000,0.498949347000,-0.077900701000,-0.009087069000,-0.067709695666,-0.017645762759,-0.207358940677,0.337015224363,0.420835733930,0.147599545745,-0.056087044582,0.743266936866,-1.678096577230,-0.781460349256,0.488870427901,0.216965441588,-0.295177373139,0.323418255627,0.952115537460,0.167871801975,-0.486002272197,-0.486610248509
0.152124435000,-0.412172369000,0.712997907000,0.656286115000,0.095069687000,0.028468358000,-0.747957113000,-0.255289133000,0.109352300000,0.310989081000,0.438935827000,-0.345906989000,0.089512922000,-0.365784920000,-0.209274657000,-0.215667592000,0.506427561000,-0.070698122000,-0.003947844000,-0.079284019076,-0.018699147582,-0.202971251911,0.360544516860,0.411525955039,0.154479803414,-0.066406600077,0.737537666043,-1.686395702545,-0.779529671110,0.488523620706,0.224119363876,-0.288662571258,0.307876934661,0.957527372133,0.168768913496,-0.486112158426,-0.486291977400
0.113514561000,-0.404949681000,0.714736363000,0.658755124000,0.085438041000,0.020664248000,-0.747204802000,-0.241396722000,0.108215706000,0.340419852000,0.431106568000,-0.346623842000,0.088886033000,-0.350661842000,-0.209393101000,-0.231258158000,0.500860623000,-0.063636174000,-0.002766119000,-0.091018453950,-0.019577623373,-0.197377524142,0.381490978507,0.398835229417,0.154428032629,-0.083234972068,0.742545493945,-1.689114831781,-0.777613023892,0.488154941646,0.228748187319,-0.281485028577,0.297125134085,0.990082596851,0.556606155365,-0.516948353532,-0.397946204047
0.090792284000,-0.394682940000,0.716098356000,0.667411040000,0.077904692000,0.010394425000,-0.740530430000,-0.236480368000,0.106751479000,0.362301094000,0.430215706000,-0.350695448000,0.093843796000,-0.377769879000,-0.210955351000,-0.222127220000,0.536544274000,-0.063098896000,-0.006356072000,-0.105308275345,-0.021105255851,-0.179448717126,0.389644900667,0.379102863595,0.147157648532,-0.094167628337,0.761668169987,-1.687907495105,-0.775701435884,0.487764551967,0.217598074137,-0.277814500809,0.289327142171,0.997230800826,0.550693088979,-0.516496604390,-0.395659916345
0.076618459000,-0.387094550000,0.719484153000,0.677740752000,0.075167756000,0.004425649000,-0.731435366000,-0.236734406000,0.107693893000,0.372910267000,0.437370305000,-0.356565790000,0.089416424000,-0.392681996000,-0.210964323000,-0.217586691000,0.546174816000,-0.064159321000,-0.011397467000,-0.114124162810,-0.019626833990,-0.158674307629,0.392994637092,0.336365637978,0.145908250588,-0.118997711412,0.755000184562,-1.683941891298,-0.773790454286,0.487354973513,0.186552339893,-0.286480394115,0.285641149610,1.009579713873,0.538934365626,-0.514833559559,-0.397856358522
0.066105093000,-0.381719274000,0.726932442000,0.685345753000,0.070116371000,-0.000016861000,-0.724834390000,-0.218995793000,0.108718349000,0.393031219000,0.424039930000,-0.353018638000,0.078100057000,-0.377384086000,-0.209665901000,-0.220925904000,0.524723938000,-0.060268536000,-0.012390870000,-0.131576060746,-0.019854761820,-0.135422420950,0.423895185779,0.294461756441,0.157574441477,-0.170546461364,0.711840842226,-1.678092319542,-0.771888076281,0.486928998814,0.162309468452,-0.310370816011,0.304388036963,0.967702849328,0.553912415378,-0.516909152614,-0.393583528761
0.057825917000,-0.380270258000,0.735232439000,0.692839487000,0.066115365000,0.000075137000,-0.718054454000,-0.188521379000,0.108465184000,0.428977403000,0.392221971000,-0.342502478000,0.065602120000,-0.360204288000,-0.205135340000,-0.217156271000,0.513493091000,-0.058667527000,-0.011870560000,-0.150499432179,-0.021946043030,-0.117146013995,0.445069875630,0.229743909416,0.184524327039,-0.247525509208,0.635807325632,-1.671019237587,-0.770004388990,0.486491424248,0.129301371038,-0.352450833806,0.338296049810,0.895716735162,0.583825192695,-0.520544606046,-0.384985744372
0.049727392000,-0.379781162000,0.745934157000,0.701282676000,0.063555179000,0.008910432000,-0.709988699000,-0.193268448000,0.112405276000,0.450962763000,0.381991170000,-0.329647155000,0.050972133000,-0.340562439000,-0.199144312000,-0.224215974000,0.485508671000,-0.058344052000,-0.010280144000,-0.157173319913,-0.017640837459,-0.120013868734,0.464079256917,0.139743909416,0.230264975273,-0.258935847201,0.545807325632,-1.663238858965,-0.768156657006,0.486053952516,0.008212651534,-0.436211676297,0.430169398093,0.780330575146,0.621750775725,-0.529547211785,-0.380654390578
0.040784853000,-0.380292887000,0.754522769000,0.707353202000,0.061010214000,0.019085376000,-0.703963742000,-0.195431067000,0.116517279000,0.461685901000,0.375870264000,-0.305116432000,0.038733032000,-0.299933744000,-0.193826506000,-0.235164045000,0.444831893000,-0.053323388000,-0.010273006000,-0.161194586260,-0.021501788058,-0.154476836742,0.518716449253,0.049743909416,0.267521380612,-0.225363620035,0.455807325632,-1.655030016396,-0.766351980207,0.485625752304,-0.130046485889,-0.512853878996,0.527070112667,0.738253780948,0.628185358029,-0.530699030813,-0.380535060692
0.032792151000,-0.383634392000,0.759611061000,0.710303212000,0.061653584000,0.023703308000,-0.700789794000,-0.186585347000,0.118038418000,0.462704770000,0.372627617000,-0.285228858000,0.036559335000,-0.272546649000,-0.192539700000,-0.229388225000,0.445218921000,-0.059721209000,-0.012453744000,-0.166489454460,-0.033559854380,-0.182161297667,0.552437796698,-0.040256090584,0.311782274831,-0.194656366954,0.365807325632,-1.646481807095,-0.764579825749,0.485211015296,-0.264452159249,-0.579714438366,0.618920609096,0.765856752957,0.606346159532,-0.522332992919,-0.383587855302
0.027102197000,-0.386316490000,0.762362264000,0.712750616000,0.061191449000,0.026222420000,-0.698251065000,-0.187703927000,0.120281746000,0.451690023000,0.378477319000,-0.266645406000,0.033594366000,-0.237199677000,-0.191131002000,-0.232577648000,0.428929166000,-0.068543099000,-0.016924335000,-0.159913607419,-0.046259926783,-0.198213736122,0.571956816008,-0.130256090584,0.336632786770,-0.172515810157,0.275807325632,-1.637639046349,-0.762827140267,0.484810967798,-0.512150581386,-0.612014216958,0.758228417995,0.834594978553,0.569580131142,-0.511496362535,-0.400390870829
0.023227515000,-0.388926850000,0.765506918000,0.715557282000,0.064696026000,0.032236344000,-0.694804302000,-0.223835337000,0.122854485000,0.400245654000,0.423915746000,-0.264592888000,0.046750922000,-0.250964221000,-0.191171594000,-0.210020262000,0.463912425000,-0.091138958000,-0.029891896000,-0.167708511732,-0.052816290717,-0.209025470329,0.573925777480,-0.220256090584,0.306445969425,-0.170005392838,0.185807325632,-1.628477468330,-0.761088060536,0.484433898670,-0.708257625171,-0.577408971465,0.833487550057,0.889412258508,0.513292470205,-0.509387543402,-0.418884721833
0.020983835000,-0.390135014000,0.766273526000,0.716484482000,0.070998639000,0.041386492000,-0.692745508000,-0.245411208000,0.125720265000,0.371684146000,0.454604875000,-0.259652555000,0.052438389000,-0.252248779000,-0.189809330000,-0.198304260000,0.475483046000,-0.103997782000,-0.037652914000,-0.172914807792,-0.056326905644,-0.210843002158,0.607355568118,-0.310256090584,0.305376698031,-0.178374481890,0.105856379009,-1.618976440314,-0.759353890018,0.484074042500,-0.858465385905,-0.557730255894,0.906823368011,0.938972999879,0.469221181864,-0.498142339185,-0.424974179641
0.021118581000,-0.390294551000,0.766432319000,0.717291132000,0.069434466000,0.046184669000,-0.691765324000,-0.279212944000,0.127562690000,0.346054516000,0.484965523000,-0.258733010000,0.061956381000,-0.280594048000,-0.188856580000,-0.184752860000,0.501866158000,-0.119082661000,-0.048064059000,-0.192084648885,-0.058151671693,-0.196465871429,0.596025857098,-0.400256090584,0.279648849485,-0.164006691766,0.147986898647,-1.609105326320,-0.757620331053,0.483734321134,-1.002236282541,-0.514906879796,0.932865607433,1.008142430399,0.423873265821,-0.487367735277,-0.433324361174
0.022344532000,-0.389334328000,0.767055594000,0.716766328000,0.059975556000,0.041367255000,-0.693496730000,-0.293699737000,0.128978155000,0.329731533000,0.505103594000,-0.257370051000,0.067156009000,-0.280375833000,-0.187429154000,-0.184341747000,0.504493683000,-0.126664346000,-0.053826767000,-0.198589053374,-0.061293745627,-0.203953196051,0.636418154072,-0.490256090584,0.262911541900,-0.174009745600,0.231803298620,-1.598948170444,-0.755890598747,0.483413107964,-1.051219013925,-0.470627105521,0.934434694086,1.008409841982,0.404581723384,-0.487166792122,-0.435386101174
0.023892669000,-0.388206219000,0.767985695000,0.716388535000,0.058399735000,0.042787799000,-0.693935258000,-0.320126418000,0.130507903000,0.319075235000,0.520389855000,-0.248502007000,0.074734541000,-0.309371465000,-0.187801387000,-0.181800435000,0.526098699000,-0.133883717000,-0.055710775000,-0.197446884886,-0.062976882947,-0.195346490256,0.629735138953,-0.977865308318,0.244506704965,-0.571203167051,0.900403056719,-0.032258601170,-0.320855633569,0.415647044566,-1.148734673803,-0.397735002372,0.943504302711,1.113671277072,0.363173195026,-0.465833687903,-0.439085578950
0.025212350000,-0.387592287000,0.765798311000,0.714366153000,0.062401870000,0.047211406000,-0.695383411000,-0.353632006000,0.131899931000,0.302401191000,0.550888616000,-0.251724481000,0.086366536000,-0.337332493000,-0.188411071000,-0.179028640000,0.551065463000,-0.145544848000,-0.054709009000,-0.197816600721,-0.061809497331,-0.184275057546,0.628198326150,-1.028524421961,0.233529397945,-0.563583454618,0.933344639001,-0.004648182892,-0.315907172758,0.413668251209,-1.212932477902,-0.337284680613,0.979455515426,1.138681052390,0.351676845150,-0.455286487670,-0.437126091356
0.026914452000,-0.387511438000,0.762896063000,0.713071541000,0.058518722000,0.045827134000,-0.697140165000,-0.362735213000,0.133777977000,0.303438464000,0.548999095000,-0.248384978000,0.087713342000,-0.356687131000,-0.190386841000,-0.183978297000,0.566298489000,-0.147657956000,-0.052245415000,-0.195214876938,-0.059277918716,-0.187207325179,0.659176721836,-1.072801091608,0.230966272461,-0.570816448935,0.948545568004,0.002199712609,-0.311922806958,0.409567695335,-1.259917811040,-0.280868666506,1.008359998049,1.149409250032,0.346603293648,-0.449151741835,-0.433935540477
0.029356079000,-0.386877364000,0.754306168000,0.711542456000,0.060076144000,0.048098543000,-0.698415865000,-0.420852547000,0.140615772000,0.279129165000,0.617995205000,-0.263487560000,0.094112050000,-0.425371837000,-0.195697443000,-0.168480076000,0.649453489000,-0.165389611000,-0.058045696000,-0.191062853690,-0.058719569780,-0.175470935237,0.662090076181,-1.096135215261,0.210296827100,-0.541315333951,0.982221689773,0.026161367463,-0.308438158156,0.413473809779,-1.277640456267,-0.219005610388,1.003298674774,1.176014439620,0.332212667562,-0.447186224729,-0.437732846721
0.030756812000,-0.384187802000,0.740364631000,0.710135024000,0.052079941000,0.039761067000,-0.701009975000,-0.505231420000,0.151742237000,0.247098392000,0.735362461000,-0.290942072000,0.100371434000,-0.507681343000,-0.203510596000,-0.150501599000,0.756352294000,-0.190321222000,-0.062152825000,-0.182953806380,-0.055921556666,-0.178155118700,0.677396858686,-1.089767857917,0.202233418856,-0.518065830704,0.983695310980,0.024291940148,-0.309297372013,0.422256153660,-1.268714700275,-0.177708519678,0.978740878983,1.178887489078,0.330595226378,-0.450991116157,-0.444131554205
0.030782854000,-0.378859151000,0.723481288000,0.710307402000,0.041383627000,0.029676800000,-0.702047062000,-0.614256896000,0.163587696000,0.222404229000,0.851701727000,-0.316660620000,0.106943686000,-0.625064302000,-0.212980046000,-0.130714913000,0.875057714000,-0.212144357000,-0.061375135000,-0.175891058966,-0.039167417204,-0.175584534305,0.672947802732,-1.130233921166,0.195794270668,-0.510086855090,0.996316302095,0.027665987634,-0.307989768996,0.430150101848,-1.316384177541,-0.142747287726,0.966563993437,1.210657215681,0.328628512760,-0.444080623212,-0.448648866364
0.029926922000,-0.370645362000,0.706001451000,0.709432538000,0.030648866000,0.019510080000,-0.703836257000,-0.687916562000,0.172590990000,0.205849599000,0.937758599000,-0.331981731000,0.107043134000,-0.683453583000,-0.219412586000,-0.121059039000,0.929851507000,-0.219670194000,-0.057444408000,-0.170325850624,-0.034249911976,-0.167806584852,0.673211611678,-1.133107704335,0.188203258872,-0.491903439867,1.007114132824,0.042514634354,-0.308971849425,0.438278063168,-1.323302857193,-0.118107083503,0.946903335933,1.231297347496,0.319782607293,-0.443812881500,-0.455799620787
0.028207535000,-0.362235242000,0.687391921000,0.707032615000,0.025103575000,0.012007727000,-0.706633219000,-0.761021127000,0.178598932000,0.188854861000,1.023079679000,-0.353032217000,0.112546778000,-0.744387793000,-0.225482959000,-0.107591926000,0.992729490000,-0.234683772000,-0.055899894000,-0.164813159314,-0.029591766965,-0.163241775972,0.658197940972,-1.129480061258,0.186501440366,-0.480738642228,1.003796320287,0.041355318183,-0.310314878681,0.445449026442,-1.323637256564,-0.102146952879,0.928569358387,1.239149032662,0.309783143264,-0.445099366991,-0.462996439097
0.025578244000,-0.354847733000,0.667240559000,0.704266922000,0.021234784000,0.007054306000,-0.709582570000,-0.872288448000,0.187388223000,0.174447970000,1.126230643000,-0.377907865000,0.114256051000,-0.849279355000,-0.233059726000,-0.088783563000,1.081269738000,-0.253479146000,-0.055604081000,-0.167307744323,-0.015733151808,-0.139825009079,0.592428479418,-1.170688759112,0.181948368292,-0.462952557071,1.009935050758,0.044280459003,-0.311144918115,0.453840728959,-1.367755446275,-0.087685117599,0.910002743692,1.250360210069,0.298926663628,-0.445251920945,-0.471154532091
0.023416658000,-0.347258403000,0.648779870000,0.701245142000,0.016553829000,0.003874039000,-0.712717485000,-0.950501042000,0.195277627000,0.163162722000,1.202822668000,-0.399112398000,0.112099125000,-0.927721084000,-0.241054933000,-0.074206015000,1.151861425000,-0.266877583000,-0.053004961000,-0.171730375054,-0.010866117749,-0.126599585036,0.563298432312,-1.179728756593,0.188911182656,-0.462959754948,1.005099402627,0.050379969024,-0.313285533510,0.459897467534,-1.379987612586,-0.082883985823,0.917981201187,1.245759525140,0.297851041628,-0.450842363667,-0.477070545529
0.021288816000,-0.341762382000,0.632601201000,0.697659828000,0.013561331000,0.000840761000,-0.716300320000,-1.017459926000,0.201797364000,0.152693605000,1.267280189000,-0.419066188000,0.110872005000,-1.001809904000,-0.248698243000,-0.060304507000,1.219186605000,-0.281408463000,-0.052780196000,-0.171548458319,-0.002541828911,-0.120487777293,0.531526988241,-1.186740980554,0.204733961305,-0.477746473555,0.981567378344,0.036072170408,-0.318074153030,0.463611198766,-1.398825416806,-0.092154973814,0.915869620211,1.233781950357,0.298274799405,-0.455873351033,-0.480731890300
0.020220090000,-0.338247160000,0.619249636000,0.693568512000,0.009036063000,0.000213796000,-0.720333967000,-1.058361199000,0.206407267000,0.144075331000,1.310762738000,-0.436819170000,0.109210658000,-1.050562973000,-0.255453469000,-0.051207195000,1.265821148000,-0.289791659000,-0.052884796000,-0.180903296538,0.003416100019,-0.114654645144,0.531569148211,-1.179480426285,0.229893009797,-0.495516158244,0.941936380276,0.006253271850,-0.324251069200,0.467105187732,-1.391185158478,-0.116103901568,0.917865556662,1.192324587297,0.307460063616,-0.470177542481,-0.485856095380
0.020787944000,-0.335432138000,0.608201870000,0.689508507000,0.004110872000,-0.001487567000,-0.724264390000,-1.095582944000,0.211838436000,0.135608326000,1.354210572000,-0.444843224000,0.104465214000,-1.090690417000,-0.262345567000,-0.044080578000,1.309966806000,-0.298103869000,-0.058101958000,-0.189197113718,0.006043662688,-0.104630287997,0.526049459907,-1.183052936119,0.247367569764,-0.494048953362,0.916992037960,-0.019497718109,-0.328138914400,0.469877065890,-1.391523484947,-0.129121647502,0.910327515889,1.158760325329,0.314140599705,-0.481352203773,-0.490569737803
0.022175374000,-0.331554541000,0.598500434000,0.686072932000,-0.000373215000,-0.004922878000,-0.727516019000,-1.156602973000,0.218734562000,0.128447377000,1.404068565000,-0.448460264000,0.097527301000,-1.156866707000,-0.269360762000,-0.035088070000,1.365125617000,-0.306211380000,-0.061537777000,-0.188478147694,0.015466180201,-0.101171884228,0.498615797144,-1.203355126591,0.253500043317,-0.493534335856,0.883563203996,-0.047369234220,-0.330022668999,0.471726381562,-1.409647158697,-0.132012811079,0.887860705812,1.139341400439,0.304410265078,-0.486875608856,-0.497860819189
0.023347823000,-0.325797355000,0.590901548000,0.682829988000,-0.011979155000,-0.014902487000,-0.730327066000,-1.224505880000,0.225011667000,0.120222427000,1.458508110000,-0.454978993000,0.092378532000,-1.231750784000,-0.276074560000,-0.023156559000,1.427119401000,-0.311442063000,-0.066201169000,-0.189194514079,0.026347471174,-0.093795844761,0.478410006957,-1.193179374138,0.278005193185,-0.516873154094,0.811978541324,-0.093585242651,-0.340121727282,0.475108901808,-1.410272841170,-0.154671195644,0.891810206239,1.081973991358,0.318155358500,-0.499471971113,-0.500432321964
0.024301912000,-0.320097425000,0.584343106000,0.679545697000,-0.012705517000,-0.016230604000,-0.733343565000,-1.284950045000,0.232728198000,0.112881912000,1.505056558000,-0.455110129000,0.083366973000,-1.300399552000,-0.283770580000,-0.013065617000,1.481565525000,-0.310243262000,-0.066829267000,-0.189157095051,0.035755930351,-0.084675864851,0.468732814038,-1.186608345432,0.287703361027,-0.515389198679,0.782360985427,-0.113300190351,-0.343537533404,0.476034167189,-1.407809900360,-0.174624332308,0.877660876593,1.065101378243,0.324876788624,-0.503129632082,-0.500441231163
0.025530667000,-0.316326663000,0.577325328000,0.675607232000,-0.008756627000,-0.014509093000,-0.737066941000,-1.360631672000,0.240182993000,0.104419892000,1.558474052000,-0.459400754000,0.077764290000,-1.389310165000,-0.290622082000,0.000205281000,1.545951428000,-0.311692494000,-0.066214742000,-0.193029471766,0.048761050999,-0.073179844177,0.440056193444,-1.204076507385,0.292404374336,-0.503739717618,0.788796548914,-0.111452588246,-0.339755653568,0.473923866471,-1.429838181633,-0.184215822133,0.867264720954,1.071366937014,0.325035567760,-0.496770145826,-0.498575531441
0.026619157000,-0.313529704000,0.571494864000,0.672539290000,-0.001823433000,-0.008416376000,-0.740011313000,-1.442868598000,0.247209725000,0.094523059000,1.617101464000,-0.466496497000,0.071307525000,-1.479439801000,-0.295310817000,0.015148541000,1.611046817000,-0.315651072000,-0.066773818000,-0.199631846077,0.062096327490,-0.050352480228,0.408658358506,-1.210931186047,0.304598902559,-0.498123604758,0.776337918323,-0.121892913401,-0.343322810400,0.475155549054,-1.440653239744,-0.201824197203,0.866608482563,1.047349675225,0.344980876424,-0.499750016225,-0.496736502503
0.027185410000,-0.311059809000,0.568068273000,0.670504165000,0.002971877000,-0.004604305000,-0.741885525000,-1.520786459000,0.254194643000,0.083742648000,1.673584659000,-0.472486990000,0.065243633000,-1.563478441000,-0.298826114000,0.028277842000,1.671638269000,-0.315737389000,-0.064188424000,-0.201713866779,0.070846501411,-0.036122339836,0.370286526997,-1.220506425034,0.311841772059,-0.493779601390,0.775142425397,-0.130483267770,-0.340600159764,0.474225616178,-1.451004101064,-0.214262134514,0.861938951783,1.043619151425,0.359129364869,-0.498157702040,-0.495591905340
0.027167552000,-0.308409897000,0.566737835000,0.669381556000,0.007433783000,-0.002501804000,-0.742877387000,-1.593374115000,0.260000111000,0.073802005000,1.728065231000,-0.482556083000,0.062453504000,-1.645047070000,-0.299893403000,0.041339858000,1.729927106000,-0.321023259000,-0.064798119000,-0.202177998154,0.079314573132,-0.025584285854,0.333044499299,-1.228362333677,0.314521126608,-0.491979403896,0.769913220136,-0.143498604721,-0.339829634640,0.474221758124,-1.455550705211,-0.218533938772,0.853158971283,1.032706578778,0.374610303935,-0.499710159155,-0.495157557499
0.026332378000,-0.305353643000,0.567799468000,0.668924328000,0.008881625000,-0.001352253000,-0.743276215000,-1.656648289000,0.266190055000,0.064263697000,1.777270157000,-0.493801513000,0.059402056000,-1.717424458000,-0.299794854000,0.052979587000,1.781965838000,-0.324780620000,-0.064574692000,-0.206739092415,0.085101063557,-0.019002534487,0.297577280710,-1.238015125498,0.320155607484,-0.487732090821,0.760898258192,-0.156973968077,-0.341826657863,0.475148646994,-1.453371906163,-0.227420525341,0.847280515107,1.006110167575,0.390574600677,-0.506785028523,-0.495722211210
0.025702376000,-0.302235019000,0.569859110000,0.668568447000,0.008314580000,-0.003372842000,-0.743596479000,-1.705277927000,0.270043791000,0.054450083000,1.821383310000,-0.505998551000,0.056928114000,-1.773402998000,-0.298785293000,0.063842320000,1.830833698000,-0.331862581000,-0.064294947000,-0.206418386440,0.087494798872,-0.018510711769,0.275063127034,-1.232759158527,0.321577593976,-0.483078132392,0.752305470611,-0.167153656926,-0.341583476338,0.477979178235,-1.441610757255,-0.231863212925,0.837012405836,0.994498923451,0.399100650219,-0.510776125416,-0.497763061559
0.025665540000,-0.299321694000,0.573382675000,0.669138424000,0.007260037000,-0.005223022000,-0.743083967000,-1.737890052000,0.271989457000,0.046196399000,1.850163808000,-0.511659469000,0.053885782000,-1.812061803000,-0.298040722000,0.071466027000,1.863170223000,-0.336971921000,-0.063757600000,-0.206411650028,0.090200116753,-0.021014300960,0.261554441059,-1.230269163307,0.319757969536,-0.467796544684,0.752997069453,-0.177777517572,-0.340536653391,0.480437337099,-1.433752766151,-0.235517624232,0.814531724860,0.993057450636,0.407307974833,-0.512651756932,-0.498853079671
0.026127413000,-0.296517252000,0.578974359000,0.670013766000,0.005077155000,-0.008014258000,-0.742288049000,-1.753175909000,0.271389654000,0.041043557000,1.863463909000,-0.512926857000,0.053655955000,-1.831167590000,-0.296356750000,0.075674420000,1.881170008000,-0.337291651000,-0.062168032000,-0.207379936344,0.092801525396,-0.019237924684,0.254278374865,-1.219367089715,0.322331897397,-0.455589044158,0.753672859958,-0.182124646640,-0.337290091533,0.482088429974,-1.419444105230,-0.243614267937,0.807216175068,0.989852690692,0.416499895419,-0.510600747560,-0.496229741240
0.026571741000,-0.294430773000,0.583824470000,0.670812685000,0.004422088000,-0.009765681000,-0.741549336000,-1.761858956000,0.269245953000,0.038775381000,1.867359922000,-0.510530297000,0.054301059000,-1.842504078000,-0.293337897000,0.078855014000,1.891122430000,-0.338405264000,-0.062230341000,-0.207510759274,0.097057596496,-0.016577892478,0.244655296559,-1.218500777119,0.328888685428,-0.443885804497,0.756979355261,-0.183658897831,-0.335433784100,0.483243507202,-1.414836457698,-0.252626672145,0.809102716386,0.986308047420,0.429180784516,-0.509054513466,-0.491363252314
0.027085710000,-0.292058504000,0.589564667000,0.670478466000,0.001946750000,-0.012717991000,-0.741817423000,-1.759883877000,0.265331643000,0.039191779000,1.856860613000,-0.504598376000,0.056620026000,-1.843129025000,-0.289962958000,0.077728389000,1.885714977000,-0.334369064000,-0.062019193000,-0.205013609714,0.100362332755,-0.018454917546,0.242687300827,-1.223192904520,0.327110773775,-0.433180820184,0.768804812615,-0.182005824806,-0.332524414444,0.484083172917,-1.417499583998,-0.253085166169,0.809303934536,1.001326102027,0.435062596058,-0.506276795562,-0.487659536282
0.027760273000,-0.290302027000,0.595984823000,0.668427125000,0.000200500000,-0.013245252000,-0.743659668000,-1.741765717000,0.260576265000,0.044280863000,1.829592749000,-0.494543722000,0.059838922000,-1.827400340000,-0.285052324000,0.073447862000,1.865491513000,-0.327888364000,-0.064269915000,-0.209422991061,0.103021359993,-0.017035511517,0.247110667993,-1.222738776337,0.330295878253,-0.423217258168,0.771990788596,-0.181404791202,-0.334801167417,0.486416760137,-1.406351641343,-0.261974958489,0.818217782918,0.987714664819,0.443198638703,-0.511095762079,-0.484270538621
0.028322972000,-0.289111869000,0.603984223000,0.667835602000,-0.000295676000,-0.015119634000,-0.744155171000,-1.706216975000,0.253311862000,0.053086646000,1.783904750000,-0.479594304000,0.065072420000,-1.794386761000,-0.278772710000,0.064521090000,1.827602039000,-0.319486793000,-0.070785106000,-0.209487160698,0.106851885612,-0.022388865627,0.254295895200,-1.210706836779,0.334242957038,-0.418362129347,0.755280214962,-0.186837848300,-0.339909481929,0.491092590307,-1.393830725829,-0.270935651630,0.820389265357,0.971273401590,0.452073961081,-0.516598106964,-0.480090308443
0.028478388000,-0.288609845000,0.612144043000,0.667813146000,-0.001528970000,-0.017306338000,-0.744126168000,-1.658193675000,0.244652322000,0.066379032000,1.723970369000,-0.461158106000,0.070540348000,-1.744157720000,-0.271260357000,0.050758027000,1.773988753000,-0.311932901000,-0.076727713000,-0.209103019129,0.108721940480,-0.028830682270,0.257424034921,-1.204613846200,0.333552071645,-0.408609221527,0.749208934938,-0.188283456878,-0.343117589388,0.496184444111,-1.384666535573,-0.272177820313,0.827006645732,0.960296955973,0.463279670372,-0.521451875519,-0.476989520112
0.028559123000,-0.288416707000,0.621180321000,0.667617367000,-0.005206937000,-0.021664313000,-0.744171081000,-1.592963764000,0.234297384000,0.084278118000,1.646838409000,-0.444619966000,0.077642747000,-1.673461889000,-0.262978264000,0.031612608000,1.699769175000,-0.306225912000,-0.080111739000,-0.209539011973,0.107015819906,-0.035024155533,0.261056775194,-1.194985078682,0.334038815187,-0.399312466982,0.747174510995,-0.186633635037,-0.348055106440,0.501047374464,-1.376406848816,-0.273551647901,0.835682441045,0.953252422833,0.470977553467,-0.527870926796,-0.475983918278
0.028995762000,-0.287715767000,0.631834708000,0.666581723000,-0.013110969000,-0.029643874000,-0.744726896000,-1.487875347000,0.220506711000,0.108846506000,1.535741572000,-0.430206788000,0.085920611000,-1.553931505000,-0.253078968000,0.005018504000,1.582519778000,-0.308200335000,-0.081194658000,-0.210510526074,0.098030876998,-0.030979144111,0.264679565518,-1.156150701385,0.337919910343,-0.393070088389,0.736646501558,-0.185964337510,-0.356768551996,0.507670531428,-1.345091187112,-0.278011650507,0.855566825662,0.938015538647,0.485015993104,-0.536848033861,-0.474119145173
0.029294490000,-0.286963262000,0.646513838000,0.665129417000,-0.021065251000,-0.038864809000,-0.745418433000,-1.352600461000,0.203794062000,0.135473555000,1.400153166000,-0.412070928000,0.093681598000,-1.414494403000,-0.241817664000,-0.021303512000,1.450252589000,-0.306998559000,-0.080594422000,-0.210834769130,0.089748698614,-0.034345718113,0.295849967702,-1.116783921336,0.333894822914,-0.383998641739,0.733412010857,-0.187396085124,-0.363143719047,0.511373081735,-1.308336056201,-0.274186558114,0.865850269783,0.931730508425,0.495276315622,-0.543592934046,-0.473479940560
0.028992341000,-0.287774881000,0.668677192000,0.664995665000,-0.026281320000,-0.045477799000,-0.744997871000,-1.216040475000,0.186498583000,0.159521204000,1.259494156000,-0.387084247000,0.094674571000,-1.282395687000,-0.230887797000,-0.042458179000,1.330758044000,-0.301722191000,-0.077213633000,-0.207754073286,0.080215072837,-0.043219450919,0.322934888491,-1.095312407880,0.321246173212,-0.379260178590,0.748581339102,-0.182952735365,-0.365538256445,0.509999668444,-1.284285530684,-0.254258990529,0.885082613991,0.938407775156,0.500265698575,-0.545471251479,-0.472352811020
0.028658603000,-0.292912317000,0.700292309000,0.665298402000,-0.025868861000,-0.044815915000,-0.744782097000,-1.096506771000,0.169688563000,0.178036768000,1.135142113000,-0.363939570000,0.095044458000,-1.171091484000,-0.220593441000,-0.055947470000,1.231157114000,-0.287401183000,-0.071694928000,-0.209832792021,0.071719063404,-0.060235476105,0.353273504258,-1.074769205570,0.320985284509,-0.393723265146,0.731483347540,-0.190442145697,-0.370812513539,0.505390556945,-1.253234972486,-0.253998583791,0.894678506523,0.911308948334,0.506246205959,-0.550357552738,-0.468948503002
0.028341238000,-0.305264814000,0.735129046000,0.666847699000,-0.012283660000,-0.032077257000,-0.744401980000,-0.977900342000,0.155528798000,0.192919804000,1.024506521000,-0.341029045000,0.092293569000,-1.047820316000,-0.214507083000,-0.072247143000,1.121561436000,-0.270843333000,-0.061987495000,-0.208636694312,0.055344755434,-0.075154152111,0.378860000947,-1.078828571046,0.306300678847,-0.406403934332,0.774404246202,-0.169623081750,-0.368367244018,0.495544151069,-1.254799230443,-0.233819606504,0.913241571497,0.961572622627,0.493255896020,-0.542065142919,-0.466011570072
0.028363488000,-0.322688189000,0.765632171000,0.667563870000,0.007817019000,-0.014946538000,-0.744361454000,-0.884933349000,0.145674356000,0.203607554000,0.952336147000,-0.323570576000,0.089426881000,-0.943169444000,-0.208702376000,-0.083563848000,1.036367270000,-0.259285854000,-0.057461592000,-0.211437949943,0.037095669399,-0.089028079980,0.405160445277,-1.079104426129,0.292831321815,-0.401055946357,0.810888367513,-0.152028206658,-0.365150490111,0.486769180757,-1.250252337409,-0.222907886719,0.907280621680,0.989078025575,0.480141577157,-0.535641158777,-0.465448341444
0.028392492000,-0.341171673000,0.786308231000,0.667456051000,0.021246310000,-0.004411211000,-0.744332960000,-0.774634972000,0.137016218000,0.215905281000,0.877261897000,-0.310377698000,0.087477664000,-0.812357455000,-0.203734908000,-0.098738609000,0.936520725000,-0.246740998000,-0.049899900000,-0.211442444882,0.014888630436,-0.096283376580,0.443188260525,-1.048479664899,0.296219633630,-0.411254248680,0.826540182673,-0.137108786580,-0.360206311475,0.476006712537,-1.224565813506,-0.231006442884,0.926270251070,0.995616014616,0.478036675752,-0.527481406986,-0.458235915733
0.028909961000,-0.358930258000,0.798858976000,0.665850468000,0.031028440000,0.004639286000,-0.745425293000,-0.666459926000,0.129143756000,0.229242340000,0.805147569000,-0.295431917000,0.085224850000,-0.682368534000,-0.200065058000,-0.115606644000,0.834335441000,-0.230381936000,-0.041694367000,-0.216004205578,-0.005956545412,-0.108122601858,0.492109986689,-1.029771538508,0.296270010473,-0.419539565107,0.844659641384,-0.130607352558,-0.354033247980,0.465759818738,-1.205273178852,-0.236193908521,0.944254659939,0.998029893040,0.479577895567,-0.518883569908,-0.451668370414
0.029389096000,-0.374508909000,0.804140720000,0.665354024000,0.038033298000,0.009572288000,-0.745497057000,-0.576720424000,0.124285786000,0.241187797000,0.751558446000,-0.282458826000,0.082116586000,-0.583714108000,-0.196169805000,-0.123280401000,0.767002374000,-0.221646734000,-0.039035363000,-0.212628067643,-0.028382072825,-0.122984432475,0.519368105493,-0.985317555723,0.268280403091,-0.412965704618,0.860841071135,-0.122709794767,-0.348529911570,0.460250066633,-1.171368410432,-0.216702189092,0.938184726110,1.017764927464,0.466356375162,-0.511894156023,-0.450417422249
0.029963582000,-0.386535989000,0.804329448000,0.665398916000,0.042032356000,0.013517058000,-0.745181087000,-0.511941829000,0.120976942000,0.250332830000,0.718099580000,-0.276889349000,0.081473804000,-0.507080009000,-0.193954036000,-0.129172028000,0.714874966000,-0.212256230000,-0.036420458000,-0.213178922851,-0.042430646152,-0.139421053718,0.560024180742,-0.955748500037,0.262923719069,-0.416806602186,0.857528984291,-0.124412105364,-0.343567214599,0.453424062981,-1.146622735484,-0.218895534181,0.953757604575,1.001846710792,0.464947524552,-0.506249984840,-0.444915056265
0.030467092000,-0.394832293000,0.801432223000,0.667656125000,0.043611634000,0.016621729000,-0.743005412000,-0.463062987000,0.118947077000,0.258209174000,0.692119352000,-0.273959089000,0.080187751000,-0.452857282000,-0.191336713000,-0.131272891000,0.678392020000,-0.204123737000,-0.037347952000,-0.214787610501,-0.052625341619,-0.146520184269,0.590022391098,-0.944452582680,0.255764128506,-0.435005637564,0.844465673682,-0.131058457669,-0.338511715991,0.446419334421,-1.130534233695,-0.224560168312,0.964864162770,0.981917520967,0.458791361424,-0.500701242785,-0.441218033549
0.030553853000,-0.399482632000,0.796631417000,0.671373760000,0.044433137000,0.020191560000,-0.739510157000,-0.411018825000,0.116498326000,0.272123424000,0.649801804000,-0.267313526000,0.076174125000,-0.401164871000,-0.188740863000,-0.137468323000,0.632723478000,-0.190582116000,-0.036026237000,-0.225906888490,-0.063550965744,-0.147934421346,0.601404832114,-0.925237206826,0.245374297030,-0.428180607687,0.853464812630,-0.123466763318,-0.333848001045,0.441959125125,-1.100874414813,-0.228853391975,0.961892234785,0.967888776542,0.449000328763,-0.498662763464,-0.440811077479
0.030676118000,-0.400657068000,0.790291753000,0.676156907000,0.043727501000,0.022992606000,-0.735099369000,-0.384590720000,0.115266808000,0.282066209000,0.625364120000,-0.266820179000,0.073819565000,-0.374755561000,-0.186905999000,-0.141275105000,0.602297660000,-0.177514220000,-0.037623042000,-0.244553153370,-0.065037751828,-0.148296161826,0.626588568502,-0.930931336772,0.255553161973,-0.435341551031,0.845198563292,-0.130011336516,-0.329813410585,0.436124223823,-1.096771957803,-0.247223887552,0.985824388753,0.907473007930,0.456741415033,-0.497539163639,-0.435226141277
0.030788028000,-0.399250700000,0.785010242000,0.682118475000,0.045921101000,0.025302371000,-0.729359602000,-0.326687841000,0.111611193000,0.310649239000,0.556749260000,-0.246372848000,0.062296065000,-0.322174022000,-0.184573057000,-0.154075471000,0.541591703000,-0.154057833000,-0.032237706000,-0.247078318569,-0.074933406619,-0.149548387628,0.654893855753,-0.920498305469,0.243662750113,-0.439154463620,0.873872236797,-0.112123921561,-0.320319432390,0.428580866211,-1.103657489065,-0.241233632244,1.008409331036,0.941088946550,0.444301836911,-0.486288744055,-0.431917526583
0.031294483000,-0.396372516000,0.779570522000,0.688007383000,0.046040219000,0.028539182000,-0.723679249000,-0.308968898000,0.109160499000,0.332249116000,0.515461996000,-0.230531474000,0.055816345000,-0.311981230000,-0.181913407000,-0.157456717000,0.514610097000,-0.141638848000,-0.035943760000,-0.253988921182,-0.076696876588,-0.132731512505,0.652970638831,-0.941259993899,0.227191281762,-0.442664255254,0.893796922808,-0.103427801899,-0.312581145615,0.423416022509,-1.126167811125,-0.229349767931,1.004694602171,0.962841049675,0.423323719694,-0.478836893881,-0.435625610255
0.031941451000,-0.392296214000,0.774011477000,0.693085450000,0.045605171000,0.030612520000,-0.718759766000,-0.295524177000,0.108784392000,0.351027203000,0.489019373000,-0.219325364000,0.050569152000,-0.302704529000,-0.178990292000,-0.159118047000,0.493802835000,-0.128617999000,-0.042234150000,-0.261779863133,-0.081403962060,-0.116267260510,0.673769105446,-0.948263519894,0.215234173794,-0.431411507804,0.925217196182,-0.080276668562,-0.306524718742,0.420664521107,-1.132178056830,-0.223434874438,1.002155662229,0.979020931691,0.409589922085,-0.474405205020,-0.436848770180
0.031978478000,-0.388065124000,0.768105924000,0.698318073000,0.044272600000,0.033831906000,-0.713615588000,-0.289476848000,0.109581925000,0.362267223000,0.474420124000,-0.215678478000,0.047907256000,-0.293184882000,-0.176717085000,-0.164280790000,0.475242068000,-0.120296158000,-0.048180325000,-0.263084263528,-0.086043842516,-0.107810314945,0.682350455008,-0.953477295528,0.228566673818,-0.432493185058,0.921153609827,-0.084083222758,-0.307580798500,0.418448123526,-1.148125721453,-0.235684785952,0.993115793868,0.955023334486,0.414446831097,-0.475258726515,-0.434432292666
0.031547568000,-0.383157945000,0.763007037000,0.703743991000,0.043759206000,0.036581633000,-0.708160513000,-0.280054184000,0.109738691000,0.379128733000,0.452422593000,-0.209318485000,0.043616041000,-0.284852553000,-0.173876719000,-0.170725990000,0.452316984000,-0.111530512000,-0.055115500000,-0.264413803914,-0.089571299713,-0.103675833077,0.690115248070,-0.961914732915,0.216919044951,-0.420711726369,0.935733388605,-0.071653078835,-0.304967242759,0.419245032548,-1.168839281233,-0.228578736122,0.956153945797,0.982061504317,0.396802171899,-0.471844731396,-0.439473522883
0.030801644000,-0.380154960000,0.759331983000,0.709526916000,0.043982283000,0.038132852000,-0.702269891000,-0.274607522000,0.110010681000,0.392346270000,0.439284071000,-0.209095757000,0.043169147000,-0.283846383000,-0.172291961000,-0.171709907000,0.444797347000,-0.109025072000,-0.063070431000,-0.269323083875,-0.094003649108,-0.091799158033,0.689258838289,-0.954009633194,0.210164717347,-0.413141236545,0.933852481943,-0.068880074584,-0.306677458450,0.422205562219,-1.169969820003,-0.231611307061,0.930734668112,0.983902368826,0.384971852842,-0.474855277949,-0.444269534325
0.030006552000,-0.377325855000,0.757194254000,0.714409231000,0.044048740000,0.040384957000,-0.697171582000,-0.274076857000,0.111112897000,0.404451663000,0.430095624000,-0.209682946000,0.040372049000,-0.284018826000,-0.171136799000,-0.177737796000,0.434444388000,-0.103077287000,-0.069605133000,-0.274441976342,-0.093072027447,-0.087073065051,0.695338178187,-0.962149507861,0.210849627783,-0.414801174624,0.926522167047,-0.073146430009,-0.308777054308,0.424876490186,-1.183988751301,-0.243518178750,0.914013906167,0.974864196398,0.384864599531,-0.476552515793,-0.446897744583
0.028796690000,-0.374493739000,0.756032981000,0.718667163000,0.044690457000,0.041853912000,-0.692653248000,-0.262184842000,0.111689795000,0.422783762000,0.414135309000,-0.211252935000,0.038995681000,-0.275278103000,-0.170629671000,-0.187349785000,0.417773408000,-0.095047741000,-0.070484112000,-0.283764489743,-0.094582874553,-0.078449034056,0.701833068075,-0.952094040894,0.219832046840,-0.409453831756,0.925349021723,-0.072992391015,-0.310054156310,0.425879606844,-1.178910486117,-0.265753220784,0.918286529410,0.946337245304,0.400367049419,-0.478565619229,-0.443239674978
0.027275011000,-0.372218693000,0.754510279000,0.721912653000,0.044217315000,0.043416032000,-0.689203888000,-0.275520665000,0.113926261000,0.417697673000,0.424368918000,-0.219245446000,0.041051205000,-0.283723972000,-0.170402408000,-0.190142426000,0.418070849000,-0.092614787000,-0.074131775000,-0.292605690223,-0.091988039553,-0.071965915533,0.691735826512,-0.965384854284,0.225996550707,-0.406688088796,0.923611788147,-0.075974072065,-0.311648224070,0.428537908089,-1.178463919796,-0.281051549062,0.915597840086,0.932665967942,0.404483519956,-0.481998804310,-0.445661045057
0.025823951000,-0.370110024000,0.754482958000,0.723615969000,0.048881194000,0.047074964000,-0.686858433000,-0.288341437000,0.116028712000,0.410218267000,0.435882395000,-0.223837717000,0.045330109000,-0.292979871000,-0.170615341000,-0.185683417000,0.428320808000,-0.096506061000,-0.077785660000,-0.300271438731,-0.091660989428,-0.072339404247,0.694295967177,-0.973381836568,0.221923675754,-0.404363338454,0.935045775369,-0.063217985871,-0.313018837116,0.431706447404,-1.181147457019,-0.283998626461,0.919850545360,0.941168474080,0.398268983394,-0.483352875549,-0.448331231546
0.024606749000,-0.367673722000,0.752431228000,0.723073347000,0.051697052000,0.046163205000,-0.687285464000,-0.285944498000,0.116964795000,0.412118655000,0.438737997000,-0.228646903000,0.048862310000,-0.286569251000,-0.171281554000,-0.184317342000,0.426660849000,-0.096429346000,-0.077914128000,-0.310350695908,-0.093042358308,-0.068805871524,0.700105065880,-0.958686663015,0.218594485738,-0.401823803067,0.937067273160,-0.053236766024,-0.315415261119,0.434833495543,-1.166228963582,-0.302237537467,0.920908122112,0.931536559760,0.401498230605,-0.485881266186,-0.448620772445
0.024355390000,-0.366750489000,0.750211040000,0.722001796000,0.053642612000,0.045174455000,-0.688327790000,-0.292301380000,0.116768336000,0.408123768000,0.446986879000,-0.237252505000,0.056129837000,-0.290065405000,-0.172474727000,-0.178120682000,0.435633888000,-0.101085635000,-0.080334247000,-0.319214291170,-0.091253429946,-0.062211948712,0.693874812931,-0.960244042433,0.218583341346,-0.391698754684,0.950186958300,-0.043471883819,-0.316595913579,0.438578316883,-1.169012416485,-0.308654312599,0.939710338858,0.928572391390,0.406306650858,-0.487970068378,-0.449014416205
0.025594534000,-0.365830589000,0.748777098000,0.718895862000,0.070990548000,0.049702076000,-0.689694705000,-0.297750145000,0.116280249000,0.403326249000,0.459778853000,-0.250792080000,0.064190345000,-0.306440706000,-0.175141354000,-0.162295806000,0.470152486000,-0.111741912000,-0.082517665000,-0.336579191543,-0.088717217302,-0.048507838140,0.706773454566,-0.952837714602,0.241167764537,-0.384055837302,0.950452568966,-0.037421019835,-0.322231413836,0.441123142215,-1.158774437441,-0.352031706351,0.950851823295,0.893963917274,0.424163884377,-0.494506531730,-0.444469492885
0.026546958000,-0.363883020000,0.746197593000,0.716992787000,0.068958204000,0.046697871000,-0.692087724000,-0.303599342000,0.116028983000,0.400200714000,0.470322313000,-0.261790504000,0.069579630000,-0.314083533000,-0.177210337000,-0.157199384000,0.483133450000,-0.112225020000,-0.082087819000,-0.342786487093,-0.082116661716,-0.042304066933,0.711303048147,-0.959436685222,0.255140645970,-0.404792095080,0.934500718324,-0.055258233208,-0.323980298173,0.439949926378,-1.158588768970,-0.377059678890,0.977890508725,0.865875326366,0.440676547647,-0.496366059864,-0.440314342341
0.028012165000,-0.361875994000,0.742597216000,0.713639652000,0.070854380000,0.045385038000,-0.695441084000,-0.320746660000,0.113838358000,0.388487060000,0.488823424000,-0.274299813000,0.077616874000,-0.334559576000,-0.179909237000,-0.149600809000,0.504243990000,-0.115829031000,-0.081724249000,-0.348563199682,-0.073041510560,-0.031291930398,0.713734107953,-0.962748261970,0.256812920735,-0.406611082310,0.926890873220,-0.062613629822,-0.323821807106,0.439686017498,-1.154560560960,-0.383419825622,0.975856057526,0.866050532324,0.439008606524,-0.496647311368,-0.441114410225
0.030382181000,-0.359656994000,0.736139064000,0.708717539000,0.077372277000,0.044865629000,-0.699800012000,-0.347690670000,0.112931859000,0.371920997000,0.519477188000,-0.292217085000,0.086564976000,-0.384068044000,-0.184751823000,-0.131756306000,0.561964970000,-0.124281756000,-0.080779626000,-0.358752756239,-0.060234828159,-0.018860113062,0.719624847898,-0.978284314700,0.277769547088,-0.432031598729,0.899701907608,-0.089413863404,-0.327587204320,0.440142454153,-1.149960268141,-0.414363854866,1.000535527064,0.820790404228,0.456289748874,-0.501769819106,-0.437204449240
0.033557282000,-0.357837943000,0.728467025000,0.700499632000,0.074412718000,0.042644849000,-0.708480367000,-0.379514471000,0.112243301000,0.351512492000,0.555891740000,-0.316900119000,0.098795721000,-0.432494822000,-0.191248851000,-0.124632623000,0.612265733000,-0.128747930000,-0.079070449000,-0.365563252471,-0.050525913642,0.003585771311,0.698416538334,-1.007363908884,0.308225511450,-0.457840522740,0.873173139401,-0.118198096858,-0.336443411347,0.440320349568,-1.157938802777,-0.439129484492,1.023616079941,0.782770772133,0.470111614506,-0.513489263766,-0.435955619775
0.037676604000,-0.357292535000,0.715928321000,0.689165560000,0.070208827000,0.041530146000,-0.719997777000,-0.437358311000,0.113456186000,0.314880129000,0.636032213000,-0.355083897000,0.121903005000,-0.527271916000,-0.198197966000,-0.107016422000,0.724540920000,-0.146057810000,-0.081424459000,-0.369747369932,-0.045441416673,0.036545635391,0.667893206743,-1.030471414159,0.331862710763,-0.473232356728,0.856460860875,-0.136130839556,-0.348895602720,0.445609410620,-1.154272109199,-0.448904302757,1.042579554702,0.759763835784,0.474480432576,-0.530880980156,-0.438866254097
0.041129624000,-0.357328248000,0.701065640000,0.676513223000,0.060725438000,0.038773365000,-0.732897610000,-0.505005714000,0.116572677000,0.280551053000,0.733860916000,-0.397000594000,0.141809414000,-0.634529781000,-0.201680605000,-0.094248346000,0.838257793000,-0.162533198000,-0.086730780000,-0.367194316462,-0.038827319756,0.059032996182,0.635456444832,-1.058585216121,0.348905693301,-0.492089213812,0.830858685177,-0.154488597729,-0.364449543832,0.454113062378,-1.144373409258,-0.447548942804,1.053526236493,0.738966491870,0.470642791862,-0.553108583952,-0.447162602607
0.043739055000,-0.356991681000,0.688495185000,0.662111228000,0.052032105000,0.035863498000,-0.746736360000,-0.556139676000,0.119686885000,0.256151788000,0.811906295000,-0.427960116000,0.149730714000,-0.694751632000,-0.199868263000,-0.095421512000,0.885715551000,-0.173882539000,-0.090387332000,-0.351173083969,-0.033176936097,0.069684072280,0.627581897025,-1.054991195336,0.354045924712,-0.503992967571,0.809645105221,-0.157961421752,-0.376887198093,0.461879278314,-1.126992211154,-0.436805222084,1.069804470930,0.745517820840,0.462986886808,-0.565943650201,-0.455495279945
0.046484671000,-0.355325654000,0.677296878000,0.647873581000,0.042592081000,0.032176024000,-0.759875280000,-0.614164176000,0.122995799000,0.241061316000,0.871998945000,-0.444162952000,0.152612056000,-0.758656505000,-0.199609758000,-0.093884212000,0.924237017000,-0.179416506000,-0.084217491000,-0.343741980311,-0.017936114865,0.087831934383,0.602676141597,-1.082072491950,0.385333162332,-0.526706059088,0.797380878875,-0.156919701242,-0.386689311324,0.464050678400,-1.140248483141,-0.470781670649,1.092206154769,0.744230846614,0.468195930539,-0.569105046796,-0.454602532467
0.048920389000,-0.352231466000,0.666487767000,0.635045382000,0.035128589000,0.031894823000,-0.771016255000,-0.706153764000,0.130107801000,0.224139129000,0.956710476000,-0.458998758000,0.155434773000,-0.843811936000,-0.200993060000,-0.085294376000,0.983434287000,-0.189338349000,-0.079287084000,-0.333867318325,-0.006094705567,0.098485451752,0.554010693009,-1.130912834409,0.396844716113,-0.547769285460,0.808820065125,-0.136023645694,-0.395165494738,0.471255169491,-1.179659404933,-0.477424083099,1.121038889001,0.762944390917,0.464773435096,-0.574822905660,-0.461541062160
0.051739013000,-0.347814644000,0.655045063000,0.621806271000,0.030349462000,0.031194700000,-0.781960845000,-0.815539965000,0.136976070000,0.204452536000,1.050344757000,-0.464108066000,0.156036177000,-0.926670797000,-0.201266606000,-0.075594439000,1.033584444000,-0.198831445000,-0.079595524000,-0.315048120428,0.004871144084,0.099060738508,0.498028360128,-1.158185695747,0.374736531195,-0.529679336928,0.826526390247,-0.111326034005,-0.401705727349,0.484534625389,-1.200410013934,-0.435816002316,1.087204007855,0.808636388500,0.440944898563,-0.583224040812,-0.481522076910
0.055000792000,-0.342581680000,0.643083195000,0.609435336000,0.027297039000,0.030388182000,-0.791782799000,-0.921194240000,0.145664720000,0.189678178000,1.129941686000,-0.462071410000,0.148550914000,-1.005350448000,-0.204477486000,-0.065750848000,1.086260752000,-0.207966878000,-0.078359951000,-0.298974402331,0.016130529305,0.097370822661,0.455864183120,-1.182581139951,0.362397492456,-0.525738802533,0.821770618145,-0.097904003156,-0.408534238109,0.494272159971,-1.211588892633,-0.414672232696,1.045996476606,0.848248557781,0.413494221065,-0.589895422472,-0.499756327092
0.057773299000,-0.336431876000,0.630580961000,0.599857539000,0.016440375000,0.025005117000,-0.799546991000,-1.034001303000,0.155655185000,0.175888909000,1.204528939000,-0.460402239000,0.141508751000,-1.099650258000,-0.206802174000,-0.053923628000,1.154783770000,-0.219686786000,-0.079493111000,-0.291425164061,0.028033128616,0.105742954085,0.400273215251,-1.217545172554,0.367456525971,-0.535808846155,0.821999898421,-0.080491838656,-0.412966190239,0.502323264153,-1.236528760430,-0.411329044310,1.029493727541,0.865774198008,0.398090441678,-0.594884121212,-0.512230772659
0.060310279000,-0.331512375000,0.617166206000,0.591386851000,0.012641655000,0.022238480000,-0.805982153000,-1.148030383000,0.164323412000,0.159763549000,1.282287082000,-0.456979193000,0.135116743000,-1.197807115000,-0.208905428000,-0.039761942000,1.233721690000,-0.232691667000,-0.083897549000,-0.276207845155,0.036124855590,0.104227660542,0.353602211879,-1.233472866747,0.349669653974,-0.526571676934,0.825250335848,-0.064999034882,-0.413420646845,0.510916885157,-1.259470096241,-0.383313704195,0.988893032179,0.908413025277,0.374738049118,-0.596878104437,-0.526290823874
0.062892020000,-0.327666156000,0.601061182000,0.583666493000,0.016354226000,0.024779243000,-0.811450524000,-1.250576137000,0.172059601000,0.143929421000,1.358501618000,-0.464394556000,0.132143153000,-1.293772960000,-0.208898442000,-0.024724153000,1.316915220000,-0.245442160000,-0.086329450000,-0.276460711680,0.044930328056,0.111973599096,0.313585450113,-1.251160968807,0.356796841774,-0.543378121948,0.807197886386,-0.057871089493,-0.414959587927,0.516955522012,-1.264690038431,-0.393226240629,0.976049893630,0.896807733177,0.371612154833,-0.601321029376,-0.531151640228
0.066271693000,-0.324025028000,0.586223425000,0.576920122000,0.022433613000,0.027025948000,-0.816045038000,-1.342813962000,0.176746967000,0.129086579000,1.428225321000,-0.472970819000,0.131272093000,-1.392937750000,-0.207849542000,-0.008988643000,1.405717143000,-0.258208048000,-0.093181984000,-0.274529947641,0.053467939033,0.108249747611,0.284872403458,-1.252705026962,0.350789616595,-0.554933765824,0.787026119233,-0.058412752289,-0.416656143772,0.523612069699,-1.272563144471,-0.386867217604,0.951190613079,0.899829278373,0.365322316974,-0.607552141144,-0.537437002929
0.067426412000,-0.319731712000,0.575914837000,0.571861189000,0.028874372000,0.030381236000,-0.819278971000,-1.418262274000,0.178776140000,0.115990400000,1.486614808000,-0.483357998000,0.130658707000,-1.475968199000,-0.203881100000,0.004857668000,1.479430776000,-0.265178339000,-0.096159391000,-0.278125142795,0.063319615200,0.110199453944,0.260298073699,-1.258552472237,0.363796591478,-0.575506671278,0.766180850571,-0.056454874952,-0.416946321882,0.526932207215,-1.280781424218,-0.403738288122,0.947326839254,0.885559257240,0.371342250957,-0.612247262076,-0.537932148378
0.069015916000,-0.316954105000,0.568860528000,0.567255677000,0.034684597000,0.031553071000,-0.822205801000,-1.485301010000,0.180188171000,0.105192086000,1.537882367000,-0.493759711000,0.127361385000,-1.550697810000,-0.199137931000,0.017805877000,1.546328932000,-0.271072301000,-0.098464273000,-0.280943909503,0.072886743651,0.110213247498,0.236508355747,-1.269641462938,0.372512955930,-0.589999676689,0.748399882130,-0.057226634225,-0.416647516247,0.530654816330,-1.285231320677,-0.419450257019,0.935141137762,0.874394645625,0.378606001314,-0.617384559596,-0.539311262219
0.069323334000,-0.314111000000,0.564050083000,0.563053817000,0.037959458000,0.032416971000,-0.824911279000,-1.548662238000,0.183405241000,0.096485222000,1.586075204000,-0.501918692000,0.123000419000,-1.619928886000,-0.196775623000,0.026651128000,1.603786732000,-0.271803410000,-0.095594410000,-0.285206255208,0.080943745350,0.116061769340,0.210893252046,-1.287789432910,0.390463915748,-0.609622392909,0.737551954037,-0.057031362484,-0.417028093485,0.532483962020,-1.285974944821,-0.443277956236,0.933628376381,0.860392554671,0.386826069119,-0.624197874503,-0.540350119899
0.070170275000,-0.313041259000,0.560637855000,0.559210094000,0.038245806000,0.030594578000,-0.827577973000,-1.600876871000,0.186023900000,0.088835398000,1.625464013000,-0.503493378000,0.117347221000,-1.677219159000,-0.194913694000,0.032741710000,1.648962932000,-0.271696480000,-0.094894846000,-0.282625434947,0.085106161175,0.118433343707,0.185937481915,-1.291149527744,0.377156382960,-0.613705340328,0.725899581912,-0.057875847570,-0.416445376830,0.536403377008,-1.286768022208,-0.431487588438,0.913230683646,0.869561077197,0.379659741456,-0.630081298830,-0.547368825756
0.070688540000,-0.312355957000,0.558539465000,0.555620030000,0.038804197000,0.029978792000,-0.829989089000,-1.654688225000,0.189423201000,0.082067935000,1.664247377000,-0.504926668000,0.112798034000,-1.732795525000,-0.194225876000,0.037563167000,1.688978597000,-0.273284774000,-0.092548219000,-0.284565515470,0.092020810493,0.125043892268,0.157451394665,-1.309033927895,0.381218342320,-0.612778836408,0.735240173339,-0.048798925929,-0.418126874460,0.538500727689,-1.294393198555,-0.435445052615,0.895516451096,0.885321655101,0.372291644411,-0.636144939499,-0.552799018120
0.071242666000,-0.312084952000,0.559226149000,0.552483494000,0.026531130000,0.019589154000,-0.832871150000,-1.696148133000,0.193910748000,0.075169804000,1.701584905000,-0.511024274000,0.108665152000,-1.780372199000,-0.193122890000,0.041943825000,1.727236653000,-0.275014706000,-0.090318101000,-0.286505946399,0.097140807247,0.133204180455,0.138055947110,-1.305496227404,0.390471632792,-0.623360011803,0.719380751636,-0.051202947263,-0.419151852664,0.540871553722,-1.285694554038,-0.451842396750,0.887382521777,0.869892310039,0.382653588803,-0.639787229890,-0.551214703729
0.072607650000,-0.312469614000,0.560540865000,0.548511837000,0.024852536000,0.017062271000,-0.835599184000,-1.739252920000,0.199160417000,0.068110655000,1.739146381000,-0.516900754000,0.102888174000,-1.831875224000,-0.192339180000,0.046391587000,1.766933649000,-0.272769870000,-0.086265195000,-0.288558693684,0.102889184373,0.137706585459,0.122713404867,-1.336819165656,0.400070319061,-0.623156183463,0.741581602034,-0.042943297662,-0.414144274646,0.539707670747,-1.296187807093,-0.465863053187,0.879460300327,0.880561019652,0.393036033215,-0.640394720245,-0.549906546732
0.073814095000,-0.313700151000,0.561521832000,0.544208737000,0.024104054000,0.015437236000,-0.838461410000,-1.770843742000,0.202300395000,0.062991972000,1.764471782000,-0.520027047000,0.100607270000,-1.867294179000,-0.191934611000,0.048699265000,1.791729935000,-0.269888759000,-0.082217373000,-0.290489572243,0.106656065880,0.142750872755,0.105832196577,-1.338145577443,0.410299972623,-0.626002317221,0.737630894702,-0.041347666565,-0.415137021929,0.540921218616,-1.285145510898,-0.483583331905,0.857606710140,0.882609440730,0.397983189091,-0.644886052667,-0.549949543245
0.074846055000,-0.314788546000,0.563321101000,0.540016509000,0.022125784000,0.013898886000,-0.841248739000,-1.787527428000,0.204979598000,0.060550507000,1.779248824000,-0.520090335000,0.099864053000,-1.889518446000,-0.192610104000,0.049146039000,1.808175958000,-0.270875944000,-0.079946085000,-0.292231977907,0.107727140120,0.150189563937,0.101556722431,-1.337780966529,0.424599147191,-0.618939310825,0.744882855874,-0.036795174931,-0.418206013442,0.542647679298,-1.277299964159,-0.501498132967,0.850696797473,0.883316113756,0.406267046474,-0.650247027609,-0.546891205425
0.076109340000,-0.315738464000,0.567584194000,0.536589899000,0.021169327000,0.012596618000,-0.843483530000,-1.793888763000,0.205134108000,0.058487835000,1.787719746000,-0.521202447000,0.098902648000,-1.901086019000,-0.191115597000,0.049538398000,1.815817229000,-0.274573926000,-0.081862560000,-0.293459931468,0.110538907968,0.147308364867,0.093821147951,-1.339264430808,0.427804798341,-0.611042689664,0.748390996354,-0.032520706401,-0.418508258956,0.544845471782,-1.274086056873,-0.508572860161,0.843657130909,0.877532093025,0.416351726697,-0.652104028591,-0.543123567005
0.077751540000,-0.317237545000,0.572609893000,0.533215534000,0.032883276000,0.019813179000,-0.845107876000,-1.789627375000,0.204382780000,0.058590084000,1.784885169000,-0.518223258000,0.097569704000,-1.899438589000,-0.189914884000,0.049734348000,1.813722500000,-0.275854299000,-0.083529897000,-0.293785725464,0.112690121655,0.142284167856,0.089355597662,-1.328091570652,0.431593650654,-0.603979804609,0.747459520881,-0.025996518446,-0.419495609385,0.547232594737,-1.260040127605,-0.516879515291,0.835256046840,0.878161040260,0.418430292462,-0.653497309797,-0.539969201371
0.079074761000,-0.319291838000,0.579357747000,0.531103905000,0.031450175000,0.018798815000,-0.846514107000,-1.771155288000,0.202689876000,0.061250551000,1.768893754000,-0.512468523000,0.096714071000,-1.881436846000,-0.188539554000,0.048332994000,1.798481156000,-0.274852559000,-0.085827705000,-0.297665325660,0.112567216980,0.141794329945,0.087397200508,-1.322811043971,0.440728177760,-0.597720678585,0.741846651909,-0.021830864572,-0.421980427855,0.550535426902,-1.242822065764,-0.533236488657,0.835668393256,0.859934819545,0.424412303650,-0.657593696112,-0.536931921921
0.080214682000,-0.321634100000,0.587217522000,0.530520008000,0.027707894000,0.015140071000,-0.847084159000,-1.730909760000,0.199104769000,0.066863407000,1.740664022000,-0.506903391000,0.097481562000,-1.838791578000,-0.188085625000,0.044794023000,1.769064599000,-0.277341534000,-0.085620842000,-0.299980806745,0.110683776128,0.140788573924,0.097110931628,-1.285472941221,0.444381751437,-0.599415284541,0.718066598289,-0.018897048955,-0.428156785597,0.555818952428,-1.204097195351,-0.547848316917,0.835637349657,0.832836824785,0.433466315569,-0.660813584544,-0.530067065243
0.080785754000,-0.324132103000,0.595733102000,0.531082310000,0.025541444000,0.012789903000,-0.846838611000,-1.685099208000,0.194866252000,0.074361125000,1.702777958000,-0.496368185000,0.097280936000,-1.792470362000,-0.185995414000,0.041360150000,1.730680635000,-0.273359923000,-0.088496388000,-0.303060309277,0.108994832055,0.136627609822,0.104194730506,-1.278186679239,0.442267109739,-0.596487781028,0.713288684213,-0.014384888072,-0.433259335686,0.556848412750,-1.190960378207,-0.560279009779,0.831087582077,0.839317940151,0.427793135334,-0.661380269622,-0.526327515125
0.081701869000,-0.326600202000,0.605572626000,0.531033539000,0.022750091000,0.011389105000,-0.846968773000,-1.633798035000,0.191305248000,0.083423093000,1.657645189000,-0.488245204000,0.096217434000,-1.737958359000,-0.185645976000,0.034731277000,1.682858485000,-0.270085641000,-0.087002973000,-0.308251122800,0.105469868679,0.135963111766,0.100056815448,-1.277488443315,0.457275003207,-0.605934061912,0.700556444463,-0.017827624268,-0.437952603910,0.556467471672,-1.178463378769,-0.590741002472,0.842298801960,0.823366450634,0.436792732540,-0.660856580835,-0.518918688754
0.082864539000,-0.329220012000,0.617946737000,0.530593932000,0.019451461000,0.009364818000,-0.847351179000,-1.578071755000,0.186288958000,0.092411960000,1.607950257000,-0.477641757000,0.095894824000,-1.679176551000,-0.184942483000,0.028570090000,1.631195673000,-0.264776026000,-0.085986795000,-0.308652176850,0.099487586420,0.132651796883,0.101246392261,-1.284288993275,0.450674490263,-0.609128123744,0.706994245209,-0.013429568476,-0.440534923878,0.553450055369,-1.191247930521,-0.593200106860,0.852693523959,0.847020466423,0.432431411152,-0.657121125817,-0.515016363841
0.083804112000,-0.332645029000,0.634338702000,0.530038766000,0.015196026000,0.008272133000,-0.847796885000,-1.509038467000,0.179109800000,0.102671488000,1.546961805000,-0.470285465000,0.099433592000,-1.601809624000,-0.183560070000,0.019191149000,1.564719642000,-0.264345359000,-0.084021375000,-0.307986097126,0.091794480499,0.124906558995,0.105539881736,-1.278126690847,0.448701350459,-0.617709599183,0.701588131557,-0.016303112423,-0.442935587990,0.549944169029,-1.207337513769,-0.591738057429,0.873057050375,0.847022895634,0.440678872486,-0.653166339256,-0.508184341499
0.084772569000,-0.336796626000,0.657012170000,0.530168067000,0.010029057000,0.007770692000,-0.847797650000,-1.427838778000,0.172474883000,0.115455073000,1.469047100000,-0.458057368000,0.099585037000,-1.509150878000,-0.183724105000,0.006663310000,1.484265128000,-0.263073232000,-0.078852121000,-0.306225264410,0.081044747078,0.120859280971,0.121448533555,-1.274640881521,0.446455485136,-0.621192538724,0.714238496410,-0.013978660622,-0.445063596212,0.544043443617,-1.224447927112,-0.583316155873,0.893771772228,0.862567653224,0.440384135794,-0.648225674414,-0.503223258100
0.085074993000,-0.342372260000,0.686046686000,0.530374313000,0.003633063000,0.008380080000,-0.847714376000,-1.333149808000,0.164192083000,0.128527154000,1.377658094000,-0.444875753000,0.101552839000,-1.402031681000,-0.184681546000,-0.009605311000,1.389653595000,-0.261718326000,-0.070208090000,-0.303202297685,0.069189345789,0.104014015330,0.143697164885,-1.270412302565,0.457198174717,-0.628287514165,0.721316102676,-0.023607084237,-0.446307630823,0.538161261862,-1.238815553716,-0.576909742644,0.922487242607,0.860889627666,0.453670625823,-0.641379425886,-0.495728839995
0.084192588000,-0.350200978000,0.718275535000,0.530328630000,-0.003561681000,0.008403960000,-0.847743023000,-1.223369781000,0.155603730000,0.142816553000,1.270701300000,-0.426613239000,0.100976875000,-1.285638397000,-0.184921445000,-0.024791768000,1.287705409000,-0.253655400000,-0.060596255000,-0.304774059413,0.055809679685,0.082643167618,0.179528620306,-1.248055719822,0.449622606411,-0.619286699142,0.741092461189,-0.024336404995,-0.445303176492,0.531437205585,-1.228716023387,-0.558687831508,0.929758615904,0.870208329733,0.455421291232,-0.634849683754,-0.490272214649
0.082082986000,-0.360027610000,0.749538155000,0.530062477000,-0.006630117000,0.008058909000,-0.847894372000,-1.100253802000,0.147676869000,0.159487893000,1.157116178000,-0.409737421000,0.100976106000,-1.159068155000,-0.184672585000,-0.039816686000,1.181152518000,-0.242682374000,-0.049918018000,-0.310712643301,0.042037141073,0.066845030375,0.223442102794,-1.214297014433,0.460596042684,-0.609807647676,0.765197729520,-0.021093970446,-0.442010872910,0.520795662061,-1.201529035121,-0.567215828471,0.952444094694,0.853827614887,0.470589593397,-0.626624644357,-0.477404358614
0.079043320000,-0.371634676000,0.776967916000,0.530711885000,0.015964943000,0.020032411000,-0.847165107000,-0.961272960000,0.138140358000,0.179780246000,1.030025845000,-0.391410902000,0.100919013000,-1.018046518000,-0.183978547000,-0.058219293000,1.058669646000,-0.223307268000,-0.038187686000,-0.317548508884,0.029262093651,0.062520539007,0.286128081438,-1.166030862652,0.475677523604,-0.608862852842,0.767240002040,-0.032772719104,-0.436379553365,0.507741620699,-1.151173244499,-0.589520156951,0.960877031585,0.825562368301,0.488772217757,-0.617384452224,-0.464066332891
0.076346351000,-0.382705496000,0.799788150000,0.529192958000,0.028397733000,0.024499856000,-0.847672188000,-0.829000006000,0.129019394000,0.202351705000,0.911963458000,-0.371653369000,0.097867953000,-0.885637893000,-0.183753049000,-0.075862300000,0.943793142000,-0.199961660000,-0.028587065000,-0.319824786350,0.015080738398,0.044358053590,0.342256740254,-1.118464985388,0.481210630579,-0.619724901177,0.751110346517,-0.056529892710,-0.429866903343,0.493391477875,-1.108809444282,-0.606143438375,0.967219895041,0.809464781907,0.498071392822,-0.605059399156,-0.452700540184
0.073457138000,-0.392651758000,0.816856709000,0.526959362000,0.037613929000,0.027757674000,-0.848603874000,-0.722155692000,0.121280895000,0.225493085000,0.817822922000,-0.350805430000,0.092771907000,-0.772102122000,-0.182924963000,-0.091412846000,0.840975214000,-0.175858964000,-0.021794476000,-0.317193062819,0.004368001301,0.033734127457,0.399686373066,-1.078369766592,0.470599905457,-0.614964017015,0.737794215098,-0.076655370325,-0.423424108346,0.482567276700,-1.083743781575,-0.600236911136,0.985360171121,0.759872489925,0.509520782837,-0.596633291903,-0.442787618249
0.070141840000,-0.402417679000,0.828030844000,0.526693366000,0.044605370000,0.030966172000,-0.848319253000,-0.635082166000,0.116524274000,0.248252002000,0.752041304000,-0.338541390000,0.091326485000,-0.673912382000,-0.183387347000,-0.102070935000,0.758845115000,-0.156172632000,-0.019952478000,-0.319083122422,-0.006739726782,0.033762087054,0.449060070707,-1.061556751176,0.478818714309,-0.617572508863,0.726717371269,-0.094103154903,-0.416946983173,0.469607841602,-1.065240862036,-0.631620406288,0.993743788124,0.708063379144,0.521709632080,-0.588300771781,-0.430353812372
0.066613201000,-0.411270875000,0.835168613000,0.526905146000,0.051629976000,0.034743071000,-0.847642750000,-0.546572306000,0.112287589000,0.278515786000,0.676020888000,-0.323106308000,0.082990676000,-0.575565348000,-0.183616922000,-0.117534521000,0.669692933000,-0.133324474000,-0.017670093000,-0.322542584495,-0.018892098420,0.034690610319,0.489985624634,-1.024666599130,0.452727841784,-0.638991757873,0.689502458549,-0.118576244490,-0.408771333520,0.459562209011,-1.034342084336,-0.632682191890,0.992287112109,0.660474913123,0.525131549841,-0.580131307380,-0.424572638620
0.061623784000,-0.418778970000,0.837289887000,0.530731088000,0.056699327000,0.038075635000,-0.844783963000,-0.488798111000,0.109023717000,0.301105164000,0.633104533000,-0.314206649000,0.082937488000,-0.507710895000,-0.183920111000,-0.126346921000,0.609658351000,-0.114446728000,-0.016303695000,-0.322186323257,-0.028953939804,0.039693659140,0.506339435295,-1.017272755795,0.437799055640,-0.671282616794,0.670358409673,-0.131647508352,-0.399717541029,0.446787146559,-1.023303614259,-0.642773489405,1.023255776563,0.639138469768,0.518914183700,-0.569726217487,-0.419646299871
0.056852442000,-0.424409657000,0.836472770000,0.538849135000,0.062530811000,0.039594363000,-0.839144680000,-0.410530239000,0.104187557000,0.342704706000,0.558844950000,-0.296609409000,0.072969676000,-0.441682458000,-0.182253817000,-0.131340435000,0.554265759000,-0.098597597000,-0.020673753000,-0.332639283796,-0.037690819656,0.040581790002,0.560873465985,-0.985832826982,0.395360163789,-0.654650049226,0.665887323561,-0.133911695433,-0.391607397542,0.443191124421,-0.950836868328,-0.635149825033,0.965571708523,0.620332486084,0.510766174582,-0.566776311704,-0.419989476628
0.052760808000,-0.428306618000,0.829854511000,0.548782780000,0.057958075000,0.037979608000,-0.833088153000,-0.351565369000,0.102053101000,0.387388492000,0.501879887000,-0.280482856000,0.059787717000,-0.388965823000,-0.180547338000,-0.134454069000,0.514528684000,-0.086748003000,-0.027189247000,-0.342441754052,-0.045362346330,0.032369680935,0.600561594438,-0.961561219086,0.346029522586,-0.663590222775,0.648899284296,-0.143328018993,-0.380428321857,0.437245619274,-0.902262612743,-0.620968483468,0.912881681753,0.622868538352,0.501550409894,-0.559782267789,-0.424953632694
0.048439625000,-0.431015036000,0.824595824000,0.560262107000,0.056873463000,0.039582898000,-0.825412003000,-0.304645232000,0.099019682000,0.428909347000,0.455023218000,-0.268555400000,0.053754507000,-0.339032487000,-0.177822568000,-0.141857225000,0.470630636000,-0.077503386000,-0.034832022000,-0.362288607213,-0.052138478845,0.031963174675,0.638592104760,-0.965192710724,0.316867095939,-0.668968472659,0.649481154466,-0.150517798426,-0.369336547834,0.433318120984,-0.874301764859,-0.611185239980,0.913208173968,0.556753712421,0.513185678347,-0.557172204421,-0.421022990186
0.043557322000,-0.432133722000,0.818527896000,0.574614774000,0.056599183000,0.039704722000,-0.815498577000,-0.253972013000,0.097103492000,0.482469305000,0.408633490000,-0.253552660000,0.042847323000,-0.298651960000,-0.174501859000,-0.146238238000,0.444911666000,-0.072252506000,-0.042004844000,-0.375373061988,-0.063366713174,0.035776174790,0.680090616469,-0.960456038448,0.295168336346,-0.650687943069,0.671016634949,-0.144102409507,-0.359080471215,0.431493075421,-0.852848635855,-0.608156661010,0.893567440956,0.527722789919,0.520079641092,-0.552404039298,-0.418487033150
0.038902369000,-0.433706786000,0.811559295000,0.590091978000,0.057866031000,0.039534170000,-0.804288523000,-0.206298577000,0.094580736000,0.544232386000,0.364339334000,-0.240966059000,0.032835879000,-0.267329995000,-0.172727646000,-0.152938796000,0.424846947000,-0.063845643000,-0.042818192000,-0.390489313454,-0.073113915809,0.046328653808,0.706903515062,-0.960417440473,0.279327219179,-0.651607931265,0.685511771223,-0.146747708831,-0.349255902432,0.427721910929,-0.851092559144,-0.622997906958,0.892773951914,0.539335185167,0.522552541785,-0.541842905900,-0.416976815899
0.035599608000,-0.434604989000,0.804784091000,0.604808842000,0.057757428000,0.040435526000,-0.793243539000,-0.175553384000,0.091326305000,0.588057651000,0.336464834000,-0.234751854000,0.028318379000,-0.247008452000,-0.170245799000,-0.155841643000,0.411904416000,-0.063339786000,-0.049762272000,-0.414306677022,-0.082937105249,0.068434793778,0.726133551244,-0.962323955708,0.247642619520,-0.607117695473,0.718321229629,-0.144646188608,-0.345113237865,0.435540008165,-0.845571451446,-0.597668760501,0.886258429083,0.503098572190,0.530011387235,-0.544418671330,-0.418599312746
0.033617622000,-0.434081388000,0.798390777000,0.617991208000,0.055610752000,0.041428724000,-0.783120662000,-0.164240890000,0.088703683000,0.605275809000,0.323790793000,-0.229643824000,0.023429884000,-0.243936790000,-0.166497665000,-0.158297078000,0.412729304000,-0.065122503000,-0.058628101000,-0.422758677422,-0.088435063809,0.067907157080,0.744634840421,-0.941870194758,0.231339482130,-0.575334357875,0.719661865015,-0.148182648185,-0.342556596054,0.441141724898,-0.828118402981,-0.575658790230,0.848899767182,0.506444733266,0.524083297820,-0.543345626822,-0.424313507920
0.032441267000,-0.432714622000,0.792471765000,0.627245385000,0.053623985000,0.041919172000,-0.775841787000,-0.150929670000,0.086349173000,0.621503468000,0.309143905000,-0.222154311000,0.017913320000,-0.237102559000,-0.164042258000,-0.165753965000,0.408386706000,-0.065123256000,-0.063356729000,-0.423964424613,-0.094667104503,0.061920493368,0.761822575869,-0.939522060882,0.215345202509,-0.556541507038,0.736593999146,-0.151480273405,-0.338364949995,0.445064384383,-0.836034447641,-0.548700484193,0.855327511332,0.535213176575,0.518087641224,-0.536449813985,-0.428413405975
0.033760571000,-0.429544199000,0.786812100000,0.632933896000,0.052544039000,0.040832482000,-0.771340726000,-0.134008380000,0.082744998000,0.640949083000,0.292125254000,-0.221224838000,0.017528129000,-0.223924582000,-0.164841625000,-0.178118188000,0.395518150000,-0.061294133000,-0.061026320000,-0.435012785617,-0.099413881240,0.074405209415,0.767847404956,-0.937684994076,0.209049647205,-0.535266477573,0.744592703294,-0.165408680786,-0.337716107424,0.447484713226,-0.825080434844,-0.526367061699,0.861273911031,0.484738000264,0.529186370631,-0.538866921059,-0.426071776606
0.037506477000,-0.424519958000,0.781420815000,0.635443139000,0.050937205000,0.039170452000,-0.769469358000,-0.125499790000,0.080978136000,0.654243001000,0.284365624000,-0.226741565000,0.021807083000,-0.225027554000,-0.167362533000,-0.182266937000,0.401188486000,-0.060760476000,-0.061149529000,-0.451107939876,-0.103091394839,0.099853647806,0.765693966662,-0.930930129813,0.200060873365,-0.527061592957,0.739490609850,-0.179206291431,-0.338151291438,0.449142014702,-0.809330017902,-0.510570547680,0.864282584883,0.455193351483,0.533736234511,-0.541733125553,-0.425549197281
0.041797001000,-0.418158760000,0.776026344000,0.632159405000,0.049900973000,0.038071839000,-0.772291988000,-0.124295062000,0.079951624000,0.660923665000,0.279876127000,-0.230773739000,0.024484475000,-0.225187243000,-0.169240209000,-0.185383700000,0.399369260000,-0.058900227000,-0.062928499000,-0.461616516487,-0.103118693698,0.120005838738,0.770584327863,-0.930783073657,0.197989523951,-0.506391066732,0.742271826279,-0.188643226873,-0.338753439756,0.451274312331,-0.802122523038,-0.488333735648,0.865632733372,0.422242918631,0.539433548670,-0.546835177821,-0.425662107012
0.046047610000,-0.412078276000,0.775434151000,0.628107993000,0.060172670000,0.042285864000,-0.774642824000,-0.137377210000,0.083272105000,0.660173412000,0.287294842000,-0.238205577000,0.029371156000,-0.235364520000,-0.172228213000,-0.180543000000,0.410962316000,-0.062556484000,-0.064451421000,-0.460213852477,-0.097734088294,0.138557821518,0.758353085816,-0.922569846097,0.209117860188,-0.518537002262,0.726116206010,-0.196772119535,-0.339527939348,0.449881890810,-0.796162616010,-0.494415831243,0.870423264658,0.398325802649,0.548685595142,-0.547376395687,-0.422648645636
0.050342785000,-0.407000017000,0.771008622000,0.619978618000,0.066072192000,0.043312760000,-0.780631144000,-0.142155199000,0.083704938000,0.673778686000,0.282330056000,-0.241489207000,0.035160257000,-0.243494313000,-0.175796773000,-0.181870701000,0.415153140000,-0.058648260000,-0.064904734000,-0.460971651109,-0.090968453466,0.150833212307,0.760240127109,-0.903284555379,0.210216345715,-0.542549690643,0.684339197337,-0.223514870079,-0.340459300916,0.447850721559,-0.778106834810,-0.498325812483,0.874641152924,0.353941116268,0.563363809935,-0.549239635078,-0.416624927425
0.055253377000,-0.402550944000,0.766091653000,0.607365309000,0.068593972000,0.045576616000,-0.790142406000,-0.175852298000,0.088185848000,0.647402629000,0.304916711000,-0.251516654000,0.052471299000,-0.258159709000,-0.180091232000,-0.179732150000,0.424630039000,-0.063160936000,-0.068847339000,-0.449166400617,-0.081989172794,0.164879988552,0.744132026564,-0.908670311580,0.222141724719,-0.560734910482,0.657799493923,-0.240899546882,-0.342195294473,0.447076747452,-0.788047087354,-0.503798893064,0.893682903818,0.339587719666,0.573299841015,-0.551282059604,-0.415016227944
0.060802247000,-0.396856945000,0.762359649000,0.587750766000,0.091170500000,0.053531777000,-0.802104311000,-0.238825873000,0.092161078000,0.573460797000,0.355029531000,-0.264081784000,0.087057880000,-0.303831235000,-0.185100796000,-0.166876696000,0.470894666000,-0.075445428000,-0.075082959000,-0.437885464126,-0.073163150961,0.166454764868,0.736799306206,-0.938684190080,0.236991441219,-0.565225324918,0.657455714261,-0.241125324434,-0.346402192255,0.450086183498,-0.820955844923,-0.499725832906,0.906178617106,0.365008687482,0.568459644928,-0.554615033316,-0.420268444637
0.066199411000,-0.386069290000,0.754649567000,0.563048392000,0.092013314000,0.055875495000,-0.819382687000,-0.304520271000,0.096487555000,0.515790060000,0.403757818000,-0.271552839000,0.107429438000,-0.352188430000,-0.189321316000,-0.162229252000,0.513233801000,-0.087762188000,-0.079945147000,-0.421155717557,-0.061038925888,0.167368694282,0.718073410610,-0.971842683408,0.253315932708,-0.577543659712,0.662729803661,-0.233732476587,-0.353248337274,0.453540770878,-0.857875785059,-0.490898763964,0.913753065501,0.389562248222,0.567053981308,-0.562039131543,-0.426105790243
0.072082381000,-0.374653733000,0.745215128000,0.538900633000,0.088248954000,0.058842817000,-0.835664856000,-0.389919595000,0.101558960000,0.451939176000,0.472501970000,-0.283807233000,0.133044474000,-0.442235782000,-0.195958632000,-0.150075291000,0.597382557000,-0.100248834000,-0.079738690000,-0.394651235510,-0.047918800838,0.159218337839,0.694773794294,-0.990046251494,0.252357340919,-0.592826804770,0.658243988734,-0.230005264670,-0.360844264069,0.460721678865,-0.888409205429,-0.459094145762,0.913023223181,0.456475088718,0.552975522399,-0.570849144565,-0.439625519879
0.078248657000,-0.365258740000,0.731623502000,0.516157860000,0.079002030000,0.065087132000,-0.850354872000,-0.519056145000,0.109604298000,0.373337013000,0.595644778000,-0.312024333000,0.166664820000,-0.576333529000,-0.201868450000,-0.124926051000,0.728749816000,-0.121624434000,-0.083125180000,-0.376624694666,-0.032195328570,0.161288854499,0.644114828846,-1.029318612812,0.241840590584,-0.616403909637,0.676190074984,-0.207568939909,-0.371350457359,0.472669250934,-0.955523793184,-0.438755529342,0.930551991275,0.551439219842,0.533317822255,-0.578001544253,-0.455960350170
0.085278020000,-0.358438949000,0.714790110000,0.498438322000,0.061555217000,0.067872886000,-0.862069293000,-0.651821246000,0.115157980000,0.306556887000,0.743426983000,-0.358018005000,0.200005704000,-0.762956257000,-0.207379884000,-0.095821997000,0.912518662000,-0.132481987000,-0.080923444000,-0.361744588830,-0.021699855379,0.155352826384,0.605077372074,-1.063026826937,0.254074227548,-0.626791031420,0.669671816769,-0.195583521172,-0.392011373432,0.492852585897,-0.999978686539,-0.435688736655,0.925220465786,0.614342763999,0.515042560405,-0.596981672074,-0.473354723083
0.092582269000,-0.350931197000,0.699517272000,0.476933845000,0.040638086000,0.067312264000,-0.875415166000,-0.755273231000,0.119640608000,0.266833002000,0.858399030000,-0.400294499000,0.212659356000,-0.878365049000,-0.206695102000,-0.093921612000,0.987319672000,-0.137201790000,-0.083787519000,-0.337012799510,-0.014384541223,0.141542024694,0.559564071416,-1.092744641586,0.265401025988,-0.613660646533,0.690714411537,-0.167110240053,-0.410731209701,0.507845101205,-1.056143431322,-0.428049373163,0.899424225586,0.731650841155,0.477573142646,-0.607460869889,-0.494011125188
0.095480735000,-0.342547234000,0.688742260000,0.463718732000,0.031030186000,0.062796212000,-0.883209319000,-0.814090123000,0.120000642000,0.245405852000,0.915846593000,-0.421240162000,0.209255740000,-0.939738598000,-0.202435872000,-0.095410991000,1.017481448000,-0.144439350000,-0.090864002000,-0.298132131820,-0.009574826288,0.134468204521,0.516347472623,-1.079749932651,0.262972469451,-0.579021794510,0.704276590149,-0.143849675258,-0.419763928601,0.519541829094,-1.079035377063,-0.398003718418,0.836799379662,0.827854826058,0.436485629507,-0.612193448128,-0.512100867726
0.098436108000,-0.339808961000,0.676847793000,0.448433599000,0.024682506000,0.061597739000,-0.891349427000,-0.916789696000,0.126045522000,0.222408432000,1.020969781000,-0.451339146000,0.205485751000,-1.021437261000,-0.201490966000,-0.088382396000,1.080408810000,-0.162276364000,-0.086830602000,-0.284087411054,-0.003152590374,0.109980676928,0.424157660212,-1.136503860954,0.286227269911,-0.584958208358,0.727248268007,-0.123137450792,-0.429163232405,0.521733362085,-1.129392461123,-0.409107623512,0.833093845143,0.883008934357,0.406627461020,-0.613535753157,-0.525725218190
0.103330801000,-0.340418836000,0.659813039000,0.431233420000,0.010408620000,0.055585006000,-0.900466382000,-1.037793187000,0.129282885000,0.192501991000,1.152967411000,-0.486870073000,0.210279380000,-1.131676630000,-0.196992626000,-0.067176981000,1.184382777000,-0.189030908000,-0.088740889000,-0.275082049781,0.002698822385,0.106886637119,0.374355240028,-1.165123422606,0.295793146133,-0.594824711238,0.729111237083,-0.093073527162,-0.439283575979,0.532641184779,-1.157758534288,-0.411281969547,0.813754496559,0.918891554705,0.377208780864,-0.620590284009,-0.541753233744
0.107708615000,-0.340140359000,0.646752820000,0.415777930000,0.002561531000,0.049039083000,-0.908139483000,-1.123703743000,0.128897343000,0.172047496000,1.240453447000,-0.509585532000,0.205024828000,-1.203715012000,-0.189639675000,-0.056496707000,1.240094144000,-0.209002948000,-0.087957738000,-0.264144073746,0.013247683967,0.087052846728,0.346028009664,-1.162712967778,0.318736950240,-0.606846353385,0.707175748206,-0.076814633627,-0.449202419239,0.542922292223,-1.157504312720,-0.421402348962,0.800387916213,0.921454780938,0.364990336350,-0.631594681022,-0.550640287267
0.110935552000,-0.341472711000,0.636982851000,0.402077886000,0.000653347000,0.044417360000,-0.914527225000,-1.196085158000,0.128050131000,0.157029920000,1.307302834000,-0.521352231000,0.197794287000,-1.281970120000,-0.183331923000,-0.046913195000,1.296790733000,-0.215442354000,-0.086866557000,-0.259011179206,0.025186940796,0.063700777476,0.324061156042,-1.189894562484,0.342278797662,-0.623038580636,0.694614247020,-0.066754427787,-0.454622454992,0.546365615534,-1.178603980496,-0.432846806476,0.804561616403,0.925224650051,0.356418214757,-0.637793927931,-0.554756938014
0.113370878000,-0.346498831000,0.628099565000,0.389102229000,0.003488799000,0.042034580000,-0.920228438000,-1.260092063000,0.127647257000,0.143686093000,1.365633919000,-0.528579347000,0.186617103000,-1.342485760000,-0.177170398000,-0.037131640000,1.349356681000,-0.228403338000,-0.087082142000,-0.254943608677,0.032790620298,0.063765013014,0.293545249585,-1.197297430304,0.350285716171,-0.611757879631,0.719130890731,-0.040360253331,-0.458671544729,0.551640759431,-1.187600719129,-0.425904406606,0.808408742120,0.932440893811,0.349231097446,-0.645784891348,-0.559623359220
0.114336309000,-0.353057901000,0.617323523000,0.376134309000,0.008646104000,0.041015126000,-0.925616544000,-1.335726530000,0.128748712000,0.132386185000,1.431379803000,-0.533611020000,0.175136896000,-1.421508744000,-0.170236794000,-0.026058968000,1.414797466000,-0.240044793000,-0.091374780000,-0.256238640152,0.039893306144,0.062015885558,0.252966145924,-1.214611940485,0.343625529157,-0.603756065455,0.732937865315,-0.018471733467,-0.457974661100,0.557906155780,-1.202256635850,-0.409996320732,0.804274872712,0.935235269916,0.338259155158,-0.651589435167,-0.568937943072
0.117718549000,-0.352639768000,0.603732393000,0.369383436000,0.016446456000,0.041859838000,-0.928188098000,-1.417829014000,0.130441266000,0.121167466000,1.504239660000,-0.540915037000,0.165930263000,-1.508968420000,-0.163074925000,-0.016630986000,1.486889928000,-0.253095263000,-0.095175330000,-0.261581760272,0.045596757847,0.059616528239,0.206017872912,-1.242119336020,0.346536214804,-0.610003728370,0.749143414018,0.001188928953,-0.451935119640,0.559087912643,-1.229734207700,-0.401214046238,0.810850951006,0.935170555479,0.337673712663,-0.652467277090,-0.574021721033
0.119321513000,-0.352945581000,0.595816413000,0.361850811000,0.022535504000,0.041976573000,-0.931017781000,-1.487169401000,0.130953093000,0.110960888000,1.560110212000,-0.540027739000,0.155531590000,-1.581370388000,-0.158001760000,-0.008838010000,1.538941678000,-0.250726205000,-0.096167363000,-0.264883851235,0.052918477042,0.056471697355,0.167321446288,-1.257094958420,0.338372733036,-0.598934909668,0.767627593107,0.009416164552,-0.449025868216,0.561613438004,-1.243177009920,-0.388975835265,0.789707626007,0.948738939342,0.332825803892,-0.656531249760,-0.578215346617
0.119617726000,-0.353583055000,0.590747066000,0.347908347000,0.027022549000,0.039738905000,-0.936296098000,-1.549938725000,0.134326057000,0.103126810000,1.615998625000,-0.542996329000,0.147929981000,-1.662995575000,-0.156468870000,-0.002995005000,1.593980216000,-0.246538056000,-0.092502945000,-0.263644017857,0.057106334612,0.056661582257,0.134038984749,-1.271618989491,0.346092947824,-0.604924506580,0.776365209408,0.019013429100,-0.448726570617,0.563352232768,-1.267217844929,-0.384042673670,0.796645986121,0.965974598381,0.331528014190,-0.656113572916,-0.580601954013
0.126050774000,-0.353002047000,0.591034082000,0.325552499000,0.027671491000,0.036464480000,-0.944415269000,-1.590993428000,0.141007507000,0.096277006000,1.652794958000,-0.543260865000,0.141695405000,-1.721584060000,-0.156699197000,0.008537266000,1.639880869000,-0.240361805000,-0.095480254000,-0.263460621503,0.062273313176,0.052754002352,0.108042739718,-1.283465280041,0.351987848850,-0.600514461150,0.782712801675,0.012392295931,-0.438615939066,0.560925626681,-1.304733798189,-0.389599096683,0.771512841082,0.988843911818,0.339274733460,-0.644919710381,-0.578152524233
0.124618410000,-0.357844927000,0.579580768000,0.329870917000,0.036486001000,0.036617072000,-0.942609749000,-1.655678869000,0.137997785000,0.089359347000,1.708871195000,-0.550699068000,0.132785968000,-1.786366052000,-0.149929379000,0.007945028000,1.688357816000,-0.248749054000,-0.093039487000,-0.257536401341,0.065429284452,0.054781820452,0.071218803900,-1.296063056899,0.356567934204,-0.607580637914,0.790746312368,0.022181413365,-0.438124675787,0.559811720662,-1.305407618443,-0.372616586892,0.811321903773,0.983325085681,0.340827148001,-0.650855627329,-0.577950111277
0.130005108000,-0.358680802000,0.582527719000,0.323305853000,0.037198855000,0.035932383000,-0.944880116000,-1.691935684000,0.140119007000,0.084587474000,1.742002376000,-0.553030538000,0.127477491000,-1.826577622000,-0.150260133000,0.009336787000,1.715752018000,-0.252066335000,-0.091991112000,-0.254138823686,0.067752349568,0.054294982059,0.048074236563,-1.306364683235,0.364336530004,-0.612425565275,0.797218284505,0.026622691162,-0.432293591247,0.557062761061,-1.316160222855,-0.369765550411,0.825498232560,0.986606459914,0.346496970889,-0.646687334397,-0.573336977024
0.127846781000,-0.359908601000,0.584078735000,0.314370741000,0.033340660000,0.032977783000,-0.948141289000,-1.714781589000,0.140899722000,0.082610382000,1.763304848000,-0.554767311000,0.125778196000,-1.853828851000,-0.150171762000,0.009978355000,1.733884492000,-0.256448158000,-0.091705877000,-0.250580064338,0.069139320385,0.050520142893,0.033877479575,-1.300457909378,0.369406061360,-0.613408185878,0.799179519367,0.034447284994,-0.427508342525,0.554904526958,-1.323598116144,-0.359969610993,0.833550141922,0.987550655620,0.354711727738,-0.641581966141,-0.569232146512
0.124893571000,-0.361055809000,0.584425416000,0.306899232000,0.031372492000,0.031817679000,-0.950692518000,-1.729083923000,0.140775104000,0.078797745000,1.782010948000,-0.555495792000,0.119801188000,-1.871150823000,-0.149715073000,0.010756849000,1.745186703000,-0.255970975000,-0.089038308000,-0.249156148661,0.069188127739,0.049154546105,0.025786677275,-1.292835670025,0.370399820987,-0.618751009849,0.799043818319,0.041717728757,-0.424607873162,0.554216480887,-1.333363484844,-0.351553299368,0.849195560751,0.994039512718,0.351041872786,-0.635398710562,-0.565396512791
0.129352481000,-0.367542110000,0.584060065000,0.300526101000,0.032661936000,0.031956242000,-0.952678361000,-1.732917661000,0.141682850000,0.078506388000,1.791802979000,-0.553175159000,0.110709290000,-1.873683114000,-0.150874061000,0.009596479000,1.749983449000,-0.260969841000,-0.084167957000,-0.247394199145,0.069530868791,0.047897459892,0.023575250459,-1.284246815433,0.371897255217,-0.619157836897,0.803525150219,0.055765772593,-0.425375134621,0.554978708465,-1.332496318264,-0.347627233098,0.858403098570,1.000088991792,0.343789348551,-0.635630778642,-0.565220080827
0.130903276000,-0.369614978000,0.588200700000,0.295405435000,0.028958314000,0.031652130000,-0.954408292000,-1.721265163000,0.143425592000,0.080343876000,1.785823555000,-0.544874989000,0.104222484000,-1.863241266000,-0.154030969000,0.007109833000,1.740314837000,-0.258933031000,-0.079404317000,-0.245701782391,0.068848778110,0.042577769777,0.026186293961,-1.273325946919,0.376016403716,-0.612546623815,0.809032963148,0.059587642531,-0.421796496113,0.552738003997,-1.328595527679,-0.347270962407,0.855890962421,1.009671320501,0.341515136699,-0.629286176650,-0.560022283243
0.133402461000,-0.372151259000,0.594048423000,0.288446975000,0.025167125000,0.031143054000,-0.956658282000,-1.700658772000,0.143659235000,0.083827265000,1.767556947000,-0.537040813000,0.100217255000,-1.840426512000,-0.157177989000,0.001708357000,1.719054511000,-0.259694953000,-0.075173739000,-0.240553929381,0.068111676977,0.032022820516,0.031451555536,-1.254753374367,0.378284982763,-0.610874357185,0.804655581597,0.058737093724,-0.420414463376,0.550786567061,-1.324995241410,-0.344784340279,0.853317645213,1.016517046495,0.341679825009,-0.624201846636,-0.553242898947
0.135763835000,-0.374346586000,0.601114887000,0.280950214000,0.020630571000,0.030906030000,-0.959002698000,-1.677726890000,0.146310950000,0.088465275000,1.746733365000,-0.525541305000,0.093238795000,-1.814845719000,-0.159605037000,-0.002740281000,1.693706415000,-0.255611981000,-0.072734961000,-0.239696954805,0.066319614724,0.021917450644,0.040005345843,-1.245072086227,0.382290502553,-0.603430706323,0.800491353435,0.060489148028,-0.421115782396,0.550875608906,-1.318185013328,-0.349114198216,0.846328118520,1.012944964644,0.341473390238,-0.622250252016,-0.549657746097
0.137275600000,-0.376633719000,0.610247405000,0.274865528000,0.016290039000,0.029923458000,-0.960878849000,-1.648497327000,0.147791588000,0.095169289000,1.716781362000,-0.515693333000,0.089783098000,-1.778671361000,-0.163062450000,-0.007296590000,1.658498376000,-0.251760270000,-0.070133199000,-0.236480105445,0.063784059302,0.006646535824,0.043000593917,-1.236445597739,0.384680522948,-0.598978767783,0.793810128076,0.055259221357,-0.423391729668,0.549106830898,-1.319985393511,-0.355282466885,0.836259599618,1.016381506114,0.341787186641,-0.619828266006,-0.545501311528
0.137117261000,-0.378753489000,0.620508600000,0.270985516000,0.013040827000,0.028893715000,-0.962061298000,-1.609917778000,0.146598747000,0.102882697000,1.681845800000,-0.509802178000,0.090044181000,-1.735574870000,-0.164059336000,-0.011875044000,1.618441790000,-0.250702102000,-0.069341981000,-0.237410772815,0.063259487684,-0.007325300716,0.054114299219,-1.229202095891,0.387262938484,-0.595397718275,0.785254001163,0.050678767843,-0.428793487190,0.550318509846,-1.319384600593,-0.363861803553,0.835441982700,1.012042064933,0.347564100168,-0.620648818931,-0.540850534919
0.136168647000,-0.380648523000,0.631980499000,0.269035735000,0.008427194000,0.027146601000,-0.962710662000,-1.561195925000,0.142965539000,0.112296503000,1.635341543000,-0.504839923000,0.092591151000,-1.675497374000,-0.165998756000,-0.019948687000,1.563504587000,-0.251019597000,-0.064839540000,-0.233956976738,0.059969618179,-0.021246811111,0.067108772040,-1.220979433760,0.392340336831,-0.597116471742,0.776596144659,0.045882961841,-0.433689427469,0.549696785598,-1.318961896748,-0.370557618411,0.841238338676,1.020861366852,0.348201857194,-0.620540148273,-0.535790059171
0.134993795000,-0.382994663000,0.645058139000,0.267809173000,0.004539878000,0.026779027000,-0.963089051000,-1.505572029000,0.139601985000,0.123977259000,1.576380700000,-0.497708267000,0.093858430000,-1.603209917000,-0.168026772000,-0.030025737000,1.499625182000,-0.252609262000,-0.060004013000,-0.229925152124,0.055954882725,-0.028665208392,0.079625290321,-1.212994604456,0.399547741202,-0.602110886840,0.769267012660,0.040720849148,-0.440233251090,0.548032167666,-1.317947923850,-0.380863150737,0.850986354640,1.025935006546,0.351624782812,-0.622222184393,-0.531928388320
0.134776321000,-0.385968205000,0.660977855000,0.266971317000,0.001003553000,0.026644127000,-0.963335559000,-1.438137293000,0.134595134000,0.136775244000,1.501353729000,-0.487860616000,0.096700984000,-1.515192937000,-0.170537502000,-0.043015329000,1.417055480000,-0.250572470000,-0.052220113000,-0.223151711330,0.052197578131,-0.042316421830,0.095600593759,-1.191254286707,0.410348726793,-0.606967962908,0.759226392587,0.031065649227,-0.446000071910,0.544770823218,-1.306697647284,-0.391340460947,0.854589349307,1.032141451713,0.357138106766,-0.623387914340,-0.527280034082
0.134508436000,-0.389302961000,0.679816807000,0.263597816000,-0.003813919000,0.027083007000,-0.964244863000,-1.360254081000,0.129633940000,0.150226147000,1.419256405000,-0.477507913000,0.099370838000,-1.417428248000,-0.172926969000,-0.055348856000,1.331356994000,-0.248354461000,-0.046988165000,-0.222160887454,0.045990799758,-0.047829170470,0.123804360473,-1.162912657844,0.408923256772,-0.603705714834,0.746111386886,0.021395612768,-0.452025076531,0.543789396721,-1.281958970617,-0.394356186391,0.854387175043,1.018685133798,0.363854523719,-0.627813925816,-0.525242160429
0.132616927000,-0.392859021000,0.701449657000,0.259375909000,-0.009288316000,0.027500221000,-0.965340149000,-1.272389407000,0.125316225000,0.162913005000,1.328523690000,-0.463700378000,0.100923678000,-1.312744560000,-0.176733099000,-0.068587152000,1.238537672000,-0.240057810000,-0.038527037000,-0.218227932706,0.038717745728,-0.050528947304,0.158796201984,-1.145984331249,0.413801842296,-0.597003047015,0.756831178219,0.020504742692,-0.453340236238,0.538953234043,-1.264740191894,-0.397344589467,0.857876854084,1.028969106970,0.364766930654,-0.625087078747,-0.521597268659
0.128534564000,-0.397817818000,0.725890524000,0.255219233000,0.005744154000,0.033327886000,-0.966291571000,-1.176397420000,0.121838830000,0.177749044000,1.229251584000,-0.446578600000,0.102017851000,-1.200292316000,-0.182050020000,-0.083819865000,1.136213402000,-0.222908771000,-0.028279373000,-0.212236782002,0.030649903777,-0.053956973963,0.204829250250,-1.125583199021,0.426258900408,-0.585472789908,0.766116146663,0.011486872645,-0.452540094333,0.531422243848,-1.239188299758,-0.410227716379,0.858888041415,1.030331467840,0.373106826636,-0.621432861271,-0.516997239934
0.122811157000,-0.402321272000,0.751442541000,0.252307636000,0.016962782000,0.036626769000,-0.966804841000,-1.074022956000,0.118338989000,0.193791333000,1.126089862000,-0.427026849000,0.102368088000,-1.070186728000,-0.187436237000,-0.101374653000,1.020111663000,-0.203066594000,-0.021779647000,-0.202509651234,0.020844932651,-0.051179155411,0.251255694280,-1.087702425653,0.431830488525,-0.576430986307,0.765125509573,-0.001998897635,-0.448975233429,0.522416794070,-1.198714857726,-0.422134003255,0.855822649904,1.030658405723,0.380819082702,-0.616127268619,-0.512252219170
0.115943286000,-0.406111441000,0.776167193000,0.248237367000,0.029589495000,0.040206254000,-0.967412078000,-0.963316334000,0.115758712000,0.213486586000,1.016818297000,-0.403240217000,0.101737015000,-0.927404235000,-0.192314795000,-0.122757106000,0.893705421000,-0.177399789000,-0.014624484000,-0.198009542788,0.011067483790,-0.061104903459,0.309972869900,-1.051338192510,0.448118964781,-0.588025841561,0.748966765886,-0.023618822846,-0.443926501193,0.509782945927,-1.144154874301,-0.449347067608,0.863634610669,1.008231568437,0.397564251522,-0.610254187850,-0.504043720912
0.108741808000,-0.410004366000,0.797198837000,0.242930665000,0.040851809000,0.044860081000,-0.968144305000,-0.867332035000,0.114252334000,0.232532410000,0.926318715000,-0.380631696000,0.101147356000,-0.805376109000,-0.196241349000,-0.141085431000,0.790021221000,-0.156433755000,-0.015332709000,-0.196396412152,-0.000156084906,-0.058656617857,0.351117358509,-1.038894144435,0.442259705417,-0.591034644434,0.758606419703,-0.027956165369,-0.436398203595,0.497480709873,-1.112666777666,-0.460275198984,0.857922690906,1.012302391039,0.397187059306,-0.601407895534,-0.498211631928
0.101926198000,-0.412955445000,0.813750196000,0.237897102000,0.050981947000,0.050228322000,-0.968650053000,-0.776124884000,0.113345822000,0.253981074000,0.840264751000,-0.359294705000,0.097976085000,-0.694268649000,-0.199071041000,-0.161762330000,0.693554495000,-0.134318355000,-0.017076821000,-0.195601507078,-0.012245268648,-0.055409790691,0.388843790021,-1.006527811284,0.427924554012,-0.596765282192,0.745132946944,-0.044290522570,-0.429448955836,0.489799305625,-1.074131752249,-0.455499110724,0.862574319359,0.976144878385,0.406838974495,-0.596374605881,-0.493586511746
0.094945622000,-0.414348503000,0.826917321000,0.234688043000,0.061812926000,0.055627025000,-0.968507263000,-0.693694009000,0.114454264000,0.280073342000,0.760026842000,-0.335454077000,0.092285717000,-0.589091245000,-0.201014354000,-0.185125599000,0.602946792000,-0.114223369000,-0.020122224000,-0.191589295686,-0.023511313400,-0.039004640923,0.429800303119,-0.991767809672,0.420849283691,-0.595055140634,0.747649669935,-0.053189733186,-0.421750029825,0.481208927558,-1.054071742698,-0.453533167834,0.883261800946,0.938778170247,0.419548362435,-0.590467806368,-0.486850106116
0.089729180000,-0.414351500000,0.833033436000,0.230462842000,0.062676943000,0.057953868000,-0.969329577000,-0.602337170000,0.114410739000,0.315005830000,0.669524830000,-0.305355929000,0.082358917000,-0.480530988000,-0.203464719000,-0.218597838000,0.505980656000,-0.088053718000,-0.020200842000,-0.185585692559,-0.037104474099,-0.043786623673,0.488425386197,-0.949239067824,0.392518591621,-0.570865922421,0.748287695456,-0.065139326918,-0.411591302856,0.476322043669,-1.015036777774,-0.434008570970,0.856955181136,0.936527289907,0.417787507095,-0.581512349598,-0.485694776848
0.086169397000,-0.416424696000,0.838488655000,0.226931915000,0.069466177000,0.059911663000,-0.969580811000,-0.502804750000,0.113768332000,0.363017647000,0.579436506000,-0.278490720000,0.074414563000,-0.375230457000,-0.206075577000,-0.252659867000,0.424736147000,-0.067808707000,-0.023062645000,-0.177881391943,-0.052217041904,-0.035651885351,0.563402026599,-0.929576909416,0.375647983553,-0.551085814431,0.758466119297,-0.077058912324,-0.399005190117,0.468446297195,-0.989211867665,-0.426066695896,0.850052268422,0.932747227650,0.421683825909,-0.569452260264,-0.481940204795
0.084222387000,-0.418767684000,0.841060595000,0.222589608000,0.077395501000,0.060878742000,-0.969926586000,-0.403641164000,0.112235796000,0.437115133000,0.480328227000,-0.247916273000,0.059699801000,-0.276030723000,-0.205671490000,-0.305122554000,0.334664479000,-0.044454726000,-0.030333583000,-0.178866464252,-0.066603792748,-0.033891556229,0.600017847724,-0.893474625672,0.350441271253,-0.520318750094,0.748210667008,-0.106304492567,-0.388016472213,0.464923708677,-0.941871374212,-0.412321192197,0.818654044646,0.897817303593,0.438914992125,-0.562007893589,-0.479006046303
0.081085265000,-0.420789870000,0.840675801000,0.222994119000,0.084047551000,0.061341005000,-0.969250697000,-0.317096948000,0.110226907000,0.528677094000,0.401021932000,-0.224209173000,0.048365198000,-0.200833967000,-0.201235788000,-0.321790158000,0.277081091000,-0.026344832000,-0.037972151000,-0.195204467910,-0.078361718964,-0.029182610505,0.660183341143,-0.879914834278,0.335212688910,-0.500788050611,0.751188942999,-0.118779411196,-0.375292606101,0.458717503873,-0.886733327895,-0.436884193257,0.774837792634,0.864270063256,0.457568167334,-0.552631052499,-0.472992271637
0.079587121000,-0.420919689000,0.829966765000,0.224463975000,0.069331744000,0.058949347000,-0.970223689000,-0.239655161000,0.107577187000,0.633224617000,0.335873923000,-0.205198266000,0.035236057000,-0.126647928000,-0.196303878000,-0.357142497000,0.215974063000,-0.008442739000,-0.040641072000,-0.202322246120,-0.092777525625,-0.022879541718,0.710325002361,-0.850066751173,0.316729989742,-0.484129816817,0.732691278457,-0.153411336476,-0.364044540763,0.457207034929,-0.854627411715,-0.432235461885,0.736953131991,0.830807669114,0.484236331323,-0.545069889544,-0.470432379084
0.075687658000,-0.422825293000,0.832938507000,0.230750602000,0.085713526000,0.063902089000,-0.967121437000,-0.179013594000,0.102048744000,0.704269044000,0.288386173000,-0.189058789000,0.024933334000,-0.059351640000,-0.190630610000,-0.385276856000,0.163130641000,0.004116746000,-0.038939307000,-0.194131495222,-0.108294889748,-0.024029792868,0.733451709017,-0.836652945555,0.313806706537,-0.455579535495,0.715176169180,-0.195279472776,-0.355341211430,0.456948367294,-0.848104036015,-0.416903336719,0.727190003311,0.787237523399,0.513009060581,-0.539735624815,-0.468235072118
0.073960340000,-0.422823236000,0.822926572000,0.225145575000,0.075661329000,0.060847600000,-0.969475324000,-0.125822495000,0.098113449000,0.770400189000,0.250137029000,-0.173132951000,0.013834675000,0.002438704000,-0.184907137000,-0.398644080000,0.119002761000,0.010693032000,-0.035195500000,-0.176378883159,-0.127558822449,-0.015515560066,0.734074783472,-0.800425694523,0.292335049527,-0.438961396381,0.698747825409,-0.227205537920,-0.346593688765,0.458646130200,-0.845943298582,-0.383436600687,0.728904118743,0.790807088353,0.525695626824,-0.529902233423,-0.469325741682
0.071950142000,-0.422282295000,0.815550850000,0.213084615000,0.071234727000,0.062579808000,-0.972421888000,-0.085965988000,0.094559928000,0.816833541000,0.222364754000,-0.165641257000,0.011138635000,0.046724630000,-0.180069784000,-0.392513014000,0.087488900000,0.016490607000,-0.029820203000,-0.161374349984,-0.143836323233,0.001150877958,0.730729939508,-0.788944735879,0.287216812230,-0.419387146955,0.689918315199,-0.259099454680,-0.338934349714,0.461031705264,-0.855785113396,-0.358293830224,0.748647179185,0.773000663050,0.543797268015,-0.520585311746,-0.467636293311
0.071888336000,-0.420310419000,0.807593975000,0.199730356000,0.066846884000,0.064599436000,-0.975431285000,-0.051098650000,0.091284757000,0.856778278000,0.201464368000,-0.162834975000,0.007424663000,0.075125278000,-0.176650512000,-0.385257578000,0.071262775000,0.016300480000,-0.025541353000,-0.148669834950,-0.159748817798,0.010397186697,0.723464330789,-0.727044730125,0.253218651927,-0.383104776114,0.664922380967,-0.291422633856,-0.335467154643,0.470207041308,-0.812249560284,-0.301708315618,0.743161474537,0.743338541732,0.551197458983,-0.521706660951,-0.470181280342
0.071664290000,-0.418418945000,0.799754942000,0.190500725000,0.062472959000,0.067057081000,-0.977399586000,-0.025791554000,0.089509294000,0.883413976000,0.190366536000,-0.167809494000,0.007127246000,0.091919566000,-0.175753044000,-0.396855847000,0.072424817000,0.008446141000,-0.026213131000,-0.126333154932,-0.168471324258,0.026688708923,0.733928750431,-0.646895420058,0.225190273148,-0.352474025105,0.628935152651,-0.311281485124,-0.334188874284,0.474048609230,-0.756184314213,-0.259412353186,0.744622933473,0.714863229451,0.556389049735,-0.522491384710,-0.471960786328
0.072949901000,-0.418066973000,0.792717641000,0.177014515000,0.059031379000,0.070940848000,-0.979871703000,-0.019575864000,0.091539333000,0.882586245000,0.194480326000,-0.178360115000,0.013919165000,0.111993731000,-0.170106175000,-0.394908427000,0.059338588000,0.002994984000,-0.024288140000,-0.107448628313,-0.171808729830,0.037430671517,0.727778288239,-0.556964124298,0.195336602554,-0.334767666097,0.570505909085,-0.325235493908,-0.333297095940,0.476741460358,-0.695318120935,-0.222642225187,0.749186944064,0.661718374357,0.560053658537,-0.523046379990,-0.473203905629
0.075373336000,-0.416500807000,0.785853711000,0.152633869000,0.056345260000,0.073587922000,-0.983927300000,-0.028787341000,0.092788098000,0.872725899000,0.202273562000,-0.191883062000,0.032025416000,0.099583774000,-0.169164668000,-0.429780045000,0.073268891000,-0.009436090000,-0.022531126000,-0.105221379483,-0.169729338774,0.058597128010,0.704561178340,-0.474951381727,0.164987476008,-0.331169507371,0.526816749578,-0.335080412667,-0.332679887493,0.478633951134,-0.635717042682,-0.190354063359,0.759351598974,0.614607833701,0.562653408334,-0.523446954750,-0.474069698576
0.078197432000,-0.413987759000,0.779249218000,0.131996944000,0.052191539000,0.077257061000,-0.986855712000,-0.027011927000,0.093280931000,0.880849837000,0.204239072000,-0.203072997000,0.042339913000,0.106007001000,-0.163557276000,-0.430615323000,0.058141353000,0.000954605000,-0.006227556000,-0.085114327760,-0.165476365511,0.086845175005,0.681765539830,-0.384951381727,0.167089960702,-0.348802289252,0.556182985415,-0.342059533613,-0.332260653766,0.479960312788,-0.545717042682,-0.190035444876,0.798837061153,0.604528923487,0.564539589088,-0.523744340346,-0.474658275957
0.080093770000,-0.410608669000,0.774204304000,0.117782830000,0.048802541000,0.080876469000,-0.988536551000,-0.032414846000,0.093187234000,0.892974751000,0.204312836000,-0.212611033000,0.048932970000,0.101046030000,-0.156441080000,-0.436035135000,0.053290833000,-0.008625366000,0.000515550000,-0.066725713431,-0.161474429057,0.107266213547,0.621460597921,-0.294951381727,0.119682472608,-0.396137373246,0.597481028380,-0.347035319505,-0.331981633329,0.480889890064,-0.455717042682,-0.151351287630,0.861916255975,0.614478403449,0.565938030362,-0.523979768595,-0.475050226130
0.085147564000,-0.401929761000,0.769926105000,0.102296551000,0.044268084000,0.079748251000,-0.990563460000,-0.032923658000,0.090420290000,0.893238847000,0.207668214000,-0.214531101000,0.062881961000,0.099276275000,-0.151426452000,-0.415144817000,0.038706800000,0.013075467000,0.017559949000,-0.071805325947,-0.152962668734,0.125589254044,0.591516410908,-0.204951381727,0.134934713657,-0.466804991465,0.687481028380,-0.350546529676,-0.331797619826,0.481520144921,-0.365717042682,-0.183593970728,0.921294803327,0.658831331903,0.567039594187,-0.524159697947,-0.475286543696
0.090787259000,-0.392069111000,0.763206632000,0.066277619000,0.021739363000,0.079396256000,-0.994399775000,-0.031952185000,0.087677858000,0.900900379000,0.205152906000,-0.215970840000,0.066594770000,0.096273345000,-0.146466807000,-0.422690752000,0.019979066000,0.027858204000,0.025680230000,-0.065683667297,-0.149871146107,0.128341478725,0.533741208590,-0.114951381727,0.159164966937,-0.556804991465,0.777481028380,-0.352943254645,-0.331670655397,0.481925046615,-0.275717042682,-0.199060244815,0.930381406178,0.748831331903,0.567937837394,-0.524295166574,-0.475410297931
0.090900635000,-0.384098856000,0.765478329000,0.047497216000,0.030438540000,0.080791190000,-0.995133304000,-0.044067089000,0.082701101000,0.894919039000,0.202782216000,-0.217608145000,0.066834555000,0.063426278000,-0.151023372000,-0.437542026000,0.052038756000,0.014550910000,0.024188073000,-0.052828704662,-0.142010121937,0.124581256741,0.474624337733,-0.024951381727,0.142658701887,-0.642150443083,0.867481028380,-0.354420651080,-0.331556677532,0.482157917852,-0.185717042682,-0.226763082368,1.020381406178,0.838831331903,0.568618818044,-0.524377209338,-0.475461951007
0.089670280000,-0.373592394000,0.761362509000,0.013277441000,0.018950420000,0.078728862000,-0.996627492000,-0.061000266000,0.081690655000,0.881755441000,0.206072072000,-0.217647545000,0.062797215000,0.046199475000,-0.151303856000,-0.449330128000,0.056740194000,0.008103539000,0.021979057000,-0.025201816435,-0.129720964216,0.135558588578,0.429578169183,0.065048618273,0.138784826539,-0.552150443083,0.881984740341,-0.454420651080,-0.333702570810,0.482262129323,-0.095717042682,-0.271556166311,1.110380589286,0.928831331903,0.667989690733,-0.524392347492,-0.475467475042
0.086579424000,-0.361868386000,0.764434255000,0.015244151000,0.030320255000,0.078800403000,-0.996312599000,-0.080522175000,0.085887970000,0.873044637000,0.213197837000,-0.226158852000,0.053885938000,0.040028724000,-0.151126766000,-0.453459164000,0.045482290000,0.000015465000,0.026237478000,0.014375887404,-0.116600698906,0.151692067591,0.398276956925,0.119167825433,0.161703111554,-0.462150443083,0.791984740342,-0.554420651078,-0.320384408611,0.482260837686,-0.029204796916,-0.215538922786,1.020380589286,0.838831331903,0.767989690733,-0.513596895467,-0.475432908079
0.087114017000,-0.351453900000,0.764233932000,0.009870316000,0.035789172000,0.078927435000,-0.996188823000,-0.113990410000,0.094375463000,0.844847094000,0.230963383000,-0.231796196000,0.053325593000,0.006277726000,-0.156983802000,-0.471817139000,0.057336033000,-0.004224479000,0.018057401000,0.011140229134,-0.106422285938,0.154308137737,0.365348869686,0.209167825433,0.197548254340,-0.372150443083,0.701984740346,-0.654420651078,-0.326050731832,0.482268781164,0.031854093998,-0.244686254089,0.930380589286,0.748831331903,0.867989690518,-0.508914174727,-0.475369290809
0.090175715000,-0.344948235000,0.764057891000,0.004009183000,0.038468825000,0.079084835000,-0.996117295000,-0.130962195000,0.101896149000,0.839509720000,0.236785036000,-0.239454985000,0.043689889000,-0.017736177000,-0.166709178000,-0.484023880000,0.063602976000,0.004326038000,0.017747378000,0.016222005149,-0.097005127629,0.160308499747,0.362811827923,0.299167825433,0.188859611513,-0.282150443083,0.791984740346,-0.554420651078,-0.329917026616,0.482194341590,0.104980937627,-0.295403180564,0.840380589286,0.658831331904,0.967989690518,-0.540828487962,-0.474940069035
0.092987694000,-0.344484907000,0.759875147000,-0.025407715000,0.026295078000,0.079789828000,-0.996140854000,-0.133560339000,0.106505431000,0.845833218000,0.232540889000,-0.245877823000,0.038533751000,-0.035604854000,-0.178399502000,-0.499369854000,0.080527021000,0.008019238000,0.012507009000,0.015559221049,-0.094344880342,0.195620832511,0.377793757468,0.336655172509,0.149691385753,-0.192150443083,0.881984740346,-0.454420651078,-0.332523791924,0.482061762578,0.131841418662,-0.291709150894,0.750380589286,0.697827455967,1.067989690476,-0.571757996589,-0.474601781632
0.094115725000,-0.342505393000,0.757841051000,-0.048370699000,0.022601219000,0.079891018000,-0.995372737000,-0.131044086000,0.110889949000,0.853068315000,0.227288929000,-0.250556636000,0.035964444000,-0.050081602000,-0.189967559000,-0.511786715000,0.099832619000,0.009216258000,0.005020755000,0.001801790058,-0.096338942808,0.238545342913,0.405155987269,0.286360580987,0.115808088246,-0.102150443083,0.971984740346,-0.354420651078,-0.334249898988,0.481888300719,0.151474351110,-0.281533171516,0.660380589286,0.784028217033,1.167989690476,-0.593442825698,-0.474330174992
0.094548888000,-0.338881732000,0.759562564000,-0.050494175000,0.030312088000,0.080467609000,-0.995015819000,-0.123129267000,0.111879209000,0.862500309000,0.218151514000,-0.254310276000,0.036564805000,-0.059455124000,-0.200068532000,-0.523675633000,0.118478428000,0.008057128000,0.000689883000,-0.000099565778,-0.098513051822,0.238815207551,0.425438833303,0.273230049379,0.093004217466,-0.012150443083,0.946674405843,-0.254420651078,-0.335359397470,0.481684003477,0.241474351110,-0.259049184699,0.570380589286,0.874028217033,1.267989690476,-0.608448536523,-0.474108345661
0.095429645000,-0.340666756000,0.772268229000,-0.042680044000,0.052190255000,0.079560233000,-0.994547515000,-0.120806696000,0.116718502000,0.866475287000,0.218441567000,-0.255853271000,0.035772929000,-0.065757911000,-0.209382168000,-0.528462138000,0.130806530000,0.004647658000,-0.001353263000,0.000053397632,-0.100419627369,0.240721364276,0.437287523821,0.261943196281,0.079182304841,0.032337323996,0.915820487167,-0.154420651078,-0.336039478721,0.481457074570,0.214982519609,-0.213018443408,0.480380589286,0.964028217033,1.367989690476,-0.618774033351,-0.473924699158
0.097891189000,-0.341792702000,0.771217028000,-0.061754178000,0.054296832000,0.078813392000,-0.993492187000,-0.120217677000,0.119922553000,0.858263225000,0.219989001000,-0.253390245000,0.037070791000,-0.062489606000,-0.214815012000,-0.521119444000,0.133047236000,0.001308351000,-0.005771197000,0.011037483971,-0.102847471664,0.240196394994,0.441029996747,0.249228748468,0.074909520916,0.032854542891,0.914330137432,-0.054420651086,-0.336421979088,0.481214876517,0.196956057251,-0.171125106032,0.390380589286,1.054028217033,1.467989690476,-0.625820242569,-0.473775047738
0.098153013000,-0.339977934000,0.774112195000,-0.053958008000,0.067129723000,0.078451118000,-0.993190594000,-0.123470167000,0.122452409000,0.847649170000,0.225095023000,-0.254408362000,0.044950675000,-0.071098494000,-0.218905390000,-0.514809417000,0.146891304000,-0.005537093000,-0.011728303000,0.012525084839,-0.103787946623,0.234525533156,0.445093467381,0.243045463722,0.073342810293,0.031190307376,0.918023041098,0.019431514095,-0.336603353744,0.480967499543,0.176365081931,-0.132173108135,0.300380589287,1.144028217033,1.545876970951,-0.630574727522,-0.473654025994
0.102831024000,-0.342512221000,0.768279004000,-0.047861022000,0.059670841000,0.083600086000,-0.993559127000,-0.125466817000,0.125350183000,0.838758250000,0.231486232000,-0.254351379000,0.048113920000,-0.066370821000,-0.218623453000,-0.516046174000,0.144479258000,-0.006121192000,-0.011249805000,0.019247603361,-0.101657527993,0.226124778604,0.455797635804,0.240403313974,0.080698813351,0.028252579384,0.920996476392,0.070598820341,-0.336651246189,0.480720589983,0.154656020951,-0.120012431442,0.251367221125,1.220925067209,1.598019196923,-0.633726700994,-0.473551699154
0.107339518000,-0.338513077000,0.777864500000,-0.014891101000,0.067035405000,0.085685445000,-0.993952974000,-0.122348246000,0.127518635000,0.836181746000,0.234616221000,-0.257004373000,0.045807967000,-0.064635114000,-0.222660466000,-0.514836786000,0.153193694000,-0.012000873000,-0.009117997000,0.027319241871,-0.097953041239,0.227910104295,0.464129298712,0.244552195669,0.086872961781,0.043041805245,0.925333175545,0.105821810138,-0.336607529181,0.480478483626,0.154043025465,-0.127639235255,0.233945593070,1.216038766169,1.632070736645,-0.635755604524,-0.473462000559
0.107916848000,-0.329230116000,0.782278315000,0.011206048000,0.072873909000,0.085754882000,-0.993584379000,-0.117818232000,0.129232654000,0.838198984000,0.232439276000,-0.256995186000,0.034813007000,-0.054293198000,-0.223671967000,-0.518283926000,0.152100616000,-0.016240971000,-0.005746862000,0.034092120887,-0.095192928598,0.228554086674,0.470351376814,0.254982327826,0.085464400956,0.046692170790,0.924303906587,0.129818553881,-0.336504013358,0.480235758406,0.158198246451,-0.132453930717,0.247842354544,1.191196810007,1.653422779286,-0.637000816794,-0.473377153237
0.100402603000,-0.314538755000,0.785021350000,0.021771155000,0.081015645000,0.085045107000,-0.992839268000,-0.118253724000,0.132867137000,0.840485725000,0.232773143000,-0.255006774000,0.028142060000,-0.043200437000,-0.224467867000,-0.525401663000,0.151607683000,-0.022823755000,-0.002613985000,0.039782341226,-0.092573714538,0.237725263217,0.482621014181,0.257665601237,0.093395559177,0.041719304198,0.925919258968,0.145897876049,-0.336363464372,0.479988305501,0.159758892669,-0.145272144382,0.282885515031,1.166963870694,1.665897802303,-0.637699521713,-0.473288979412
0.092614072000,-0.301291684000,0.779120561000,0.016136884000,0.076813315000,0.084096149000,-0.993361542000,-0.133830912000,0.134270873000,0.825810516000,0.236417269000,-0.248938302000,0.029173235000,-0.028352358000,-0.214061118000,-0.523687309000,0.120507354000,-0.018692679000,0.003421999000,0.045785841260,-0.088311162421,0.253324614029,0.477042908682,0.255504457402,0.097573087634,0.032945056383,0.934485926943,0.156425696372,-0.336196995307,0.479734100507,0.153545370313,-0.152584423422,0.321956852282,1.166522216302,1.672152362471,-0.638013210554,-0.473196976480
0.090937834000,-0.297717952000,0.781023202000,0.003669043000,0.052536500000,0.085194444000,-0.994971538000,-0.139977698000,0.133016107000,0.827306503000,0.234174166000,-0.246161292000,0.033440208000,-0.021531346000,-0.208428006000,-0.533034868000,0.115544079000,-0.019664485000,0.007823365000,0.057098891471,-0.087519593418,0.265776357385,0.498598450434,0.266249625514,0.089849861260,0.011334081244,0.937196270837,0.163069160816,-0.336013243216,0.479472718760,0.137459528459,-0.143998097495,0.367125238034,1.166275324979,1.674044697126,-0.638060417314,-0.473102038290
0.085073560000,-0.295652708000,0.775226612000,-0.007268959000,0.053329992000,0.084371568000,-0.994979654000,-0.144143230000,0.134118179000,0.817130771000,0.241518480000,-0.245679463000,0.046023629000,-0.010533790000,-0.206689040000,-0.543426633000,0.111891296000,-0.017550060000,0.014267464000,0.064906242939,-0.089988127564,0.260436925490,0.518417276529,0.280307810788,0.092217929744,0.002303864816,0.944961416345,0.167025127588,-0.335813388097,0.479206761210,0.131006661206,-0.141814399479,0.384852023549,1.170020040831,1.694826616845,-0.637918999177,-0.473001788709
0.080192329000,-0.294206276000,0.773026713000,-0.011106222000,0.051614685000,0.086425561000,-0.994858381000,-0.138189095000,0.136491185000,0.817855152000,0.246082081000,-0.243376457000,0.052842759000,-0.002752968000,-0.211698664000,-0.556022488000,0.116806053000,-0.010983357000,0.019502662000,0.070626723755,-0.094332311972,0.259583707628,0.553959778400,0.304191076140,0.086376919331,0.020657052435,0.957457122560,0.167054091467,-0.335602368707,0.478941079092,0.139865303520,-0.133573356083,0.365960608321,1.182285324927,1.745584602337,-0.637648347168,-0.472899383817
0.075691476000,-0.301990304000,0.780943868000,0.005094298000,0.062908706000,0.089657153000,-0.993970894000,-0.131134880000,0.137261585000,0.817368098000,0.249790903000,-0.245814162000,0.060730208000,0.002306322000,-0.220870203000,-0.564341924000,0.137090069000,-0.013845838000,0.018464996000,0.077487323218,-0.097864373334,0.256277491693,0.576791240427,0.328320828437,0.075528790894,0.062298384603,0.972879125957,0.159745511761,-0.335380984414,0.478675277735,0.157349406393,-0.125567239881,0.352276736400,1.201657307147,1.799160358957,-0.637287472308,-0.472795623911
0.076429274000,-0.313074715000,0.775935845000,-0.008846498000,0.033153849000,0.088856743000,-0.995453184000,-0.126980259000,0.137963349000,0.805099898000,0.257946243000,-0.249674383000,0.064354888000,0.005065519000,-0.228154550000,-0.556169895000,0.155222772000,-0.017541210000,0.017135260000,0.077340353611,-0.100473782757,0.264392943995,0.585753729707,0.341135064530,0.063840833904,0.098473789657,0.972122584457,0.138667540801,-0.335152586570,0.478407071808,0.177171914151,-0.122857393645,0.360514581518,1.201417678699,1.843419268447,-0.636865454213,-0.472688611325
0.068930677000,-0.319932662000,0.776313188000,-0.002821585000,0.050355056000,0.086336152000,-0.994988681000,-0.122266303000,0.135961845000,0.782242146000,0.269042517000,-0.254878752000,0.069021212000,0.014318865000,-0.234162784000,-0.530000954000,0.180389373000,-0.027139478000,0.015676033000,0.086178883143,-0.104382442326,0.277019749365,0.591432123490,0.349725660714,0.057319863960,0.120835891798,0.969283044165,0.115952487313,-0.334918986375,0.478131720604,0.193971003692,-0.127481816505,0.387870081248,1.204703771807,1.871477351601,-0.636400327357,-0.472577061698
0.066822420000,-0.323306588000,0.780037757000,0.000957813000,0.062350487000,0.081983167000,-0.994680984000,-0.124718916000,0.138558426000,0.749595886000,0.287270149000,-0.259959498000,0.074843926000,0.006334741000,-0.247075535000,-0.483231796000,0.233320111000,-0.042883454000,0.011781485000,0.086617832704,-0.106777505356,0.292853596938,0.605517061769,0.347669657698,0.058037160100,0.117953044157,0.967310051401,0.099533948981,-0.334683000199,0.477850399291,0.206455428578,-0.139889226301,0.411377542916,1.209685551765,1.888175265408,-0.635906073750,-0.472463710454
0.065626807000,-0.329775369000,0.783262052000,0.032149878000,0.114619035000,0.078064901000,-0.989815505000,-0.121924173000,0.144775476000,0.737046252000,0.301294150000,-0.264945475000,0.074545067000,-0.004485814000,-0.265983576000,-0.424007221000,0.292907795000,-0.057640062000,0.015020506000,0.089081183394,-0.107234086972,0.329450665938,0.616223329490,0.342802556972,0.060036808179,0.107344485139,0.957225824083,0.095487855310,-0.334446157731,0.477559134432,0.218725654713,-0.153946209045,0.425138723002,1.215691917953,1.896918583867,-0.635390250966,-0.472349594235
0.066638053000,-0.346520998000,0.777678378000,0.057355193000,0.134507060000,0.072182051000,-0.986614405000,-0.107512442000,0.145395899000,0.746018501000,0.302773064000,-0.268710653000,0.076186401000,-0.008582533000,-0.286023256000,-0.337562678000,0.362941099000,-0.077961327000,0.016112134000,0.094290293285,-0.114162784896,0.356647431349,0.599585876224,0.330753986245,0.059047384576,0.106058223664,0.938748661541,0.107844371091,-0.334203909529,0.477249007843,0.235953760673,-0.177613910410,0.414850651085,1.236127911664,1.900101832810,-0.634853959274,-0.472237030480
0.058519828000,-0.366939066000,0.768163601000,0.117888515000,0.139393478000,0.067143471000,-0.980899338000,-0.106465281000,0.140528780000,0.713487560000,0.319014132000,-0.288307871000,0.085051197000,-0.046019107000,-0.302647063000,-0.208615864000,0.528262988000,-0.113964677000,0.009008809000,0.080812888531,-0.120634520445,0.365209854460,0.576421531007,0.314631670100,0.053205983225,0.111254767525,0.897965073872,0.129945313283,-0.333950006847,0.476914425632,0.267372796505,-0.202566628970,0.366966547595,1.237048072717,1.899392185966,-0.634302032357,-0.472129379292
0.048790274000,-0.369373604000,0.761692422000,0.176790221000,0.114673342000,0.069845925000,-0.975047070000,-0.111643989000,0.134478412000,0.671552276000,0.324453947000,-0.285485051000,0.070226152000,-0.030068427000,-0.295794067000,-0.166729862000,0.557308117000,-0.117160227000,-0.001233105000,0.053750809190,-0.122153652995,0.425479194937,0.549247234850,0.289218326309,0.052148855066,0.101172225123,0.873829475121,0.140510234916,-0.333686847748,0.476560466001,0.282853194167,-0.205405615042,0.304949205738,1.213259724616,1.895978332390,-0.633739098700,-0.472023851497
0.041929862000,-0.366550021000,0.760661167000,0.209929236000,0.098630113000,0.071318311000,-0.970111084000,-0.112134408000,0.123101402000,0.640319312000,0.301207997000,-0.262131116000,0.053243940000,-0.041373707000,-0.261515264000,-0.167779327000,0.524543424000,-0.113912084000,-0.014360664000,0.017675147165,-0.121810731793,0.506969534436,0.513351228676,0.257328532025,0.056792103235,0.079473215623,0.865536611988,0.132198662407,-0.333428385760,0.476205438199,0.280851610319,-0.189449362149,0.250856782061,1.189699735685,1.890699667727,-0.633175940527,-0.471915847733
0.032872157000,-0.369580662000,0.763608625000,0.256493379000,0.097134186000,0.077780082000,-0.958502141000,-0.121521556000,0.119984652000,0.623772847000,0.290258854000,-0.244625599000,0.033807421000,-0.051792689000,-0.246320624000,-0.193481770000,0.436115938000,-0.103940961000,-0.013869759000,-0.007032816167,-0.117414841675,0.579081117035,0.454433630883,0.220220519418,0.062495758300,0.047777795872,0.842610162487,0.159044002390,-0.333180390906,0.475853953411,0.276474715041,-0.180268282871,0.220806216825,1.171020890589,1.884158129883,-0.632611694534,-0.471802070333
0.026937980000,-0.363746217000,0.760902226000,0.309593374000,0.083032441000,0.083505678000,-0.943548811000,-0.149723117000,0.135045718000,0.615300562000,0.305272580000,-0.230096578000,0.014871170000,0.008628488000,-0.253744146000,-0.259751402000,0.304184068000,-0.096200563000,-0.004809080000,-0.015374300133,-0.113951447138,0.629359884272,0.392646771276,0.185230990502,0.066146641897,-0.002985264793,0.809997628993,0.259044002390,-0.332948817841,0.475501823950,0.273997988349,-0.183798748782,0.213902157956,1.166999061222,1.876762016953,-0.632039095104,-0.471685732651
0.015414405000,-0.356784555000,0.769463926000,0.369078896000,0.098037140000,0.094855635000,-0.919332310000,-0.190793545000,0.156239829000,0.608493140000,0.329863221000,-0.210686923000,0.010904996000,0.076527075000,-0.260562547000,-0.302193717000,0.215624063000,-0.095589989000,0.013097683000,-0.003620538127,-0.114985510914,0.627595208597,0.332711166002,0.158237093278,0.068220605867,-0.071382708418,0.781849389373,0.359044002390,-0.332740399454,0.475148282784,0.256067894145,-0.181216918445,0.261308851983,1.149812438569,1.868813279615,-0.631454107773,-0.471567156177
-0.003186758000,-0.341103766000,0.764664265000,0.413218744000,0.090480757000,0.091980139000,-0.901445038000,-0.251410808000,0.175023460000,0.564096509000,0.361842368000,-0.203338074000,0.026407822000,0.118199478000,-0.266160352000,-0.306056702000,0.192844812000,-0.112655556000,0.028718160000,0.004726274141,-0.110900838775,0.651401661912,0.285212948020,0.150152584046,0.017523303172,-0.161382708418,0.707346598930,0.299267782863,-0.332558799577,0.474794841517,0.242320072447,-0.182011177020,0.351308851983,1.087049525300,1.860549464656,-0.630860876753,-0.471440581046
-0.026908913000,-0.320696332000,0.768162965000,0.475996799000,0.094829059000,0.100236077000,-0.868554676000,-0.324689896000,0.173047731000,0.481141170000,0.401062125000,-0.205669873000,0.061075509000,0.128632292000,-0.254075273000,-0.280700728000,0.202233363000,-0.142987448000,0.028337230000,0.008026492665,-0.103240927079,0.695374579384,0.258764263619,0.135228007622,0.028587268151,-0.251382708382,0.720000146728,0.199267782863,-0.332401781526,0.474449439490,0.226374832289,-0.185753194839,0.441308851983,0.997049525300,1.852156386231,-0.630264507340,-0.471292341326
-0.054532060000,-0.304151863000,0.761463892000,0.525158419000,0.082446377000,0.088301310000,-0.842385962000,-0.390277095000,0.146386648000,0.396300255000,0.444410121000,-0.217145327000,0.099974398000,0.100817430000,-0.228058296000,-0.233795919000,0.255145366000,-0.178511586000,0.033575637000,-0.008628397481,-0.090306792302,0.735918165606,0.236461046442,0.145928756483,0.043316882532,-0.341382708382,0.689076153728,0.099267782863,-0.332259772497,0.474110716426,0.214176921527,-0.211617684561,0.531308851983,0.907049525300,1.896040983164,-0.629455766948,-0.471098512834
-0.087150497000,-0.308220905000,0.756090720000,0.606463430000,0.057745721000,0.071331266000,-0.789797056000,-0.436511518000,0.104144136000,0.338359871000,0.480567315000,-0.225799816000,0.122209909000,0.031482914000,-0.190806755000,-0.171798212000,0.335623549000,-0.211000776000,0.036295009000,-0.045996930764,-0.072586897159,0.760043752727,0.226833265336,0.151101067623,0.080179482931,-0.431382708382,0.666051889979,-0.000732217137,-0.332119865371,0.473768454052,0.218304726140,-0.260602879722,0.621308851983,0.817049525300,1.924101973298,-0.628717618638,-0.470851287366
-0.088862965000,-0.342260015000,0.757588085000,0.671269226000,0.071512110000,0.063754939000,-0.734995886000,-0.436412244000,0.069526698000,0.315331459000,0.498513714000,-0.235335411000,0.129951793000,-0.032183382000,-0.160395853000,-0.141134680000,0.412869749000,-0.227686265000,0.041598073000,-0.080268818114,-0.062473398653,0.729675923170,0.226363662772,0.158205756982,0.129574441080,-0.521382703498,0.635318529404,-0.100732216769,-0.331977895160,0.473411868441,0.224741035900,-0.342745007015,0.695471100790,0.727049525300,1.941082272677,-0.628036694237,-0.470553817397
-0.054394169000,-0.356691467000,0.751360360000,0.693973452000,0.072509272000,0.048802230000,-0.714675868000,-0.430945999000,0.049627550000,0.321900612000,0.500503380000,-0.238274437000,0.142875533000,-0.055363144000,-0.147620689000,-0.130650429000,0.464822698000,-0.235519948000,0.054634090000,-0.094152282701,-0.056667372510,0.667329089676,0.218659893869,0.183556193758,0.180921960830,-0.560618842686,0.586188164765,-0.200732216769,-0.331832477773,0.473029883226,0.209040806157,-0.399615228927,0.696548448130,0.714318558573,1.950299729239,-0.627401098292,-0.470211531528
-0.017149083000,-0.354980403000,0.743930987000,0.702243033000,0.069857874000,0.036054604000,-0.707583681000,-0.448144922000,0.041019116000,0.309444752000,0.542351902000,-0.254913466000,0.156555198000,-0.073637216000,-0.143679713000,-0.124070698000,0.516710004000,-0.240083656000,0.059463024000,-0.098828318861,-0.054727573829,0.598124121178,0.200411726335,0.209221195328,0.233296369767,-0.531254085542,0.572213149824,-0.300732216486,-0.331687471380,0.472617091203,0.212802663425,-0.445014171612,0.660446032046,0.718950415328,1.954079005830,-0.626801494664,-0.469827533536
0.007827291000,-0.353649251000,0.734686039000,0.710720975000,0.070436064000,0.028301927000,-0.699366469000,-0.464060348000,0.036367442000,0.299734901000,0.576153192000,-0.269667752000,0.169016632000,-0.103561666000,-0.141763312000,-0.115393156000,0.579042124000,-0.240352159000,0.059213840000,-0.098689846504,-0.055068259103,0.532479758120,0.182165478936,0.240289554082,0.269371004644,-0.462652695333,0.625273341260,-0.389384481423,-0.331545074568,0.472172942334,0.217933791600,-0.461888955898,0.608697910235,0.764101312282,1.954027743262,-0.626230847374,-0.469411815295
0.018160164000,-0.356714403000,0.723283625000,0.722703034000,0.066839090000,0.017588213000,-0.687694348000,-0.472952543000,0.034676109000,0.287035225000,0.613749228000,-0.290706435000,0.178689077000,-0.146700749000,-0.142111528000,-0.103372565000,0.659116216000,-0.240354118000,0.051714189000,-0.108649579394,-0.056771544262,0.478107201773,0.169985277561,0.284179535000,0.278903976314,-0.400425171245,0.715273341260,-0.450891005112,-0.331406315364,0.471707394026,0.239669466729,-0.470818610515,0.553644421006,0.807214399058,1.951287460174,-0.625680313206,-0.468967466504
0.022146809000,-0.367141202000,0.710596405000,0.732558041000,0.060553687000,0.011024169000,-0.677916245000,-0.478043363000,0.035414086000,0.278407805000,0.633350786000,-0.298944894000,0.175582325000,-0.162286360000,-0.140725412000,-0.097197469000,0.698065446000,-0.245436742000,0.041709259000,-0.110228593851,-0.057384469098,0.435127993714,0.167494022429,0.321615321001,0.278044897915,-0.310425171245,0.805273341260,-0.493225027047,-0.331271707638,0.471236208008,0.255092952248,-0.465360526432,0.493538781124,0.860093746133,1.946657548644,-0.625140639629,-0.468502439068
0.025476153000,-0.379929554000,0.698286643000,0.737913602000,0.055114068000,0.006620833000,-0.672608445000,-0.479911742000,0.037711908000,0.273734246000,0.644145923000,-0.303571997000,0.169839406000,-0.179614416000,-0.140649966000,-0.093522297000,0.728991065000,-0.250094623000,0.032531996000,-0.112183716604,-0.057810861547,0.401684111758,0.166311752977,0.325508566232,0.283971081199,-0.220425171245,0.887275219078,-0.522037080439,-0.331142916508,0.470775336073,0.270193806995,-0.464418538718,0.438288074136,0.875275310871,1.940710024148,-0.624606034785,-0.468021965355
0.027635789000,-0.388832397000,0.688395783000,0.739666919000,0.050589563000,0.002106113000,-0.671065653000,-0.469165704000,0.038115352000,0.278314981000,0.624800839000,-0.302502387000,0.161673571000,-0.197141229000,-0.141517566000,-0.091367289000,0.757078149000,-0.250439270000,0.027449384000,-0.107829035975,-0.054970475707,0.365099230975,0.170946947894,0.339524451914,0.283136581698,-0.130425171245,0.928481774532,-0.541329581887,-0.331020129952,0.470329320528,0.283390361909,-0.458131494743,0.386335406099,0.879425045417,1.933835014707,-0.624074615681,-0.467531107132
0.028976169000,-0.387083850000,0.687836890000,0.738510104000,0.043650010000,-0.005068013000,-0.672808902000,-0.437432673000,0.034792602000,0.295845002000,0.573541571000,-0.292224775000,0.151392386000,-0.199556180000,-0.140681976000,-0.097772738000,0.752974791000,-0.241565109000,0.025472098000,-0.089543400221,-0.052548227442,0.325917052063,0.183635717033,0.369313595325,0.263761713999,-0.040425171245,0.914971525684,-0.554008480809,-0.330908309761,0.469894859727,0.285006351069,-0.439347887304,0.338705590088,0.847887211411,1.926319915358,-0.623555078543,-0.467033369790
0.030095971000,-0.385192012000,0.692560873000,0.740858229000,0.045213530000,-0.007253419000,-0.670098656000,-0.417306793000,0.031526544000,0.313362815000,0.533589925000,-0.289056214000,0.141000614000,-0.229678650000,-0.140033799000,-0.097703793000,0.785303639000,-0.234988096000,0.018543173000,-0.082283005811,-0.049959487606,0.304899461385,0.186637853010,0.351609573941,0.261116849945,0.049574828755,0.839194463559,-0.562171422267,-0.330816018025,0.469473926798,0.298812769790,-0.425307552344,0.293223719393,0.840600987872,1.918342583789,-0.623052702122,-0.466538174308
0.031683958000,-0.382666352000,0.694686839000,0.742157720000,0.041453599000,-0.013718588000,-0.668801405000,-0.398199295000,0.028099738000,0.331218028000,0.498552775000,-0.277653553000,0.130973086000,-0.223607218000,-0.139323444000,-0.103111648000,0.792697371000,-0.230951422000,0.016941096000,-0.070664479148,-0.050580715325,0.271488171637,0.195175232687,0.343297973902,0.247490360259,0.084777630772,0.767758828735,-0.567265715980,-0.330744846795,0.469061033438,0.278464586989,-0.401926651117,0.270921473984,0.821660529605,1.910030127137,-0.622575442095,-0.466055940322
0.030603211000,-0.376369927000,0.697444995000,0.745802735000,0.037279110000,-0.017249014000,-0.664899256000,-0.388704754000,0.025673190000,0.348345970000,0.473582413000,-0.261557778000,0.122919516000,-0.209078829000,-0.136820767000,-0.110300266000,0.780200566000,-0.230697830000,0.012077196000,-0.066616745737,-0.050995245197,0.247229458696,0.204934073598,0.323212816165,0.234240767168,0.091203842409,0.720801526432,-0.570260707483,-0.330694134083,0.468654615702,0.262203463894,-0.380474688651,0.258200194874,0.835859072320,1.901465230372,-0.622125940453,-0.465594917100
