0.013808511,-0.333630830,1.055172443,0.024683565,-0.107320406,-0.401118129,0.909382939,0.000000000,0.000000000,0.521535794,-1.687709778,-0.166555431,0.000032613,-1.370122016,-0.604828054,0.584594241,-0.444116728,-1.677378928,0.207496486,0.007549060,1.563771217,-1.315998650,-0.118290524,0.278141826,-0.385028362,-0.315806836,-0.174529999,-0.129028261,-0.094047934,-0.179743633,-0.100518391,0.055237893,0.188867420,-0.088037603,0.077773415,-0.071977764,-0.108868800,0.004888291
0.014055373,-0.322210103,1.045595527,0.019298024,-0.114677705,-0.416561484,0.901639163,0.000000000,0.000000000,0.508753301,-1.680957602,-0.147775744,0.006102368,-1.386062614,-0.602248195,0.579209367,-0.478921704,-1.687043839,0.217891110,0.000018052,1.577090468,-1.292320470,-0.123449962,0.293146729,-0.390039325,-0.312208712,-0.174529999,-0.128776819,-0.091004401,-0.206425190,-0.123840824,0.064703122,0.203701541,-0.093649462,0.058028083,-0.101408407,-0.126739949,0.002260435
0.002829544,-0.309908628,1.027151704,0.005689912,-0.124190114,-0.437098265,0.890780270,0.000000000,0.000000000,0.502244586,-1.683239917,-0.142369486,0.003880626,-1.398073713,-0.597893324,0.574854005,-0.478507382,-1.687734719,0.221584355,0.000000885,1.586178641,-1.272871752,-0.127336082,0.329209566,-0.386831403,-0.293270409,-0.169183046,-0.115757570,-0.091274507,-0.267177284,-0.150173485,0.072645590,0.224884704,-0.100846410,0.026409373,-0.160101831,-0.140782818,-0.012992547
-0.005681022,-0.296932638,0.985012233,-0.025591487,-0.135182574,-0.474831104,0.869256139,0.000000000,0.000000000,0.496690843,-1.682271411,-0.134530761,0.003943167,-1.413538137,-0.589703086,0.568493904,-0.486953147,-1.689848577,0.219742839,0.000128183,1.598677461,-1.249074677,-0.130680074,0.454521865,-0.370127201,-0.250395417,-0.149240121,-0.065264739,-0.133595973,-0.472659707,-0.108935669,0.070619822,0.253771663,-0.109720767,-0.061953671,-0.373858213,-0.067465268,-0.036139019
-0.010734767,-0.289826214,0.940819800,-0.048146665,-0.141512111,-0.509449601,0.847418010,0.000000000,0.000000000,0.492226554,-1.680890379,-0.129528331,0.003262345,-1.424403094,-0.582061977,0.563336722,-0.488125393,-1.690046445,0.217933783,0.000006283,1.608449081,-1.229898261,-0.133146472,0.569507837,-0.348877341,-0.212475240,-0.122653030,-0.010010701,-0.170953631,-0.668761075,-0.032422584,0.068477049,0.277571380,-0.120677978,-0.134806737,-0.584678590,0.044056159,-0.060321350
-0.005244184,-0.294801086,0.889694571,-0.050531033,-0.164434493,-0.569762766,0.803603292,0.000000000,0.000000000,0.492242094,-1.680849374,-0.129152695,0.003291417,-1.425325358,-0.581196704,0.562800848,-0.488585395,-1.689765450,0.217703828,0.000005038,1.609268258,-1.227851623,-0.133338721,0.573130846,-0.302131861,-0.128277004,-0.102641366,0.065602228,-0.010945119,-0.999545813,0.133453757,0.087510124,0.321342945,-0.091657951,-0.016859807,-0.951740503,0.271325618,-0.088937581
-0.000460197,-0.299666077,0.865350366,-0.051321439,-0.177837119,-0.605423510,0.774081707,0.000000000,0.000000000,0.491552833,-1.680687008,-0.128354614,0.003113363,-1.427961287,-0.579170385,0.561663099,-0.489842246,-1.690113780,0.217061594,0.000002604,1.611576520,-1.222995128,-0.133862011,0.404214680,-0.271021068,-0.076064348,-0.127802387,0.060127087,0.304019272,-1.144191861,0.126458541,0.108244181,0.339503735,-0.041286491,0.301502526,-1.131065249,0.290140212,-0.104471952
0.000776649,-0.300890446,0.860598207,-0.052721474,-0.173461571,-0.621433914,0.762201667,0.000000000,0.000000000,0.491500239,-1.680856966,-0.128296929,0.003158500,-1.428142511,-0.578993869,0.561536334,-0.490258211,-1.689994136,0.216974069,0.000002485,1.611692269,-1.222630958,-0.133842590,0.359035850,-0.231934547,-0.054328125,-0.144157052,0.055047773,0.400460541,-1.168123007,0.109254614,0.111637905,0.342325240,-0.023742462,0.396207184,-1.159024358,0.279675215,-0.110873640
0.001160188,-0.301430523,0.860276341,-0.051720992,-0.167712241,-0.631152391,0.755542338,0.000000000,0.000000000,0.488646310,-1.680941490,-0.126700673,0.002589036,-1.435506337,-0.573853856,0.558250177,-0.490334624,-1.689838767,0.214515773,0.000000344,1.617120036,-1.211734341,-0.134116471,0.351709604,-0.205804169,-0.041280933,-0.154787570,0.055236008,0.434579015,-1.172674537,0.100787409,0.111695707,0.343157172,-0.015359952,0.426690727,-1.163866162,0.275822550,-0.114201233
0.001103774,-0.301850557,0.860361576,-0.049754761,-0.162733465,-0.637378454,0.751525760,0.000000000,0.000000000,0.488579073,-1.680843155,-0.126679137,0.002630933,-1.435528259,-0.573806313,0.558194761,-0.490441499,-1.689729387,0.214466317,0.000000342,1.617104834,-1.211684697,-0.134068952,0.355798006,-0.188846886,-0.032633763,-0.161697417,0.056653295,0.448418349,-1.174889922,0.097360276,0.110432766,0.343235552,-0.010454662,0.436759591,-1.165533781,0.276322246,-0.116233289
0.000810028,-0.302224159,0.860352159,-0.047677141,-0.158670142,-0.641374946,0.749125421,0.000000000,0.000000000,0.488616074,-1.681077893,-0.126675854,0.002631942,-1.435671994,-0.573714735,0.558137442,-0.490570719,-1.689735890,0.214441897,0.000000332,1.617202300,-1.211473168,-0.134074893,0.362677097,-0.177726060,-0.026929760,-0.166188806,0.057776522,0.454719454,-1.177115202,0.096148312,0.108638547,0.342973262,-0.007043112,0.439716935,-1.167001963,0.278449416,-0.117002085
0.000376769,-0.302554190,0.860311925,-0.045793314,-0.155483201,-0.643856168,0.747781515,0.000000000,0.000000000,0.488612005,-1.681162624,-0.126676202,0.002633834,-1.435720006,-0.573686215,0.558117303,-0.490607663,-1.689724770,0.214432705,0.000000329,1.617231437,-1.211407298,-0.134073921,0.369229436,-0.170476958,-0.023252172,-0.169108212,0.058281168,0.457960039,-1.179242849,0.095786594,0.106749408,0.342467904,-0.004469424,0.440208495,-1.168337703,0.280945957,-0.117068946
-0.000135907,-0.302855015,0.860281467,-0.044122674,-0.152950227,-0.645336032,0.747128367,0.000000000,0.000000000,0.488423540,-1.681271998,-0.121270624,0.000744686,-1.458048884,-0.563149633,0.548721721,-0.490614784,-1.689640624,0.201712241,0.000000001,1.626302698,-1.193098442,-0.130276905,0.374919057,-0.165754631,-0.020926086,-0.171005830,0.058432177,0.459726572,-1.181159377,0.095740117,0.105015293,0.341784209,-0.002428788,0.439694405,-1.169529080,0.283222526,-0.116644546
-0.000681466,-0.303168625,0.860288262,-0.042523287,-0.150753632,-0.646162510,0.746953249,0.000000000,0.000000000,0.488226482,-1.681625555,-0.121258706,0.000738715,-1.458451906,-0.562905923,0.548514536,-0.490621846,-1.689426735,0.201652804,0.000000094,1.626535477,-1.192601100,-0.130226847,0.379827440,-0.162685856,-0.019490199,-0.172239289,0.058160357,0.461066782,-1.182827115,0.095655277,0.103564322,0.341025472,-0.000734956,0.439127237,-1.170496702,0.285307795,-0.116125941
-0.001223920,-0.303508937,0.860305607,-0.040919084,-0.148627833,-0.646593571,0.747095823,0.000000000,0.000000000,0.488157420,-1.681583920,-0.121250735,0.000738263,-1.458486417,-0.562871173,0.548472042,-0.490665604,-1.689333660,0.201625850,0.000000099,1.626536066,-1.192560266,-0.130192755,0.384342372,-0.160582602,-0.018669385,-0.173041031,0.057696562,0.462444246,-1.184348226,0.095525928,0.102437213,0.340257555,0.000746609,0.438862473,-1.171358824,0.287081331,-0.115568474
-0.001728040,-0.303906560,0.860286713,-0.039039277,-0.146417230,-0.646721244,0.747522295,0.000000000,0.000000000,0.488308331,-1.681748161,-0.121260942,0.000734730,-1.458686258,-0.562743978,0.548358965,-0.490776432,-1.689251413,0.201594194,0.000000097,1.626631857,-1.192335919,-0.130143501,0.389008313,-0.159397870,-0.018222803,-0.173562169,0.057059541,0.464181662,-1.185800314,0.095212445,0.101632319,0.339507282,0.002124387,0.439174980,-1.172082901,0.288649678,-0.115413323
-0.002234428,-0.304225743,0.860315859,-0.037385307,-0.144421458,-0.646785200,0.747939587,0.000000000,0.000000000,0.488199048,-1.681887314,-0.121329606,0.000856662,-1.460084847,-0.561891744,0.547583669,-0.490700363,-1.689082830,0.201384022,0.000000079,1.627327223,-1.190827514,-0.129805684,0.393294752,-0.158356637,-0.018097693,-0.173900902,0.056427665,0.465685546,-1.186364651,0.095039539,0.101123467,0.339064270,0.003152351,0.439584136,-1.172239065,0.289421320,-0.115457937
-0.002744933,-0.304556429,0.860380411,-0.035652097,-0.142393276,-0.646870673,0.748339117,0.000000000,0.000000000,0.490283010,-1.681775962,-0.121628097,0.001484239,-1.465476526,-0.558542606,0.544265929,-0.492707065,-1.689725533,0.199953075,0.000051610,1.629552183,-1.185623504,-0.127890814,0.397539616,-0.157423854,-0.018094461,-0.174121082,0.055825282,0.467530876,-1.186606765,0.094550952,0.100269869,0.338819861,0.004063547,0.440598160,-1.171968341,0.289926648,-0.116097927
-0.003201423,-0.304856569,0.860405087,-0.033841211,-0.140330195,-0.647000611,0.748700500,0.000000000,0.000000000,0.490377525,-1.681825373,-0.121634635,0.001489808,-1.465520160,-0.558516464,0.544245469,-0.492735979,-1.689768535,0.199951791,0.000051249,1.629577500,-1.185574645,-0.127884446,0.401964039,-0.156630799,-0.018088307,-0.174264193,0.055248871,0.469625443,-1.186694026,0.094274089,0.099414989,0.338848203,0.004988813,0.441963553,-1.171782136,0.290162563,-0.116602682
-0.003522134,-0.305137604,0.860409319,-0.031900134,-0.138092294,-0.647182047,0.749044895,0.000000000,0.000000000,0.494951752,-1.682623141,-0.121075703,0.000211773,-1.468936372,-0.554559203,0.539383995,-0.496280506,-1.691268622,0.195879570,0.000025075,1.628485731,-1.182482488,-0.123357827,0.406781733,-0.155940592,-0.018072097,-0.174357221,0.054778226,0.471828163,-1.186910152,0.094237901,0.098621242,0.338825107,0.005950257,0.443777233,-1.171718359,0.290110171,-0.117001995
-0.003549733,-0.305426300,0.860350728,-0.029635010,-0.135355681,-0.647417068,0.749434292,0.000000000,0.000000000,0.502679558,-1.683959558,-0.118967323,0.000346880,-1.492505114,-0.542522939,0.526230966,-0.498664637,-1.692129624,0.181492699,0.000000016,1.633392534,-1.167435785,-0.114668557,0.412400395,-0.155478954,-0.018198665,-0.174417689,0.054298040,0.474631608,-1.187224627,0.094187014,0.098065533,0.339110136,0.007094784,0.446039766,-1.171859026,0.290120095,-0.117117248
-0.003084146,-0.305707276,0.860292017,-0.027097899,-0.132075995,-0.647527933,0.750019491,0.000000000,0.000000000,0.502616251,-1.684183325,-0.119018943,0.000383095,-1.492895793,-0.542329163,0.526055309,-0.498657307,-1.691883116,0.181517046,0.000000095,1.633650240,-1.167051207,-0.114627807,0.419006407,-0.155538127,-0.018725643,-0.174456984,0.053921521,0.477252364,-1.187587142,0.094331056,0.098211147,0.339326710,0.008156104,0.448385119,-1.172035336,0.290220618,-0.116686299
-0.002017444,-0.306065559,0.860253811,-0.024116989,-0.127803728,-0.647409916,0.750962675,0.000000000,0.000000000,0.502621980,-1.684268117,-0.119037943,0.000382403,-1.492973467,-0.542304036,0.526038543,-0.498635903,-1.691872263,0.181538434,0.000000099,1.633712642,-1.166979417,-0.114637836,0.427215457,-0.156131014,-0.020049557,-0.174482524,0.053765748,0.479921252,-1.187832952,0.094485246,0.099167936,0.339587301,0.009185802,0.450978279,-1.172205687,0.290434539,-0.115741737
-0.000543841,-0.306533307,0.860221803,-0.020800613,-0.122520790,-0.647228420,0.752098024,0.000000000,0.000000000,0.502064457,-1.684486912,-0.119277756,0.000372504,-1.494277610,-0.541716455,0.525443143,-0.498322673,-1.691375527,0.181629896,0.000000081,1.634533386,-1.165828015,-0.114420688,0.437078744,-0.156672537,-0.021975443,-0.174499139,0.053780828,0.482597083,-1.187930107,0.094634928,0.100865349,0.339999408,0.010282179,0.453725785,-1.172360659,0.290714473,-0.114640608
0.000806208,-0.307116210,0.860267162,-0.017500775,-0.116678670,-0.647661567,0.752737820,0.000000000,0.000000000,0.502052848,-1.684526395,-0.119299598,0.000371834,-1.494356239,-0.541692377,0.525426572,-0.498234132,-1.691400700,0.181653068,0.000000099,1.634595255,-1.165758418,-0.114430218,0.447856188,-0.155656084,-0.023184504,-0.174509943,0.054083422,0.485076815,-1.188030720,0.094746366,0.102588907,0.340502560,0.011350154,0.456086248,-1.172378659,0.290965170,-0.113638639
0.001586735,-0.307793438,0.860389352,-0.014340144,-0.110741258,-0.648786962,0.752732515,0.000000000,0.000000000,0.501994333,-1.684442071,-0.119300694,0.000381448,-1.494388177,-0.541666385,0.525390500,-0.498239941,-1.691307991,0.181637992,0.000000099,1.634598363,-1.165731705,-0.114399105,0.458779991,-0.152837098,-0.023308128,-0.174516961,0.054337259,0.487637401,-1.188101888,0.094800293,0.103777282,0.341287374,0.012280435,0.458121151,-1.172323108,0.291139215,-0.113352120
0.002015982,-0.308508098,0.860539734,-0.011262922,-0.104944639,-0.650164485,0.752426624,0.000000000,0.000000000,0.501963832,-1.684373299,-0.119361812,0.000379614,-1.494635036,-0.541551692,0.525273920,-0.498156375,-1.691203472,0.181662399,0.000000096,1.634739056,-1.165515909,-0.114349572,0.469524503,-0.149325550,-0.022833187,-0.174521521,0.054450937,0.490168154,-1.188022256,0.094623253,0.104576282,0.342169881,0.013082426,0.460090101,-1.172245264,0.291263521,-0.113621317
0.002224787,-0.309178978,0.860679209,-0.008504774,-0.099559836,-0.651477456,0.752058983,0.000000000,0.000000000,0.502082426,-1.684442126,-0.119401921,0.000378616,-1.494754425,-0.541512705,0.525249585,-0.498125207,-1.691246108,0.181703286,0.000000098,1.634830510,-1.165407089,-0.114364242,0.479471743,-0.145656332,-0.022263888,-0.174524486,0.054430239,0.492490619,-1.187683225,0.094394132,0.105153695,0.343119740,0.013811773,0.462115079,-1.172083139,0.291258186,-0.114122421
0.002325159,-0.309767544,0.860723376,-0.006096372,-0.094771557,-0.652564824,0.751758158,0.000000000,0.000000000,0.503005979,-1.684033203,-0.119746030,0.000406848,-1.495961091,-0.540912407,0.524668266,-0.498474925,-1.691142377,0.181868938,0.000000082,1.635512638,-1.164327344,-0.114118229,0.488503218,-0.142337397,-0.021845570,-0.174526408,0.054345995,0.494438559,-1.187459469,0.094243161,0.105530694,0.344012439,0.014307612,0.463931680,-1.172057509,0.291186213,-0.114857852
0.002353383,-0.310232162,0.860817313,-0.004266180,-0.090719581,-0.653471053,0.751483440,0.000000000,0.000000000,0.503015774,-1.684048283,-0.119770326,0.000406278,-1.496041990,-0.540875214,0.524633237,-0.498409172,-1.691129721,0.181886029,0.000000099,1.635563266,-1.164255306,-0.114108250,0.495932937,-0.139276445,-0.021628834,-0.174527660,0.054187477,0.495768249,-1.187070131,0.094153598,0.105851978,0.344855875,0.014622932,0.465423375,-1.171839356,0.291052997,-0.115558997
0.002319758,-0.310607374,0.861065269,-0.003054549,-0.087236449,-0.654280424,0.751197457,0.000000000,0.000000000,0.500694412,-1.683849127,-0.121855178,0.000356987,-1.503455534,-0.536729521,0.520005037,-0.495463390,-1.690185373,0.181931486,0.000000027,1.638488852,-1.158414035,-0.111285645,0.501946986,-0.135977596,-0.021704307,-0.174528480,0.054277375,0.496298283,-1.186368585,0.094055019,0.106106251,0.345351934,0.014735214,0.466077775,-1.171456575,0.290687233,-0.116318561
0.002297011,-0.310885280,0.861307561,-0.002282688,-0.084422939,-0.654817402,0.751053751,0.000000000,0.000000000,0.499793756,-1.683594748,-0.122644086,0.000571733,-1.505730904,-0.535819784,0.519175724,-0.494532525,-1.689731198,0.182816510,0.000000072,1.640077420,-1.156318158,-0.111238818,0.506507397,-0.133192599,-0.022000995,-0.174529016,0.054197885,0.496459067,-1.185587049,0.093781091,0.106424585,0.345858544,0.014706077,0.466452479,-1.170899630,0.290425509,-0.116878152
0.002302276,-0.311066002,0.861533642,-0.001830084,-0.082166992,-0.655149221,0.751015842,0.000000000,0.000000000,0.498798112,-1.683082456,-0.123171385,0.000584657,-1.507200476,-0.535312452,0.518747796,-0.493457227,-1.689471358,0.183545153,0.000000080,1.641199279,-1.154971888,-0.111350892,0.509768546,-0.130990773,-0.022433460,-0.174529359,0.053881172,0.496588469,-1.184703469,0.093419388,0.106723681,0.346408427,0.014514927,0.466805726,-1.170099974,0.290135413,-0.117102563
0.002313303,-0.311214626,0.861764908,-0.001594940,-0.080272026,-0.655403733,0.750999212,0.000000000,0.000000000,0.497070089,-1.682923937,-0.124213995,0.000820479,-1.509963241,-0.534374255,0.517917827,-0.492369985,-1.688933134,0.184888509,0.000000065,1.643237307,-1.152453272,-0.111504599,0.512111366,-0.128929764,-0.022990484,-0.174529582,0.053624459,0.496883273,-1.183760405,0.092934676,0.107067436,0.346788406,0.014369115,0.467215270,-1.169030905,0.289508700,-0.117336169
0.002371090,-0.311323881,0.861996472,-0.001452058,-0.078752212,-0.655554652,0.751028657,0.000000000,0.000000000,0.495808751,-1.682427273,-0.125041808,0.001015799,-1.512127094,-0.533599510,0.517201232,-0.491502697,-1.688583574,0.185969307,0.000000072,1.644800671,-1.150451525,-0.111563710,0.513706803,-0.127293229,-0.023511346,-0.174529731,0.053201035,0.497227967,-1.182718039,0.092272468,0.107466176,0.347033888,0.014268585,0.467674762,-1.167711020,0.288820624,-0.117336899
0.002475586,-0.311395735,0.862304449,-0.001347695,-0.077571854,-0.655621290,0.751093507,0.000000000,0.000000000,0.495019035,-1.681932374,-0.125805935,0.001210665,-1.514078823,-0.532870526,0.516552711,-0.490349615,-1.688366366,0.187067075,0.000000073,1.646265474,-1.148617129,-0.111638706,0.514713228,-0.126162872,-0.023879375,-0.174529821,0.052761562,0.497289419,-1.181462049,0.091536745,0.108038023,0.347185194,0.014117794,0.468073070,-1.166206241,0.287987113,-0.117217109
0.002600539,-0.311478406,0.862538636,-0.001170393,-0.076464221,-0.655661881,0.751171947,0.000000000,0.000000000,0.495037984,-1.681986205,-0.125843270,0.001208862,-1.514166055,-0.532840452,0.516529979,-0.490320301,-1.688394432,0.187120496,0.000000099,1.646334839,-1.148531959,-0.111649723,0.515631318,-0.125219926,-0.024170380,-0.174529880,0.052304424,0.497690439,-1.180547953,0.090856358,0.108372279,0.347310007,0.014111998,0.468748659,-1.164929509,0.287112921,-0.117135376
0.002733876,-0.311526686,0.862717927,-0.001083225,-0.075500078,-0.655761182,0.751182914,0.000000000,0.000000000,0.493719717,-1.681450053,-0.135993453,0.000518250,-1.535665995,-0.523063334,0.504100010,-0.490532296,-1.688622904,0.190681411,0.000000003,1.653043174,-1.136553122,-0.102292444,0.516019702,-0.124278799,-0.024380632,-0.174529910,0.051722739,0.498595387,-1.179950595,0.090313271,0.108347371,0.347486198,0.014426595,0.469858855,-1.163821697,0.286369503,-0.116818607
0.002878999,-0.311560303,0.862878978,-0.000985969,-0.074746035,-0.655789435,0.751233935,0.000000000,0.000000000,0.493851138,-1.681236639,-0.136074237,0.000564762,-1.535890628,-0.522911672,0.503926742,-0.490508824,-1.688504919,0.190759412,0.000000097,1.653163397,-1.136327740,-0.102189530,0.516307116,-0.123548836,-0.024437916,-0.174529940,0.051224887,0.499280363,-1.179435968,0.089854412,0.108392745,0.347322166,0.014648980,0.470888168,-1.162708163,0.285426646,-0.116672173
0.002993509,-0.311552882,0.862988949,-0.001071487,-0.074187703,-0.655901849,0.751190901,0.000000000,0.000000000,0.493930871,-1.681307351,-0.136119975,0.000563999,-1.535991754,-0.522876009,0.503898416,-0.490395952,-1.688553076,0.190830703,0.000000098,1.653253526,-1.136228293,-0.102203931,0.516294956,-0.122630134,-0.024447935,-0.174529955,0.050710145,0.499895394,-1.178917289,0.089420825,0.108432576,0.347132206,0.014936881,0.471803933,-1.161521316,0.284464449,-0.116506144
0.003110668,-0.311527789,0.863123178,-0.001149458,-0.073834300,-0.656027734,0.751115680,0.000000000,0.000000000,0.493982944,-1.681328510,-0.136149041,0.000563566,-1.536055503,-0.522853137,0.503880274,-0.490294190,-1.688567726,0.190877432,0.000000099,1.653311276,-1.136165989,-0.102213361,0.516107500,-0.121917740,-0.024392929,-0.174529970,0.050120622,0.500305474,-1.178298354,0.088861965,0.108544946,0.346908450,0.015330346,0.472656131,-1.160193443,0.283421516,-0.116287231
0.003230967,-0.311502874,0.863225222,-0.001244894,-0.073554695,-0.656197608,0.750994563,0.000000000,0.000000000,0.493960261,-1.681249280,-0.136156451,0.000590459,-1.536080026,-0.522829174,0.503849651,-0.490262301,-1.688494904,0.190879163,0.000000099,1.653316286,-1.136142887,-0.102187961,0.515956342,-0.121180400,-0.024300287,-0.174529970,0.049705345,0.500599861,-1.177862048,0.088378921,0.108747169,0.346694738,0.015643660,0.473433644,-1.159094691,0.282340139,-0.116188169
0.003362384,-0.311481178,0.863297760,-0.001281615,-0.073295161,-0.656381607,0.750859082,0.000000000,0.000000000,0.494022613,-1.681248846,-0.136183692,0.000599903,-1.536138619,-0.522801350,0.503824626,-0.490155128,-1.688498143,0.190918563,0.000000099,1.653364316,-1.136085871,-0.102187093,0.515868425,-0.120524190,-0.024207663,-0.174529970,0.049419396,0.500899494,-1.177965760,0.088029929,0.108898722,0.346549064,0.015898626,0.474132240,-1.158467889,0.281485111,-0.116255581
0.003491841,-0.311438471,0.863335490,-0.001469887,-0.073110700,-0.656620562,0.750667751,0.000000000,0.000000000,0.494092469,-1.681224864,-0.136208949,0.000611305,-1.536194510,-0.522769760,0.503792490,-0.490074444,-1.688486617,0.190951790,0.000000099,1.653404798,-1.136030973,-0.102176655,0.515557945,-0.119747207,-0.024138613,-0.174529970,0.049175411,0.501143694,-1.178323030,0.087806299,0.108960710,0.346492231,0.016135694,0.474701554,-1.158217192,0.280892879,-0.116325200
0.003593445,-0.311383098,0.863349140,-0.001917517,-0.072909527,-0.656936586,0.750409782,0.000000000,0.000000000,0.495109658,-1.681345660,-0.146551074,0.000509101,-1.555668643,-0.512257030,0.489965435,-0.488454255,-1.688156810,0.194399679,0.000000000,1.657869090,-1.124473251,-0.091010971,0.515083551,-0.118502177,-0.024191612,-0.174529970,0.048935618,0.501236022,-1.178948998,0.087767489,0.108810171,0.346422434,0.016234022,0.474963903,-1.158223629,0.280594766,-0.116237454
0.003699851,-0.311357141,0.863321722,-0.002364017,-0.072722375,-0.657284975,0.750121534,0.000000000,0.000000000,0.494921268,-1.681374706,-0.146972446,0.000739735,-1.556563745,-0.511771124,0.489392451,-0.487489718,-1.687778606,0.194973082,0.000000087,1.658521182,-1.123563826,-0.090796820,0.514922798,-0.117143862,-0.024164915,-0.174529970,0.048770688,0.500929773,-1.179764152,0.087876402,0.109222129,0.346241325,0.016045447,0.474467158,-1.158234119,0.280440778,-0.116320245
0.003801498,-0.311332315,0.863142490,-0.002775795,-0.072379619,-0.657673717,0.749812543,0.000000000,0.000000000,0.494430516,-1.681240730,-0.147587726,0.000732708,-1.557815058,-0.511115909,0.488636359,-0.486773379,-1.687446539,0.195834104,0.000000079,1.659456355,-1.122265942,-0.090545231,0.515200138,-0.115670502,-0.024167990,-0.174529970,0.048701338,0.500800490,-1.181201696,0.088228531,0.109455258,0.346208870,0.015706398,0.473744780,-1.158706784,0.280649513,-0.116541751
0.003891541,-0.311271727,0.862891078,-0.003304896,-0.072138242,-0.658102632,0.749457181,0.000000000,0.000000000,0.494367724,-1.681149940,-0.147594642,0.000783414,-1.557836204,-0.511088846,0.488597701,-0.486789315,-1.687343877,0.195830928,0.000000099,1.659452506,-1.122243132,-0.090508572,0.515265465,-0.114175677,-0.024160083,-0.174529970,0.048552588,0.500718057,-1.182900071,0.088714980,0.109673500,0.346334726,0.015420746,0.472687751,-1.159322143,0.281222671,-0.116552718
0.003997279,-0.311199903,0.862542689,-0.003868339,-0.071962416,-0.658459961,0.749157488,0.000000000,0.000000000,0.494379060,-1.681263063,-0.147646139,0.000782309,-1.557930219,-0.511056774,0.488563927,-0.486673300,-1.687353390,0.195909219,0.000000098,1.659537095,-1.122146860,-0.090519023,0.515148580,-0.112841621,-0.024206793,-0.174529970,0.048198499,0.500866234,-1.185051084,0.089281559,0.109696269,0.346495181,0.015012221,0.471728027,-1.159820557,0.281881541,-0.116382152
0.004112350,-0.311136872,0.862123251,-0.004417594,-0.071749128,-0.658821702,0.748856843,0.000000000,0.000000000,0.494368509,-1.681245559,-0.147647177,0.000787818,-1.557933518,-0.511051849,0.488556653,-0.486680741,-1.687331639,0.195907814,0.000000100,1.659535344,-1.122143349,-0.090511652,0.515057504,-0.111477755,-0.024273030,-0.174529970,0.047654223,0.501205027,-1.187851071,0.090029098,0.109425783,0.346683711,0.014674113,0.470665753,-1.160427332,0.282762706,-0.116014898
0.004218985,-0.311090529,0.861644030,-0.004986342,-0.071513399,-0.659201980,0.748541057,0.000000000,0.000000000,0.494331112,-1.681311606,-0.147681393,0.000787102,-1.557995096,-0.511025893,0.488525499,-0.486632399,-1.687297601,0.195951096,0.000000099,1.659580890,-1.122081112,-0.090505878,0.515199780,-0.109943882,-0.024310254,-0.174529970,0.047014061,0.501377344,-1.191198945,0.091196433,0.109080069,0.346730411,0.014376866,0.469250470,-1.160931349,0.283680797,-0.115541078
0.004332406,-0.311070681,0.861153364,-0.005424090,-0.071136780,-0.659545958,0.748270810,0.000000000,0.000000000,0.494317589,-1.681292218,-0.147681976,0.000794307,-1.557997406,-0.511020866,0.488518084,-0.486644307,-1.687272696,0.195948427,0.000000100,1.659577679,-1.122078467,-0.090497706,0.515666127,-0.108430073,-0.024409702,-0.174529970,0.046390265,0.501582980,-1.195214510,0.092723884,0.108417943,0.346745223,0.014055451,0.467720360,-1.161442637,0.284658760,-0.115319751
0.004457721,-0.311059892,0.860789418,-0.005740890,-0.070736147,-0.659829021,0.748056948,0.000000000,0.000000000,0.494340128,-1.681361260,-0.147717197,0.000793619,-1.558057236,-0.510991355,0.488487007,-0.486701893,-1.687255711,0.195990747,0.000000099,1.659620543,-1.122012376,-0.090491081,0.516220450,-0.107121751,-0.024520166,-0.174529970,0.045647793,0.501984954,-1.200258255,0.094519377,0.107413232,0.346875310,0.013917260,0.466178924,-1.161880374,0.285895884,-0.115037680
0.004579760,-0.311044157,0.860995233,-0.006045652,-0.070450798,-0.660073400,0.747865796,0.000000000,0.000000000,0.494333310,-1.681341755,-0.147718012,0.000800862,-1.558059765,-0.510985967,0.488479497,-0.486718667,-1.687232880,0.195988454,0.000000100,1.659617585,-1.122009192,-0.090482963,0.516991377,-0.105864957,-0.024566963,-0.174502403,0.045007538,0.502142191,-1.206793308,0.096967258,0.106247902,0.346863329,0.013811499,0.464092046,-1.162437677,0.287286162,-0.115018681
0.004697881,-0.311013818,0.861194193,-0.006406057,-0.070311196,-0.660282195,0.747691631,0.000000000,0.000000000,0.494380775,-1.681350144,-0.147757138,0.000800331,-1.558126707,-0.510948829,0.488442788,-0.486770086,-1.687242108,0.196040928,0.000000099,1.659669527,-1.121931527,-0.090476073,0.517828941,-0.104724243,-0.024577733,-0.174400553,0.044397086,0.501785755,-1.214334011,0.099905722,0.105048388,0.346873909,0.013572915,0.461473137,-1.162898540,0.288756937,-0.115204617
0.004824701,-0.310998291,0.861381173,-0.006640714,-0.070140235,-0.660435379,0.747570276,0.000000000,0.000000000,0.494766699,-1.681173130,-0.147888069,0.000921743,-1.558358539,-0.510765860,0.488254005,-0.487124063,-1.687405333,0.196197135,0.000000095,1.659821555,-1.121645391,-0.090383878,0.518866658,-0.103728183,-0.024628356,-0.174234122,0.043844722,0.501400948,-1.222982883,0.103423998,0.103687853,0.346904933,0.013216008,0.458864033,-1.163257599,0.290296316,-0.115642384
0.004911920,-0.310975075,0.861547232,-0.006965881,-0.070013896,-0.660643756,0.747395098,0.000000000,0.000000000,0.495028324,-1.681050406,-0.148011372,0.000943337,-1.558572932,-0.510597070,0.488078329,-0.487382380,-1.687478153,0.196342825,0.000000095,1.659963151,-1.121385630,-0.090297910,0.519803822,-0.102579921,-0.024709592,-0.173981085,0.043527827,0.500663459,-1.232408047,0.107410692,0.102130175,0.346934795,0.012682494,0.456106752,-1.163434625,0.291731507,-0.116287909
0.004994214,-0.310982496,0.861667991,-0.007087554,-0.069927998,-0.660795987,0.747267365,0.000000000,0.000000000,0.495054108,-1.681055247,-0.148017658,0.000943279,-1.558583025,-0.510590605,0.488073365,-0.487392748,-1.687497473,0.196352482,0.000000100,1.659972979,-1.121372558,-0.090298458,0.521091640,-0.101765223,-0.024785874,-0.173788190,0.043529764,0.499266088,-1.241843581,0.111646213,0.100662783,0.346813709,0.012009751,0.453260034,-1.163599968,0.293102533,-0.117278673
0.005075252,-0.310998052,0.861805677,-0.007048793,-0.069909632,-0.660916746,0.747162700,0.000000000,0.000000000,0.496700205,-1.677448399,-0.162794595,0.001388670,-1.577249658,-0.499331262,0.475670988,-0.490214630,-1.688795199,0.207938903,0.000075902,1.669495361,-1.108426347,-0.081649865,0.522300243,-0.101280406,-0.024836831,-0.173703611,0.043701466,0.497308880,-1.250570059,0.116189614,0.099191502,0.346578240,0.011268319,0.450709850,-1.163475871,0.294295520,-0.118472271
0.005136500,-0.311000586,0.861914635,-0.007070705,-0.070033886,-0.661056936,0.747026742,0.000000000,0.000000000,0.496538194,-1.677800887,-0.162849184,0.001547760,-1.577343888,-0.499206854,0.475533960,-0.490294385,-1.688743351,0.207955866,0.000074311,1.669523565,-1.108292301,-0.081531728,0.523019552,-0.100823745,-0.024858579,-0.173673168,0.044104569,0.494894356,-1.258015037,0.120665900,0.097747773,0.346261680,0.010566888,0.448572159,-1.163302064,0.295490175,-0.119662993
0.005196841,-0.311039209,0.861943722,-0.006819278,-0.070139907,-0.661063015,0.747013748,0.000000000,0.000000000,0.496539234,-1.677846184,-0.162854115,0.001547746,-1.577351282,-0.499201545,0.475529893,-0.490292834,-1.688771705,0.207963027,0.000074172,1.669532304,-1.108281648,-0.081532270,0.523752689,-0.100769505,-0.024845965,-0.173776731,0.044567928,0.492441237,-1.264474630,0.125334516,0.096213654,0.345786989,0.009905539,0.447334737,-1.163082838,0.296288282,-0.120956570
0.005223487,-0.311064839,0.861923337,-0.006650439,-0.070332967,-0.660984635,0.747066498,0.000000000,0.000000000,0.495181480,-1.680363836,-0.172459499,0.011732529,-1.591476645,-0.488075200,0.464415853,-0.490879890,-1.689877555,0.215001232,0.000000751,1.681258415,-1.093941192,-0.073887898,0.524133086,-0.100795388,-0.024836048,-0.173889637,0.045135595,0.489433974,-1.269509554,0.130107760,0.094963141,0.345178366,0.009078349,0.446573138,-1.162851691,0.296748847,-0.122110546
0.005253033,-0.311065018,0.861940503,-0.006624946,-0.070759080,-0.660784781,0.747203290,0.000000000,0.000000000,0.492617718,-1.679207121,-0.189519976,0.011041952,-1.610520265,-0.473650557,0.449248525,-0.490090760,-1.690185679,0.222668268,0.000000005,1.692666114,-1.076517860,-0.062892359,0.523633003,-0.100921631,-0.024700288,-0.174045444,0.045611225,0.486287266,-1.272985697,0.134573251,0.094040990,0.344338745,0.008415837,0.446533054,-1.162117958,0.296818107,-0.122914732
0.005264490,-0.311091900,0.861857593,-0.006485922,-0.071124651,-0.660524487,0.747399926,0.000000000,0.000000000,0.492481758,-1.678586852,-0.190273863,0.011367532,-1.611540962,-0.472679737,0.448265403,-0.490517197,-1.690318651,0.223741941,0.000000078,1.694037588,-1.074758059,-0.062585278,0.523208618,-0.101177335,-0.024441879,-0.174206823,0.046320587,0.483230978,-1.275225401,0.138666555,0.093462132,0.343485832,0.007870700,0.447149724,-1.161411881,0.296406209,-0.123668045
0.005272620,-0.311126679,0.862657964,-0.006307674,-0.071469322,-0.660174608,0.747677624,0.000000000,0.000000000,0.490885620,-1.678284884,-0.191781209,0.011818015,-1.613537031,-0.471229357,0.446779596,-0.491388541,-1.691011890,0.226494616,0.000000050,1.697443530,-1.071301405,-0.062644994,0.522842228,-0.101745829,-0.024157573,-0.174319923,0.046811715,0.480240315,-1.276400685,0.142536774,0.093065202,0.342914730,0.007536069,0.448135912,-1.161226273,0.295908153,-0.123890199
0.005292472,-0.311182857,0.863486767,-0.006033971,-0.071747936,-0.659774423,0.748006344,0.000000000,0.000000000,0.488295242,-1.677291347,-0.205768065,0.013461217,-1.627952267,-0.460596489,0.434976885,-0.492161487,-1.691767238,0.237173189,0.000000001,1.711974174,-1.057675870,-0.053757392,0.522696137,-0.102616623,-0.023882024,-0.174393445,0.047412194,0.477382779,-1.276901484,0.146073192,0.092875160,0.342594028,0.007472177,0.449552834,-1.161404729,0.295481473,-0.124112800
0.005323007,-0.311244965,0.864275396,-0.005611240,-0.072026454,-0.659296572,0.748404086,0.000000000,0.000000000,0.488784333,-1.676906022,-0.206557731,0.013809457,-1.628932566,-0.459649352,0.433933616,-0.492737541,-1.692055700,0.238356209,0.000000074,1.713668932,-1.055812290,-0.053380028,0.522771537,-0.103893012,-0.023630511,-0.174441233,0.048443459,0.474523842,-1.277077079,0.149476752,0.092982538,0.342418790,0.007557767,0.451159596,-1.162129521,0.295041442,-0.124363199
0.005344345,-0.311306685,0.864960015,-0.005118121,-0.072230861,-0.658815086,0.748811841,0.000000000,0.000000000,0.488746915,-1.676842078,-0.206564542,0.013850306,-1.628941884,-0.459627060,0.433909078,-0.492809257,-1.692012301,0.238355417,0.000000100,1.713673897,-1.055791832,-0.053353803,0.522847712,-0.105335452,-0.023398433,-0.174472302,0.049667500,0.472185820,-1.276723027,0.152302355,0.093407169,0.342492700,0.007896435,0.453061998,-1.163102031,0.294612736,-0.124376014
0.005367219,-0.311352938,0.865551353,-0.004524963,-0.072549529,-0.658365786,0.749179959,0.000000000,0.000000000,0.488776376,-1.676883038,-0.206583254,0.013848827,-1.628965076,-0.459614850,0.433893413,-0.492857271,-1.692119702,0.238395318,0.000000099,1.713728337,-1.055741923,-0.053361174,0.522865534,-0.107216045,-0.023140345,-0.174492493,0.051032435,0.470263541,-1.276292086,0.154551461,0.094035685,0.342721939,0.008502993,0.455120504,-1.164194584,0.294181764,-0.124415398
0.005382876,-0.311368167,0.865981162,-0.003991542,-0.072992817,-0.657993138,0.749467254,0.000000000,0.000000000,0.487900354,-1.677144527,-0.219184837,0.017094290,-1.641642000,-0.450673588,0.422777417,-0.495179554,-1.693546216,0.245684359,0.000000000,1.728514193,-1.043759158,-0.044358474,0.522673726,-0.109238043,-0.022847876,-0.174505621,0.052411720,0.468646884,-1.276061654,0.156715214,0.095226198,0.342973948,0.009407491,0.457498550,-1.165384889,0.293694675,-0.124055624
0.005402181,-0.311379552,0.866178870,-0.003349305,-0.073415205,-0.657735348,0.749655366,0.000000000,0.000000000,0.488627008,-1.676746277,-0.219801309,0.017260762,-1.642408282,-0.450141878,0.421940695,-0.495801585,-1.693734700,0.246739792,0.000000075,1.730143326,-1.042242599,-0.044081485,0.522545576,-0.111501016,-0.022449173,-0.174514145,0.054112792,0.467808962,-1.276165247,0.158785984,0.096433714,0.343318731,0.010731071,0.460754484,-1.167114139,0.293187827,-0.123451516
0.005385769,-0.311391205,0.866172016,-0.002775793,-0.073753737,-0.657623529,0.749722600,0.000000000,0.000000000,0.487545574,-1.676767717,-0.221969577,0.016871171,-1.645215273,-0.448578044,0.418905385,-0.497270089,-1.694072537,0.249711012,0.000000036,1.734919660,-1.038286795,-0.042007901,0.522320986,-0.113627091,-0.022047525,-0.174519688,0.055853482,0.467647076,-1.276860237,0.160978764,0.097769938,0.343565792,0.012664892,0.465123683,-1.169389844,0.292691261,-0.122352958
0.005391956,-0.311421871,0.865772367,-0.002115440,-0.074048191,-0.657667160,0.749657452,0.000000000,0.000000000,0.485283369,-1.675586383,-0.224115776,0.016126728,-1.648388690,-0.447850193,0.415843305,-0.495726288,-1.693899682,0.253444411,0.000000034,1.740640713,-1.034236993,-0.040042734,0.522228658,-0.115857229,-0.021427277,-0.174523294,0.057739012,0.468510896,-1.278546810,0.163368210,0.099697664,0.343842447,0.015356086,0.470720291,-1.173041463,0.292906851,-0.120432332
0.005432822,-0.311418593,0.864879668,-0.001408187,-0.074271545,-0.657640934,0.749660075,0.000000000,0.000000000,0.484054430,-1.675591019,-0.224404552,0.016111153,-1.648987568,-0.447929841,0.415212037,-0.494590028,-1.693701536,0.254107252,0.000000078,1.741706528,-1.033606164,-0.039559879,0.521645427,-0.118572384,-0.020814564,-0.174525633,0.059235208,0.471275687,-1.281786919,0.165851742,0.103286110,0.344152361,0.018551383,0.479162633,-1.178655267,0.293694735,-0.117801048
0.005540172,-0.311481893,0.863499641,-0.000493544,-0.074390851,-0.657668650,0.749625087,0.000000000,0.000000000,0.478879840,-1.673860734,-0.225139650,0.015296421,-1.650992259,-0.449045089,0.413618146,-0.489109870,-1.693560730,0.256556437,0.000000049,1.745150727,-1.032602001,-0.038203879,0.521146476,-0.121749684,-0.019955561,-0.174527168,0.060195632,0.475167900,-1.286213040,0.169126868,0.109343998,0.344566971,0.022227908,0.489345253,-1.185600400,0.295341849,-0.115023732
0.005673517,-0.311685622,0.861273408,0.001079125,-0.073657177,-0.658004880,0.749401748,0.000000000,0.000000000,0.478798532,-1.674002558,-0.225158014,0.015237654,-1.651209902,-0.449400507,0.413514802,-0.488402316,-1.692950388,0.257082764,0.000000090,1.745682637,-1.032530261,-0.038198147,0.521765232,-0.124722555,-0.018776398,-0.174528152,0.061229169,0.482417405,-1.293429017,0.173277065,0.117452353,0.345287174,0.026916355,0.503023624,-1.194739342,0.298253000,-0.112905420
0.005814913,-0.312034041,0.857728779,0.003133589,-0.071636438,-0.658379257,0.749263048,0.000000000,0.000000000,0.478931649,-1.674036542,-0.225155706,0.015216026,-1.651239462,-0.449469682,0.413506928,-0.488418689,-1.692965642,0.257160745,0.000000099,1.745755512,-1.032532889,-0.038202147,0.523618340,-0.127227485,-0.017742554,-0.174528793,0.061455991,0.493994087,-1.303394556,0.178359777,0.128091544,0.346414149,0.032941416,0.522391081,-1.205467939,0.301593453,-0.111513354
0.005961359,-0.312511623,0.852695525,0.005432319,-0.068679601,-0.658707559,0.749238253,0.000000000,0.000000000,0.478927061,-1.673937022,-0.225149395,0.015215623,-1.651251340,-0.449494297,0.413490834,-0.488467192,-1.692901204,0.257177252,0.000000099,1.745765070,-1.032550583,-0.038174749,0.526874959,-0.129277527,-0.016855381,-0.174529210,0.060539901,0.508446455,-1.315088630,0.184896559,0.141592830,0.347427040,0.040818840,0.546849668,-1.216789007,0.304728061,-0.109611407
0.006204021,-0.313344717,0.847603559,0.008252336,-0.063813612,-0.658726692,0.749625862,0.000000000,0.000000000,0.478954371,-1.673943000,-0.225136242,0.015174080,-1.651293229,-0.449627582,0.413488545,-0.488511130,-1.692951040,0.257284680,0.000000098,1.745855384,-1.032590257,-0.038182507,0.532682002,-0.130705357,-0.016820285,-0.174529493,0.058260635,0.526736677,-1.326520562,0.192016765,0.156005427,0.348793387,0.050211675,0.577641010,-1.227667809,0.305677116,-0.108070768
0.006726887,-0.314812779,0.842901766,0.011866067,-0.057287570,-0.658166230,0.750596166,0.000000000,0.000000000,0.483304989,-1.671949256,-0.224272045,0.013110953,-1.654025276,-0.455760085,0.411827513,-0.496758759,-1.695348770,0.260620530,0.000000042,1.748636008,-1.036261962,-0.035261189,0.541428804,-0.132826656,-0.017744144,-0.174529672,0.055561848,0.547089338,-1.336359024,0.199087262,0.168936089,0.350643486,0.060542308,0.613136470,-1.236271501,0.303394556,-0.107496738
0.007648313,-0.317020893,0.839235425,0.015368282,-0.050580800,-0.657177150,0.751880109,0.000000000,0.000000000,0.483318196,-1.671987623,-0.224269749,0.013105563,-1.654031335,-0.455781947,0.411827451,-0.496755933,-1.695379128,0.260634099,0.000000100,1.748649660,-1.036269630,-0.035262649,0.550394177,-0.135967314,-0.019337457,-0.174529791,0.053155556,0.563835382,-1.343383312,0.206560239,0.178309590,0.352270842,0.070417434,0.647225499,-1.242772222,0.299363285,-0.106944263
0.009197593,-0.320636600,0.837676764,0.019801632,-0.042286098,-0.655760348,0.753523827,0.000000000,0.000000000,0.478916128,-1.670336704,-0.222461480,0.011718330,-1.656779308,-0.463213181,0.410117544,-0.495496198,-1.696502275,0.265349208,0.000000037,1.753162881,-1.040860081,-0.032569000,0.559653819,-0.139897212,-0.021539994,-0.174529850,0.050994277,0.577809572,-1.347337008,0.214491948,0.184152111,0.354678631,0.078202806,0.679529488,-1.247446895,0.294261336,-0.107416317
0.011291751,-0.325620413,0.838579357,0.024733428,-0.033505388,-0.653477728,0.755799234,0.000000000,0.000000000,0.474751317,-1.668361344,-0.220154636,0.011336202,-1.658970339,-0.470531909,0.408751498,-0.493069859,-1.696572394,0.271682610,0.000000036,1.759032309,-1.044623852,-0.030974660,0.568986118,-0.145336196,-0.024116825,-0.174529895,0.049259767,0.584304035,-1.349283338,0.224473953,0.185119390,0.357393503,0.082628205,0.705751657,-1.251291752,0.289130926,-0.107644640
0.013751756,-0.331551671,0.841523826,0.029970374,-0.024679147,-0.650439620,0.758565068,0.000000000,0.000000000,0.480747852,-1.666311181,-0.218075133,0.015553333,-1.659854992,-0.474904527,0.407399790,-0.495368365,-1.696917316,0.275470076,0.000000041,1.763148126,-1.046650955,-0.029336110,0.577519953,-0.152036950,-0.026910644,-0.174529925,0.047949478,0.585000157,-1.349142313,0.235977054,0.181983560,0.360544860,0.083924755,0.727093220,-1.254611254,0.284375846,-0.107319497
0.016375059,-0.337864280,0.845675826,0.034542404,-0.017157298,-0.646947801,0.761558235,0.000000000,0.000000000,0.494785690,-1.669097932,-0.204254416,0.031847894,-1.661860080,-0.481335753,0.397511634,-0.496197728,-1.696102307,0.277323971,0.000000003,1.773063999,-1.053805085,-0.013983790,0.584431589,-0.159195364,-0.029537702,-0.174529940,0.047228836,0.579095542,-1.348508835,0.249744818,0.176467627,0.363380134,0.081885651,0.741730154,-1.257912755,0.280630201,-0.106096201
0.019062920,-0.344286978,0.850982666,0.037486855,-0.011128125,-0.643352985,0.764570355,0.000000000,0.000000000,0.508385849,-1.667951357,-0.201555632,0.041662201,-1.660821185,-0.484739637,0.396098058,-0.504280826,-1.696269287,0.281372216,0.000000028,1.778993960,-1.052825552,-0.012901616,0.588790655,-0.165147454,-0.031969622,-0.174529955,0.047109466,0.566748619,-1.345373750,0.265127987,0.168637574,0.365496278,0.076957002,0.748972416,-1.259902000,0.278051049,-0.103767082
0.021809034,-0.351026714,0.858324349,0.039283920,-0.006357155,-0.640082657,0.767274737,0.000000000,0.000000000,0.513522049,-1.665965774,-0.200397492,0.049253477,-1.659637539,-0.485478915,0.395818627,-0.498013147,-1.693170603,0.283513082,0.000000052,1.782204159,-1.050795613,-0.013099672,0.590368211,-0.169182509,-0.033137333,-0.174529970,0.046158403,0.547868550,-1.335896134,0.280359834,0.160668999,0.365775198,0.070852429,0.747876227,-1.257138848,0.276680201,-0.099441901
0.024790671,-0.358213395,0.867941499,0.040399790,-0.002366605,-0.636588514,0.770141125,0.000000000,0.000000000,0.530557904,-1.667744583,-0.194212634,0.069601207,-1.648539992,-0.477552912,0.392200427,-0.499761242,-1.691019108,0.284615632,0.000000002,1.791593135,-1.035782762,-0.006189925,0.589288175,-0.172311395,-0.033717893,-0.174529970,0.044146251,0.523079991,-1.318986535,0.295147985,0.151998207,0.363565505,0.064288601,0.741448283,-1.248311877,0.274127245,-0.093186751
0.028087717,-0.365962684,0.880032778,0.040798437,0.000631773,-0.633052945,0.773032427,0.000000000,0.000000000,0.534241123,-1.663281387,-0.192221273,0.080504592,-1.634074806,-0.465022411,0.390989412,-0.494971271,-1.688676343,0.293894940,0.000135561,1.808478504,-1.013029883,-0.002478493,0.583529711,-0.174192771,-0.032947157,-0.174529970,0.041054375,0.493949294,-1.293323278,0.307859361,0.144555897,0.357703149,0.058379471,0.729936123,-1.232074022,0.270714402,-0.083523802
0.031887211,-0.374540865,0.895349801,0.040032148,0.003559121,-0.629661560,0.775829315,0.000000000,0.000000000,0.521660159,-1.664137660,-0.200853271,0.091947584,-1.614871360,-0.443924726,0.391384035,-0.491425372,-1.686898684,0.304352205,0.000000001,1.829360487,-0.978226300,0.001066477,0.571385026,-0.172918275,-0.031733349,-0.174529970,0.035406727,0.461694807,-1.256111622,0.317004263,0.138602078,0.347942382,0.053967528,0.715045929,-1.206124663,0.266609043,-0.071832895
0.036282569,-0.384248674,0.913287520,0.037569411,0.005697963,-0.626746893,0.778295815,0.000000000,0.000000000,0.503278840,-1.651956555,-0.207653150,0.099009196,-1.597578718,-0.421877026,0.392565082,-0.482619415,-1.682297475,0.303260936,0.000000005,1.839574057,-0.948474146,0.006140903,0.551347494,-0.167926490,-0.029961735,-0.174529970,0.027277416,0.426702976,-1.209557533,0.321613252,0.133294791,0.334661186,0.050961167,0.694264293,-1.170228243,0.261831522,-0.056371402
0.041949540,-0.395827800,0.934855044,0.033601444,0.006795844,-0.624898076,0.779953301,0.000000000,0.000000000,0.454732266,-1.645625776,-0.232378728,0.134584843,-1.577179650,-0.390877500,0.394217655,-0.455755990,-1.676827258,0.305503716,0.000000000,1.841448354,-0.909322379,0.013138627,0.520377815,-0.159326956,-0.026923332,-0.174529970,0.015201533,0.388871908,-1.150405645,0.321758479,0.129456162,0.317469299,0.051452510,0.667400658,-1.120083809,0.257104695,-0.036515173
0.049244493,-0.409984231,0.956881523,0.027828773,0.006117299,-0.624150753,0.780784190,0.000000000,0.000000000,0.405331389,-1.636701690,-0.274246876,0.176288797,-1.556777412,-0.355691458,0.395549769,-0.425796249,-1.665172903,0.299342405,0.000000000,1.833841129,-0.868930358,0.022010484,0.481056213,-0.148343861,-0.023070455,-0.174529970,0.001590243,0.348835051,-1.086959243,0.316539377,0.127876356,0.297836095,0.052118108,0.632329583,-1.061779737,0.253123224,-0.013485411
0.058291707,-0.427562177,0.980543315,0.019648086,0.003452156,-0.624856293,0.780484915,0.000000000,0.000000000,0.335908796,-1.615183513,-0.321491690,0.209371101,-1.538307764,-0.316275329,0.395947698,-0.377783660,-1.655863299,0.287637504,0.007157621,1.826968152,-0.840405840,0.026250809,0.431791544,-0.134003490,-0.018207727,-0.174529970,-0.013776926,0.302193135,-1.012893200,0.306171000,0.128852174,0.276167661,0.053547516,0.588733613,-0.992307544,0.250186086,0.011981154
0.068647347,-0.449295878,1.004254103,0.011135517,-0.000068323,-0.627743781,0.778340399,0.000000000,0.000000000,0.295560491,-1.588821019,-0.317422884,0.217521196,-1.533443814,-0.314397118,0.393977404,-0.332693941,-1.648580309,0.284562400,0.011464378,1.825101982,-0.835942402,0.028316091,0.379855484,-0.118469588,-0.008343129,-0.174529970,-0.026723614,0.253666610,-0.939845204,0.288907349,0.135572791,0.254721582,0.052970372,0.528227866,-0.911234319,0.248941258,0.038772024
0.079600357,-0.475130320,1.036696076,0.003576612,-0.000523124,-0.632745087,0.774351716,0.000000000,0.000000000,0.260513300,-1.571448946,-0.311536677,0.221374034,-1.529218254,-0.320365723,0.390575316,-0.280505921,-1.639827151,0.282584245,0.017890023,1.824207736,-0.835851696,0.029463263,0.333554149,-0.098682456,0.005823299,-0.174529970,-0.034439437,0.203491628,-0.865463316,0.266698122,0.143778637,0.234601662,0.048324220,0.457947820,-0.822363198,0.247585937,0.062879764
0.090785436,-0.503480613,1.067374825,-0.002734177,0.003029238,-0.638878167,0.769297123,0.000000000,0.000000000,0.232418432,-1.558700196,-0.306187877,0.224517018,-1.524826205,-0.328148110,0.386939815,-0.255460679,-1.634245927,0.279228766,0.027549759,1.821330601,-0.836435129,0.030397723,0.298216343,-0.074546017,0.022050254,-0.174529970,-0.035976440,0.161523700,-0.802720785,0.241908967,0.152132183,0.215128928,0.038550772,0.386949599,-0.735559940,0.244207442,0.082492322
0.101811223,-0.532577515,1.090548635,-0.006831722,0.008311278,-0.645046353,0.764067709,0.000000000,0.000000000,0.213900393,-1.548913866,-0.301647585,0.228475171,-1.519198379,-0.338287128,0.382623432,-0.241887535,-1.632129700,0.275513327,0.037482841,1.817768412,-0.836879365,0.031352415,0.274537325,-0.051122330,0.038663678,-0.174529970,-0.030112697,0.131312728,-0.760786355,0.218604743,0.161277533,0.196531534,0.022262977,0.321335256,-0.660581172,0.241910130,0.097675875
0.111682504,-0.561171710,1.107599378,-0.009737547,0.013426563,-0.649327040,0.760328412,0.000000000,0.000000000,0.201700029,-1.542665854,-0.298361655,0.232054302,-1.514387380,-0.347441560,0.378560140,-0.233606855,-1.628969530,0.271995815,0.046296616,1.814291392,-0.837838639,0.032076643,0.258993089,-0.028867170,0.051996164,-0.174529970,-0.021727152,0.109903693,-0.735733509,0.197541654,0.169822037,0.177358061,0.002081252,0.259436101,-0.593628347,0.240818620,0.110499576
0.120436922,-0.588586390,1.119517684,-0.009847546,0.017026760,-0.651278973,0.758583367,0.000000000,0.000000000,0.197962183,-1.541591081,-0.297849431,0.232177678,-1.514072129,-0.348076601,0.378226751,-0.228505501,-1.627743648,0.271717561,0.047150840,1.814135732,-0.837954329,0.032152529,0.250357568,-0.010426964,0.061120689,-0.174529970,-0.011893676,0.100809328,-0.727824211,0.181733340,0.176062524,0.154526681,-0.019240463,0.202976614,-0.534960628,0.240882456,0.121880107
0.127945676,-0.614097714,1.127555251,-0.007640568,0.018422378,-0.650989413,0.758824766,0.000000000,0.000000000,0.130698015,-1.521735486,-0.263156800,0.253898883,-1.467171989,-0.395660910,0.334512973,-0.216476017,-1.594105488,0.223990611,0.084670248,1.770716611,-0.866227055,0.033473760,0.247882634,0.003720450,0.065830104,-0.174529970,-0.002936412,0.109529212,-0.731563330,0.167894796,0.179982573,0.128096461,-0.039198481,0.148542508,-0.485221893,0.244989380,0.132863194
0.134327814,-0.637010455,1.132330775,-0.004312048,0.017410150,-0.649676621,0.759999096,0.000000000,0.000000000,0.105548859,-1.516312221,-0.258991285,0.255792462,-1.464593147,-0.397116969,0.328547295,-0.210644310,-1.579719346,0.221630688,0.094095339,1.768286632,-0.867170525,0.034123668,0.247266442,0.015539121,0.066581160,-0.174529970,0.005740960,0.135531023,-0.732339740,0.152069345,0.181457311,0.097959705,-0.057315864,0.098955229,-0.445585996,0.253715843,0.141281441
0.139578879,-0.657383025,1.134805560,-0.000491671,0.014549468,-0.647344291,0.762058735,0.000000000,0.000000000,0.083224134,-1.511736960,-0.255058997,0.258337940,-1.460918912,-0.397177161,0.321392795,-0.200755380,-1.556769480,0.218404886,0.107642399,1.765041148,-0.867516926,0.035216051,0.244454712,0.025801437,0.065738045,-0.174529970,0.014292584,0.176217690,-0.716350317,0.128729329,0.184332013,0.065883465,-0.076437183,0.058616087,-0.413188010,0.262912333,0.145644367
0.143957645,-0.675925255,1.134886265,0.002998719,0.010613357,-0.643006623,0.765781164,0.000000000,0.000000000,0.052871970,-1.507853307,-0.251069238,0.260222955,-1.455180366,-0.394770353,0.312449032,-0.168677506,-1.532282292,0.212621968,0.124415358,1.760116828,-0.866357600,0.037645398,0.240226224,0.033658691,0.062627412,-0.174529970,0.028225109,0.218839914,-0.676447630,0.095837906,0.189716935,0.035162307,-0.100269265,0.031551413,-0.396005839,0.272761047,0.143591285
0.148134395,-0.693612218,1.134574413,0.006200944,0.006201492,-0.636992931,0.770819724,0.000000000,0.000000000,0.035191614,-1.505356871,-0.291082334,0.265258174,-1.434064250,-0.371216194,0.299594278,-0.164222315,-1.577196338,0.217113241,0.214333906,1.727606264,-0.856670622,0.039989986,0.231944025,0.036811262,0.059244156,-0.174529970,0.046678558,0.263507366,-0.613955557,0.053040799,0.198538721,0.010066438,-0.128036648,0.016567329,-0.383876324,0.279660583,0.136978865
0.152547777,-0.711047411,1.132579207,0.009130687,0.002199493,-0.630067468,0.776483655,0.000000000,0.000000000,0.017480568,-1.486140763,-0.360883691,0.277795099,-1.416926384,-0.338906902,0.294030738,-0.155698982,-1.610945787,0.246585267,0.304333446,1.687460823,-0.843359640,0.042161873,0.224904031,0.038730338,0.053851437,-0.174529970,0.067036115,0.299449623,-0.538810134,0.002834631,0.206752002,-0.011943976,-0.153697252,0.005172377,-0.386245370,0.288800716,0.127127320
0.157584637,-0.727061689,1.129928112,0.011233639,-0.001861382,-0.622461200,0.782567859,0.000000000,0.000000000,-0.005213901,-1.469039424,-0.445841690,0.299276151,-1.401151182,-0.304348387,0.291220347,-0.161759667,-1.622694064,0.295824470,0.326149140,1.648693605,-0.830699623,0.044187780,0.215634406,0.039386854,0.048440445,-0.174529970,0.084849536,0.328688592,-0.464478225,-0.047321927,0.215540573,-0.031134862,-0.176834136,-0.005444000,-0.394103259,0.298754215,0.116749331
0.162636027,-0.740048051,1.127282023,0.013140954,-0.004788544,-0.614455819,0.788827300,0.000000000,0.000000000,-0.055649769,-1.454709278,-0.535282619,0.322855753,-1.386016356,-0.267895234,0.289459483,-0.135005370,-1.620178753,0.341528634,0.317275478,1.612404880,-0.818377257,0.046244514,0.206159860,0.040935464,0.042481139,-0.174529970,0.096109696,0.350733310,-0.398617327,-0.094633542,0.224061042,-0.048196502,-0.193061858,-0.018716812,-0.397481799,0.306041837,0.107618019
0.167504221,-0.749621868,1.123589158,0.015954077,-0.007182685,-0.606463611,0.794918716,0.000000000,0.000000000,-0.101882715,-1.440867169,-0.625274710,0.344734768,-1.371120769,-0.230294905,0.288123930,-0.111785111,-1.617887000,0.378670625,0.298618120,1.578612214,-0.806125329,0.048368610,0.199056059,0.042879008,0.036499079,-0.174529970,0.099752069,0.365315348,-0.346832722,-0.132734954,0.227847919,-0.065231323,-0.196440011,-0.032430787,-0.402648300,0.309996784,0.100480065
0.172154397,-0.756080389,1.117859125,0.019662840,-0.009676102,-0.598761261,0.800627649,0.000000000,0.000000000,-0.130114451,-1.427471011,-0.665941669,0.348852561,-1.360549173,-0.202131682,0.283987221,-0.103088969,-1.618487282,0.392092718,0.289567927,1.556506147,-0.789937010,0.057605151,0.194021538,0.043733396,0.031819884,-0.174529970,0.096117303,0.374445736,-0.308040977,-0.161453068,0.230373263,-0.081191882,-0.188356563,-0.050869714,-0.413036585,0.312296659,0.092776664
0.176392674,-0.760390759,1.111575127,0.024234893,-0.011742649,-0.590538085,0.806560338,0.000000000,0.000000000,-0.146544005,-1.423103528,-0.666789272,0.345507706,-1.359921980,-0.198655753,0.283436223,-0.098021318,-1.617739686,0.392797603,0.287516997,1.555326174,-0.787833349,0.059001965,0.192106500,0.042595137,0.026868960,-0.174529970,0.087651014,0.375795126,-0.278710246,-0.178311422,0.229019105,-0.092527151,-0.171985060,-0.068269856,-0.437477976,0.311864138,0.079994507
0.180385992,-0.763382554,1.114105582,0.031102648,-0.011236141,-0.582356393,0.812260687,0.000000000,0.000000000,-0.169904837,-1.419496272,-0.668826645,0.339237061,-1.359095146,-0.193431267,0.282771549,-0.089942496,-1.617041696,0.395541701,0.286707513,1.555963076,-0.784596861,0.060948856,0.189480573,0.037254207,0.025868081,-0.174529970,0.073325805,0.384622365,-0.256880820,-0.189433560,0.227688670,-0.091655985,-0.148257896,-0.073351063,-0.470773488,0.306729615,0.064370461
0.184343249,-0.766306162,1.116038203,0.037182126,-0.011155808,-0.573666811,0.818168342,0.000000000,0.000000000,-0.184474303,-1.420861324,-0.671520834,0.334188115,-1.358488800,-0.188856793,0.282349440,-0.082631622,-1.615962373,0.399211386,0.285197102,1.558455765,-0.781848594,0.062419703,0.186705694,0.030772824,0.024373628,-0.174529970,0.051323049,0.390422523,-0.243552715,-0.193325013,0.223342538,-0.082346007,-0.116381750,-0.074703030,-0.512699246,0.298338681,0.048848115
0.188379496,-0.770687580,1.115633726,0.040320471,-0.015581104,-0.563956976,0.824672043,0.000000000,0.000000000,-0.195760359,-1.423718149,-0.713882813,0.332819129,-1.348328310,-0.162521838,0.280490593,-0.041068056,-1.613054623,0.441039242,0.299108927,1.589670364,-0.760858626,0.070719990,0.187021881,0.024667036,0.016564926,-0.174529970,0.023665024,0.372913569,-0.237553999,-0.183600590,0.212913498,-0.069872893,-0.077880703,-0.092289992,-0.558105826,0.291441739,0.037975267
0.192178339,-0.777064383,1.112198353,0.043802675,-0.019423170,-0.555014729,0.830459297,0.000000000,0.000000000,-0.195223967,-1.427038008,-0.743907123,0.328643211,-1.335951550,-0.136923787,0.278600511,-0.002027514,-1.611087964,0.442401075,0.303213716,1.615388690,-0.737852897,0.081825782,0.195116788,0.019558992,0.008628614,-0.174529970,-0.007392352,0.336977929,-0.235015869,-0.162734792,0.193552002,-0.058093902,-0.042606831,-0.100173935,-0.633019626,0.281987101,0.028635256
0.195949674,-0.785275102,1.106191039,0.047502328,-0.022518273,-0.547660172,0.835047841,0.000000000,0.000000000,-0.174612845,-1.435978556,-0.772075875,0.343973210,-1.322559564,-0.112198447,0.277026254,0.020580368,-1.603852791,0.417513115,0.303855340,1.595812300,-0.734347764,0.106928893,0.206195623,0.014909917,0.003413920,-0.174529970,-0.035031103,0.288932830,-0.233045384,-0.133358508,0.174770668,-0.048767958,-0.013812535,-0.094120957,-0.718447924,0.273263544,0.025423778
0.199855179,-0.794855595,1.116164446,0.051335227,-0.024309084,-0.541026533,0.839085221,0.000000000,0.000000000,-0.157477732,-1.436607327,-0.821557720,0.341897437,-1.310294959,-0.078320726,0.276259684,0.110567960,-1.597121852,0.330388306,0.250892551,1.505797038,-0.682421855,0.197950498,0.219216585,0.009311802,-0.000540842,-0.174529970,-0.056804717,0.235315800,-0.232055917,-0.099776059,0.161752537,-0.041005127,0.007681816,-0.078828201,-0.800734282,0.266026735,0.027742937
0.204202682,-0.804663777,1.125250578,0.056939106,-0.024402430,-0.534026980,0.843194902,0.000000000,0.000000000,-0.120762613,-1.441917321,-0.835689139,0.357669921,-1.306394631,-0.068359690,0.275781316,0.175184838,-1.607231094,0.300754479,0.224525472,1.480357951,-0.661815713,0.229505480,0.233581156,0.000027517,-0.003953877,-0.174529970,-0.070479423,0.183029085,-0.231684104,-0.065881997,0.153431043,-0.034804206,0.024016028,-0.037088014,-0.893458307,0.263101727,0.032374486
0.209039256,-0.815181315,1.133507967,0.061314430,-0.023761336,-0.525178909,0.848447442,0.000000000,0.000000000,-0.102423667,-1.447018309,-0.840751989,0.363020621,-1.305470103,-0.065838798,0.275597486,0.210984070,-1.609193963,0.292147019,0.208231177,1.474766331,-0.656528560,0.238320219,0.246626213,-0.009446038,-0.007136595,-0.174529970,-0.083217040,0.125790402,-0.233539671,-0.028879564,0.149548233,-0.029467624,0.038816817,0.026181478,-0.966887951,0.257066667,0.043506324
0.215053052,-0.826927662,1.139834166,0.063184597,-0.023350902,-0.514943004,0.854573667,0.000000000,0.000000000,-0.080424563,-1.447239463,-0.845624430,0.372828454,-1.304981428,-0.059165553,0.271022950,0.242261856,-1.613869860,0.289276585,0.181675356,1.474006556,-0.651249935,0.242390155,0.255597442,-0.017177114,-0.008048818,-0.174529970,-0.092276275,0.066420048,-0.235385627,0.008176578,0.151188180,-0.019357381,0.052283220,0.097305685,-1.003697515,0.244085029,0.054303169
0.222438782,-0.839688897,1.143706679,0.064149894,-0.020911666,-0.501140416,0.862731576,0.000000000,0.000000000,-0.076576043,-1.448107906,-0.847207728,0.375790214,-1.305632863,-0.053445819,0.266071247,0.253290424,-1.613336388,0.289407443,0.169792141,1.474671718,-0.649619986,0.242906855,0.261253089,-0.023110580,-0.008492260,-0.174529970,-0.103074118,0.015408246,-0.238750428,0.041470256,0.155793160,-0.007923341,0.067680880,0.171014979,-1.002643108,0.223049060,0.067222185
0.232036203,-0.853650153,1.145257950,0.061673723,-0.021102170,-0.483781338,0.872758090,0.000000000,0.000000000,-0.071589212,-1.447669309,-0.847755976,0.380359798,-1.306778817,-0.045684125,0.259119508,0.267812485,-1.614134528,0.288831795,0.160320105,1.475052220,-0.647725998,0.243442996,0.259814680,-0.028343838,-0.007144966,-0.174529970,-0.117353410,-0.038864892,-0.242595106,0.076199129,0.161415964,0.001100749,0.088541456,0.232180253,-0.966888964,0.199241683,0.084308237
0.243563712,-0.868411541,1.144803882,0.059312228,-0.019393792,-0.463272870,0.884015918,0.000000000,0.000000000,-0.061090158,-1.447369130,-0.848858415,0.386757950,-1.308221311,-0.036711613,0.251150056,0.280122249,-1.612857352,0.288338790,0.152431567,1.475331182,-0.645766092,0.243946698,0.251821816,-0.032466024,-0.003409689,-0.174529970,-0.139308482,-0.078020155,-0.250772446,0.107754275,0.167609602,-0.000663513,0.113356858,0.297634661,-0.893255711,0.163763762,0.103665233
0.257524043,-0.883986235,1.143525720,0.057598457,-0.016523136,-0.441808641,0.895105958,0.000000000,0.000000000,-0.010855612,-1.506911145,-0.875301363,0.383130536,-1.307143403,-0.029692297,0.238780029,0.273661766,-1.604956055,0.291149197,0.115222060,1.476835313,-0.632271211,0.246828231,0.235656217,-0.036361124,0.001756262,-0.174529970,-0.168343484,-0.100700751,-0.260483861,0.134319544,0.172633976,-0.014263637,0.140624255,0.361893713,-0.787229419,0.117475815,0.122580692
0.274383754,-0.900634170,1.146008492,0.055054430,-0.013115506,-0.421586484,0.905020356,0.000000000,0.000000000,0.003349631,-1.531552760,-0.888505421,0.372374096,-1.307620464,-0.021747746,0.236249137,0.263434826,-1.599423108,0.289767724,0.104929508,1.475315183,-0.617793803,0.250838473,0.211941451,-0.040073004,0.006722181,-0.171237320,-0.203871608,-0.115286447,-0.268522292,0.154562131,0.175443530,-0.036303177,0.166980982,0.421783656,-0.658257067,0.062432881,0.140062720
0.293748260,-0.918286085,1.147177815,0.051275928,-0.009468921,-0.404009938,0.913267255,0.000000000,0.000000000,0.021049936,-1.540220767,-0.895187369,0.372751291,-1.307317143,-0.016983213,0.235367059,0.240318302,-1.598543193,0.286426578,0.111314846,1.470977140,-0.608229010,0.255899856,0.184479088,-0.047815852,0.010903098,-0.158666402,-0.238610819,-0.127899319,-0.272268653,0.169708908,0.173436999,-0.052795596,0.191823184,0.479842961,-0.530499339,0.002888391,0.149973035
0.314930588,-0.936195731,1.146331072,0.047640555,-0.005591226,-0.387820572,0.920485914,0.000000000,0.000000000,0.045522888,-1.550258617,-0.907147600,0.371990149,-1.306591319,-0.007109163,0.233526381,0.204316411,-1.598039790,0.286335257,0.115795014,1.470851571,-0.595168869,0.258520421,0.157674238,-0.060103394,0.014344865,-0.140837744,-0.266593665,-0.138316259,-0.274383426,0.182647914,0.167926088,-0.060945757,0.215779498,0.540988743,-0.433453530,-0.049522415,0.151927456
0.337427258,-0.953621387,1.143942118,0.044022828,-0.002382869,-0.371680617,0.927313268,0.000000000,0.000000000,0.056829364,-1.557974037,-0.913193118,0.370135744,-1.306501798,-0.001975910,0.232536477,0.192148573,-1.598456155,0.286367559,0.111932293,1.470530445,-0.588494552,0.259841621,0.133995593,-0.074904822,0.017191764,-0.122596726,-0.289482206,-0.154364258,-0.272938132,0.192442805,0.161865026,-0.063389927,0.239140868,0.594822884,-0.373287588,-0.087477937,0.151494056
0.361687183,-0.970167935,1.140604615,0.041253358,0.000113126,-0.355411023,0.933799326,0.000000000,0.000000000,0.075762018,-1.565818116,-0.926259929,0.363363348,-1.306182866,0.010782280,0.229887136,0.179412050,-1.602384309,0.284408948,0.116387367,1.469438875,-0.572223414,0.263928777,0.115290381,-0.088078462,0.020005111,-0.113251120,-0.308640659,-0.180416971,-0.266881645,0.198617905,0.159173533,-0.065524794,0.260672867,0.624905288,-0.334816039,-0.114181831,0.151357517
0.387229055,-0.985929370,1.138522744,0.039150521,0.005173960,-0.339886844,0.939636827,0.000000000,0.000000000,0.073161035,-1.567089923,-0.928395183,0.360082285,-1.306329727,0.013928881,0.229230036,0.166463143,-1.602897133,0.284120425,0.114541784,1.468448375,-0.567396592,0.265695442,0.096561141,-0.094409235,0.026370071,-0.111043438,-0.330228597,-0.204951227,-0.253778875,0.190390170,0.160442963,-0.074090697,0.274688303,0.642348468,-0.306808978,-0.135158062,0.155537114
0.415309280,-1.000791788,1.137328386,0.035326656,0.004006489,-0.321486622,0.946246445,0.000000000,0.000000000,0.057354978,-1.558903468,-0.957867417,0.340543117,-1.307424953,0.036638049,0.223280300,0.153807962,-1.602929580,0.281048318,0.117371216,1.464860111,-0.549344990,0.271944775,0.088588320,-0.089747570,0.029088803,-0.133263737,-0.339336127,-0.265677035,-0.244322523,0.166227832,0.172507137,-0.080591619,0.280065387,0.612321556,-0.293123484,-0.128061339,0.163707197
0.444306970,-1.014704704,1.134746194,0.030928526,0.002092029,-0.302503586,0.952644050,0.000000000,0.000000000,0.047418483,-1.553331798,-0.991144293,0.329080218,-1.307046114,0.064612969,0.215218698,0.135354544,-1.604387069,0.277529465,0.118772579,1.461507323,-0.521945081,0.281313257,0.084727742,-0.088372454,0.032506235,-0.147706926,-0.339614421,-0.312454015,-0.269728392,0.137995198,0.185413629,-0.073239759,0.268412650,0.573354065,-0.290383160,-0.108114414,0.169859171
0.473963082,-1.027313232,1.130570412,0.025896356,0.000134821,-0.280871898,0.959395885,0.000000000,0.000000000,0.034502580,-1.546162218,-1.024558500,0.319930325,-1.306592864,0.091252173,0.206512454,0.108592912,-1.599097046,0.273760153,0.108068935,1.456932788,-0.502411963,0.288136538,0.087481968,-0.085695639,0.037885822,-0.157095000,-0.333525121,-0.332712203,-0.346937865,0.111374930,0.198896319,-0.060504854,0.240402222,0.526243031,-0.298025399,-0.075265467,0.175439775
0.503419876,-1.038065195,1.124274731,0.021411352,-0.002510191,-0.255717486,0.966511190,0.000000000,0.000000000,0.031423948,-1.549105297,-1.052558133,0.325165716,-1.305032322,0.117484535,0.197465369,0.072557642,-1.598592563,0.269993859,0.100959542,1.452058632,-0.483521208,0.294748199,0.097012214,-0.081756577,0.044602349,-0.163197249,-0.314505339,-0.320140123,-0.462330461,0.095851950,0.207149714,-0.046919350,0.192890704,0.470495671,-0.312506199,-0.031567652,0.176862612
0.531571150,-1.046731234,1.118687868,0.018395361,-0.006605294,-0.226699188,0.973768711,0.000000000,0.000000000,0.045064446,-1.538824902,-1.101033309,0.347165432,-1.303338402,0.149064752,0.187340529,0.027042610,-1.600521504,0.299200779,0.134365823,1.481927857,-0.449117561,0.292080267,0.111762911,-0.075701952,0.051697165,-0.167163700,-0.282492578,-0.276595235,-0.587118328,0.095901541,0.205858886,-0.039523259,0.127541170,0.407014728,-0.326997161,0.017143672,0.176802948
0.557096720,-1.054010034,1.116938114,0.017271336,-0.011541708,-0.194096744,0.980762422,0.000000000,0.000000000,0.053684900,-1.534285000,-1.158064836,0.361307607,-1.302594898,0.181291615,0.176827828,-0.016375085,-1.606781797,0.345801369,0.175904535,1.524624346,-0.415224227,0.283559635,0.122476190,-0.067648754,0.055901162,-0.169741899,-0.247696936,-0.217946738,-0.682768941,0.104618974,0.200545311,-0.040490448,0.053816084,0.352387816,-0.342898577,0.063059442,0.173384339
0.579631746,-1.060264111,1.121113420,0.018622145,-0.014897789,-0.159438625,0.986919761,0.000000000,0.000000000,0.047236536,-1.531976456,-1.205239958,0.369478011,-1.302645313,0.211680565,0.166193068,-0.056721335,-1.613110390,0.406902112,0.179503561,1.573665232,-0.386514547,0.271696596,0.132631823,-0.056659184,0.065931298,-0.171417430,-0.213564292,-0.138637722,-0.747487247,0.113830574,0.193735987,-0.051203057,-0.022722624,0.307331026,-0.363482803,0.106023654,0.168022826
0.599143922,-1.065561771,1.128117800,0.021327265,-0.017184826,-0.122638322,0.992073476,0.000000000,0.000000000,0.038061152,-1.528061162,-1.255679058,0.379253181,-1.303181097,0.240947650,0.155490885,-0.090065575,-1.617120939,0.465054114,0.162167110,1.632973216,-0.362018003,0.258126415,0.138021812,-0.044200797,0.074954145,-0.172506556,-0.174338564,-0.047238525,-0.776649475,0.115772292,0.189454198,-0.067958608,-0.093992516,0.271370679,-0.384420782,0.146275237,0.162239999
0.615854502,-1.070497394,1.134309411,0.025332123,-0.016924361,-0.084059596,0.995994866,0.000000000,0.000000000,0.027630938,-1.521184799,-1.292475461,0.377640679,-1.304564652,0.264513225,0.145621500,-0.121314787,-1.625972387,0.504445742,0.131477784,1.675163988,-0.342433606,0.244963944,0.140337244,-0.034937046,0.087194324,-0.173214763,-0.126811504,0.046991002,-0.763186932,0.104810193,0.192332998,-0.083642304,-0.162624419,0.246993899,-0.404284060,0.181560695,0.153046817
0.631572783,-1.074556112,1.135791779,0.028909305,-0.017077025,-0.039565425,0.998652697,0.000000000,0.000000000,0.029834143,-1.513795415,-1.296844625,0.387473151,-1.301284703,0.258996844,0.128363227,-0.145530316,-1.634746897,0.516125259,0.116567338,1.686450726,-0.326780535,0.232873516,0.135316908,-0.030643627,0.093514234,-0.173675090,-0.073632129,0.141020268,-0.704076886,0.074174441,0.200172424,-0.094698735,-0.225249067,0.224318936,-0.420283109,0.215681329,0.142518386
0.647886395,-1.077499628,1.128362179,0.031287972,-0.016407007,0.007698815,0.999346077,0.000000000,0.000000000,0.029736852,-1.502034455,-1.294456146,0.396689506,-1.296032858,0.251261357,0.107977619,-0.192636317,-1.645176680,0.528743115,0.088430643,1.687031618,-0.314508042,0.221724093,0.125400767,-0.033381317,0.095109731,-0.173974305,-0.017059900,0.223916575,-0.605587602,0.024407592,0.212638259,-0.093019798,-0.286525518,0.206500649,-0.434066057,0.249500513,0.126350358
0.665220141,-1.078867197,1.129340768,0.031801850,-0.016695837,0.052301839,0.997985184,0.000000000,0.000000000,0.030447076,-1.493932679,-1.293663376,0.402265536,-1.295392727,0.250587769,0.099464016,-0.227823281,-1.654263582,0.532168611,0.078108122,1.687915823,-0.313548042,0.220821419,0.111176901,-0.041808136,0.093535900,-0.174168795,0.035046592,0.296592265,-0.482546359,-0.041420944,0.228272945,-0.076252110,-0.341429055,0.190892950,-0.444693655,0.282468706,0.108417362
0.683804750,-1.078191280,1.133923650,0.030730715,-0.017018145,0.099276908,0.994439542,0.000000000,0.000000000,0.028100106,-1.486875820,-1.293014143,0.404682320,-1.295303067,0.250664141,0.094153865,-0.244052583,-1.648216497,0.533985177,0.070867427,1.688887376,-0.312981202,0.220378525,0.090489134,-0.053328067,0.074305788,-0.174295217,0.074697226,0.381504238,-0.389617801,-0.100837328,0.242513210,-0.047905333,-0.384828150,0.180878416,-0.451687366,0.311711162,0.089275450
0.703513026,-1.075853109,1.136956096,0.030556900,-0.014275588,0.139316276,0.989673436,0.000000000,0.000000000,0.018241574,-1.473020975,-1.287373522,0.406105992,-1.293394207,0.262703325,0.080732468,-0.213909672,-1.646321334,0.531815008,0.071078801,1.693494208,-0.302064288,0.212600742,0.075896315,-0.065352157,0.057431109,-0.174377382,0.101152293,0.471330583,-0.346973777,-0.138995335,0.252179712,-0.021493275,-0.414199531,0.162624612,-0.454689294,0.337611914,0.070461668
0.723944843,-1.072081447,1.137788892,0.031194109,-0.009589085,0.172000647,0.984556139,0.000000000,0.000000000,-0.014425953,-1.465639697,-1.282085372,0.396812381,-1.322407255,0.281922137,0.062526217,-0.167514093,-1.635883743,0.519456338,0.070992859,1.702444988,-0.287116608,0.202274924,0.067338489,-0.074236155,0.044872083,-0.174430788,0.120134726,0.544227839,-0.330526292,-0.163086072,0.256065816,-0.003306513,-0.431273878,0.134274632,-0.451823831,0.359200954,0.054920044
0.745717406,-1.067211628,1.135785460,0.032751549,-0.003430746,0.198047668,0.979639053,0.000000000,0.000000000,-0.041095012,-1.460172792,-1.282264416,0.386169885,-1.327139221,0.291900580,0.054415325,-0.137077862,-1.625667280,0.518675492,0.070936878,1.703968076,-0.284775111,0.200805091,0.064744264,-0.078594387,0.033874787,-0.174465507,0.136230603,0.583443820,-0.321378052,-0.179623351,0.255225897,0.006220704,-0.438037694,0.094549581,-0.441839069,0.374045491,0.038120467
0.770476043,-1.062146902,1.127819300,0.035554629,0.003264092,0.217616752,0.975381017,0.000000000,0.000000000,-0.063471430,-1.455711418,-1.283241335,0.375650291,-1.329768437,0.298231985,0.050109247,-0.120907917,-1.603682949,0.517992502,0.089897076,1.705793025,-0.283578893,0.199711294,0.072116479,-0.075030670,0.020232690,-0.174488068,0.152423948,0.579597175,-0.316442519,-0.184745297,0.248616725,0.004909967,-0.427367657,0.034557693,-0.425358087,0.364574552,0.012800062
0.799392700,-1.057520270,1.123046160,0.039508585,0.010321978,0.231576577,0.971959233,0.000000000,0.000000000,-0.073098559,-1.460091286,-1.284702567,0.369998318,-1.330452176,0.299393084,0.049696510,-0.106701645,-1.581420816,0.517960878,0.102741210,1.708107144,-0.283139421,0.199449855,0.095583513,-0.063401155,0.001947287,-0.174502730,0.165365905,0.533041537,-0.318638891,-0.164456800,0.231983036,-0.001524127,-0.384723425,-0.024456842,-0.458766729,0.325803876,-0.027930208
0.830841780,-1.053541064,1.122679710,0.044286232,0.016433425,0.241582319,0.969229996,0.000000000,0.000000000,-0.098561998,-1.455544226,-1.313228673,0.345871599,-1.327306195,0.315136168,0.049565261,-0.016701734,-1.582828531,0.452402914,0.164366373,1.712367722,-0.253920589,0.233746227,0.123635560,-0.047753844,-0.015068687,-0.174512267,0.165012375,0.463003397,-0.321531057,-0.123588078,0.213753685,-0.001295209,-0.313845634,-0.049735595,-0.555227041,0.288233638,-0.056896962
0.862556994,-1.049837708,1.114434361,0.049578402,0.021490570,0.251469165,0.966355741,0.000000000,0.000000000,-0.109559960,-1.444745186,-1.352155100,0.343807755,-1.320378626,0.326936277,0.050614283,0.031079335,-1.600793958,0.390711762,0.222022333,1.680146410,-0.219011924,0.280049880,0.147948310,-0.031472974,-0.027776280,-0.174495339,0.150063246,0.387492955,-0.326861203,-0.073838085,0.198553011,0.005871921,-0.235020548,-0.033716921,-0.673350632,0.266820937,-0.057892323
0.892846704,-1.045659304,1.119324923,0.054456059,0.025627863,0.259917438,0.963753462,0.000000000,0.000000000,-0.114667519,-1.431346063,-1.391767535,0.342701204,-1.311771938,0.336096072,0.052544788,0.045748101,-1.599943128,0.364560146,0.224676031,1.654130625,-0.184123300,0.320591794,0.166280270,-0.019719861,-0.035711836,-0.172686607,0.127769679,0.315148801,-0.334686428,-0.022563469,0.187844023,0.020812672,-0.154839560,0.014294468,-0.776576757,0.258310974,-0.038447648
0.920168281,-1.040617943,1.131039143,0.057761863,0.027251497,0.266268760,0.961780608,0.000000000,0.000000000,-0.114206091,-1.419695207,-1.427249180,0.347480569,-1.302534501,0.342346148,0.055062573,0.038429664,-1.599995487,0.352094547,0.223847209,1.637170796,-0.156897733,0.351926448,0.177482411,-0.014562749,-0.040829375,-0.166234806,0.104083903,0.249979153,-0.345863491,0.025931645,0.181357011,0.041354563,-0.079090171,0.082255445,-0.852417290,0.253165364,-0.012771507
0.944709480,-1.034182072,1.138259411,0.059060015,0.027628157,0.271293581,0.960285604,0.000000000,0.000000000,-0.119674513,-1.410585926,-1.456595256,0.351930271,-1.293374393,0.345811026,0.058103824,0.041899235,-1.600318240,0.347577940,0.225225238,1.628980211,-0.140221728,0.368122200,0.185950369,-0.015587098,-0.044356290,-0.157320678,0.079672702,0.186182007,-0.354061633,0.068018958,0.176853761,0.062948287,-0.011103615,0.156751499,-0.899839461,0.244759843,0.011635331
0.967336297,-1.026391506,1.141391635,0.059185296,0.029053494,0.274555326,0.959308267,0.000000000,0.000000000,-0.115896442,-1.411325887,-1.458255350,0.353991936,-1.292667047,0.346020345,0.058401224,0.061160104,-1.599665095,0.346306292,0.217300081,1.629542645,-0.138430606,0.369426776,0.185309529,-0.022090197,-0.045589767,-0.147506475,0.057609294,0.139624447,-0.365233064,0.102010638,0.177122548,0.078563705,0.046916291,0.241913527,-0.874494135,0.211606532,0.033617005
0.990331769,-1.016103268,1.141649961,0.057257067,0.032796077,0.278224051,0.958247066,0.000000000,0.000000000,-0.107019347,-1.401666218,-1.478963661,0.360511592,-1.287684164,0.353186437,0.059456386,0.124861141,-1.599901213,0.337782524,0.179864768,1.632059218,-0.124914145,0.374500471,0.171513557,-0.031183392,-0.041964442,-0.137313843,0.027886931,0.112654366,-0.377218604,0.131552130,0.178953141,0.072658278,0.097205386,0.334759772,-0.764300227,0.148636639,0.057612896
1.014207482,-1.004141212,1.147325277,0.054596230,0.037492245,0.282207757,0.957064450,0.000000000,0.000000000,-0.107409997,-1.389851128,-1.488313252,0.368152771,-1.284025079,0.354248767,0.060603884,0.180789610,-1.598734577,0.334620946,0.165192130,1.637768536,-0.117407306,0.368286873,0.154889390,-0.039830185,-0.037343998,-0.130327314,-0.002663845,0.084076174,-0.380907238,0.156050116,0.175144672,0.057641204,0.135571271,0.424563229,-0.635304928,0.077266894,0.075203210
1.038786411,-0.991253138,1.151304364,0.051720910,0.042402811,0.285220921,0.956125498,0.000000000,0.000000000,-0.103398847,-1.384775538,-1.518350378,0.390802966,-1.276642298,0.353776110,0.062146830,0.225024788,-1.596105720,0.332504801,0.147217910,1.639295428,-0.105307667,0.355278833,0.141750693,-0.050865442,-0.033590712,-0.122652322,-0.026626715,0.047186267,-0.376139313,0.173505917,0.167220250,0.045993555,0.161900640,0.511022091,-0.527737200,0.012774873,0.085041642
1.063597202,-0.977946877,1.152759433,0.049418435,0.045697525,0.285852879,0.955906808,0.000000000,0.000000000,-0.101522372,-1.372638119,-1.553907589,0.412746000,-1.268341454,0.352636968,0.063324032,0.253689686,-1.595183457,0.327894769,0.137889095,1.637560880,-0.092444758,0.341176480,0.135587528,-0.064565495,-0.031031612,-0.114464514,-0.038231999,-0.005265298,-0.363859534,0.186482191,0.158828869,0.046496511,0.180291027,0.592522383,-0.452476501,-0.042824667,0.085336521
1.087905407,-0.964505970,1.152765989,0.047334313,0.049134344,0.287191033,0.955440521,0.000000000,0.000000000,-0.102288843,-1.361103298,-1.591081831,0.438245754,-1.260056202,0.350531408,0.063798024,0.260920506,-1.594875415,0.319211881,0.132857001,1.632540170,-0.082199084,0.327910354,0.135191113,-0.074719585,-0.032910489,-0.111097887,-0.041319743,-0.066737726,-0.343406349,0.191841677,0.152063489,0.044927824,0.192627221,0.671311796,-0.402669221,-0.090915166,0.082673855
1.111046910,-0.951394975,1.151344061,0.046882547,0.052077267,0.290519744,0.954299927,0.000000000,0.000000000,-0.102169245,-1.352545688,-1.627443729,0.462285484,-1.252342099,0.347857782,0.063468807,0.245991755,-1.595407725,0.306033341,0.114606774,1.625841828,-0.076226041,0.316011946,0.138063580,-0.083601214,-0.037033185,-0.109270960,-0.039660912,-0.133242100,-0.317177266,0.190853462,0.146039069,0.037673209,0.198374122,0.744122028,-0.371379733,-0.131838173,0.079867207
1.132811546,-0.938481450,1.148460031,0.048177861,0.053225596,0.294607252,0.952917874,0.000000000,0.000000000,-0.102031895,-1.349883373,-1.634975766,0.467227351,-1.250104249,0.346391858,0.063090123,0.221941093,-1.596712814,0.305213985,0.113854441,1.625240274,-0.076029266,0.311242137,0.141608536,-0.091769010,-0.040621541,-0.108912677,-0.036580950,-0.201140866,-0.288097888,0.186096206,0.142180622,0.028040228,0.200239390,0.802691102,-0.353286475,-0.164686754,0.076716594
1.154059529,-0.924821675,1.144205093,0.049783345,0.052967533,0.299195379,0.951418996,0.000000000,0.000000000,-0.104644626,-1.353307968,-1.638192699,0.468554498,-1.249554734,0.345612580,0.062876480,0.208714954,-1.596785951,0.305813289,0.113362483,1.625670985,-0.076941708,0.309606079,0.145513892,-0.098124489,-0.044133201,-0.110793337,-0.034773868,-0.266013920,-0.263136178,0.179681137,0.140367568,0.020775434,0.198451668,0.839891374,-0.341908991,-0.191784561,0.072952196
1.176112890,-0.909322977,1.135725021,0.051697943,0.046483882,0.300867677,0.951128423,0.000000000,0.000000000,-0.108049780,-1.358128262,-1.648516903,0.478199807,-1.246827297,0.343420887,0.062107046,0.191316754,-1.597915036,0.305386833,0.112792918,1.628093521,-0.081089900,0.304191104,0.156854585,-0.101708934,-0.037425246,-0.115893260,-0.034823440,-0.347776115,-0.252110481,0.183419049,0.141534954,0.026208267,0.191602290,0.827979267,-0.339358568,-0.204216674,0.066380553
1.199271917,-0.892009735,1.124891162,0.052246574,0.040465906,0.299915880,0.951673925,0.000000000,0.000000000,-0.112153933,-1.366213268,-1.656629957,0.481286693,-1.245306593,0.341647947,0.061468205,0.183992658,-1.596998747,0.302663051,0.110714916,1.626974756,-0.083867405,0.299665765,0.175816357,-0.098267347,-0.031794764,-0.129892468,-0.034594305,-0.420127213,-0.270938039,0.193160355,0.145410851,0.032635331,0.180289596,0.792492509,-0.348443925,-0.205527499,0.063162431
1.223286629,-0.873145342,1.114009261,0.053151868,0.038990475,0.299539208,0.951804042,0.000000000,0.000000000,-0.102170066,-1.376809002,-1.673842230,0.493551463,-1.240409375,0.338164713,0.060115260,0.160885793,-1.597883755,0.296631292,0.118029596,1.624302106,-0.090461152,0.290333185,0.195580393,-0.095303863,-0.032996442,-0.145397753,-0.031187885,-0.456293017,-0.331379414,0.206721634,0.150209889,0.039455961,0.161469415,0.773133993,-0.385394394,-0.198172137,0.065111123
1.247567058,-0.853805959,1.101389408,0.055941440,0.037984274,0.296858162,0.952524543,0.000000000,0.000000000,-0.087214543,-1.386618589,-1.692173147,0.508616414,-1.234130875,0.333170399,0.057982795,0.129655085,-1.598012766,0.293529348,0.123463909,1.616780134,-0.101294033,0.279280316,0.218858421,-0.097085744,-0.037625842,-0.155594021,-0.020872429,-0.476189941,-0.415808707,0.228580847,0.152439415,0.053435706,0.134346277,0.765475452,-0.470295340,-0.168984503,0.070466280
1.270529628,-0.835694015,1.086289048,0.060144141,0.037017047,0.292722702,0.953585744,0.000000000,0.000000000,-0.068583926,-1.386269336,-1.697507837,0.523081769,-1.234497060,0.331122119,0.054883736,0.089397670,-1.595048016,0.291175285,0.122390794,1.612993822,-0.110794967,0.271969864,0.248656914,-0.101082742,-0.042670414,-0.162221611,-0.007235291,-0.490841985,-0.511654198,0.263230354,0.151486352,0.067887791,0.102210000,0.768542707,-0.585437834,-0.128405944,0.073705293
1.289552689,-0.820449591,1.071129084,0.065086022,0.035538226,0.288082272,0.954730034,0.000000000,0.000000000,-0.054569559,-1.383856580,-1.698818029,0.531207390,-1.235911676,0.329705922,0.054368924,0.064077442,-1.597143765,0.292223755,0.120765686,1.612674013,-0.112954099,0.271184038,0.279873401,-0.104597479,-0.045546480,-0.166529536,0.009496015,-0.505645573,-0.595499516,0.305703700,0.149607658,0.080707356,0.072862051,0.778249860,-0.701314807,-0.088766225,0.069635242
1.303735495,-0.808224797,1.056531668,0.070282929,0.032746378,0.283419222,0.955856442,0.000000000,0.000000000,-0.051245114,-1.380597766,-1.700503443,0.532281546,-1.237442537,0.328610151,0.054087233,0.042142539,-1.597398760,0.290703164,0.128578642,1.610266882,-0.110446876,0.275355768,0.309357405,-0.105381742,-0.043491304,-0.169310614,0.030817760,-0.527183592,-0.660023272,0.349650234,0.150700063,0.088771626,0.050357945,0.783566177,-0.791186392,-0.059023667,0.059911501
1.312910318,-0.798931360,1.042866945,0.073947556,0.031993307,0.281992078,0.956027567,0.000000000,0.000000000,-0.039137652,-1.379614480,-1.702403911,0.536832303,-1.238596416,0.327615881,0.053552878,0.006507730,-1.600973420,0.288153291,0.145310002,1.605313060,-0.108905724,0.283768822,0.334991634,-0.105190858,-0.039744895,-0.171123937,0.049011961,-0.545181632,-0.711930990,0.391323030,0.150557935,0.093003407,0.029053103,0.800395668,-0.860937655,-0.042067606,0.047459096
1.317981601,-0.792544365,1.029291868,0.076609120,0.032371264,0.280816257,0.956151366,0.000000000,0.000000000,-0.022670457,-1.382583517,-1.704980998,0.543093007,-1.239222531,0.326729294,0.052905783,-0.034497050,-1.607174663,0.287055004,0.162784204,1.600333879,-0.110981845,0.291832987,0.356755972,-0.103257410,-0.035009038,-0.172316045,0.067437187,-0.561355233,-0.757475078,0.430028260,0.150546283,0.094685212,0.011120418,0.827344716,-0.927095950,-0.030469200,0.032811064
1.321585894,-0.787895739,1.013615727,0.079925016,0.026906541,0.274008125,0.958022773,0.000000000,0.000000000,0.002757446,-1.389106136,-1.708352024,0.551457685,-1.238313555,0.325978840,0.051824168,-0.057260188,-1.611317747,0.289776462,0.181437113,1.600704896,-0.120023807,0.300039199,0.381033093,-0.091585204,-0.023407931,-0.173090935,0.094705977,-0.602397144,-0.791737974,0.467816025,0.153479218,0.089544185,-0.000430557,0.830478251,-0.994880855,-0.007123351,0.018717589
1.325335503,-0.784050941,0.996966600,0.082492270,0.022279201,0.267081797,0.959878087,0.000000000,0.000000000,0.021108221,-1.383902045,-1.730240748,0.546739951,-1.236608591,0.322714305,0.049106783,-0.057150911,-1.611531233,0.292071514,0.192020675,1.601849665,-0.143937744,0.313550573,0.402874589,-0.078104399,-0.011551070,-0.173594594,0.120077819,-0.643363297,-0.825021982,0.502359271,0.158604607,0.083221979,-0.008738759,0.839733720,-1.063796282,0.016637398,0.006043999
1.329692364,-0.780354500,0.981349647,0.084489726,0.022016605,0.262403309,0.961000144,0.000000000,0.000000000,0.037429914,-1.389185286,-1.734002992,0.553290551,-1.235772238,0.321463556,0.048231005,-0.058729557,-1.611462287,0.300768820,0.200784232,1.610422801,-0.152851604,0.318136651,0.418001413,-0.070501938,-0.001930962,-0.173921973,0.137471125,-0.666480839,-0.862511277,0.532848418,0.166164428,0.081496857,-0.019180475,0.873267531,-1.133872271,0.034358371,-0.006595945
1.335488439,-0.776009977,0.964299142,0.087188803,0.018397208,0.255330473,0.962738812,0.000000000,0.000000000,0.044530262,-1.386269642,-1.736171925,0.555379658,-1.235343766,0.320198117,0.047521014,-0.058491949,-1.611223175,0.311426668,0.211087737,1.621272151,-0.161124717,0.322238977,0.430092543,-0.059956443,0.004334463,-0.174134776,0.161057562,-0.699980617,-0.895543635,0.558649540,0.177497923,0.075614646,-0.022900451,0.891532779,-1.197335720,0.057827991,-0.015725743
1.342180252,-0.771166980,0.947358489,0.088304631,0.017362967,0.248820156,0.964359581,0.000000000,0.000000000,0.050259232,-1.383029061,-1.740187809,0.556034515,-1.234986440,0.318464900,0.046608995,-0.057554174,-1.611824036,0.327869528,0.225128548,1.637724844,-0.172368201,0.328452147,0.440599769,-0.049129855,0.009564891,-0.174273103,0.182444081,-0.729047120,-0.926669598,0.579281509,0.190722093,0.071245402,-0.029014073,0.907654703,-1.243685842,0.075665489,-0.024738489
1.349401712,-0.765986025,0.931239605,0.088065758,0.018521341,0.242549241,0.965956151,0.000000000,0.000000000,0.057082198,-1.381256946,-1.762854329,0.547953560,-1.234036749,0.313014707,0.043812907,-0.057670463,-1.611904758,0.344100102,0.237374855,1.668814393,-0.201842012,0.343735613,0.448853016,-0.039524779,0.013433103,-0.174363017,0.201742709,-0.753316164,-0.952846944,0.595112562,0.204165936,0.068618573,-0.037661038,0.924392998,-1.275087953,0.086719424,-0.032657765
1.356901169,-0.760751367,0.915432870,0.086659066,0.021191809,0.236618236,0.967498302,0.000000000,0.000000000,0.055877070,-1.388504203,-1.769441009,0.547978105,-1.233996334,0.311361935,0.042955740,-0.057134443,-1.611220784,0.353496473,0.245531033,1.680380671,-0.210539727,0.349457535,0.455784023,-0.032240745,0.015094139,-0.174421459,0.218352199,-0.773020923,-0.976916075,0.607266963,0.214997813,0.069628559,-0.048689693,0.942011833,-1.297644496,0.092437498,-0.040086202
1.364157200,-0.756049871,0.902717710,0.084637612,0.024028681,0.230725184,0.969033003,0.000000000,0.000000000,0.043772055,-1.390094976,-1.788688963,0.537886606,-1.235000990,0.307122007,0.040348074,-0.056576921,-1.611755557,0.362846742,0.258433086,1.695116170,-0.233295756,0.364302494,0.459397197,-0.027744845,0.014521211,-0.174459442,0.231916487,-0.785399973,-0.994819164,0.614952683,0.223534718,0.076435208,-0.060600601,0.956119418,-1.310490608,0.095724553,-0.047846995
1.370877147,-0.752126217,0.897152185,0.081790499,0.026596216,0.226086736,0.970302939,0.000000000,0.000000000,0.032318637,-1.390270153,-1.792322811,0.532276850,-1.235658933,0.306671435,0.039810863,-0.054853674,-1.611885152,0.366415072,0.265437761,1.698235614,-0.237720793,0.368157081,0.460822076,-0.025535515,0.012017444,-0.174484134,0.241738528,-0.785399973,-1.003675222,0.617447257,0.229809299,0.089061536,-0.073140189,0.964199483,-1.312404513,0.095887870,-0.057211835
1.377172232,-0.748981714,0.893022716,0.078203768,0.028884718,0.221714139,0.971541464,0.000000000,0.000000000,0.027616892,-1.388573452,-1.793026656,0.529770263,-1.236190955,0.307163418,0.039349827,-0.053830379,-1.610828502,0.366966692,0.268588508,1.698690128,-0.238849744,0.369309185,0.460896730,-0.024859177,0.008465673,-0.174500182,0.247869790,-0.785399973,-1.005489230,0.616899669,0.232239172,0.104321130,-0.084321223,0.967011511,-1.309690356,0.094598636,-0.066505209
1.382876039,-0.746461034,0.889346361,0.073906019,0.031070756,0.216927826,0.972889960,0.000000000,0.000000000,0.022851198,-1.386215622,-1.793556652,0.526822658,-1.236903223,0.308099836,0.038723112,-0.052616378,-1.610309733,0.367539525,0.272211246,1.699081740,-0.240080927,0.370475636,0.459306180,-0.026339956,0.004086878,-0.174510613,0.250429153,-0.785399973,-1.002241492,0.613276303,0.231509015,0.123237729,-0.094160825,0.962972641,-1.300872564,0.093356051,-0.075911835
1.387950659,-0.744587362,0.887294829,0.069601364,0.033279877,0.212137371,0.974189878,0.000000000,0.000000000,0.023017562,-1.385533232,-1.793433523,0.526739514,-1.236977680,0.308280806,0.038619068,-0.052228499,-1.609335701,0.367501177,0.273041003,1.699095941,-0.240213363,0.370617825,0.456789434,-0.029826760,-0.000577714,-0.174517393,0.248389840,-0.785399973,-0.992147148,0.607942581,0.227758184,0.142440349,-0.102504611,0.958757579,-1.288991928,0.091779262,-0.083955944
1.392567039,-0.743508220,0.888707757,0.065965533,0.034908660,0.207570717,0.975368798,0.000000000,0.000000000,0.023408244,-1.384472135,-1.793198663,0.526707745,-1.237061367,0.308514259,0.038480147,-0.051520044,-1.609202270,0.367536026,0.273518839,1.699181699,-0.240385510,0.370745176,0.451920211,-0.035264641,-0.004665333,-0.174521804,0.242013663,-0.783916235,-0.972617805,0.599571645,0.221552908,0.160914689,-0.108417943,0.951178610,-1.270326138,0.089116871,-0.090940773
1.397243500,-0.742578387,0.896420419,0.062418796,0.036602698,0.203071848,0.976486564,0.000000000,0.000000000,0.023502274,-1.383692088,-1.793135185,0.526585519,-1.237218642,0.308829986,0.038261780,-0.049730932,-1.609749743,0.367614734,0.273676026,1.699385115,-0.240690016,0.370911537,0.443617582,-0.041805290,-0.008635825,-0.174524665,0.231473655,-0.776825011,-0.938404322,0.585351646,0.214560330,0.177786648,-0.111269802,0.940319777,-1.245175123,0.086300232,-0.095777750
1.402002931,-0.741326571,0.909932852,0.058894929,0.039155103,0.198738843,0.977497399,0.000000000,0.000000000,0.024228457,-1.382870278,-1.793053809,0.526810204,-1.237419995,0.309270411,0.037943907,-0.047145247,-1.611026660,0.367882910,0.273088194,1.699814534,-0.241099926,0.371070532,0.431843817,-0.049898177,-0.011807203,-0.174526528,0.217059255,-0.765174270,-0.886986494,0.563881755,0.209024429,0.192791313,-0.111368828,0.925889492,-1.211335421,0.082040064,-0.098056048
1.406056643,-0.740017414,0.928382456,0.055660382,0.042996779,0.194250003,0.978427351,0.000000000,0.000000000,0.025716725,-1.383223588,-1.793081298,0.527606888,-1.237442348,0.309409514,0.037794870,-0.043481118,-1.613626046,0.368033559,0.271565838,1.700353354,-0.241217506,0.371255516,0.416831732,-0.060074680,-0.013748096,-0.174527735,0.199067935,-0.746443808,-0.822888196,0.534799814,0.204035699,0.207626447,-0.107741728,0.907004178,-1.163149357,0.073436789,-0.100577429
1.408265710,-0.738893270,0.951148987,0.051664945,0.046901952,0.188693613,0.979553819,0.000000000,0.000000000,0.032537248,-1.390349685,-1.795557014,0.532281236,-1.237986013,0.308972432,0.037675382,-0.038371918,-1.613383820,0.370879636,0.268577817,1.703639338,-0.242340933,0.372591107,0.396340072,-0.069012612,-0.015333228,-0.174528524,0.177357361,-0.717913389,-0.752057314,0.498440772,0.200414628,0.222204596,-0.098826289,0.883064866,-1.099685907,0.060300492,-0.100710787
1.408887863,-0.737403631,0.978081644,0.046152417,0.050960671,0.181927800,0.980905354,0.000000000,0.000000000,0.034355478,-1.397780397,-1.797842250,0.534316835,-1.238036482,0.308742523,0.037609439,-0.030079348,-1.612112710,0.372928061,0.266339750,1.707030855,-0.242899049,0.373401510,0.369734824,-0.074575908,-0.016603630,-0.174529046,0.151963219,-0.677015901,-0.674921870,0.452599883,0.198091730,0.234158635,-0.083320513,0.852490842,-1.020357490,0.044491924,-0.097342953
1.409527302,-0.735508919,1.004509807,0.040564578,0.055196874,0.178612903,0.981532156,0.000000000,0.000000000,0.022492748,-1.396886106,-1.802042367,0.528883104,-1.239552303,0.307961671,0.037383853,-0.021559817,-1.607654789,0.377614983,0.259087311,1.718658193,-0.245077112,0.376965037,0.340131491,-0.077590056,-0.016439999,-0.174529374,0.121734284,-0.634778500,-0.596050739,0.399964631,0.199410737,0.238484815,-0.067170583,0.820148647,-0.929508567,0.025215179,-0.090659969
1.410845280,-0.732910395,1.027412057,0.035240788,0.060998771,0.178153858,0.981477737,0.000000000,0.000000000,0.003619844,-1.375619128,-1.822449845,0.509476264,-1.238499795,0.318768138,0.037000402,-0.102173596,-1.623854055,0.423793871,0.320427155,1.756309510,-0.261357885,0.376943599,0.314141631,-0.077496082,-0.013134803,-0.174529582,0.092927173,-0.587926269,-0.536134481,0.348395467,0.204881132,0.234028131,-0.052434430,0.783250690,-0.834425211,0.003010094,-0.077559024
1.413849473,-0.728625655,1.045902610,0.031130372,0.065294556,0.181133315,0.980794787,0.000000000,0.000000000,-0.002500111,-1.373250092,-1.823485892,0.506540245,-1.238730766,0.318811074,0.036879901,-0.097600038,-1.622284676,0.426549106,0.314164333,1.758489407,-0.263279141,0.376099043,0.290000618,-0.078416482,-0.006865364,-0.174529731,0.070802428,-0.538206458,-0.503313422,0.299783081,0.216802955,0.225933731,-0.041330710,0.735675454,-0.739893854,-0.014927777,-0.059647445
1.421072245,-0.720338106,1.057650805,0.026238350,0.068618312,0.189158261,0.979194701,0.000000000,0.000000000,-0.037316716,-1.354144580,-1.825997591,0.486451545,-1.240520852,0.318385923,0.036512727,-0.062772841,-1.616867713,0.423307506,0.300926121,1.757445518,-0.262434837,0.381478068,0.272618383,-0.078216359,0.001874947,-0.174529821,0.050348073,-0.483776897,-0.516762376,0.258256167,0.228216410,0.214235574,-0.035186246,0.670550168,-0.646137714,-0.022826277,-0.033588007
1.432863951,-0.706926525,1.065704465,0.022299303,0.069804169,0.204553753,0.976108551,0.000000000,0.000000000,-0.071787009,-1.348337646,-1.831831459,0.469128783,-1.242241446,0.317807608,0.035973015,-0.033526588,-1.611419893,0.427238945,0.287269740,1.762841264,-0.265107732,0.379964822,0.262785792,-0.075808503,0.011724610,-0.174529880,0.034610894,-0.422154754,-0.572983921,0.228021339,0.234948695,0.192576006,-0.037297457,0.585942626,-0.561616957,-0.015636375,0.001016557
1.447252035,-0.689251900,1.072453141,0.019969661,0.067644678,0.225771084,0.971623838,0.000000000,0.000000000,-0.074997903,-1.341066623,-1.831153552,0.467961974,-1.242935061,0.319388674,0.033391887,-0.045928451,-1.613089535,0.431436469,0.286865260,1.764576205,-0.266033032,0.378871842,0.256585687,-0.067968994,0.021780536,-0.174529910,0.028155932,-0.356224477,-0.660717607,0.214685410,0.236783460,0.158555076,-0.047250193,0.494911313,-0.492090553,0.003939081,0.037826087
1.462583542,-0.668973744,1.095076323,0.018951789,0.062405668,0.251247883,0.965722919,0.000000000,0.000000000,-0.113985164,-1.330182749,-1.840907003,0.464461509,-1.242279304,0.317999185,0.030605458,-0.074155075,-1.615611612,0.470071219,0.289261631,1.793604312,-0.275305532,0.367611569,0.257172108,-0.056796618,0.029330462,-0.174529940,0.030875340,-0.266925812,-0.758044481,0.211696163,0.231545895,0.116393641,-0.058834977,0.393953085,-0.442670316,0.042924125,0.076011464
1.478155136,-0.646921754,1.112636328,0.018495657,0.054125290,0.277497053,0.959022224,0.000000000,0.000000000,-0.121192321,-1.319617719,-1.840033509,0.461248735,-1.242321718,0.317696257,0.030322965,-0.094541021,-1.619744473,0.476078461,0.288130350,1.795373604,-0.276365689,0.366156573,0.259409904,-0.047410320,0.032134112,-0.174529955,0.036150299,-0.163423628,-0.852426589,0.214312047,0.222871870,0.079336248,-0.071154587,0.291191190,-0.411785066,0.098073691,0.105205424
1.495683670,-0.624061406,1.125231385,0.019746335,0.045998305,0.302672267,0.951779246,0.000000000,0.000000000,-0.121020875,-1.312950800,-1.838879483,0.461738673,-1.242045388,0.317513850,0.030143971,-0.097324222,-1.620288775,0.479023790,0.283304044,1.796881296,-0.276790211,0.365196798,0.265260994,-0.042280972,0.031810485,-0.174529970,0.036724664,-0.044045765,-0.923878908,0.212726653,0.211119860,0.046646718,-0.084415868,0.185037434,-0.393941879,0.161868036,0.123732381
1.515643716,-0.600916088,1.132146835,0.022197263,0.038767066,0.326217532,0.944238603,0.000000000,0.000000000,-0.121908691,-1.312071881,-1.839016627,0.462394936,-1.241862023,0.317298645,0.030003269,-0.087977215,-1.618532443,0.480113856,0.278278900,1.798578328,-0.276991264,0.364411193,0.269186199,-0.038662393,0.028537154,-0.174529970,0.033166125,0.084497124,-0.944384515,0.192853272,0.202512592,0.015110747,-0.095419049,0.083000898,-0.383396149,0.225301683,0.131003410
1.536864519,-0.577792168,1.133952379,0.025238864,0.032393597,0.349127889,0.936174870,0.000000000,0.000000000,-0.124232619,-1.307750630,-1.838812889,0.463519475,-1.241273604,0.316970510,0.029608352,-0.075404344,-1.616626216,0.485420363,0.271382269,1.804009005,-0.277173462,0.361961359,0.260776579,-0.036840849,0.022719059,-0.174529970,0.016872128,0.222211987,-0.873396218,0.136046886,0.203421891,-0.011219161,-0.103616498,0.003177266,-0.378326565,0.281510502,0.124272108
1.558169723,-0.555489600,1.132308245,0.027682824,0.026216451,0.370220572,0.928161144,0.000000000,0.000000000,-0.134233426,-1.307438208,-1.840089291,0.459994517,-1.241370609,0.316781642,0.029387086,-0.078011892,-1.617582142,0.490769576,0.265318520,1.807891279,-0.277235232,0.360362459,0.240670592,-0.035730168,0.016160613,-0.174529970,-0.004792160,0.355087280,-0.737593532,0.048473623,0.211619288,-0.029564034,-0.112374477,-0.053055249,-0.377029836,0.325784475,0.109419167
1.578506708,-0.534867764,1.129106164,0.029736685,0.019156432,0.389247775,0.920453668,0.000000000,0.000000000,-0.155456853,-1.303134541,-1.838008058,0.457644319,-1.236373865,0.323744545,0.028455586,-0.123726796,-1.622721972,0.555494314,0.220467194,1.858047316,-0.273529092,0.354235276,0.211839154,-0.038171258,0.010125116,-0.174529970,-0.026347402,0.470942080,-0.575441360,-0.052877061,0.223302528,-0.035187185,-0.123629592,-0.091217384,-0.378177166,0.358781517,0.091640584
1.597015381,-0.516558826,1.124984741,0.031604894,0.014525502,0.402866155,0.914597690,0.000000000,0.000000000,-0.170902281,-1.294364742,-1.834717664,0.441616872,-1.229887162,0.329052145,0.026810114,-0.152708517,-1.633744361,0.609177614,0.160103025,1.900346847,-0.272471868,0.342983557,0.186832830,-0.045541584,0.010581024,-0.174529970,-0.041192919,0.571384609,-0.445161104,-0.137623429,0.230243683,-0.028367417,-0.133438900,-0.120853901,-0.380761862,0.383711487,0.072776772
1.614207268,-0.500114918,1.118655205,0.033395186,0.006194467,0.414961219,0.909204900,0.000000000,0.000000000,-0.171473717,-1.284011059,-1.825943913,0.416073089,-1.222458378,0.343676900,0.026013216,-0.181128273,-1.635470052,0.629238339,0.078580844,1.912396156,-0.257857595,0.337987742,0.165477306,-0.050985143,0.004053257,-0.174529970,-0.044173412,0.647587538,-0.365797848,-0.193774402,0.231699497,-0.015986197,-0.137843281,-0.162746787,-0.381372511,0.406157285,0.054177880
1.630979180,-0.484611273,1.108616710,0.035884194,-0.002079030,0.423650563,0.905112207,0.000000000,0.000000000,-0.177829359,-1.279412504,-1.820917377,0.402577612,-1.215692363,0.351758450,0.024901260,-0.190065916,-1.638456701,0.641716351,0.050453969,1.925406288,-0.251392013,0.330720324,0.156817555,-0.059751142,-0.002918417,-0.174529970,-0.033130776,0.682224810,-0.312010646,-0.235220447,0.229148835,0.002139102,-0.139088407,-0.225450248,-0.380375385,0.428295374,0.034793545
1.648699760,-0.468383551,1.103491783,0.039370596,-0.002608105,0.429680079,0.902118742,0.000000000,0.000000000,-0.189288001,-1.281814569,-1.822162378,0.395454789,-1.215720599,0.352708267,0.024779338,-0.184914365,-1.637337464,0.643652137,0.049794517,1.929145469,-0.250879117,0.329384303,0.149179727,-0.076124147,-0.007492595,-0.174529970,-0.013782334,0.702321529,-0.274524450,-0.270854533,0.225598127,0.024920123,-0.143469408,-0.274970531,-0.384129465,0.442135364,0.016219284
1.669357061,-0.450985789,1.097146988,0.043543156,-0.005735344,0.436670661,0.898548782,0.000000000,0.000000000,-0.202032853,-1.288782999,-1.824308441,0.375264575,-1.214450006,0.357506343,0.024303984,-0.179235322,-1.632011601,0.665546596,0.066965357,1.975098137,-0.252622508,0.321939010,0.158572093,-0.086928397,-0.013420366,-0.174529970,0.016833141,0.673064590,-0.268208861,-0.274100721,0.222196758,0.042111889,-0.150740176,-0.362863958,-0.379693329,0.444013327,-0.001790967
1.691629171,-0.433096290,1.088093758,0.048273344,-0.005275873,0.442266196,0.895568252,0.000000000,0.000000000,-0.191275562,-1.299540687,-1.818202867,0.352671420,-1.208465262,0.372781365,0.024009930,-0.104978594,-1.597210187,0.735919561,0.153844385,2.067009176,-0.248531418,0.347515293,0.175816253,-0.093188778,-0.018152403,-0.174529970,0.052634481,0.629833817,-0.284108341,-0.258358598,0.217681348,0.057769194,-0.152029902,-0.445021570,-0.386645138,0.431862921,-0.016893927
1.714636922,-0.415321976,1.075936556,0.053290658,-0.002253897,0.445794493,0.893544853,0.000000000,0.000000000,-0.182111049,-1.303686420,-1.811936388,0.355236831,-1.201018690,0.380684935,0.023292994,-0.094065242,-1.603080068,0.738457172,0.192298320,2.074168137,-0.264986520,0.384616943,0.194713354,-0.094477288,-0.021023910,-0.174529970,0.085367262,0.587880373,-0.317744166,-0.228244632,0.212393105,0.072873920,-0.149351120,-0.510110140,-0.404425174,0.418688834,-0.026031341
1.736215591,-0.399063289,1.062395930,0.059495911,0.004800528,0.445042402,0.893518090,0.000000000,0.000000000,-0.176501005,-1.306542238,-1.807503887,0.366713880,-1.192937265,0.384150165,0.022317189,-0.084146319,-1.611718135,0.731402025,0.223626043,2.069263355,-0.285075503,0.417002327,0.208726734,-0.098352060,-0.022687111,-0.174529970,0.112979256,0.566018760,-0.362436116,-0.198834643,0.207470238,0.093415514,-0.138445467,-0.545901299,-0.436997145,0.409864098,-0.029886950
1.756138325,-0.384978324,1.046766877,0.065786965,0.010334913,0.444528699,0.893285811,0.000000000,0.000000000,-0.156223545,-1.313823888,-1.798296649,0.385956538,-1.182578171,0.385309524,0.021166561,-0.076463290,-1.616108800,0.717709617,0.247996188,2.058455098,-0.310050106,0.451870355,0.221807078,-0.101241179,-0.025148828,-0.174529970,0.127148435,0.543108702,-0.421077609,-0.159557253,0.202757925,0.119317666,-0.130832031,-0.571123540,-0.475385904,0.408945590,-0.028385306
1.772984743,-0.374770910,1.029484510,0.072184280,0.013761550,0.443497211,0.893258274,0.000000000,0.000000000,-0.143414137,-1.321550503,-1.793086748,0.401947586,-1.173156280,0.384139289,0.019984465,-0.073698401,-1.616397629,0.704608946,0.263092187,2.050971157,-0.332762467,0.479826093,0.234492153,-0.104767442,-0.027193490,-0.174529970,0.129045829,0.518072069,-0.491717637,-0.111323610,0.194729030,0.156043470,-0.120439708,-0.592497706,-0.508337438,0.420269102,-0.019844189
1.786060810,-0.368275225,1.026866436,0.078610711,0.015213734,0.443099976,0.892889321,0.000000000,0.000000000,-0.122951875,-1.325977165,-1.784540620,0.422278964,-1.162602747,0.381583910,0.018778787,-0.071496933,-1.616962375,0.694927010,0.275421382,2.041243865,-0.356196672,0.507615631,0.245360374,-0.110367268,-0.027944285,-0.174529970,0.121369861,0.492925048,-0.568051815,-0.059680652,0.184820995,0.198355511,-0.108685486,-0.611730158,-0.532540619,0.439628929,-0.009005332
1.795692801,-0.364156425,1.029910684,0.084028833,0.015085927,0.441564739,0.893158555,0.000000000,0.000000000,-0.095209905,-1.333823292,-1.772482067,0.448784608,-1.149529121,0.376985915,0.017324722,-0.071824598,-1.616596428,0.694910472,0.284385698,2.032664532,-0.374013387,0.526641713,0.254316896,-0.114006981,-0.028845396,-0.174529970,0.108939476,0.478354394,-0.646614075,-0.012033238,0.175209835,0.230806142,-0.101373792,-0.630124927,-0.552581668,0.461802363,0.001364810
1.803086042,-0.361063600,1.029033303,0.087598898,0.011921329,0.440119833,0.893576443,0.000000000,0.000000000,-0.074259821,-1.330596363,-1.769487217,0.459914618,-1.148495195,0.379246255,0.016873613,-0.076070398,-1.615512698,0.695569754,0.292941193,2.030718524,-0.378380903,0.532836334,0.267825544,-0.111520916,-0.027885646,-0.174529970,0.094937153,0.458802074,-0.726585448,0.037549637,0.166963816,0.248626471,-0.104509905,-0.662838221,-0.564155221,0.484643400,0.011793485
1.808788419,-0.358267426,1.023937583,0.089639232,0.010642531,0.438236207,0.894315720,0.000000000,0.000000000,-0.034545931,-1.330568195,-1.765005155,0.483715174,-1.146241449,0.381450486,0.015767156,-0.079293462,-1.616537331,0.697838893,0.302998329,2.029822903,-0.383038348,0.538871456,0.280648291,-0.108383551,-0.026619155,-0.174529970,0.081783153,0.455128968,-0.800946712,0.077219874,0.162263185,0.257709324,-0.106732585,-0.695112646,-0.572979629,0.506080568,0.021564648
1.813749790,-0.354904890,1.014921665,0.090122111,0.010397591,0.436554611,0.895092189,0.000000000,0.000000000,0.009479371,-1.333635723,-1.746370578,0.523634485,-1.128241893,0.374952010,0.013142966,-0.080376740,-1.616460579,0.712862580,0.311583481,2.026630003,-0.395785843,0.548509070,0.291619867,-0.104755394,-0.025322814,-0.174529970,0.066791371,0.467525780,-0.874808669,0.109746262,0.158820450,0.259984672,-0.110806137,-0.728701472,-0.581058860,0.526412189,0.028856415
1.818809032,-0.350458384,1.001732588,0.089572966,0.011926758,0.431742430,0.897459209,0.000000000,0.000000000,0.061324356,-1.340458846,-1.746617265,0.564760565,-1.119160559,0.368069350,0.011894648,-0.131400793,-1.627302728,0.758085166,0.316248467,2.050604323,-0.405272104,0.546569058,0.298458010,-0.100663275,-0.022307105,-0.174529970,0.053947333,0.502972305,-0.952249050,0.133000359,0.156406224,0.257547259,-0.115007170,-0.757977605,-0.591895342,0.546077847,0.034364559
1.824258327,-0.344630659,0.984235108,0.087867662,0.013828062,0.425745994,0.900460124,0.000000000,0.000000000,0.107899878,-1.330802638,-1.767031568,0.589158556,-1.113368029,0.371819599,0.011300852,-0.221398442,-1.644869173,0.839267743,0.226248467,2.039266650,-0.407451672,0.545544378,0.305000573,-0.095438510,-0.017538451,-0.174529970,0.043001801,0.551835775,-1.035246134,0.150936142,0.154280275,0.253619403,-0.119936466,-0.785399973,-0.607107818,0.565531790,0.039709523
1.829916239,-0.337966472,0.963782489,0.085681580,0.013846423,0.422859609,0.902029216,0.000000000,0.000000000,0.140390919,-1.322676545,-1.797890736,0.610236978,-1.108844364,0.378541568,0.010918866,-0.273621737,-1.642899789,0.854800027,0.136248467,2.009781908,-0.408476178,0.544982477,0.316394985,-0.090586804,-0.016153537,-0.174529970,0.033161066,0.594630122,-1.122677565,0.171843290,0.151740357,0.244837731,-0.129098892,-0.785399973,-0.626912951,0.584623933,0.044660628
1.834948182,-0.331193745,0.944635391,0.084430702,0.017266477,0.419300884,0.903747797,0.000000000,0.000000000,0.153163334,-1.325306454,-1.841786807,0.631722372,-1.104546123,0.374090061,0.010100350,-0.304559665,-1.645339148,0.828800424,0.075939623,1.988031869,-0.421568308,0.542619285,0.322979271,-0.091273822,-0.012330012,-0.174529970,0.024425026,0.653609276,-1.206529975,0.185171023,0.150880545,0.237195075,-0.135011092,-0.785399973,-0.659665525,0.602711380,0.047166105
1.839203477,-0.325031698,0.923794329,0.083218999,0.022356465,0.416420877,0.905079305,0.000000000,0.000000000,0.160177061,-1.325339252,-1.886781076,0.645038914,-1.100462122,0.367061938,0.008966506,-0.304066954,-1.646260456,0.788980107,0.059053440,1.976411161,-0.437840532,0.538677826,0.325401068,-0.096152924,-0.006912583,-0.174529970,0.013206484,0.722372770,-1.288555503,0.194503397,0.150006890,0.230670303,-0.143194586,-0.785399973,-0.705888510,0.620305002,0.045731056
1.843089104,-0.319959670,0.902215540,0.081640959,0.023928918,0.417669117,0.904607475,0.000000000,0.000000000,0.156399964,-1.317987391,-1.927586017,0.652277861,-1.096262659,0.360502294,0.007570220,-0.278179667,-1.643960389,0.748203309,0.057501358,1.972104741,-0.454445165,0.532686457,0.319654524,-0.099800959,0.002892331,-0.174529970,-0.008648122,0.787646651,-1.369621277,0.207456127,0.147821069,0.224351585,-0.164736673,-0.785399973,-0.759520650,0.639023125,0.040959649
1.846359968,-0.315643013,0.879862309,0.080421127,0.026260799,0.419927299,0.903605998,0.000000000,0.000000000,0.155824581,-1.313684281,-1.928312647,0.652817598,-1.096727776,0.361339205,0.004098139,-0.264646363,-1.640318052,0.745667727,0.059777739,1.972476644,-0.456697831,0.531706081,0.313938171,-0.105160266,0.012886442,-0.174529970,-0.028743386,0.853018224,-1.445801377,0.220602617,0.146709844,0.218316287,-0.186975539,-0.785399973,-0.814771295,0.658787847,0.033926237
1.849204779,-0.311858237,0.858853042,0.079814568,0.029388256,0.422141761,0.902531028,0.000000000,0.000000000,0.155964873,-1.306575717,-1.922141165,0.647490804,-1.116518915,0.379946379,-0.014464891,-0.244894401,-1.639738071,0.730324296,0.096623289,1.967240843,-0.470294375,0.523418981,0.308366597,-0.112307772,0.022485796,-0.174529970,-0.047516525,0.913966477,-1.513395667,0.233289868,0.145582229,0.212817907,-0.208238050,-0.785399973,-0.866288960,0.677010179,0.025543287
1.852002144,-0.308374465,0.841699004,0.079200320,0.032616451,0.423147768,0.902002990,0.000000000,0.000000000,0.155164388,-1.300120429,-1.918491841,0.644848892,-1.121279119,0.390403993,-0.022645992,-0.239922119,-1.638390922,0.730661414,0.093178505,1.968916364,-0.472183752,0.522077321,0.303183913,-0.119361088,0.030793656,-0.174529970,-0.061636403,0.963751853,-1.568451285,0.246246606,0.142613649,0.208145499,-0.225357577,-0.785399973,-0.911295176,0.691761076,0.016477274
1.855153799,-0.304990321,0.830363631,0.078597628,0.036610637,0.423769861,0.901610374,0.000000000,0.000000000,0.152599713,-1.293837882,-1.915617156,0.640098371,-1.124366786,0.398131897,-0.028166968,-0.236762958,-1.639011032,0.731364870,0.087648228,1.970449254,-0.472921407,0.521328796,0.299751014,-0.126954347,0.037938230,-0.174529970,-0.070561901,0.997771144,-1.607633114,0.259607136,0.139689326,0.206338301,-0.237418622,-0.785399973,-0.944731951,0.701354623,0.007656880
1.859129906,-0.301619411,0.825970590,0.077848539,0.041546650,0.423030585,0.901808560,0.000000000,0.000000000,0.151080605,-1.289193801,-1.914234182,0.636971746,-1.125772675,0.402328373,-0.030782008,-0.234875021,-1.638874195,0.731956666,0.083908229,1.971493259,-0.473185907,0.520896335,0.298791051,-0.133274749,0.042720199,-0.174529970,-0.072597019,1.014828086,-1.630077004,0.272698462,0.134877712,0.206776351,-0.242960006,-0.785399973,-0.963264167,0.705725253,0.000102292
1.864154816,-0.298056483,0.828170002,0.077782013,0.048769392,0.421089649,0.902360797,0.000000000,0.000000000,0.146967696,-1.284556134,-1.913583714,0.628312183,-1.127916099,0.408403003,-0.033973153,-0.236268824,-1.639254047,0.734284332,0.077007367,1.974943763,-0.473521375,0.519793225,0.301821470,-0.139213920,0.045972444,-0.174529970,-0.068242073,1.017959595,-1.637371182,0.283644646,0.129284695,0.209591061,-0.243145898,-0.785399973,-0.964960814,0.702777982,-0.006550926
1.870700836,-0.294160545,0.838361263,0.078144275,0.058438025,0.418348491,0.903029859,0.000000000,0.000000000,0.144610418,-1.282363286,-1.913344241,0.619587618,-1.129442592,0.413076363,-0.035975068,-0.238819824,-1.639410727,0.737169660,0.073775624,1.979275961,-0.473562435,0.518631003,0.308387697,-0.143673569,0.046993349,-0.174529970,-0.057460561,1.004661083,-1.626602054,0.293128669,0.122341439,0.214949697,-0.236813426,-0.785399973,-0.941679776,0.690200150,-0.011375355
1.879096031,-0.289784998,0.859560788,0.078235820,0.069547184,0.415241659,0.903668523,0.000000000,0.000000000,0.143661292,-1.284231414,-1.914038104,0.615363422,-1.129916012,0.414681469,-0.036382954,-0.243882268,-1.638208405,0.738942065,0.076424502,1.981909270,-0.473520898,0.518012485,0.320481747,-0.144216627,0.042620707,-0.174529970,-0.038495675,0.962448895,-1.587316275,0.302905798,0.115292549,0.223056525,-0.220093459,-0.785399973,-0.894106925,0.667914927,-0.013066229
1.889211774,-0.284867108,0.892374337,0.077508666,0.081042498,0.412404984,0.904072225,0.000000000,0.000000000,0.137632426,-1.288846988,-1.916270658,0.606653586,-1.131088004,0.417506402,-0.037353738,-0.252681490,-1.639158803,0.743280842,0.083612464,1.987175275,-0.473240031,0.516978678,0.337229550,-0.137868822,0.033053361,-0.174529970,-0.012737768,0.888172507,-1.516145349,0.310258776,0.108052462,0.233672291,-0.189778775,-0.785399973,-0.827292681,0.636211276,-0.011986043
1.900309563,-0.279557019,0.931597650,0.075968735,0.092820205,0.409369707,0.904449880,0.000000000,0.000000000,0.128901050,-1.296711079,-1.919913770,0.598956036,-1.131959831,0.418875100,-0.037567581,-0.260490249,-1.642217657,0.746975341,0.087688335,1.991115797,-0.472628052,0.516243195,0.347435057,-0.125633985,0.023441918,-0.174529970,0.008694677,0.807057798,-1.418678403,0.306180716,0.102665380,0.243647113,-0.148209572,-0.785399973,-0.759635866,0.598415256,-0.010426437
1.911206007,-0.273420036,0.975195885,0.074217193,0.102848373,0.407671005,0.904277802,0.000000000,0.000000000,0.102525614,-1.294041463,-1.923805049,0.575348197,-1.134627960,0.422689545,-0.038542679,-0.265990168,-1.642652869,0.755306777,0.085151457,2.000872346,-0.470973643,0.514681476,0.351191938,-0.109711878,0.015645765,-0.174529970,0.025098864,0.713659823,-1.302279830,0.292747915,0.099090487,0.247063398,-0.095579624,-0.757106841,-0.732493222,0.556728125,-0.004819037
1.921448946,-0.266014606,1.017719507,0.072247051,0.110081419,0.404134393,0.905172825,0.000000000,0.000000000,0.079658269,-1.291008112,-1.936639861,0.538016743,-1.143297490,0.434751388,-0.037857345,-0.267642650,-1.643603509,0.793643072,0.080970750,2.047769913,-0.461332137,0.507671175,0.348652422,-0.090899862,0.010488800,-0.174529970,0.039019905,0.618300557,-1.169796944,0.269092947,0.100573942,0.237284258,-0.037998606,-0.695089638,-0.747796595,0.515443146,0.003758514
1.932251096,-0.256304264,1.055708051,0.068974853,0.113581114,0.397748053,0.907820582,0.000000000,0.000000000,0.047794988,-1.276054021,-1.952274863,0.493221311,-1.154039439,0.448231256,-0.036448929,-0.261960399,-1.640423201,0.835515971,0.091534749,2.101662316,-0.446366067,0.499847943,0.345877647,-0.069876127,0.007023540,-0.174529970,0.052976102,0.517929733,-1.034773469,0.242151722,0.104316756,0.213223442,0.017785307,-0.605789006,-0.800984144,0.478869557,0.017523328
1.944540262,-0.244279385,1.088944316,0.065125652,0.112908989,0.386796176,0.912906826,0.000000000,0.000000000,0.026923436,-1.289874644,-1.965827017,0.461701971,-1.161425287,0.460052940,-0.035052417,-0.264436105,-1.644606155,0.882140657,0.084826012,2.150208883,-0.430152881,0.493067680,0.341756821,-0.049119636,0.004766622,-0.174529970,0.065718204,0.409823447,-0.898527563,0.215926513,0.109942853,0.176606551,0.064476788,-0.489912152,-0.876811564,0.447751760,0.037166238
1.958637238,-0.230739519,1.115687847,0.059839033,0.107787617,0.373054087,0.919582427,0.000000000,0.000000000,0.005513245,-1.298300445,-1.971102981,0.451474972,-1.162613263,0.460744490,-0.034910425,-0.262708321,-1.643967959,0.885708150,0.083027630,2.154959250,-0.428723915,0.492454582,0.333344609,-0.027090810,0.002287452,-0.174529970,0.075772464,0.306037247,-0.767058372,0.188501418,0.120151736,0.133926570,0.094604552,-0.355188489,-0.941662252,0.418263614,0.061372835
1.974090815,-0.216777548,1.135230303,0.053923473,0.099951893,0.356780678,0.927259088,0.000000000,0.000000000,-0.031633560,-1.306253815,-1.979983009,0.430275549,-1.164420606,0.462907991,-0.034682196,-0.254905172,-1.639723523,0.895555811,0.093328735,2.170134432,-0.426247901,0.490720362,0.324768156,-0.006462682,-0.001246020,-0.174529970,0.087841108,0.211939439,-0.648908079,0.161940828,0.134163991,0.099595875,0.108608641,-0.212684795,-0.984085739,0.385494024,0.079028204
1.990140080,-0.202757448,1.148640275,0.049666706,0.090490162,0.340325683,0.934624612,0.000000000,0.000000000,-0.037648283,-1.309294284,-1.982008417,0.428144881,-1.164437722,0.464194384,-0.034633327,-0.249311074,-1.637195075,0.898299686,0.100220462,2.175898351,-0.425307526,0.489839404,0.315350533,0.007662110,-0.004962651,-0.174024507,0.102230743,0.127379656,-0.545946956,0.139560044,0.151236027,0.080015332,0.115386650,-0.059542574,-0.994937181,0.343185961,0.090354264
2.006589890,-0.187625587,1.156965017,0.046579603,0.080841921,0.324847728,0.941152930,0.000000000,0.000000000,-0.046353869,-1.318132175,-1.985545217,0.427064120,-1.164497614,0.465397470,-0.034625009,-0.240284121,-1.634739676,0.899341152,0.107571480,2.180316040,-0.424725362,0.489008434,0.301623285,0.010560656,-0.009500215,-0.167779610,0.113599926,0.057650980,-0.464033425,0.124431133,0.166114628,0.083883613,0.119260125,0.085901834,-0.958381593,0.287711829,0.092067093
2.025187254,-0.169430628,1.162974477,0.043133080,0.073282897,0.309969813,0.946936011,0.000000000,0.000000000,-0.074852316,-1.325104226,-1.997261482,0.436203785,-1.162143373,0.475123522,-0.034686141,-0.178036796,-1.625785401,0.909937046,0.197571480,2.211493421,-0.417669430,0.488158544,0.272991061,0.004417306,-0.011646936,-0.158737689,0.107485414,0.007451513,-0.397698373,0.115706839,0.176902115,0.086896539,0.133479387,0.226030171,-0.835137784,0.205518752,0.095267192
2.046958923,-0.150790215,1.165224195,0.040195901,0.065261364,0.293032408,0.953025281,0.000000000,0.000000000,-0.080406704,-1.339424974,-2.008610151,0.458062170,-1.158773389,0.486174530,-0.034811054,-0.116653390,-1.622325521,0.934980918,0.278555159,2.237963500,-0.412127860,0.487369071,0.251740277,-0.009160284,-0.015288264,-0.141135350,0.100187629,-0.056073956,-0.349826276,0.119480468,0.175687462,0.091371879,0.142069578,0.359112620,-0.714394093,0.117617004,0.094745845
2.070821762,-0.134135455,1.163985252,0.038756531,0.057481680,0.274315357,0.959137559,0.000000000,0.000000000,-0.079099071,-1.349220054,-2.013886594,0.465180151,-1.156839530,0.497256125,-0.035391308,-0.078454341,-1.614728095,0.950105950,0.317599789,2.262302990,-0.411585674,0.486531889,0.239854813,-0.025489341,-0.019213019,-0.118980519,0.096564740,-0.131237611,-0.315255731,0.131056502,0.168607578,0.101676434,0.142645761,0.476742387,-0.615124881,0.034655653,0.088512942
2.095200539,-0.119497374,1.160092115,0.038519531,0.049835145,0.254936993,0.964904010,0.000000000,0.000000000,-0.081257537,-1.353935869,-2.015406745,0.466017458,-1.156710851,0.499086630,-0.035563583,-0.077185194,-1.618848127,0.936360358,0.313385602,2.241858514,-0.426505597,0.517721406,0.228930712,-0.042555738,-0.022677481,-0.094920270,0.096701860,-0.202865347,-0.291175753,0.143607661,0.160582423,0.118597090,0.145019621,0.581252933,-0.525989473,-0.044173483,0.075706281
2.118701935,-0.106319606,1.154216766,0.039303515,0.041822173,0.238181770,0.969523370,0.000000000,0.000000000,-0.089027359,-1.350923091,-2.015657440,0.462716532,-1.157115610,0.500756830,-0.035887553,-0.074984593,-1.619071307,0.917968828,0.313590842,2.218323789,-0.444430918,0.551678454,0.217438713,-0.060523532,-0.026716070,-0.069845751,0.097809777,-0.268286645,-0.272832930,0.154170930,0.151475623,0.136889696,0.151641935,0.677611232,-0.453412294,-0.113936298,0.059474237
2.141051292,-0.094256558,1.146543622,0.040056698,0.034921266,0.224471509,0.973030627,0.000000000,0.000000000,-0.114204381,-1.345531778,-2.015299949,0.460879208,-1.155870909,0.517349368,-0.038240209,-0.059779513,-1.617812187,0.872032289,0.313413148,2.180284988,-0.485083748,0.602050199,0.210348040,-0.077264279,-0.030879319,-0.045532763,0.095062956,-0.330563992,-0.262668729,0.164752722,0.141339034,0.147478670,0.159828559,0.763944209,-0.405445278,-0.169337407,0.046154488
2.162718773,-0.082964174,1.137208819,0.041534670,0.029345613,0.214529842,0.975392580,0.000000000,0.000000000,-0.117253984,-1.343240089,-2.008883754,0.454348938,-1.159132541,0.532520428,-0.042140870,-0.031470553,-1.613571383,0.834300631,0.332174600,2.141566587,-0.522052714,0.659643804,0.207268119,-0.093132183,-0.034098517,-0.026622739,0.090242274,-0.391380012,-0.255771160,0.175857484,0.132535517,0.153621733,0.167155176,0.837638199,-0.377310783,-0.212689012,0.032633100
2.184911728,-0.071590386,1.124921799,0.044298820,0.025616176,0.208885789,0.976600349,0.000000000,0.000000000,-0.122912596,-1.336266951,-2.002448620,0.468116990,-1.155679279,0.545124954,-0.044012809,0.054641332,-1.601243140,0.759373180,0.402206021,2.063225005,-0.600261336,0.756257012,0.208789676,-0.106633216,-0.035174087,-0.020722345,0.084490106,-0.455214888,-0.256254315,0.192072183,0.127945125,0.152368769,0.169802591,0.885608017,-0.361283511,-0.245986804,0.022384115
2.208354950,-0.059419289,1.110683203,0.046914767,0.023476316,0.206497908,0.977039695,0.000000000,0.000000000,-0.143586537,-1.331821729,-1.999871907,0.464073205,-1.154466330,0.549802955,-0.044570806,0.143564242,-1.605274247,0.682990728,0.407709478,1.978461986,-0.682272208,0.852642744,0.212906867,-0.115390807,-0.035047419,-0.025647119,0.079730473,-0.517327011,-0.261892408,0.207013473,0.127393514,0.148657471,0.168236122,0.905216873,-0.352863103,-0.270618945,0.011000892
2.233576775,-0.045975845,1.095088482,0.050269473,0.022057835,0.203871191,0.977457404,0.000000000,0.000000000,-0.158571400,-1.327891806,-2.000214435,0.457698480,-1.154651039,0.550267493,-0.044638096,0.220900597,-1.608208623,0.642803157,0.386954322,1.945104878,-0.707948698,0.898724437,0.218443036,-0.120254830,-0.034259312,-0.043424778,0.076715380,-0.575146675,-0.271933645,0.219787404,0.131655663,0.143967867,0.165168926,0.902567625,-0.351134390,-0.285982907,-0.001318372
2.261275053,-0.030584710,1.078085899,0.053607985,0.020898618,0.201118171,0.977875710,0.000000000,0.000000000,-0.176388630,-1.326621957,-2.001006806,0.449932932,-1.154849284,0.550913378,-0.044679697,0.302607670,-1.606633138,0.610493759,0.331483712,1.933901543,-0.697357584,0.909962715,0.224677235,-0.121569782,-0.032715492,-0.070472889,0.073384881,-0.628406465,-0.284128428,0.232645452,0.138748944,0.138769940,0.158433855,0.886550367,-0.355615497,-0.292689651,-0.010155749
2.291264296,-0.013710019,1.059524894,0.056572486,0.019496540,0.196160197,0.978744447,0.000000000,0.000000000,-0.178706980,-1.324604684,-1.997258828,0.447592440,-1.153918189,0.556112173,-0.045198310,0.366998001,-1.604865947,0.589308602,0.272945611,1.927719774,-0.678350280,0.905779757,0.234763950,-0.116363421,-0.030985065,-0.105785832,0.072801501,-0.680236518,-0.302709788,0.246818885,0.148497865,0.132120728,0.146611914,0.861978829,-0.374973714,-0.287331045,-0.013044237
2.322544575,0.004067943,1.040402651,0.058402903,0.021428246,0.192879498,0.979248405,0.000000000,0.000000000,-0.176545818,-1.321157202,-1.994789513,0.447543196,-1.153371115,0.557427605,-0.045382531,0.364887841,-1.604187786,0.586498304,0.260774468,1.925798467,-0.671763552,0.903135876,0.245640814,-0.117805004,-0.035903484,-0.129846275,0.075137779,-0.720231295,-0.323466122,0.263434440,0.157881349,0.137456566,0.130210727,0.856704414,-0.419269025,-0.273287624,-0.013755498
2.353385448,0.021759318,1.022310615,0.059829302,0.027180534,0.195447490,0.978510082,0.000000000,0.000000000,-0.172521297,-1.316894872,-1.992601027,0.448446935,-1.152903706,0.557394222,-0.045465735,0.354113648,-1.603804998,0.585222898,0.259916008,1.923495126,-0.668201455,0.902574304,0.255043387,-0.124305218,-0.045184478,-0.145485580,0.075011991,-0.747187078,-0.346597463,0.279514164,0.165984988,0.148061305,0.109793536,0.875527740,-0.483023733,-0.256291717,-0.013463655
2.382332325,0.038542978,1.006784678,0.061907001,0.029381678,0.196572557,0.978091717,0.000000000,0.000000000,-0.159116102,-1.313239936,-1.987819511,0.454755609,-1.151265116,0.555646725,-0.045674838,0.294890772,-1.603732820,0.588307761,0.275606717,1.914605737,-0.659343938,0.901858220,0.261932880,-0.130412221,-0.054596409,-0.155651122,0.078656673,-0.771323681,-0.368519038,0.297188520,0.170213744,0.161126301,0.094971724,0.897811651,-0.562928915,-0.228910714,-0.012897432
2.408183098,0.053237848,0.993425667,0.063728102,0.033234205,0.200960308,0.976959169,0.000000000,0.000000000,-0.136257413,-1.305808096,-1.980102137,0.466798189,-1.148529454,0.551205678,-0.045944111,0.230979627,-1.607840618,0.597502048,0.288482539,1.907097882,-0.651138448,0.899530402,0.268442333,-0.137999162,-0.064798877,-0.162258729,0.076699562,-0.785057008,-0.393941700,0.315959752,0.173203170,0.176069349,0.080631398,0.924738824,-0.635415077,-0.205767170,-0.017350581
2.431068420,0.065865189,0.987062216,0.065607205,0.036426976,0.202586100,0.976384997,0.000000000,0.000000000,-0.114973637,-1.297011364,-1.965289456,0.506272203,-1.134482745,0.534485968,-0.046169930,0.166703441,-1.613212179,0.592078755,0.318274676,1.868121991,-0.618340996,0.909696628,0.276487440,-0.142328873,-0.073289834,-0.166553676,0.078902669,-0.785399973,-0.416704744,0.337552637,0.176256061,0.188224971,0.069175549,0.948312163,-0.710091054,-0.179430947,-0.021984531
2.451303959,0.076604255,0.982037127,0.067343496,0.040810939,0.203579158,0.975886703,0.000000000,0.000000000,-0.096210879,-1.294717359,-1.959554558,0.513474804,-1.133255146,0.536065129,-0.046457740,0.132526782,-1.615502794,0.598665896,0.319684084,1.865534923,-0.614320456,0.907161705,0.286158323,-0.143966615,-0.080880627,-0.169330359,0.083853401,-0.785399973,-0.433467865,0.358937740,0.180194974,0.195593402,0.057423968,0.975396991,-0.787455380,-0.153171927,-0.028373843
2.469186306,0.085631520,0.979354858,0.068632714,0.043929286,0.201796651,0.976031721,0.000000000,0.000000000,-0.083195223,-1.294805565,-1.957207402,0.519915453,-1.132933748,0.536453417,-0.046719637,0.113106109,-1.615400257,0.602231992,0.319630463,1.864693440,-0.612873729,0.905789278,0.296498656,-0.141435951,-0.086024061,-0.171084508,0.093667254,-0.785399973,-0.444411933,0.378706425,0.186553091,0.199580044,0.047252603,0.999652326,-0.864680171,-0.125527129,-0.037093826
2.484361649,0.093514241,0.976937473,0.070190869,0.047221243,0.198761940,0.976389825,0.000000000,0.000000000,-0.083152588,-1.294871419,-1.957216331,0.519949705,-1.132931639,0.536452135,-0.046719856,0.113054720,-1.615399976,0.602239418,0.319634899,1.864691602,-0.612871423,0.905787190,0.307866901,-0.138171524,-0.089493960,-0.172267288,0.105198175,-0.785399973,-0.458678126,0.398558378,0.194956183,0.201284885,0.036571532,1.027953863,-0.941993415,-0.099549785,-0.045756370
2.496786118,0.099983126,0.980373681,0.070932224,0.047171831,0.188043326,0.978459597,0.000000000,0.000000000,-0.078820793,-1.299168973,-1.957596970,0.522970039,-1.132710935,0.536355126,-0.046739657,0.108061805,-1.614839736,0.602896295,0.320399573,1.864507446,-0.612708719,0.905641433,0.327186406,-0.127890229,-0.083405435,-0.173059225,0.123564206,-0.785399973,-0.470312655,0.416120440,0.203604043,0.198880702,0.026808362,1.039621949,-1.019051909,-0.066408537,-0.051121626
2.506565571,0.105006278,0.977043509,0.070698164,0.047973674,0.175311670,0.980798721,0.000000000,0.000000000,0.011179206,-1.389146272,-1.963168153,0.612970036,-1.121211611,0.538480532,-0.047117810,0.018061805,-1.611727184,0.692896295,0.358298150,1.828529650,-0.591168217,0.895233601,0.340483725,-0.118257359,-0.079550348,-0.173574001,0.142243564,-0.785399973,-0.494864196,0.434150726,0.213546813,0.200532436,0.020817727,1.064613223,-1.089885831,-0.040256087,-0.056370348
2.514236450,0.109259866,0.968238592,0.070805624,0.051774304,0.167205855,0.982012331,0.000000000,0.000000000,0.060376270,-1.391523824,-1.989291541,0.686529768,-1.113967788,0.541147141,-0.047485858,-0.071938195,-1.622732159,0.782896295,0.394863299,1.784545770,-0.570707338,0.888125681,0.350011408,-0.114832491,-0.078735001,-0.173908591,0.152816087,-0.785399973,-0.526981533,0.452811360,0.224163592,0.206307232,0.009501617,1.107186317,-1.150629044,-0.025486691,-0.063115858
2.520131826,0.112717569,0.956508279,0.071266145,0.053768937,0.153686583,0.984078526,0.000000000,0.000000000,0.086226153,-1.381156569,-2.028609353,0.731641709,-1.109357980,0.544025727,-0.047721322,-0.161938152,-1.633627061,0.872896273,0.406590811,1.743281402,-0.560430028,0.883203369,0.354361147,-0.110587254,-0.081277549,-0.174126089,0.177348748,-0.785399973,-0.562849700,0.470573485,0.235506892,0.213437945,0.016460653,1.144959331,-1.201658607,-0.013017040,-0.069566526
2.525541782,0.115756825,0.942384243,0.071279936,0.056246132,0.141067401,0.985827327,0.000000000,0.000000000,0.115367653,-1.371435755,-2.068195762,0.758614359,-1.105780189,0.547253844,-0.047816756,-0.227315618,-1.639986483,0.957050630,0.410663683,1.706785936,-0.561729236,0.879140412,0.354820997,-0.108082414,-0.086921632,-0.174267456,0.203629583,-0.785399973,-0.597115219,0.486221224,0.245564803,0.223533422,0.027737882,1.188718557,-1.246992588,-0.007312514,-0.076247074
2.531347275,0.118669540,0.927626133,0.070351169,0.060847037,0.128418908,0.987348437,0.000000000,0.000000000,0.140798988,-1.362242925,-2.103508321,0.756388085,-1.103257676,0.551563322,-0.047792896,-0.252624732,-1.638960078,1.047050630,0.433863432,1.672896292,-0.566034882,0.875403326,0.354828447,-0.105021797,-0.094652109,-0.174359351,0.231424928,-0.785399973,-0.623788238,0.499899119,0.254656047,0.235007465,0.039679743,1.237834573,-1.287912369,-0.007393588,-0.085674137
2.537156105,0.121092662,0.913614929,0.068741396,0.065190993,0.114338115,0.988914371,0.000000000,0.000000000,0.149447397,-1.356904290,-2.136230645,0.766884548,-1.100110816,0.554817561,-0.047682430,-0.251340830,-1.638558178,1.136558308,0.483354329,1.643204107,-0.571203540,0.871795899,0.352422386,-0.101241931,-0.103340626,-0.174419075,0.259776324,-0.785399973,-0.642600417,0.509426773,0.261766732,0.250093251,0.051727012,1.283338904,-1.322577596,-0.009914836,-0.098629750
2.542850733,0.123306766,0.901114285,0.066770047,0.069757640,0.099273160,0.990363777,0.000000000,0.000000000,0.152050666,-1.347931997,-2.157858651,0.775461490,-1.093387661,0.554536266,-0.045896346,-0.263241167,-1.640338865,1.164325397,0.507395441,1.644640248,-0.575834284,0.854479169,0.351043224,-0.098283738,-0.110825956,-0.174313992,0.286108494,-0.785399973,-0.654806614,0.516199827,0.266598433,0.268303871,0.061016642,1.318429232,-1.347391367,-0.012478163,-0.113280512
2.548393011,0.125447810,0.890003264,0.064880423,0.074791670,0.084273748,0.991511285,0.000000000,0.000000000,0.161142270,-1.339114671,-2.165526774,0.779454141,-1.085843737,0.553645227,-0.043708213,-0.266813015,-1.640418850,1.196531979,0.533852808,1.656691985,-0.583334621,0.833829169,0.350869209,-0.096765786,-0.117552370,-0.172778875,0.310370535,-0.785399973,-0.662342429,0.521204233,0.269196898,0.288778841,0.068465814,1.348292828,-1.367510438,-0.015476987,-0.129983261
2.553869486,0.127488792,0.880798519,0.063805461,0.080408707,0.069239847,0.992304981,0.000000000,0.000000000,0.168072267,-1.327699233,-2.175626111,0.771728076,-1.081305637,0.555795916,-0.042780048,-0.250778378,-1.639577677,1.266848150,0.587570263,1.674844881,-0.595835190,0.823888425,0.353422344,-0.096406683,-0.120674431,-0.172162831,0.331014156,-0.785399973,-0.665770233,0.525440216,0.270968437,0.308032691,0.074140579,1.368650794,-1.381773233,-0.016937820,-0.144560218
2.559557915,0.129622266,0.876683354,0.063456900,0.086428076,0.054590385,0.992735267,0.000000000,0.000000000,0.190514022,-1.324575081,-2.181039324,0.753373155,-1.078055140,0.560159035,-0.042346630,-0.218864559,-1.643255317,1.356643466,0.660910879,1.686436766,-0.601956346,0.818075915,0.359949052,-0.097193845,-0.118147328,-0.172991335,0.345296472,-0.785399973,-0.657886088,0.525929213,0.269552141,0.322094023,0.074629657,1.376735449,-1.387343764,-0.017015262,-0.156452104
2.565872192,0.132002234,0.879740953,0.062194653,0.092822149,0.040876776,0.992897213,0.000000000,0.000000000,0.199102595,-1.325621352,-2.180016007,0.749929532,-1.077016539,0.561315397,-0.041847173,-0.208193135,-1.638211941,1.403824085,0.683717612,1.691860289,-0.602024704,0.811990846,0.369254172,-0.097612172,-0.110210881,-0.173529863,0.351273745,-0.785399973,-0.631727636,0.516505539,0.265159428,0.332002819,0.070080198,1.369060636,-1.380048513,-0.015526903,-0.165111810
2.572785616,0.134777188,0.888936043,0.060691983,0.099585950,0.026962705,0.992810249,0.000000000,0.000000000,0.206908459,-1.331121319,-2.179833231,0.746570877,-1.076403906,0.562217630,-0.041352659,-0.206234701,-1.633577714,1.442651374,0.670234125,1.694985272,-0.600358962,0.806641458,0.382393897,-0.099779651,-0.096318007,-0.173879907,0.349092901,-0.785399973,-0.591116667,0.494658858,0.260808647,0.338599443,0.059677184,1.341315746,-1.357865334,-0.012452940,-0.170214295
2.580426693,0.138104916,0.900385141,0.057638425,0.105639279,0.012847099,0.992649555,0.000000000,0.000000000,0.180630833,-1.322426058,-2.184310430,0.718392092,-1.077456810,0.564148389,-0.040499080,-0.200823145,-1.624830203,1.486852131,0.634977349,1.704524538,-0.598435235,0.797840485,0.391693473,-0.104039684,-0.079179198,-0.174107432,0.338151991,-0.785399973,-0.537715793,0.457714498,0.257070184,0.346021295,0.051223166,1.296998024,-1.314824581,-0.010954493,-0.173449397
2.589347124,0.142294869,0.911492884,0.053352207,0.111501820,0.000862901,0.992330670,0.000000000,0.000000000,0.166642123,-1.325799491,-2.189023970,0.711474976,-1.078101851,0.564129132,-0.040322058,-0.180689166,-1.611124603,1.490443299,0.615809775,1.706607652,-0.598123974,0.796325555,0.392595559,-0.109550223,-0.061744899,-0.174255326,0.317295462,-0.785399973,-0.478117377,0.406408995,0.256424308,0.354448557,0.045212746,1.239482284,-1.252377987,-0.012861839,-0.171694309
2.600002050,0.147456273,0.916704059,0.047986738,0.118657105,-0.007200968,0.991748869,0.000000000,0.000000000,0.141258659,-1.334574469,-2.200548122,0.666493050,-1.082669457,0.569220830,-0.038616373,-0.158863001,-1.588142545,1.551741741,0.567887123,1.726027457,-0.589124267,0.781285964,0.387954473,-0.114820525,-0.046369843,-0.174351454,0.286393434,-0.785399973,-0.431363046,0.347061127,0.256842703,0.361579001,0.040692501,1.172104478,-1.174149752,-0.018412815,-0.166130215
2.611841202,0.152100638,0.928897679,0.043411363,0.124124065,-0.014711946,0.991207480,0.000000000,0.000000000,0.152691391,-1.342387777,-2.197361283,0.606755217,-1.085717295,0.581057225,-0.037905943,-0.071246439,-1.565618172,1.620845750,0.586554701,1.737104796,-0.573753602,0.773820821,0.376254559,-0.120047517,-0.031306800,-0.174413949,0.247819275,-0.762309849,-0.400493145,0.287785441,0.257753313,0.365387410,0.037809212,1.091236353,-1.080999374,-0.024059845,-0.154581904
2.624750614,0.156057969,0.951153755,0.039500363,0.126243800,-0.020669807,0.990996957,0.000000000,0.000000000,0.166556796,-1.343786346,-2.195784190,0.553561952,-1.085460244,0.592393917,-0.037632634,0.018340110,-1.553669341,1.635711986,0.674069120,1.724393834,-0.552497230,0.769098218,0.360101879,-0.122946374,-0.018551437,-0.174454570,0.203732446,-0.707236826,-0.400786579,0.237743288,0.258748770,0.363884687,0.032317545,1.004704475,-0.987291634,-0.025128143,-0.136855215
2.638880014,0.159819618,0.978929460,0.034733579,0.124638014,-0.022834746,0.991331220,0.000000000,0.000000000,0.162861472,-1.335361762,-2.196058587,0.521959500,-1.083319592,0.600100364,-0.037479671,0.046555980,-1.551549492,1.582881214,0.714905951,1.708469780,-0.525632832,0.759190427,0.341582119,-0.118707851,-0.007166483,-0.174480975,0.156497777,-0.628148913,-0.435955167,0.201478958,0.257885754,0.354161024,0.021024469,0.915046155,-0.889906287,-0.023362527,-0.114958234
2.655007839,0.164668813,1.008105636,0.030796416,0.118241727,-0.020716734,0.992290974,0.000000000,0.000000000,0.165503362,-1.339753123,-2.200792412,0.535228609,-1.078597606,0.600360125,-0.037186493,0.044316137,-1.553456641,1.532310867,0.716591333,1.692126327,-0.494894050,0.738601100,0.322817504,-0.108706459,0.004825240,-0.174498126,0.111239627,-0.533864677,-0.504039288,0.182427615,0.253988862,0.331497848,0.003221654,0.816283405,-0.793415189,-0.014437526,-0.083153673
2.673169613,0.171088248,1.039225578,0.028257931,0.109933876,-0.015910391,0.993409753,0.000000000,0.000000000,0.154502376,-1.328832040,-2.205336413,0.559962738,-1.073486555,0.603699689,-0.037142451,0.036570810,-1.556191315,1.468223436,0.734878886,1.673974359,-0.468655995,0.728705088,0.306726187,-0.097147383,0.015758762,-0.174509287,0.073981963,-0.422585785,-0.582913101,0.177070305,0.248296201,0.300071776,-0.014941417,0.713992715,-0.706806600,0.003637016,-0.046969112
2.692223549,0.178139001,1.067027569,0.027120849,0.100468889,-0.009297496,0.994527042,0.000000000,0.000000000,0.151047668,-1.314757511,-2.210384211,0.575105356,-1.067855692,0.600601289,-0.036851909,0.022524918,-1.560155242,1.413023361,0.728402639,1.659262947,-0.442240659,0.707514442,0.288558364,-0.085760109,0.025458293,-0.174516529,0.042402465,-0.311205089,-0.648884356,0.175917655,0.242448419,0.264482141,-0.033449531,0.618029773,-0.620485365,0.019693248,-0.016456384
2.711675167,0.186154336,1.093956590,0.026066417,0.089702576,0.005155571,0.995614111,0.000000000,0.000000000,0.118668457,-1.289960995,-2.210762594,0.573075691,-1.062773527,0.602734551,-0.036823681,0.003085391,-1.561841081,1.461811957,0.736727345,1.641167595,-0.417727462,0.697495661,0.269358426,-0.066329703,0.038330488,-0.174521238,0.023828456,-0.186510280,-0.709832370,0.172562391,0.238105416,0.211189121,-0.057495877,0.522436500,-0.534000814,0.035223641,0.017361170
2.731165409,0.194870397,1.121169209,0.023883786,0.080328479,0.025765220,0.996149123,0.000000000,0.000000000,0.080117453,-1.257891272,-2.205959996,0.584940442,-1.056786893,0.605272435,-0.036927418,-0.002039561,-1.559845306,1.547166291,0.756078018,1.622296044,-0.393440183,0.691767092,0.256438434,-0.037283514,0.059448525,-0.174521297,0.021280814,-0.043352641,-0.754071057,0.162454709,0.234016642,0.141883135,-0.087448582,0.428181231,-0.469968885,0.064550310,0.055831645
2.751350164,0.204421192,1.134115696,0.021873767,0.071242735,0.058682740,0.995490968,0.000000000,0.000000000,0.042554282,-1.234246900,-2.196503364,0.565742089,-1.051449917,0.609713340,-0.037055414,0.018000319,-1.554778050,1.616439962,0.739596662,1.606065175,-0.366288201,0.687660163,0.253836095,-0.019825753,0.065508872,-0.174524337,0.042044155,0.076658882,-0.768848598,0.146671921,0.236959949,0.080720417,-0.117293134,0.328645319,-0.432443529,0.111394361,0.085816443
2.772041798,0.214140475,1.132548690,0.020473156,0.064189896,0.096204333,0.993078709,0.000000000,0.000000000,0.019510770,-1.239786413,-2.187317026,0.542971160,-1.046473758,0.612125297,-0.037295709,0.046106400,-1.549964249,1.653266073,0.678676087,1.594545595,-0.333264235,0.678889726,0.260342717,-0.014278856,0.068109065,-0.174526304,0.071530290,0.185593665,-0.764727950,0.124141119,0.240829498,0.034720212,-0.149862379,0.228898272,-0.414585680,0.167820677,0.102967747
2.792770624,0.224546224,1.131516337,0.019286737,0.057767950,0.134292454,0.989068449,0.000000000,0.000000000,-0.001195458,-1.246485388,-2.178214732,0.523057710,-1.040959522,0.609519510,-0.037568993,0.061408103,-1.547142329,1.679418138,0.619388011,1.584883928,-0.295903806,0.661898536,0.262538999,-0.015594575,0.066385105,-0.174527586,0.090899423,0.299404740,-0.708451986,0.075172104,0.245791733,0.000910152,-0.179726243,0.135103330,-0.405686885,0.227496222,0.106442511
2.813187122,0.235790551,1.134245157,0.018493738,0.051494140,0.171869338,0.983599126,0.000000000,0.000000000,-0.027420727,-1.244499679,-2.187741447,0.499748128,-1.041679647,0.606141740,-0.037405798,0.077434797,-1.543268018,1.711109219,0.601406066,1.584326437,-0.265657606,0.645623512,0.254189849,-0.027001470,0.060329359,-0.174528420,0.092958674,0.410765529,-0.596913218,-0.003341589,0.255923599,-0.013581834,-0.207142770,0.057932235,-0.402056485,0.283278406,0.097271912
2.832259655,0.247298151,1.133310914,0.017278792,0.044180907,0.207298473,0.977126837,0.000000000,0.000000000,-0.061824365,-1.246252279,-2.192879468,0.484652053,-1.041918417,0.604102755,-0.037480715,0.089638854,-1.540507486,1.719171326,0.604874922,1.587392202,-0.250687730,0.637514900,0.237144232,-0.037831690,0.052655283,-0.174528971,0.082430020,0.516568780,-0.471174210,-0.094696082,0.263766557,-0.018400833,-0.230563775,-0.003212879,-0.399817288,0.324500412,0.083498918
2.850356817,0.258695394,1.129658699,0.017127808,0.036361240,0.237366170,0.970588326,0.000000000,0.000000000,-0.090218408,-1.226252023,-2.179833449,0.461672615,-1.037586306,0.602567451,-0.037828574,0.103828023,-1.537749299,1.724196936,0.602707942,1.597499436,-0.221198244,0.622057115,0.217223525,-0.051003754,0.043469477,-0.174529329,0.066997558,0.614979208,-0.380760133,-0.167001083,0.266752213,-0.012031569,-0.245919809,-0.057039954,-0.398844749,0.357384115,0.064326048
2.868668556,0.269621253,1.122886658,0.019332238,0.028432518,0.261671007,0.964544475,0.000000000,0.000000000,-0.102877757,-1.227657096,-2.161444122,0.455868552,-1.030748879,0.602234098,-0.038371869,0.128931511,-1.535631119,1.718967327,0.612386162,1.611439819,-0.188707807,0.604710788,0.200280726,-0.062455654,0.034008581,-0.174529552,0.052461460,0.697081089,-0.328182369,-0.216793180,0.263234705,-0.002903620,-0.251146734,-0.113309018,-0.396969259,0.384708792,0.044972699
2.887797832,0.280011982,1.113103151,0.022897987,0.020981129,0.279459149,0.959655166,0.000000000,0.000000000,-0.117058906,-1.231367794,-2.160630387,0.449016308,-1.029861773,0.602968648,-0.038485757,0.143323730,-1.533204667,1.719821362,0.605855054,1.613209483,-0.178369279,0.599744123,0.190867096,-0.071285263,0.023283819,-0.174529701,0.043090180,0.749395728,-0.295738488,-0.252830386,0.257880360,0.008852129,-0.246939003,-0.179035127,-0.395178050,0.409402311,0.024107782
2.907963753,0.290051579,1.106709361,0.028180093,0.013556760,0.291990936,0.955909669,0.000000000,0.000000000,-0.142549104,-1.227711111,-2.163245490,0.435133079,-1.030583910,0.603859888,-0.038455329,0.146408219,-1.533529354,1.718193555,0.610271899,1.609836479,-0.174473892,0.602814276,0.192130908,-0.081496328,0.011996092,-0.174529791,0.044209864,0.758343041,-0.271814615,-0.279649526,0.251636207,0.027350742,-0.236054063,-0.263526618,-0.394912213,0.433848679,0.002842814
2.928728580,0.299673021,1.099010229,0.035573997,0.014115932,0.298767149,0.953558266,0.000000000,0.000000000,-0.161552609,-1.230809136,-2.165532606,0.424945604,-1.031065155,0.605050077,-0.038395315,0.153282895,-1.533379865,1.715764567,0.618448015,1.604353007,-0.172195940,0.610461101,0.193457872,-0.102576554,0.004894630,-0.174529850,0.051592220,0.766142428,-0.266044289,-0.298641831,0.247707516,0.062960304,-0.229302868,-0.327204257,-0.404793382,0.447744071,-0.020057946
2.953250170,0.308641434,1.085292339,0.044110384,0.009068646,0.305534750,0.951115429,0.000000000,0.000000000,-0.161465443,-1.231533641,-2.165523873,0.424953339,-1.031035627,0.605147390,-0.038393457,0.150413801,-1.534066202,1.715166764,0.621321420,1.603505801,-0.172168518,0.611513062,0.201924205,-0.116919473,-0.005075234,-0.174529895,0.065003835,0.733185053,-0.288172454,-0.285453886,0.241397649,0.093738124,-0.231000781,-0.421405107,-0.405847520,0.449694216,-0.041829839
2.980871677,0.316896021,1.066351891,0.052793615,0.007871442,0.311159223,0.948857605,0.000000000,0.000000000,-0.164178727,-1.244232534,-2.164569449,0.420372781,-1.030414017,0.608355860,-0.038372957,0.164933398,-1.532221025,1.706255027,0.648467940,1.588079137,-0.174905195,0.632757591,0.214519620,-0.128788680,-0.014706317,-0.174529925,0.079641394,0.689710140,-0.324417621,-0.256862998,0.233651593,0.127868131,-0.230935276,-0.506904602,-0.413278699,0.442817509,-0.060764730
3.010167122,0.324456424,1.040206194,0.061967116,0.009307001,0.313943744,0.947371542,0.000000000,0.000000000,-0.151263207,-1.241325246,-2.158558116,0.416968207,-1.029226403,0.612606188,-0.038435846,0.179215012,-1.531439847,1.698410255,0.677452025,1.571162927,-0.179926727,0.656555959,0.231464446,-0.140026420,-0.020370193,-0.174529940,0.087639831,0.651224256,-0.390322149,-0.210476413,0.222806782,0.165111572,-0.227892548,-0.587989390,-0.428967595,0.438048571,-0.073101997
3.038113117,0.331567496,1.008299828,0.070575178,0.015047242,0.313728839,0.946766615,0.000000000,0.000000000,-0.117652701,-1.237860289,-2.145471643,0.422274247,-1.026271731,0.619581047,-0.038849297,0.205278203,-1.529454458,1.681169527,0.717387669,1.544451164,-0.192181516,0.693471448,0.249080524,-0.154389471,-0.024655320,-0.174529955,0.082706437,0.645716548,-0.489047050,-0.161242232,0.210328996,0.211255729,-0.219904095,-0.651716471,-0.455756634,0.444492310,-0.075979263
3.062992573,0.338324010,0.971675158,0.078436345,0.020360714,0.313748479,0.946041822,0.000000000,0.000000000,-0.088853254,-1.243928631,-2.120273119,0.427321561,-1.018289803,0.634635018,-0.040637794,0.234100034,-1.526258483,1.666068664,0.755189110,1.514345838,-0.211127844,0.735418127,0.267832160,-0.169572115,-0.025407437,-0.174529970,0.069343545,0.658541679,-0.613484263,-0.107790060,0.195939600,0.262420595,-0.215506107,-0.707605004,-0.491486281,0.460496545,-0.073835410
3.083508968,0.344364405,0.955852628,0.085776441,0.025312919,0.314601868,0.945001185,0.000000000,0.000000000,-0.054047355,-1.243845536,-2.093172363,0.442054287,-1.007888078,0.650994052,-0.043730762,0.256534245,-1.525318765,1.652287887,0.780757416,1.488663510,-0.228342672,0.774441702,0.286360413,-0.185467720,-0.023605833,-0.174529970,0.048899148,0.682250679,-0.745377421,-0.054753069,0.182841986,0.312394142,-0.214257061,-0.760021925,-0.519359827,0.483983755,-0.067887872
3.100363255,0.349066317,0.944730818,0.092006706,0.031400003,0.312889576,0.944801033,0.000000000,0.000000000,-0.013709056,-1.253341243,-2.062842660,0.462180434,-0.996446225,0.666798594,-0.048076177,0.260733113,-1.524513411,1.648747791,0.785348452,1.470596570,-0.238063796,0.802623836,0.302995443,-0.198134989,-0.021549480,-0.174529970,0.032379236,0.717484713,-0.872631907,-0.007116758,0.170480117,0.349633515,-0.209996700,-0.785399973,-0.550373971,0.507991910,-0.060172345
3.114099979,0.352055669,0.933774948,0.096494056,0.032073572,0.310371727,0.945161104,0.000000000,0.000000000,0.032462948,-1.248136661,-2.048535184,0.486262998,-0.993352777,0.672899929,-0.049955551,0.228304435,-1.527626451,1.663295019,0.776748837,1.471086530,-0.229782586,0.800993494,0.310307562,-0.200198397,-0.016727524,-0.174529970,0.016491583,0.745829165,-0.984440625,0.037412036,0.159854352,0.367308557,-0.209596455,-0.785399973,-0.574934781,0.529776514,-0.052334886
3.125648975,0.354596585,0.924631178,0.099169984,0.031529393,0.310192853,0.944961190,0.000000000,0.000000000,0.072008119,-1.243282722,-2.034216943,0.511100570,-0.990312039,0.677202401,-0.053060207,0.178970649,-1.532681841,1.662956217,0.777466253,1.475773286,-0.213361432,0.792266769,0.313537776,-0.196924835,-0.013050198,-0.174529970,-0.000773556,0.766306818,-1.079120040,0.078532249,0.152229220,0.370719790,-0.211386621,-0.785399973,-0.590587616,0.547101855,-0.046070073
3.135104656,0.356936514,0.915066481,0.100495666,0.033117395,0.309349597,0.945043206,0.000000000,0.000000000,0.117529289,-1.247662026,-2.024912127,0.543503344,-0.988033047,0.678892983,-0.056357778,0.136382784,-1.538156933,1.670581276,0.770084680,1.478320092,-0.201022901,0.784701542,0.311878473,-0.190010220,-0.009158156,-0.174529970,-0.017590366,0.796950758,-1.160002708,0.107739434,0.147265181,0.364637196,-0.210982084,-0.785399973,-0.606182158,0.560172379,-0.040012915
3.142660856,0.359311044,0.904954553,0.101079926,0.036167245,0.308219582,0.945238352,0.000000000,0.000000000,0.131596120,-1.246385102,-2.017581477,0.598587208,-0.982038855,0.680171236,-0.058378249,0.074705260,-1.545491151,1.678158571,0.692970377,1.480160919,-0.174137161,0.779807252,0.307019889,-0.182459623,-0.005330627,-0.174529970,-0.034721043,0.834687352,-1.230154395,0.127950564,0.143590838,0.353739411,-0.209945202,-0.785399973,-0.622649848,0.570323825,-0.034402143
3.148878098,0.361759007,0.894456923,0.100987643,0.040366605,0.306708127,0.945569754,0.000000000,0.000000000,0.140044684,-1.247092987,-2.016905036,0.639346593,-0.980605153,0.681400654,-0.064922930,0.036829188,-1.549415451,1.688320250,0.657146718,1.483906402,-0.150504658,0.761699261,0.300345063,-0.175707579,-0.001247398,-0.174529970,-0.051487945,0.877015531,-1.291406274,0.141903475,0.140623510,0.342055202,-0.209185138,-0.785399973,-0.638249576,0.579784393,-0.030075463
3.153903008,0.364140183,0.884869158,0.100271694,0.045138232,0.304633737,0.946100712,0.000000000,0.000000000,0.147636179,-1.255975008,-2.022997746,0.665141965,-0.981028382,0.682524359,-0.072798513,0.030491347,-1.548970234,1.703055762,0.663218795,1.487054647,-0.130711908,0.739205582,0.292553484,-0.170748368,0.002186189,-0.174529970,-0.067881793,0.920167685,-1.344055414,0.151066214,0.138086349,0.330875516,-0.208954364,-0.785399973,-0.652680814,0.588528395,-0.026423482
3.157955647,0.366446197,0.878015935,0.098041974,0.048697982,0.302856386,0.946728170,0.000000000,0.000000000,0.163202393,-1.262249815,-2.034347258,0.685272933,-0.981540441,0.682905697,-0.080458861,0.023748271,-1.547848093,1.723670107,0.700359380,1.488791733,-0.114237062,0.715280229,0.283780813,-0.165265739,0.005657775,-0.174529970,-0.085956633,0.960047007,-1.390735984,0.159915507,0.135083497,0.319542825,-0.212333098,-0.785399973,-0.668745697,0.598164797,-0.023602128
3.161296844,0.368832350,0.870613456,0.094772510,0.052388687,0.300645977,0.947568297,0.000000000,0.000000000,0.176796174,-1.267955101,-2.050996844,0.689598634,-0.981630105,0.682924676,-0.086989762,0.014485088,-1.544183186,1.756585821,0.745081385,1.489475770,-0.099226082,0.691006093,0.276037872,-0.160025418,0.008973783,-0.174529970,-0.103273258,0.998575330,-1.433584929,0.168409377,0.132187262,0.308278799,-0.216382056,-0.785399973,-0.685675263,0.607789516,-0.021669107
3.164262295,0.370801002,0.862656653,0.089509957,0.053222723,0.301147789,0.947874129,0.000000000,0.000000000,0.191260306,-1.272274751,-2.071302012,0.688657135,-0.980497050,0.682004502,-0.091930677,0.008297379,-1.542578013,1.773951620,0.764969810,1.489968521,-0.083785682,0.667238872,0.267617673,-0.151147962,0.015172452,-0.174529970,-0.126221627,1.029019594,-1.473301291,0.180929542,0.129023045,0.297128439,-0.230105549,-0.785399973,-0.701098859,0.617299736,-0.021299232
3.166562557,0.372543097,0.852654099,0.084448583,0.053505357,0.301490992,0.948213458,0.000000000,0.000000000,0.208580668,-1.275881584,-2.094653908,0.689718121,-0.977675060,0.679409166,-0.094971153,-0.009713671,-1.543514813,1.780743640,0.775285283,1.489832582,-0.068412017,0.644429024,0.260708451,-0.143062621,0.021515142,-0.174529970,-0.145231098,1.061383009,-1.511258841,0.190398321,0.127112925,0.286679894,-0.243203074,-0.785399973,-0.716171920,0.626882851,-0.021900855
3.168385267,0.374151111,0.842665255,0.080151305,0.053686760,0.301901966,0.948445439,0.000000000,0.000000000,0.222120317,-1.279945419,-2.121281698,0.689839800,-0.973300451,0.674887167,-0.096017573,-0.023221511,-1.542302620,1.801051681,0.780226768,1.489397918,-0.052871444,0.622613248,0.255895555,-0.137192577,0.026285082,-0.174529970,-0.160924643,1.090190887,-1.546468973,0.200119883,0.126809105,0.279179960,-0.253985882,-0.785399973,-0.729156137,0.637312055,-0.021512685
3.170397758,0.375625789,0.833926618,0.077381946,0.054633442,0.303102911,0.948238313,0.000000000,0.000000000,0.224896172,-1.279658990,-2.120973170,0.691007161,-0.973534614,0.675561680,-0.096783003,-0.022980085,-1.542619614,1.802287098,0.780197414,1.489408424,-0.052234573,0.621759269,0.252660811,-0.134367317,0.029766981,-0.174529970,-0.172450691,1.114883542,-1.576974392,0.209915727,0.126590312,0.272204667,-0.263937473,-0.785399973,-0.734552145,0.646159291,-0.020988010
3.172898293,0.377034217,0.827042699,0.075129747,0.057289429,0.304509223,0.947812021,0.000000000,0.000000000,0.232455351,-1.281320957,-2.119838846,0.700021240,-0.975795952,0.678803091,-0.100325346,-0.021227834,-1.542676779,1.802341149,0.773270234,1.490127756,-0.048837780,0.618380982,0.253480911,-0.132690489,0.031933643,-0.174529970,-0.178718030,1.134957790,-1.600369573,0.217796013,0.126530036,0.266655207,-0.272051275,-0.785399973,-0.732929409,0.652344465,-0.021523897
3.176296234,0.378464997,0.822687507,0.073671080,0.062254429,0.306466907,0.946982026,0.000000000,0.000000000,0.240074874,-1.283103293,-2.118626922,0.707412150,-0.978289763,0.682290913,-0.103939133,-0.020649243,-1.542669400,1.802757890,0.763901866,1.491148296,-0.044377624,0.614718168,0.257898152,-0.132639542,0.033703774,-0.174529970,-0.180023924,1.149775863,-1.616087556,0.225603253,0.125330105,0.264566749,-0.276997566,-0.785399973,-0.723523140,0.653673053,-0.023895703
3.181006908,0.379864246,0.823280871,0.073425472,0.068524934,0.307797968,0.946136057,0.000000000,0.000000000,0.249191674,-1.287818728,-2.118793061,0.712122930,-0.979421370,0.684230387,-0.105953219,-0.015834207,-1.541622487,1.804978514,0.752299796,1.492457192,-0.039446544,0.611117122,0.264977098,-0.133490488,0.033274267,-0.174529970,-0.175464079,1.152537227,-1.618711710,0.234219953,0.121398225,0.265417367,-0.275591969,-0.785399973,-0.703409851,0.648036838,-0.025667001
3.187155247,0.381247401,0.830361485,0.074481256,0.076259896,0.308079749,0.945369720,0.000000000,0.000000000,0.262782586,-1.295257240,-2.123689259,0.686203602,-0.980233316,0.685270054,-0.105559038,-0.011499813,-1.538361415,1.823809108,0.729461448,1.494820619,-0.025927259,0.602393849,0.275074899,-0.135788843,0.030894119,-0.174529970,-0.163273588,1.138874412,-1.603140116,0.244041055,0.115686998,0.271027058,-0.267089009,-0.785399973,-0.671077728,0.634427607,-0.028215639
3.194695473,0.382449150,0.844617665,0.076612085,0.084901236,0.308046013,0.944473445,0.000000000,0.000000000,0.302601422,-1.303264126,-2.133886153,0.609538546,-0.980051493,0.690257254,-0.105235749,-0.053328077,-1.538689577,1.863060243,0.689938988,1.495369821,0.002755266,0.597533180,0.288459390,-0.137134597,0.024936900,-0.174529970,-0.141982526,1.107080936,-1.565595388,0.252935946,0.108977400,0.280420721,-0.248824716,-0.785399973,-0.626493454,0.615903199,-0.032175019
3.202936172,0.383275151,0.869810998,0.080222078,0.092942901,0.309005529,0.943102181,0.000000000,0.000000000,0.315071799,-1.297163134,-2.147199498,0.553261619,-0.977845619,0.686253567,-0.103622077,-0.056850705,-1.534236962,1.900340736,0.657984991,1.493383902,0.031487975,0.583367120,0.304994315,-0.137550414,0.014378294,-0.174529970,-0.111738622,1.043991208,-1.495385051,0.258563697,0.103169113,0.293455720,-0.217546284,-0.785399973,-0.578406513,0.588855267,-0.034084983
3.211581707,0.384053171,0.904548287,0.084093690,0.101085752,0.310131192,0.941556454,0.000000000,0.000000000,0.306859234,-1.271177891,-2.154770349,0.506001447,-0.974930573,0.679526004,-0.101877997,-0.038286200,-1.529673306,1.921786319,0.660306926,1.488604132,0.061819740,0.566245177,0.319083661,-0.134596795,0.003489282,-0.174529970,-0.077047698,0.960530698,-1.396649241,0.256357402,0.099476360,0.305420578,-0.174005121,-0.785399973,-0.538625300,0.553240120,-0.036805529
3.220279694,0.385790467,0.945137560,0.086925216,0.108998664,0.311486304,0.939967871,0.000000000,0.000000000,0.286829542,-1.261952060,-2.160485076,0.472870197,-0.971946623,0.671860875,-0.100240697,-0.027917635,-1.527384299,1.929029296,0.664976434,1.483119578,0.091517651,0.548431150,0.326888233,-0.126094863,-0.005531494,-0.174529970,-0.045419920,0.869460702,-1.279520988,0.243984640,0.097959056,0.309232295,-0.119542301,-0.785399973,-0.523801446,0.514601588,-0.036198597
3.227801323,0.389887571,0.987105608,0.088214263,0.114357218,0.312413394,0.938902855,0.000000000,0.000000000,0.236097501,-1.251957145,-2.165575553,0.449373814,-0.969265407,0.663311381,-0.098831715,-0.008480079,-1.522708064,1.952102939,0.685670958,1.477569757,0.120053324,0.530808975,0.331188142,-0.112556890,-0.011848680,-0.174529970,-0.016738635,0.764389694,-1.157377601,0.227165014,0.094698183,0.297856420,-0.054819740,-0.734775662,-0.569291711,0.479985595,-0.026161185
3.233434200,0.396173149,1.026907325,0.087431081,0.117612638,0.310991526,0.939045966,0.000000000,0.000000000,0.186455835,-1.245508620,-2.168005446,0.430169481,-0.966848704,0.654866226,-0.097602264,0.016692736,-1.515606453,1.992927912,0.704158283,1.472855064,0.148767266,0.513760402,0.329513162,-0.094320208,-0.015000856,-0.174529970,0.004631998,0.662653148,-1.028924584,0.202107847,0.097738087,0.269540280,0.008618385,-0.651062250,-0.637028515,0.451538146,-0.010448689
3.237667561,0.404044420,1.060147285,0.084021255,0.118277155,0.308341593,0.940146983,0.000000000,0.000000000,0.146329879,-1.256221068,-2.169813067,0.413641120,-0.964904659,0.647214801,-0.096490795,0.027193519,-1.511810979,2.015098758,0.706972290,1.468566583,0.175990280,0.497454768,0.323537141,-0.075383246,-0.017157115,-0.174529970,0.018476138,0.570318460,-0.904691696,0.172972694,0.105275594,0.234221861,0.062113110,-0.549968779,-0.706667185,0.430287898,0.009617809
3.242854118,0.413276613,1.087539196,0.080795169,0.116248250,0.302206844,0.942671537,0.000000000,0.000000000,0.107690004,-1.254556135,-2.178624695,0.405458172,-0.963693175,0.638359574,-0.095680034,0.049183578,-1.508253793,2.026486519,0.719756725,1.464225923,0.198131488,0.481928751,0.313569158,-0.059515841,-0.017992411,-0.174529970,0.030496534,0.486014158,-0.784303725,0.139466047,0.116136760,0.193873957,0.106492065,-0.442923129,-0.775599182,0.414572179,0.033039536
3.251457691,0.423688412,1.110678315,0.076458588,0.112082988,0.295784801,0.945570111,0.000000000,0.000000000,0.075493648,-1.264532138,-2.186825764,0.411246021,-0.963176549,0.630803774,-0.095136890,0.055851880,-1.508231347,2.004739756,0.719457063,1.475397360,0.207238948,0.470457373,0.305284142,-0.043912247,-0.018572442,-0.174529970,0.041559007,0.399359226,-0.672625721,0.109255880,0.126212373,0.149413183,0.135700434,-0.325848579,-0.841343284,0.396760970,0.058797047
3.263459682,0.434354037,1.129603386,0.071140721,0.105690055,0.285541475,0.949860334,0.000000000,0.000000000,0.041838514,-1.277867050,-2.200627226,0.418105925,-0.963736134,0.621977445,-0.094376371,0.064803591,-1.509764263,1.979758709,0.728577069,1.497684241,0.210115709,0.458001934,0.300414324,-0.028589249,-0.019743269,-0.174529970,0.057944760,0.309544653,-0.574083865,0.086773358,0.138652354,0.110348016,0.149349332,-0.195893303,-0.894793510,0.372951299,0.080666304
3.277569294,0.444492489,1.143602848,0.066223204,0.098287031,0.271861255,0.955010772,0.000000000,0.000000000,0.012700204,-1.287113954,-2.207881907,0.452225600,-0.961785547,0.615578059,-0.093251540,0.076294645,-1.514381364,1.917066819,0.725933487,1.535464182,0.208510498,0.444854105,0.299158961,-0.015566576,-0.022320673,-0.174296647,0.076896213,0.223974526,-0.494468808,0.073329352,0.149691284,0.082084209,0.148998722,-0.059523787,-0.924954236,0.341482848,0.096784189
3.292925358,0.455110610,1.153238177,0.061975073,0.089539662,0.258190066,0.959937334,0.000000000,0.000000000,-0.012955485,-1.293067668,-2.213849525,0.474554883,-0.959118245,0.611681101,-0.091821745,0.102233378,-1.519278812,1.857978133,0.755224478,1.570136630,0.202335208,0.432047583,0.294169843,-0.011824683,-0.025344994,-0.166576296,0.093086377,0.146160007,-0.432151437,0.069614194,0.162185431,0.080792099,0.143520325,0.077418551,-0.909288764,0.295509636,0.102105111
3.310662270,0.468733579,1.160104275,0.056576431,0.082272626,0.241178706,0.965330660,0.000000000,0.000000000,-0.044421090,-1.304026129,-2.216509259,0.474759098,-0.957565659,0.616141347,-0.091209969,0.176295961,-1.520684228,1.767978164,0.824315621,1.626030059,0.207414540,0.426192201,0.271568775,-0.014063052,-0.027476415,-0.153976709,0.099714279,0.095752068,-0.376278937,0.066244550,0.172348395,0.097115986,0.140644670,0.193290994,-0.812382042,0.229231223,0.103693902
3.332489967,0.483147562,1.164446473,0.050879315,0.075379238,0.218199506,0.971657515,0.000000000,0.000000000,-0.068862770,-1.314935253,-2.216988665,0.475796477,-0.956187820,0.623569359,-0.090942381,0.255462213,-1.499198144,1.705778405,0.869049803,1.682969153,0.222358219,0.437416951,0.254844368,-0.024768250,-0.030058470,-0.127516374,0.104005218,0.034088664,-0.331281632,0.072015442,0.170418650,0.107891098,0.140548736,0.312945992,-0.708430588,0.151082426,0.103801079
3.357369423,0.495173007,1.165770531,0.046916727,0.068253346,0.190314069,0.978223324,0.000000000,0.000000000,-0.081753140,-1.314192866,-2.217444292,0.471737611,-0.955904609,0.626832038,-0.090677267,0.289594539,-1.500125009,1.669068120,0.888445238,1.689000988,0.237867677,0.461987676,0.244568691,-0.037637040,-0.032321829,-0.099667504,0.111295611,-0.037307099,-0.300192505,0.089033172,0.164544955,0.126967967,0.135514915,0.425235659,-0.614954650,0.068733670,0.090947844
3.382530212,0.505073905,1.164474130,0.045082197,0.061191563,0.163836256,0.983555198,0.000000000,0.000000000,-0.083157602,-1.310911912,-2.216389487,0.470631809,-0.955863959,0.627487948,-0.090687323,0.311256009,-1.488140259,1.653071664,0.892677481,1.689380876,0.243395610,0.473527699,0.231992334,-0.053035356,-0.035114683,-0.073281392,0.118861124,-0.102002829,-0.277420431,0.106938049,0.156751335,0.154632300,0.133843347,0.530879676,-0.523526192,-0.015160870,0.071367398
3.406984329,0.514080405,1.161107063,0.044650521,0.053714529,0.143112615,0.987238526,0.000000000,0.000000000,-0.087172705,-1.308347300,-2.215795649,0.468703637,-0.956006181,0.628004663,-0.090766410,0.333653888,-1.484846427,1.640303470,0.903591221,1.688585445,0.249082740,0.490709072,0.218381390,-0.070293784,-0.038941275,-0.047607966,0.123903520,-0.160683781,-0.260999024,0.123306237,0.147988781,0.183271557,0.136467397,0.631205976,-0.449606687,-0.089689679,0.050799340
3.430452347,0.522567153,1.155927181,0.045063578,0.046334252,0.128211036,0.989638448,0.000000000,0.000000000,-0.084722992,-1.307064533,-2.211209193,0.465335599,-0.956495414,0.626614302,-0.091247087,0.352808595,-1.519467529,1.628767149,0.926660610,1.680868875,0.260054229,0.530349579,0.207340389,-0.089279011,-0.043518730,-0.023763278,0.123032644,-0.217959806,-0.249209955,0.138361827,0.138383493,0.206118912,0.142741337,0.726432204,-0.401780277,-0.149519637,0.032748785
3.453113794,0.530650139,1.149286866,0.045826759,0.039562300,0.118891537,0.991059780,0.000000000,0.000000000,-0.085280702,-1.304024074,-2.206473786,0.459481143,-0.963315689,0.625451700,-0.093344682,0.372484042,-1.520937976,1.616097989,0.949808329,1.673517985,0.270247387,0.570411300,0.200748563,-0.108251378,-0.048256606,-0.003052576,0.116051793,-0.277432233,-0.239670992,0.151145130,0.128357947,0.216844708,0.150584608,0.807575047,-0.373954684,-0.195671126,0.019648444
3.475493431,0.538517773,1.141487122,0.046857048,0.033883594,0.113489114,0.991855145,0.000000000,0.000000000,-0.094021558,-1.298699492,-2.202052364,0.450202856,-0.974078351,0.619336251,-0.095496545,0.394368751,-1.522337369,1.604446046,0.970468204,1.667785728,0.278838320,0.608932970,0.196588993,-0.125733525,-0.052445706,0.011084172,0.105979726,-0.336066961,-0.231992185,0.161515117,0.120610222,0.220114827,0.158588752,0.873231947,-0.359369129,-0.230969310,0.007680433
3.498532057,0.546460390,1.132378221,0.048300870,0.029938897,0.110877484,0.992208064,0.000000000,0.000000000,-0.111983363,-1.296660041,-2.197087614,0.440165081,-0.977793824,0.609341536,-0.094853176,0.432317741,-1.527615232,1.593587139,0.994829875,1.663822373,0.285200257,0.658557953,0.194935396,-0.138487905,-0.054684926,0.013559196,0.094792448,-0.391867489,-0.230313972,0.173059404,0.116584808,0.218075901,0.163856015,0.914604425,-0.352025807,-0.258803487,-0.003990366
3.523088932,0.554952264,1.122101068,0.049996786,0.026998321,0.107331671,0.992598236,0.000000000,0.000000000,-0.121769355,-1.291535159,-2.196632096,0.434688517,-0.978051046,0.608397703,-0.094882200,0.463181173,-1.532247365,1.592481109,1.009902185,1.662557286,0.284877758,0.690967136,0.194320187,-0.146271974,-0.055261366,0.003617705,0.083308965,-0.441611022,-0.234546110,0.185955793,0.115912259,0.213396251,0.166191861,0.928320765,-0.347942114,-0.279523551,-0.015211036
3.550578117,0.564700425,1.110325813,0.051248763,0.024540916,0.101675116,0.993193567,0.000000000,0.000000000,-0.142011333,-1.291319215,-2.198243646,0.426078849,-0.978435203,0.607667780,-0.094896833,0.516262213,-1.535408864,1.587360204,1.034484916,1.659927289,0.283873339,0.743474052,0.195141122,-0.149532706,-0.054990843,-0.016211359,0.072851732,-0.489964932,-0.241712987,0.197507203,0.120032698,0.208654448,0.165190801,0.920771778,-0.347004741,-0.292833477,-0.025343411
3.581249714,0.576306999,1.096673965,0.052556217,0.021014124,0.090893276,0.994250774,0.000000000,0.000000000,-0.149776243,-1.289122899,-2.196885539,0.422422570,-0.978111272,0.606804198,-0.094928408,0.556653571,-1.521562522,1.568892469,1.046961419,1.656910715,0.287593180,0.785146374,0.195253015,-0.149245441,-0.054976359,-0.046693899,0.066345654,-0.536364317,-0.250892520,0.209420413,0.127339885,0.209323794,0.162766039,0.898013890,-0.354963839,-0.295530021,-0.035378490
3.614196777,0.589299679,1.080028415,0.053587187,0.017923068,0.077392004,0.995398223,0.000000000,0.000000000,-0.143928449,-1.288518626,-2.186674796,0.419426872,-0.969255702,0.593017761,-0.096504206,0.606511280,-1.504231777,1.533765492,1.014792932,1.645344141,0.317441482,0.810889703,0.200003088,-0.145494312,-0.054428790,-0.083515659,0.065597869,-0.587425470,-0.262157887,0.221049026,0.139925212,0.210235968,0.156796813,0.873880804,-0.380929738,-0.286184847,-0.039801359
3.647991896,0.603265166,1.061513066,0.053104825,0.016564036,0.062698960,0.996481001,0.000000000,0.000000000,-0.137984603,-1.287356278,-2.182853363,0.421927494,-0.968076605,0.590722043,-0.096689273,0.587398216,-1.510238159,1.523840860,1.000643660,1.643061574,0.326831187,0.809819025,0.214170396,-0.136856019,-0.053087514,-0.115298524,0.076043896,-0.639499307,-0.284189016,0.235608116,0.154372841,0.217875376,0.147937968,0.855552375,-0.437817365,-0.262495667,-0.043325674
3.680685997,0.617665231,1.042876840,0.053691007,0.020755317,0.052874357,0.996940732,0.000000000,0.000000000,-0.111404255,-1.282085196,-2.172093038,0.436718259,-0.964899019,0.585227985,-0.096902752,0.522499775,-1.529097487,1.508029371,0.991215827,1.641662476,0.339549267,0.806020718,0.228917360,-0.136068463,-0.055215657,-0.136029527,0.087538928,-0.671088576,-0.319074750,0.252877742,0.169127166,0.230860084,0.136331737,0.870931387,-0.521056175,-0.235494658,-0.044313427
3.711585760,0.631423473,1.023588657,0.055363737,0.026475918,0.045566443,0.997074544,0.000000000,0.000000000,-0.091817501,-1.278033998,-2.152070226,0.453741240,-0.958608144,0.569902388,-0.096202580,0.442291370,-1.550330377,1.473966728,0.951409821,1.640383944,0.363681549,0.803672626,0.244513452,-0.137741685,-0.057459712,-0.149504691,0.102712572,-0.694329321,-0.361115754,0.272558898,0.184230015,0.241487026,0.127088994,0.903298974,-0.618445992,-0.206272751,-0.044647753
3.742147684,0.644136727,1.002269030,0.056415174,0.027122311,0.033607665,0.997472882,0.000000000,0.000000000,-0.074092844,-1.278504930,-2.146074355,0.462011529,-0.957447395,0.566606836,-0.096287572,0.406813376,-1.540189854,1.477770426,0.948874473,1.639884922,0.368578455,0.800669867,0.268763661,-0.131030157,-0.052041486,-0.158263549,0.127142325,-0.741780221,-0.391838849,0.294716924,0.197337523,0.243588299,0.118749931,0.912813425,-0.722834527,-0.161862731,-0.044005588
3.771277905,0.655611753,0.981515348,0.058397427,0.032299146,0.026075291,0.997429967,0.000000000,0.000000000,-0.045421033,-1.277384924,-2.135648503,0.478479617,-0.955443157,0.564060862,-0.096631751,0.368614679,-1.536532777,1.494551985,0.946884718,1.639876396,0.371081731,0.795506122,0.290638417,-0.128780037,-0.048791680,-0.163956806,0.143324912,-0.773474455,-0.426874697,0.319878727,0.209724009,0.242365763,0.106349602,0.943422556,-0.824971378,-0.126430422,-0.046228066
3.798571110,0.665713072,0.965947330,0.061884731,0.040041022,0.021116126,0.997056305,0.000000000,0.000000000,-0.013810229,-1.275581383,-2.127754021,0.492242977,-0.954373449,0.565132388,-0.097155535,0.335615662,-1.533342241,1.505126326,0.955004017,1.638493529,0.372228123,0.793721585,0.309039563,-0.131390989,-0.046187356,-0.167657420,0.154105574,-0.785399973,-0.460492373,0.344961882,0.224082083,0.237290621,0.089606762,0.986151695,-0.920190990,-0.097865507,-0.049940735
3.823287487,0.674498260,0.957133830,0.065939531,0.046598427,0.016256217,0.996602416,0.000000000,0.000000000,0.037052444,-1.284932433,-2.117092683,0.520414472,-0.954133695,0.566532082,-0.097839897,0.287707438,-1.529593848,1.536584046,0.959272362,1.637072481,0.372597822,0.788990464,0.324883193,-0.135607898,-0.042375386,-0.170062810,0.164356753,-0.785399973,-0.487659007,0.367807418,0.236204550,0.229626626,0.071999364,1.024431229,-1.003971577,-0.073500432,-0.054379068
3.845332623,0.681536973,0.956482351,0.068446010,0.047999535,0.007159804,0.996473730,0.000000000,0.000000000,0.069814569,-1.298566388,-2.103756602,0.528732148,-0.953980170,0.573712954,-0.098360668,0.205300139,-1.531176462,1.611018484,0.880537792,1.628485583,0.377992999,0.785223129,0.341990739,-0.131338611,-0.032307960,-0.171626329,0.178760603,-0.785399973,-0.503349900,0.387003690,0.246834800,0.215606973,0.054652855,1.039355278,-1.077703357,-0.043627791,-0.056056000
3.864211559,0.686695576,0.954702973,0.069910042,0.049577765,-0.003170929,0.996315539,0.000000000,0.000000000,0.088503042,-1.294581955,-2.091351982,0.540711468,-0.954542918,0.581148436,-0.100455794,0.175736705,-1.533934394,1.636052926,0.850595481,1.616117910,0.371256213,0.766861204,0.355279773,-0.124868140,-0.023513626,-0.172642618,0.192511916,-0.785399973,-0.520559430,0.402954906,0.256404519,0.204287887,0.038133569,1.058990359,-1.140206337,-0.020441120,-0.059010230
3.880084991,0.689971268,0.948147833,0.070564978,0.051123731,-0.013592999,0.996103525,0.000000000,0.000000000,0.094702049,-1.293607973,-2.083508230,0.562694007,-0.955415973,0.587119834,-0.103150813,0.175361467,-1.533838265,1.640003331,0.871921450,1.601132066,0.358266286,0.743599490,0.360852599,-0.118206412,-0.020658677,-0.173303187,0.207455456,-0.785399973,-0.544589460,0.416469067,0.264567047,0.199436456,0.024959121,1.090541124,-1.195107222,-0.005864487,-0.064933456
3.892950058,0.691697478,0.939188898,0.071701065,0.054043811,-0.021614328,0.995726407,0.000000000,0.000000000,0.092045299,-1.298143797,-2.081334336,0.598389655,-0.956092262,0.590713884,-0.105948572,0.177315550,-1.533810261,1.649936086,0.904128077,1.586065669,0.339310206,0.725525589,0.363653600,-0.114949286,-0.019530414,-0.173732564,0.217375383,-0.785399973,-0.570113003,0.426646411,0.271089584,0.202938706,0.007286245,1.129323840,-1.241616368,0.001878904,-0.074340135
3.903339386,0.692212701,0.929104686,0.073300935,0.057737660,-0.027593113,0.995254695,0.000000000,0.000000000,0.092891385,-1.307043252,-2.082475155,0.626050509,-0.956963007,0.593449626,-0.108473491,0.181821332,-1.531395743,1.686418188,0.928160225,1.572505510,0.310429687,0.738504092,0.365879029,-0.113699362,-0.019442059,-0.174011663,0.226035058,-0.785399973,-0.596007705,0.435524106,0.276546925,0.211165160,-0.013648843,1.171993732,-1.281950355,0.003949626,-0.087077811
3.911575317,0.692083597,0.918854177,0.074757621,0.060428668,-0.033440132,0.994807243,0.000000000,0.000000000,0.094076653,-1.316335810,-2.085810727,0.641420219,-0.958065151,0.595847984,-0.110655867,0.206172849,-1.524523113,1.725073187,0.977391455,1.559695729,0.286784466,0.734389255,0.366025954,-0.113848135,-0.022095323,-0.174193084,0.239265963,-0.785399973,-0.618416309,0.443760395,0.279933631,0.222944260,-0.030447643,1.212770462,-1.318957567,0.004112954,-0.101156980
3.918286324,0.691439331,0.908568799,0.074226737,0.060567271,-0.041196585,0.994547606,0.000000000,0.000000000,0.091497024,-1.323236861,-2.090322214,0.647678267,-0.959242698,0.598038484,-0.112536483,0.213106331,-1.521847099,1.738474095,0.994784396,1.552443643,0.267852980,0.744351355,0.364417434,-0.112418547,-0.033740595,-0.174310997,0.263461441,-0.785399973,-0.639782608,0.452791005,0.281680197,0.238448650,-0.034868956,1.239997387,-1.351375222,0.008064369,-0.115446493
3.923091412,0.690275788,0.899626732,0.072618254,0.061365608,-0.047763519,0.994323611,0.000000000,0.000000000,0.090391803,-1.324268633,-2.093080664,0.644430302,-0.960503722,0.600577523,-0.114170102,0.213680373,-1.521008650,1.744175089,1.004650409,1.547728637,0.255884247,0.752901024,0.365132093,-0.110083804,-0.044533037,-0.174387634,0.285157919,-0.785399973,-0.657531440,0.461307019,0.282207936,0.256383151,-0.036774363,1.261096001,-1.375651598,0.010879056,-0.130588561
3.926130056,0.688786030,0.893055975,0.070337482,0.062397368,-0.053363085,0.994138658,0.000000000,0.000000000,0.090119543,-1.329464701,-2.096857760,0.639431172,-0.961780833,0.603200489,-0.115529170,0.215520430,-1.519911417,1.748569858,1.013698734,1.544880049,0.243400751,0.759243086,0.366870701,-0.107578605,-0.052848388,-0.174437463,0.303131044,-0.785399973,-0.668267131,0.467504919,0.280857265,0.274622321,-0.034942612,1.276812911,-1.392297745,0.012816391,-0.144962236
3.927887440,0.687235951,0.890090883,0.067801856,0.063381918,-0.059343498,0.993913472,0.000000000,0.000000000,0.093985985,-1.333677878,-2.097960965,0.641737770,-0.961841508,0.603711670,-0.115830745,0.213414136,-1.519629321,1.752773475,1.019920469,1.544026325,0.238650228,0.758305210,0.369982272,-0.106580779,-0.058147307,-0.174469844,0.316303253,-0.785399973,-0.669037282,0.470430315,0.278461367,0.292094052,-0.031412613,1.285570145,-1.399247766,0.014053842,-0.157400638
3.929188251,0.685971141,0.890809119,0.064336084,0.064811796,-0.066721685,0.993583679,0.000000000,0.000000000,0.097511012,-1.332960072,-2.098328402,0.639023868,-0.962156978,0.604673136,-0.116064334,0.205345220,-1.521157327,1.747876730,1.021516494,1.542867967,0.233748277,0.751382677,0.374964237,-0.104125559,-0.060605727,-0.174490899,0.325667888,-0.785399973,-0.661321759,0.469093025,0.275893867,0.306752324,-0.027779244,1.288579345,-1.399025559,0.013917846,-0.167458564
3.930667162,0.685299277,0.896331310,0.060938876,0.066831149,-0.076071791,0.992992043,0.000000000,0.000000000,0.106144776,-1.333869428,-2.097531330,0.638704277,-0.962217911,0.605480962,-0.116092888,0.195361623,-1.523368952,1.740961995,1.017220856,1.542698269,0.231279968,0.745876282,0.382252514,-0.102199569,-0.058857802,-0.174504578,0.330543160,-0.785399973,-0.639716983,0.460818470,0.273078591,0.317962557,-0.024428019,1.282445908,-1.389252305,0.014129472,-0.173961416
3.932908773,0.685571015,0.905775607,0.057915036,0.069513790,-0.087055959,0.992086172,0.000000000,0.000000000,0.113247276,-1.332946781,-2.096822648,0.638486210,-0.962212642,0.605713281,-0.115970362,0.189384147,-1.524661826,1.738289400,1.007413417,1.543110532,0.229936494,0.740145898,0.390134454,-0.101644531,-0.052061558,-0.174513474,0.329635978,-0.785399973,-0.604335248,0.443179578,0.271371126,0.325452328,-0.020146372,1.262696743,-1.365123034,0.014359478,-0.176880181
3.936548233,0.687113285,0.913788557,0.054832831,0.074760988,-0.099768065,0.990681827,0.000000000,0.000000000,0.124824102,-1.334393823,-2.097289958,0.634051516,-0.962532984,0.605813795,-0.115455206,0.175112587,-1.527354299,1.731071518,0.983303990,1.544487713,0.228962509,0.731181638,0.396157593,-0.103011668,-0.042624459,-0.174519256,0.322890580,-0.785399973,-0.562628090,0.418013483,0.270416498,0.333325803,-0.012418121,1.232900620,-1.324509025,0.011245171,-0.178165197
3.941953182,0.689958215,0.918939292,0.051414534,0.082297944,-0.113871545,0.988745093,0.000000000,0.000000000,0.142016570,-1.333968731,-2.096840257,0.619549124,-0.963403228,0.606442804,-0.114498148,0.153826816,-1.532461348,1.709788260,0.946572582,1.546431661,0.229564386,0.718922928,0.397591412,-0.107043564,-0.032959528,-0.174523011,0.310093880,-0.785399973,-0.515914261,0.385046691,0.269776106,0.343557715,-0.002020060,1.195389986,-1.271361589,0.004607373,-0.175939649
3.949596882,0.694022477,0.920025945,0.047557078,0.091332525,-0.130334869,0.986108303,0.000000000,0.000000000,0.156707108,-1.345352322,-2.104778361,0.600834533,-0.965314303,0.605792400,-0.112856195,0.136503779,-1.536931561,1.685183415,0.901287258,1.549526475,0.230952653,0.701192072,0.391500175,-0.114145637,-0.023595314,-0.174525455,0.288698256,-0.779956281,-0.477296233,0.341423839,0.273287803,0.359331906,0.012621371,1.142465591,-1.201813459,-0.002243449,-0.171890080
3.958718777,0.698919296,0.933518827,0.042945504,0.101439558,-0.148277655,0.982791662,0.000000000,0.000000000,0.187978535,-1.362130179,-2.112598425,0.558996754,-0.968221273,0.612322394,-0.112152405,0.099195514,-1.543194987,1.639892256,0.828145099,1.543429844,0.240946725,0.692621499,0.376037627,-0.123263896,-0.017323282,-0.174527049,0.256059021,-0.737325430,-0.443496585,0.291301221,0.272574782,0.379868031,0.030797463,1.081032038,-1.111350775,-0.013362254,-0.169771001
3.968127012,0.703116298,0.956680834,0.039807227,0.109811202,-0.166735545,0.979058802,0.000000000,0.000000000,0.191012719,-1.367944948,-2.125506389,0.526929846,-0.970867266,0.612320917,-0.110760916,0.090136481,-1.545223228,1.615006079,0.766717650,1.536527581,0.242329606,0.673975775,0.351582468,-0.132743359,-0.012456943,-0.174528077,0.213606477,-0.662361860,-0.427861899,0.239478216,0.271400154,0.398283839,0.047719792,1.012378335,-1.004921675,-0.027935393,-0.165518820
3.978460312,0.706086338,0.983590662,0.036988501,0.116247281,-0.183392286,0.975441277,0.000000000,0.000000000,0.199479814,-1.362002491,-2.136312662,0.503226052,-0.973189788,0.609982914,-0.109202450,0.089428117,-1.546298294,1.581349010,0.733014126,1.528582813,0.240640462,0.652375177,0.323647201,-0.134986401,-0.006761863,-0.174528748,0.163297638,-0.570465028,-0.435423791,0.195487469,0.268403828,0.403161943,0.058508448,0.942754149,-0.893850088,-0.042227831,-0.152375638
3.990498304,0.707924962,1.012461185,0.034026641,0.119335145,-0.198349357,0.972244203,0.000000000,0.000000000,0.178915941,-1.354809721,-2.149659168,0.493786212,-0.975530769,0.605002666,-0.107810303,0.112413360,-1.544714629,1.526225157,0.713966483,1.520714652,0.237583890,0.630346412,0.294087023,-0.125550613,0.001859824,-0.174529180,0.108174637,-0.468483210,-0.467630625,0.163336068,0.263009727,0.389162004,0.060194701,0.864875019,-0.777610421,-0.052037466,-0.130688623
4.004920959,0.709587336,1.043325543,0.030935712,0.119512744,-0.209230006,0.970042527,0.000000000,0.000000000,0.159095007,-1.340769699,-2.159163558,0.500412475,-0.977473177,0.597598192,-0.106873144,0.124944180,-1.545433343,1.466759690,0.716787539,1.513164459,0.232475933,0.608545992,0.266814172,-0.101454049,0.013869409,-0.174529463,0.052022427,-0.356842339,-0.524154902,0.144896373,0.255566955,0.350289851,0.050037336,0.781205118,-0.662136793,-0.057922058,-0.100129589
4.021899700,0.711462498,1.072367430,0.028993804,0.116669528,-0.214523062,0.969292223,0.000000000,0.000000000,0.174294721,-1.338330031,-2.166626915,0.522200665,-0.979489865,0.587935447,-0.106505281,0.107122759,-1.549583188,1.427942470,0.725025088,1.507370772,0.225105344,0.587302294,0.248947755,-0.072575778,0.027378723,-0.174529642,0.009159282,-0.237613335,-0.601972640,0.139397308,0.248222664,0.297555208,0.027881300,0.692747414,-0.566145837,-0.054142557,-0.064611368
4.040248394,0.713238835,1.094527721,0.027316468,0.111179508,-0.214417085,0.970009446,0.000000000,0.000000000,0.170886255,-1.335592668,-2.178246538,0.541046327,-0.982821224,0.575497613,-0.107022920,0.106004684,-1.551192291,1.397714057,0.729054290,1.503801105,0.215453937,0.566807981,0.236538127,-0.048133910,0.039691038,-0.174529761,-0.017285112,-0.122082427,-0.678984761,0.140030131,0.244706929,0.247387812,-0.000144785,0.610556006,-0.491700530,-0.042250063,-0.032858159
4.058565617,0.714381933,1.111899137,0.025912825,0.104183666,-0.209926158,0.971805155,0.000000000,0.000000000,0.163080901,-1.321136997,-2.186570444,0.529276996,-0.987674330,0.563345946,-0.108315751,0.109065171,-1.551194971,1.400298868,0.709569511,1.503510159,0.204487315,0.547682141,0.223474205,-0.027327551,0.050292451,-0.174529850,-0.032682601,-0.023494126,-0.726620615,0.138386905,0.241963118,0.197157755,-0.027645877,0.541143060,-0.435470134,-0.027198108,-0.003925150
4.076771736,0.715776384,1.129049897,0.023564752,0.098230161,-0.196378827,0.975310683,0.000000000,0.000000000,0.146241079,-1.308016964,-2.185771477,0.519577516,-0.989215417,0.563482508,-0.109114008,0.082246406,-1.552331819,1.463645068,0.716493460,1.495401523,0.201925379,0.539222732,0.215273499,-0.004999184,0.072612025,-0.173683852,-0.030462166,0.091451898,-0.763021588,0.130119696,0.242706642,0.142921820,-0.067098208,0.483065814,-0.400119036,-0.004923141,0.024074791
4.094990730,0.717403769,1.138275862,0.020439252,0.092380472,-0.169006005,0.981063247,0.000000000,0.000000000,0.141845438,-1.287808185,-2.179558975,0.521862552,-0.988942711,0.567452099,-0.109815746,0.060435093,-1.552178365,1.553640846,0.729506366,1.485339213,0.203865519,0.534958004,0.211305022,0.013659432,0.099980265,-0.173968360,-0.005396908,0.212153777,-0.780860662,0.114826694,0.246312559,0.089742199,-0.118400559,0.427904695,-0.382147610,0.029515309,0.052147917
4.113052368,0.718971789,1.135953307,0.015872510,0.084899127,-0.131940007,0.987487733,0.000000000,0.000000000,0.112212293,-1.267375409,-2.173733511,0.525535033,-0.988128578,0.571855184,-0.110580420,0.061911279,-1.548206330,1.641871829,0.733501644,1.475432216,0.210696003,0.532443144,0.208951920,0.025002565,0.124286294,-0.174164444,0.030029353,0.319182038,-0.776283860,0.090945773,0.250901967,0.045000490,-0.166877568,0.365204722,-0.373975188,0.076032095,0.076722607
4.131340504,0.721009254,1.128990531,0.009545706,0.076638259,-0.088570073,0.993071437,0.000000000,0.000000000,0.055753890,-1.244728041,-2.178138797,0.531911750,-0.993921204,0.559729326,-0.115340470,0.092520646,-1.541752115,1.696558618,0.709568496,1.478841137,0.209616240,0.525815783,0.210233122,0.030077066,0.141008437,-0.174292386,0.068171382,0.409590483,-0.751209974,0.058988210,0.257167846,0.012194790,-0.211521089,0.292696565,-0.372480422,0.131464556,0.091503076
4.150479794,0.724205732,1.135227680,0.003694013,0.068306163,-0.039024211,0.996894002,0.000000000,0.000000000,0.011886982,-1.233576284,-2.182256916,0.550476536,-1.002681344,0.540479085,-0.122932418,0.132765784,-1.535861567,1.705300750,0.674294216,1.487447849,0.207492900,0.518763295,0.214484602,0.026715886,0.143003136,-0.174375549,0.098681785,0.487121612,-0.686296463,0.011923424,0.264157563,-0.010188932,-0.252462387,0.211241007,-0.375599444,0.193812728,0.094497547
4.170762539,0.728798985,1.138489485,0.001674902,0.058720235,0.015944723,0.998145759,0.000000000,0.000000000,-0.014033901,-1.230970380,-2.186766806,0.548250926,-1.008972460,0.525325503,-0.129802700,0.152505863,-1.534024386,1.692614033,0.689401801,1.504905474,0.203124365,0.513288029,0.213490188,0.010636223,0.121127121,-0.174429595,0.113794357,0.556215286,-0.581595480,-0.054434799,0.271421075,-0.023516942,-0.280822605,0.127264977,-0.380375087,0.258527100,0.088446960
4.191173553,0.734288454,1.138390779,0.001971031,0.050244659,0.065695830,0.996571958,0.000000000,0.000000000,-0.043932687,-1.225995720,-2.184874109,0.559239335,-1.018706301,0.505715905,-0.140211402,0.200377256,-1.526405649,1.654906443,0.721907197,1.554046558,0.197175093,0.506936797,0.202914581,-0.010709140,0.100088716,-0.174464732,0.110894434,0.624950409,-0.466260731,-0.130374953,0.275718600,-0.024481665,-0.303975761,0.062356040,-0.385170430,0.308464170,0.075785324
4.211683750,0.740435123,1.135532141,0.003888368,0.041633405,0.108338691,0.993234217,0.000000000,0.000000000,-0.063710736,-1.224239841,-2.187958512,0.552055193,-1.021142913,0.500826047,-0.142975271,0.218954387,-1.528293661,1.663701113,0.709852955,1.558748565,0.196022026,0.507329686,0.184882894,-0.033893704,0.081870690,-0.174487561,0.097229421,0.694549620,-0.379125386,-0.193575621,0.276982367,-0.013938127,-0.323104262,0.009781978,-0.391028702,0.346043944,0.057469089
4.231911659,0.746695936,1.130127668,0.007052362,0.032766286,0.143610165,0.989066660,0.000000000,0.000000000,-0.085077263,-1.222848266,-2.191794209,0.543355541,-1.023237579,0.497721120,-0.144941006,0.222471902,-1.527672656,1.672444250,0.705928135,1.560181784,0.195350725,0.508116648,0.166695997,-0.055562884,0.065571494,-0.174502403,0.080438852,0.758266032,-0.328709126,-0.237380266,0.275198579,0.005109467,-0.333748788,-0.040312454,-0.396281511,0.374556720,0.036888108
4.252408504,0.752598822,1.121236444,0.011785286,0.025125835,0.171604276,0.984775066,0.000000000,0.000000000,-0.098649788,-1.216508017,-2.192703872,0.535382596,-1.024822970,0.495794570,-0.146551851,0.224452342,-1.526782921,1.678353511,0.703360980,1.561166324,0.194899541,0.508782421,0.156351298,-0.077928826,0.050995670,-0.174512058,0.066147454,0.799734533,-0.297057718,-0.269633710,0.271667808,0.034829061,-0.333915442,-0.100602098,-0.398516148,0.398936301,0.012514774
4.273482800,0.757414758,1.116671324,0.017991591,0.018237174,0.193256333,0.980813742,0.000000000,0.000000000,-0.114273836,-1.211837154,-2.194556474,0.521876933,-1.034653772,0.485050260,-0.156408529,0.224190197,-1.525077854,1.708988785,0.709302006,1.566765309,0.192152947,0.517174494,0.155509382,-0.102986328,0.037728801,-0.174518332,0.058457222,0.809665501,-0.274770558,-0.294155836,0.267028630,0.077273399,-0.328372806,-0.177305385,-0.398271799,0.420661062,-0.013349327
4.295892239,0.760961771,1.108736515,0.024925368,0.014004098,0.209957734,0.977292418,0.000000000,0.000000000,-0.120888641,-1.209702845,-2.194334665,0.516251229,-1.036194531,0.483204702,-0.158504319,0.223424988,-1.524356582,1.712797495,0.714853941,1.566843560,0.191465786,0.521793828,0.162786454,-0.129040837,0.025000328,-0.174522415,0.058191411,0.800451756,-0.268302858,-0.307348549,0.261887729,0.127097756,-0.326211929,-0.263301462,-0.396283984,0.438559532,-0.039046150
4.319759846,0.763388693,1.096156716,0.033312894,0.019479940,0.220185012,0.974694490,0.000000000,0.000000000,-0.119302760,-1.210653415,-2.193968693,0.516478695,-1.036286863,0.483047773,-0.158787458,0.221976831,-1.525244882,1.713204179,0.717568825,1.566550557,0.191328107,0.523510983,0.170085609,-0.157017827,0.016007606,-0.174525067,0.057424631,0.807309210,-0.279030979,-0.313774675,0.256517857,0.182820663,-0.320729554,-0.327959210,-0.396568328,0.447241157,-0.062972449
4.347637177,0.765206337,1.073907495,0.040959124,0.019274088,0.232470244,0.971549511,0.000000000,0.000000000,-0.107393327,-1.212308714,-2.190711596,0.517833302,-1.036479179,0.482745877,-0.159931630,0.219868636,-1.524786575,1.713372860,0.727182855,1.564526220,0.190483049,0.531957856,0.183683261,-0.172239810,0.007996525,-0.174526781,0.053515851,0.789749861,-0.327139378,-0.288887292,0.247165814,0.222267985,-0.322277129,-0.425709784,-0.388865024,0.454000175,-0.082493007
4.376284599,0.766753793,1.046553612,0.049403839,0.025275039,0.239291549,0.969360590,0.000000000,0.000000000,-0.085478559,-1.202051353,-2.181935268,0.519388431,-1.035543792,0.485737236,-0.159271870,0.217537099,-1.525153242,1.714826194,0.734004156,1.563292220,0.189884645,0.537503240,0.196417868,-0.184930116,0.004098156,-0.174527913,0.043618284,0.799836099,-0.405007035,-0.255811453,0.234413117,0.263103336,-0.311600268,-0.501511574,-0.391004413,0.455026597,-0.093270048
4.404589176,0.768842459,1.013105273,0.058136690,0.032399822,0.243515193,0.967610836,0.000000000,0.000000000,-0.033826572,-1.191326289,-2.160841664,0.533586808,-1.033184633,0.491040636,-0.160464691,0.210591883,-1.524355967,1.730134087,0.736293661,1.562988064,0.190262017,0.541230600,0.209413946,-0.195494980,0.003983748,-0.174528629,0.020266032,0.827631116,-0.513672888,-0.212699488,0.219078094,0.306783438,-0.293737888,-0.571352363,-0.396413207,0.458583176,-0.096635886
4.430689335,0.771832943,0.975764036,0.066085473,0.038333301,0.247290894,0.965924740,0.000000000,0.000000000,0.016581421,-1.188000213,-2.142595788,0.539404646,-1.031414183,0.500969678,-0.161466293,0.180149884,-1.525430863,1.749517900,0.749558698,1.561544554,0.192751585,0.540043781,0.224176854,-0.203678757,0.006201288,-0.174529105,-0.009699381,0.861451447,-0.638410270,-0.165716961,0.203987688,0.351979315,-0.274728805,-0.638673425,-0.401572645,0.469459444,-0.093908943
4.453229904,0.775001884,0.937704682,0.072247274,0.040833626,0.252989888,0.963903069,0.000000000,0.000000000,0.069109467,-1.185153593,-2.124137234,0.556011391,-1.029683522,0.509309287,-0.164475462,0.130535335,-1.529736676,1.763678323,0.774951197,1.558724815,0.195523747,0.537991979,0.241416544,-0.204180405,0.006074638,-0.174529403,-0.042077877,0.888135433,-0.765379488,-0.118382879,0.186824933,0.381502032,-0.264064282,-0.710315585,-0.407181472,0.484761298,-0.085504591
4.471646786,0.777843714,0.902660847,0.077946603,0.042490002,0.259650737,0.961613476,0.000000000,0.000000000,0.120839514,-1.202044274,-2.112537317,0.569488928,-1.040434207,0.502926831,-0.178815772,0.083535325,-1.528662645,1.825652149,0.760938461,1.559162926,0.202686028,0.528346024,0.257359982,-0.204025537,0.002686878,-0.174529612,-0.068541192,0.907254040,-0.878283381,-0.075584270,0.171207324,0.400691807,-0.256909758,-0.775733411,-0.414163113,0.498844475,-0.075926691
4.486964226,0.780260444,0.891158998,0.082838058,0.045336638,0.266717941,0.959137082,0.000000000,0.000000000,0.166375788,-1.197805817,-2.105122369,0.578403544,-1.055313349,0.489409583,-0.196508529,0.043129408,-1.526379413,1.871382752,0.757798865,1.558617630,0.212048033,0.515954158,0.273116648,-0.204607517,-0.002302827,-0.174529746,-0.087097377,0.923341215,-0.980436921,-0.034882355,0.157377690,0.413165152,-0.252272487,-0.785399973,-0.425908595,0.512676179,-0.068544611
4.500016212,0.782445192,0.884524763,0.086686343,0.049803689,0.274361819,0.956415594,0.000000000,0.000000000,0.202740530,-1.193801581,-2.103981352,0.587120422,-1.071742703,0.473208923,-0.215219918,0.010202138,-1.528719123,1.877734912,0.748819683,1.558567559,0.223149306,0.503192494,0.287156522,-0.206531286,-0.007334613,-0.174529821,-0.100480624,0.938629866,-1.072750330,0.003887316,0.147482783,0.421272814,-0.250732541,-0.785399973,-0.439574450,0.526996493,-0.065051585
4.511408806,0.784658670,0.879392922,0.089062154,0.055623047,0.282231838,0.953582346,0.000000000,0.000000000,0.232726496,-1.192479987,-2.107628664,0.587487156,-1.088674018,0.456875349,-0.233777811,-0.015169466,-1.532208029,1.873260335,0.742567721,1.559212211,0.234002276,0.491030930,0.299017072,-0.208614692,-0.011668455,-0.174529880,-0.111493886,0.953497946,-1.153008819,0.038954832,0.141152531,0.426542819,-0.251760185,-0.785399973,-0.452753216,0.539919496,-0.063764229
4.521133423,0.786860943,0.874653518,0.090088166,0.062201124,0.287213951,0.951589882,0.000000000,0.000000000,0.246614154,-1.202928971,-2.120506700,0.601056770,-1.105825627,0.439918246,-0.252638843,-0.024242267,-1.532493944,1.880217308,0.744363998,1.560484653,0.243565841,0.479799935,0.305571914,-0.209530979,-0.015374922,-0.174529910,-0.121157974,0.972263098,-1.219216466,0.066636249,0.137305662,0.429968297,-0.249922335,-0.785399973,-0.465105772,0.550778389,-0.062721290
4.529599190,0.789125919,0.870282054,0.089166135,0.067813098,0.290841520,0.950190544,0.000000000,0.000000000,0.257781387,-1.213143322,-2.133834256,0.614122665,-1.119708553,0.425486810,-0.268245085,-0.029134089,-1.531889200,1.888724907,0.746656138,1.562472270,0.252023623,0.470300045,0.307915896,-0.208312690,-0.017745379,-0.174529940,-0.133653924,0.989355564,-1.275040150,0.090866424,0.133918241,0.432194889,-0.251448035,-0.785399973,-0.475755215,0.560134828,-0.062444486
4.537104607,0.791395903,0.865920067,0.087505646,0.073302492,0.293287665,0.949184835,0.000000000,0.000000000,0.272670899,-1.209706004,-2.126246646,0.614292518,-1.117947649,0.433186519,-0.269450178,-0.033181482,-1.533743619,1.885994493,0.740416581,1.563671258,0.255816106,0.467583591,0.309047163,-0.207100898,-0.018534807,-0.174529955,-0.148597702,1.005163074,-1.322304010,0.111619756,0.130526990,0.433642149,-0.255716860,-0.785399973,-0.483888477,0.567590475,-0.062185317
4.543869495,0.793410540,0.861964524,0.084726229,0.076990753,0.294398040,0.948801160,0.000000000,0.000000000,0.311013748,-1.226312030,-2.139204570,0.609998402,-1.127771784,0.427755188,-0.280052393,-0.055318243,-1.532108021,1.918613582,0.725638253,1.565627228,0.262342241,0.460379902,0.309754997,-0.203715608,-0.016932461,-0.174529970,-0.167766929,1.015135050,-1.364102960,0.133997589,0.125629157,0.434582889,-0.264089406,-0.785399973,-0.488587171,0.574345350,-0.062317215
4.549952984,0.794929504,0.858631015,0.082470044,0.079124115,0.293541610,0.949089766,0.000000000,0.000000000,0.342710290,-1.236785257,-2.164681620,0.623266416,-1.141312430,0.416393606,-0.294418705,-0.094895330,-1.535768408,1.970441264,0.738450063,1.564842964,0.265189256,0.451114158,0.308259845,-0.199159235,-0.016788654,-0.174529970,-0.182217494,1.024471164,-1.397946835,0.153508082,0.119326316,0.435194373,-0.267733514,-0.785399973,-0.490170568,0.580094934,-0.062423512
4.555551529,0.795971572,0.855858088,0.081290066,0.081648737,0.292970061,0.949154377,0.000000000,0.000000000,0.378192960,-1.215393043,-2.184659816,0.615658771,-1.155261503,0.404619811,-0.308724875,-0.119359010,-1.543501272,1.976538012,0.753324163,1.562032278,0.266682893,0.440436195,0.308829337,-0.195413828,-0.018409932,-0.174529970,-0.190603852,1.034032464,-1.425480247,0.169879153,0.112403065,0.435591817,-0.268752515,-0.785399973,-0.488167048,0.582249761,-0.064284801
4.561072826,0.796706140,0.855716705,0.082284175,0.085949838,0.291768551,0.949059010,0.000000000,0.000000000,0.400260106,-1.208808197,-2.205246971,0.609129420,-1.168363365,0.392991477,-0.322325550,-0.132272248,-1.550124205,1.961201833,0.759126091,1.558272209,0.267545660,0.428754443,0.311609030,-0.193713307,-0.021905486,-0.174529970,-0.191717744,1.043370247,-1.443244815,0.180924743,0.104052894,0.435850143,-0.262648582,-0.785399973,-0.477555513,0.578294158,-0.065336049
4.566916466,0.797027051,0.859917641,0.085289188,0.091229759,0.290970445,0.948545814,0.000000000,0.000000000,0.409749828,-1.195789476,-2.221803356,0.595125586,-1.180383130,0.382143916,-0.334786783,-0.135986426,-1.551641709,1.962943103,0.763712801,1.553488035,0.267624643,0.416259120,0.317115873,-0.193979353,-0.027807303,-0.174529970,-0.183461398,1.041675925,-1.445524454,0.191689000,0.093155339,0.436018050,-0.248133153,-0.785399973,-0.458375007,0.568705261,-0.065088026
4.573124886,0.796901226,0.869563282,0.088664547,0.098060131,0.288785130,0.948222518,0.000000000,0.000000000,0.416047517,-1.197364276,-2.237117097,0.585908323,-1.191229707,0.372234586,-0.346302413,-0.134611216,-1.550557316,1.968204880,0.751654694,1.548040625,0.269364884,0.403050325,0.328547120,-0.193693072,-0.035354987,-0.174529970,-0.169130027,1.024851918,-1.429114819,0.204039350,0.080183774,0.436127186,-0.225846976,-0.785399973,-0.431342155,0.553378999,-0.064539880
4.580047607,0.796327233,0.886635303,0.091990516,0.105830938,0.284978181,0.948222041,0.000000000,0.000000000,0.426281299,-1.185739389,-2.246026920,0.558462352,-1.201271756,0.364372801,-0.356336372,-0.143320941,-1.554373916,1.963427938,0.727343873,1.541823409,0.274216741,0.389496179,0.345167458,-0.192114145,-0.040716257,-0.174529970,-0.148506597,0.987735093,-1.395541787,0.219111606,0.066445470,0.436198175,-0.199847385,-0.785399973,-0.401145846,0.531237543,-0.066507615
4.587880611,0.796020389,0.909245253,0.096196897,0.113369167,0.280255467,0.948340893,0.000000000,0.000000000,0.414253397,-1.182387171,-2.255469280,0.538030363,-1.210423664,0.356986451,-0.365498322,-0.125667541,-1.549807901,1.940461570,0.693397351,1.534921455,0.281087577,0.376097354,0.358585447,-0.188864484,-0.043300658,-0.174529970,-0.123733297,0.937335610,-1.346713424,0.231286660,0.053018663,0.436244309,-0.163896263,-0.785399973,-0.386216819,0.505621970,-0.067428447
4.595816612,0.796901226,0.936454773,0.101607069,0.121621102,0.275270581,0.948214293,0.000000000,0.000000000,0.395477399,-1.176183555,-2.260164477,0.500319889,-1.219635754,0.352206006,-0.373430119,-0.116343265,-1.544812450,1.959662219,0.673176531,1.527651103,0.288958928,0.363124583,0.366421163,-0.185862005,-0.040018208,-0.174529970,-0.095851563,0.877014279,-1.282381058,0.237272605,0.043443017,0.436274290,-0.117520429,-0.785399973,-0.393952370,0.478093833,-0.068544105
4.602118492,0.800502419,0.965662003,0.107090592,0.128088906,0.269643366,0.948376179,0.000000000,0.000000000,0.359243557,-1.166321929,-2.262280851,0.460940045,-1.227903022,0.348231242,-0.380527617,-0.106538912,-1.533921015,2.018866007,0.660753429,1.521358206,0.298956640,0.350846157,0.362416118,-0.184117556,-0.031831067,-0.174529970,-0.066375457,0.814260721,-1.201990485,0.233897209,0.042732932,0.436293781,-0.052361980,-0.767881155,-0.434309274,0.458933979,-0.064689994
4.606194019,0.806848049,0.994544029,0.109055474,0.131823540,0.264123172,0.949193537,0.000000000,0.000000000,0.321287306,-1.156581657,-2.262604603,0.429312809,-1.235184707,0.345025055,-0.386901391,-0.109617433,-1.531937667,2.051991829,0.644584461,1.516387144,0.311956643,0.339743703,0.354526609,-0.176883355,-0.023717169,-0.174529970,-0.037093498,0.745511234,-1.110045314,0.220424324,0.049960464,0.421414077,0.022841752,-0.707418203,-0.513212740,0.447603494,-0.054775208
4.609251499,0.814984679,1.022977233,0.108028874,0.133006915,0.256919712,0.951121032,0.000000000,0.000000000,0.301455807,-1.168585418,-2.262627941,0.421206344,-1.241262319,0.342507436,-0.392717015,-0.117433419,-1.531011623,2.085899051,0.636306776,1.513112962,0.325362498,0.330187283,0.347775042,-0.160679936,-0.017206240,-0.174529970,-0.009326455,0.675777733,-1.018600106,0.199615300,0.057515748,0.377603948,0.091389030,-0.619515359,-0.625054955,0.441977561,-0.038363010
4.612452030,0.824077606,1.048620462,0.106670342,0.129432529,0.246594176,0.954494596,0.000000000,0.000000000,0.275910701,-1.178288192,-2.263369394,0.430016092,-1.246698326,0.339575577,-0.398184809,-0.109353482,-1.522379875,2.122249613,0.637274209,1.512430504,0.340729879,0.322670217,0.344093025,-0.141602010,-0.012889394,-0.174529970,0.018486295,0.601790369,-0.938840806,0.179162011,0.063793920,0.317660362,0.143764660,-0.522208035,-0.756109953,0.441985965,-0.017658520
4.617986679,0.833370805,1.070596933,0.103209771,0.122860827,0.230269775,0.959806621,0.000000000,0.000000000,0.257413383,-1.179625152,-2.263458280,0.441859415,-1.251767990,0.336511757,-0.403166968,-0.111920387,-1.521987199,2.126357757,0.638231816,1.513419213,0.355639920,0.317083695,0.341868997,-0.118253410,-0.011131047,-0.174529970,0.047677349,0.528929710,-0.863679886,0.157763913,0.074370712,0.254793763,0.179508761,-0.418383509,-0.869181097,0.442031711,0.004507245
4.626953125,0.842725813,1.089821577,0.099960715,0.114562370,0.210666299,0.965662003,0.000000000,0.000000000,0.246015203,-1.190979987,-2.263817664,0.452457790,-1.256549040,0.333843102,-0.407534202,-0.103755295,-1.521138256,2.104463252,0.640995503,1.515603509,0.367708223,0.313245120,0.343008339,-0.096499488,-0.011886714,-0.174529970,0.079669073,0.452344596,-0.793930650,0.139334127,0.087552577,0.198823288,0.196082741,-0.302753955,-0.963185787,0.436097264,0.024862383
4.638532162,0.852743030,1.105742335,0.096687458,0.104960904,0.188759521,0.971598923,0.000000000,0.000000000,0.231200726,-1.210312018,-2.266940753,0.469351248,-1.261118101,0.330926259,-0.411492415,-0.095347816,-1.522080005,2.072925168,0.655167134,1.518813756,0.375540463,0.311085608,0.336365461,-0.079333812,-0.013301948,-0.174529970,0.109191485,0.386683702,-0.724477530,0.120250128,0.106639639,0.157356367,0.195804834,-0.178631783,-1.002436638,0.419384152,0.045001492
4.652011395,0.864588499,1.118852258,0.093513981,0.096384324,0.160082608,0.977925777,0.000000000,0.000000000,0.230351837,-1.221915294,-2.268667503,0.469512865,-1.265738259,0.329455578,-0.414659781,-0.051214499,-1.518141422,2.025875108,0.671216379,1.522562198,0.382583538,0.309878511,0.321278185,-0.068489209,-0.015226748,-0.174529970,0.142272383,0.339672893,-0.649693549,0.094719574,0.131407648,0.135629714,0.179829150,-0.046599224,-0.974921107,0.382137418,0.058106728
4.667043686,0.880050063,1.128429174,0.090550259,0.087651595,0.123537734,0.984304905,0.000000000,0.000000000,0.237477789,-1.263097695,-2.275595223,0.472306330,-1.270385710,0.329504875,-0.417297576,-0.027983943,-1.519235981,1.992374045,0.690064445,1.527363950,0.386970019,0.309683588,0.297942698,-0.064734273,-0.017959580,-0.174529970,0.183111936,0.311086327,-0.581450582,0.070579864,0.159335047,0.142698273,0.142345473,0.076243557,-0.892407000,0.327130407,0.060014106
4.684739113,0.898959935,1.136747599,0.088138074,0.075865291,0.073240444,0.990510941,0.000000000,0.000000000,0.210407873,-1.295959635,-2.288576922,0.467291952,-1.275705000,0.330392236,-0.419611198,0.034390005,-1.513374438,1.985919220,0.710770075,1.533450429,0.386150384,0.310753904,0.273393661,-0.062988423,-0.023437047,-0.174529970,0.234571889,0.278342754,-0.521458805,0.054246202,0.180451304,0.162395597,0.083983280,0.169763118,-0.802523911,0.272253603,0.054918688
4.705066681,0.919772029,1.143123388,0.086797856,0.066020086,0.009239499,0.993993044,0.000000000,0.000000000,0.194523468,-1.321595439,-2.302927973,0.462166205,-1.281118799,0.332921497,-0.421440503,0.076699654,-1.507576282,1.985195153,0.708093999,1.559427358,0.374401480,0.313006651,0.255252838,-0.064347938,-0.028416995,-0.174529970,0.289973259,0.250721812,-0.479395032,0.047059804,0.199414134,0.201835811,0.007018037,0.240587756,-0.709549844,0.220027104,0.037337303
4.726911545,0.941388249,1.147096276,0.086974986,0.059932902,-0.062180623,0.992460012,0.000000000,0.000000000,0.168683957,-1.359531534,-2.307614767,0.453603288,-1.278864201,0.346817567,-0.422259155,0.140665978,-1.496483998,1.929571157,0.797064753,1.637919459,0.358448000,0.313872194,0.242579833,-0.069207825,-0.031071592,-0.174529970,0.330373079,0.233640090,-0.449741632,0.045411211,0.212016612,0.253798634,-0.070047945,0.286907494,-0.621541679,0.176393092,0.013390223
4.748717785,0.962804079,1.149413466,0.086977527,0.057158317,-0.136733547,0.985125244,0.000000000,0.000000000,0.171295105,-1.374405308,-2.303594204,0.447453779,-1.273510572,0.365224443,-0.422605743,0.208708523,-1.505895803,1.845237445,0.887064753,1.737919459,0.331243070,0.314055810,0.231219321,-0.071862578,-0.030199189,-0.174529970,0.344957054,0.227356777,-0.428919286,0.046215184,0.214806348,0.305338085,-0.127745837,0.319994748,-0.537279367,0.136079997,-0.009998200
4.769231796,0.982154369,1.152058244,0.086414561,0.056828003,-0.210691988,0.972065866,0.000000000,0.000000000,0.175779162,-1.385977740,-2.298519304,0.449109180,-1.267002081,0.384657044,-0.422680873,0.296899123,-1.457327909,1.774050720,0.977064705,1.837896244,0.297806862,0.314782685,0.222233981,-0.067675367,-0.028350437,-0.174529970,0.330192745,0.218274519,-0.413374096,0.050122213,0.208045274,0.344254076,-0.153986096,0.346785307,-0.472975612,0.100324214,-0.027971253
4.787644386,0.998297215,1.154685855,0.085271657,0.058329999,-0.281837463,0.953883648,0.000000000,0.000000000,0.150899571,-1.397591549,-2.301577585,0.464267953,-1.260137140,0.402424335,-0.422581767,0.350814630,-1.490864076,1.766884138,1.055875974,1.924715666,0.269138982,0.318730139,0.212957412,-0.058768071,-0.023539385,-0.174529970,0.297096461,0.208877623,-0.402328670,0.056273758,0.200803757,0.367762566,-0.156756356,0.367542863,-0.425266176,0.071511224,-0.038771138
4.803134918,1.010656595,1.156626582,0.084948331,0.061383583,-0.347097367,0.931954503,0.000000000,0.000000000,0.124908969,-1.401229947,-2.309056308,0.458592590,-1.260850293,0.403391589,-0.421899305,0.388779102,-1.486543184,1.749929146,1.099640299,1.938919732,0.269442489,0.338004962,0.204887733,-0.051488012,-0.020238312,-0.174529970,0.263483882,0.199654877,-0.392212212,0.062672630,0.195209295,0.386076182,-0.154340327,0.378971249,-0.389083773,0.050708089,-0.049160182
4.816884518,1.021018744,1.156828046,0.086245291,0.063832887,-0.407307386,0.906966269,0.000000000,0.000000000,0.122709896,-1.398025500,-2.309235657,0.457322224,-1.260954502,0.403392666,-0.421728341,0.396428526,-1.486820832,1.747251106,1.105238220,1.939668346,0.270423760,0.342023912,0.198007047,-0.051586956,-0.017955825,-0.174529970,0.236653462,0.190577477,-0.383648634,0.069469340,0.191610307,0.401790321,-0.150937289,0.388472080,-0.365059018,0.036189161,-0.058971152
4.832133293,1.030859590,1.154405951,0.087285727,0.064495064,-0.467142522,0.877496123,0.000000000,0.000000000,0.115505116,-1.385711664,-2.308983063,0.451247264,-1.261413573,0.403460996,-0.421440973,0.405262942,-1.489002939,1.744906081,1.109713393,1.940205935,0.272144402,0.346620157,0.192666024,-0.059353359,-0.012628605,-0.174529970,0.224772304,0.184943780,-0.376998335,0.073620155,0.194359243,0.413530231,-0.156215623,0.381297797,-0.351426989,0.034830142,-0.065562427
4.850233078,1.039645195,1.149658084,0.087931685,0.062840775,-0.526070356,0.843545556,0.000000000,0.000000000,0.089024204,-1.345923725,-2.308248404,0.431230032,-1.262521102,0.403717695,-0.419723807,0.443345663,-1.493516019,1.726468259,1.145645072,1.941924976,0.284856088,0.374432615,0.192104623,-0.074793890,-0.006298459,-0.174529970,0.224973351,0.175997898,-0.367698580,0.072727427,0.199158281,0.421270311,-0.168199867,0.356412858,-0.346240669,0.047065217,-0.067375161
4.871376038,1.046429992,1.142201304,0.087884806,0.059649508,-0.579919159,0.807720244,0.000000000,0.000000000,0.084384642,-1.329874374,-2.307093784,0.426520902,-1.262721230,0.403725221,-0.419009655,0.459122499,-1.499781232,1.723143006,1.159005319,1.942294413,0.290532151,0.388426700,0.200715125,-0.095384941,0.001245106,-0.174529970,0.230220556,0.166562691,-0.363799363,0.068232268,0.203451857,0.426340431,-0.181219444,0.323484123,-0.351376235,0.068749137,-0.066209577
4.894185066,1.050028086,1.135068655,0.085347928,0.054988462,-0.626923144,0.772437274,0.000000000,0.000000000,0.040866147,-1.276108038,-2.300087955,0.479560323,-1.254921351,0.408973307,-0.417810319,0.549122497,-1.538182132,1.633143167,1.227398401,1.975274289,0.379232904,0.488426700,0.211072206,-0.115178242,0.008102972,-0.174529970,0.232768863,0.155148327,-0.361675918,0.059774108,0.205688655,0.429440886,-0.189887255,0.306305885,-0.367235273,0.089841954,-0.063108779
4.917009830,1.050537348,1.128609538,0.080279350,0.049694903,-0.663586378,0.742117703,0.000000000,0.000000000,0.008794943,-1.236664409,-2.283373496,0.540608221,-1.243858822,0.415441251,-0.416302848,0.624582315,-1.575070721,1.543143173,1.258741016,2.014274547,0.479232903,0.588426654,0.215130657,-0.129133239,0.016083859,-0.174529970,0.222443566,0.152346820,-0.359468877,0.046724096,0.203762680,0.426985860,-0.183594882,0.292951047,-0.374821454,0.105813995,-0.057103347
4.938507080,1.048875928,1.122518539,0.072970659,0.044361450,-0.690496504,0.718277037,0.000000000,0.000000000,-0.016666694,-1.230202766,-2.286709823,0.533055682,-1.243130180,0.416301644,-0.415738496,0.627188473,-1.566365448,1.518507563,1.234535269,2.017880264,0.501060189,0.606932874,0.215917841,-0.133287400,0.023285566,-0.174529970,0.201455921,0.166049525,-0.362181813,0.028343076,0.199867129,0.414450109,-0.165691465,0.273503870,-0.372283578,0.118753873,-0.048639581
4.957911968,1.045520782,1.116812825,0.064178616,0.038633037,-0.709980845,0.700225592,0.000000000,0.000000000,-0.020711779,-1.222010755,-2.284053702,0.533367533,-1.242899280,0.419741414,-0.419588995,0.625450759,-1.560444173,1.507281770,1.214080867,2.018690007,0.505910636,0.607010618,0.213829279,-0.126651734,0.028542485,-0.174529970,0.169107437,0.190546364,-0.368786812,0.009175993,0.193713635,0.390619636,-0.143163040,0.254084855,-0.365330547,0.128906593,-0.036529940
4.974843979,1.041021466,1.120278358,0.054046068,0.032261949,-0.725335658,0.685511827,0.000000000,0.000000000,-0.072431809,-1.210316066,-2.231323688,0.549928575,-1.224599241,0.459770460,-0.429576093,0.548436771,-1.579180216,1.429316838,1.124081908,2.029879538,0.525703987,0.604747981,0.208657444,-0.112180598,0.031769905,-0.174529970,0.130956471,0.215462118,-0.372899055,-0.009804687,0.187860876,0.361350328,-0.116420448,0.237404898,-0.358080000,0.137161419,-0.023248099
4.988733768,1.036072612,1.123532653,0.044675261,0.026457045,-0.737888455,0.672922611,0.000000000,0.000000000,-0.107151391,-1.221969447,-2.212681703,0.542558705,-1.213922951,0.483677749,-0.428876168,0.511662737,-1.580429774,1.392274885,1.058424527,2.032888138,0.540352108,0.602605265,0.206444353,-0.094156042,0.032925900,-0.174529970,0.090725005,0.234149188,-0.381907284,-0.024368366,0.182095468,0.330078274,-0.085133575,0.219372615,-0.355689496,0.148061201,-0.008371657
4.999591827,1.031336546,1.125602126,0.035983302,0.020235881,-0.747625649,0.662836075,0.000000000,0.000000000,-0.126378740,-1.233252068,-2.184896327,0.549892702,-1.202530466,0.497555142,-0.427564328,0.461753377,-1.571385141,1.375787505,0.968424543,2.019073459,0.552673441,0.599773159,0.204261661,-0.079442345,0.033517379,-0.174529970,0.053578392,0.244985595,-0.391822666,-0.034667186,0.178762868,0.303548336,-0.053384203,0.202734977,-0.355100930,0.158969671,0.005189916
5.007854939,1.026892066,1.127118945,0.028185343,0.014138877,-0.753997684,0.656119823,0.000000000,0.000000000,-0.144444260,-1.241773929,-2.156200408,0.536239674,-1.192174004,0.508908358,-0.426077798,0.426838020,-1.551095585,1.403607935,0.911169465,1.993481697,0.559368257,0.596749516,0.201433569,-0.069675744,0.033722762,-0.174529970,0.019731123,0.248744980,-0.397848517,-0.042969566,0.175937608,0.283392102,-0.018465769,0.189058974,-0.353578955,0.167934939,0.015415115
5.013728619,1.022872210,1.128212929,0.021590555,0.007832342,-0.756608069,0.653465152,0.000000000,0.000000000,-0.136183513,-1.251123579,-2.128126841,0.525986307,-1.178284490,0.513565447,-0.417502864,0.387819569,-1.540167415,1.439972543,0.855308070,1.959368704,0.555732821,0.580184643,0.201289296,-0.064697616,0.034999818,-0.174529970,-0.008941173,0.252634943,-0.412878752,-0.046898246,0.171953365,0.268451422,0.014473584,0.173244044,-0.353403062,0.177342966,0.024839889
5.017768860,1.019354105,1.128842711,0.016182825,0.001686381,-0.755723715,0.654688418,0.000000000,0.000000000,-0.108829288,-1.247141015,-2.101665315,0.518644173,-1.164103182,0.515340377,-0.406817002,0.332005379,-1.531674416,1.486238611,0.838068806,1.921838549,0.547624797,0.558889809,0.199777544,-0.062626690,0.036344495,-0.174529970,-0.028890945,0.257822275,-0.426827759,-0.048485227,0.167403311,0.257524639,0.038679652,0.159627438,-0.355831981,0.187119037,0.030651391
5.020381927,1.016488194,1.129416943,0.010946025,-0.004258802,-0.753109992,0.657789767,0.000000000,0.000000000,-0.079868423,-1.232377541,-2.080400863,0.543544296,-1.149928526,0.512733771,-0.395628679,0.282484031,-1.528592170,1.529742170,0.860233795,1.883874422,0.536475665,0.535803912,0.192671791,-0.060699202,0.036991589,-0.174529970,-0.037454940,0.261175931,-0.429222554,-0.052193381,0.164449945,0.249279186,0.054253444,0.148226798,-0.354840934,0.193435580,0.032739840
5.021892548,1.014173388,1.130377531,0.005202482,-0.007940120,-0.750586510,0.660704017,0.000000000,0.000000000,-0.045736681,-1.199273172,-2.059006558,0.609273609,-1.136744652,0.512621307,-0.390571701,0.219412944,-1.530256075,1.563488479,0.930073120,1.850285777,0.529974531,0.525239842,0.178153366,-0.053837765,0.039608937,-0.174529970,-0.040584743,0.266888797,-0.426632315,-0.057763975,0.162528008,0.241229236,0.063899495,0.142557517,-0.348644048,0.194106832,0.033402376
5.022457123,1.012284636,1.130694032,-0.003532058,-0.011293008,-0.747280121,0.664403737,0.000000000,0.000000000,0.044259289,-1.162908024,-1.980008577,0.699272130,-1.106378468,0.509461774,-0.387867731,0.129412944,-1.541277355,1.552699220,1.020073120,1.764911716,0.538352515,0.519816546,0.154311076,-0.042693689,0.039821107,-0.174529970,-0.041265626,0.267612517,-0.416401118,-0.063047200,0.161558390,0.234506607,0.066991270,0.144502580,-0.343570113,0.190904081,0.029753990
5.022056580,1.010472655,1.130131245,-0.013834119,-0.013719419,-0.742635548,0.669412315,0.000000000,0.000000000,0.134259289,-1.126994032,-1.901152364,0.789272130,-1.071179778,0.505844985,-0.385916222,0.039412944,-1.540414851,1.540341255,1.110073120,1.664911716,0.567154938,0.516564004,0.127342924,-0.029686593,0.034753513,-0.174529970,-0.039976448,0.259424299,-0.397338599,-0.069028892,0.160727948,0.230903506,0.065680489,0.151342973,-0.340458900,0.182513162,0.020768201
5.020990372,1.008452892,1.129476547,-0.024135331,-0.016017493,-0.736676335,0.675624847,0.000000000,0.000000000,0.224259270,-1.060316567,-1.884196401,0.878488085,-1.054816209,0.508773561,-0.384026583,-0.050587056,-1.498442908,1.537087487,1.200073120,1.564911716,0.617003528,0.514014712,0.104239032,-0.018589128,0.024942353,-0.174529970,-0.036692623,0.241111815,-0.382799208,-0.069733895,0.158854663,0.230713189,0.061413966,0.151423872,-0.337778211,0.172551870,0.010880842
5.019718170,1.006440163,1.128419518,-0.037136920,-0.021941895,-0.729779482,0.682320535,0.000000000,0.000000000,0.314259269,-1.037096845,-1.794208720,0.968488046,-1.022929285,0.533053544,-0.382085812,-0.140587056,-1.475793699,1.548858785,1.290073120,1.464911722,0.690117889,0.511604210,0.080585256,-0.010476766,0.012300494,-0.174529970,-0.031009069,0.208471149,-0.368142128,-0.064268000,0.155466944,0.233557910,0.053256664,0.141899347,-0.336839259,0.163494140,-0.000866986
5.018421650,1.003719807,1.126374960,-0.048991263,-0.027122390,-0.725097060,0.686366141,0.000000000,0.000000000,0.404259241,-1.086620123,-1.704221836,1.058486080,-0.987924109,0.578548584,-0.380008897,-0.230587056,-1.501515169,1.566077427,1.380073120,1.365127679,0.778658291,0.508916128,0.065371454,-0.002592866,0.004151173,-0.174529970,-0.022346888,0.177215114,-0.368077487,-0.051162161,0.147912830,0.238601506,0.046676621,0.129495874,-0.345828146,0.158034965,-0.010229158
5.017229080,1.000735044,1.123816609,-0.059472941,-0.032190088,-0.722110629,0.688464165,0.000000000,0.000000000,0.494259240,-1.120323682,-1.651287626,1.141284144,-0.976392012,0.640365358,-0.377737263,-0.320587056,-1.497033182,1.580319018,1.470073119,1.305163004,0.875076170,0.505783226,0.053647321,0.004801079,0.000486603,-0.174529970,-0.010595014,0.149506584,-0.371000737,-0.037026141,0.140017360,0.243454456,0.040703800,0.117041796,-0.358561039,0.154492408,-0.018415004
5.016165257,0.997618914,1.120905161,-0.066966951,-0.034275405,-0.722183228,0.687598705,0.000000000,0.000000000,0.584259240,-1.158874053,-1.617369246,1.176144889,-0.973937241,0.713174542,-0.375445712,-0.410587056,-1.495131606,1.587053553,1.491689429,1.283812945,0.972437756,0.502633328,0.049876250,0.013783983,0.002756027,-0.174529970,0.002252077,0.130479738,-0.380355328,-0.022018783,0.131077915,0.248170242,0.039378539,0.106261365,-0.374511510,0.153214887,-0.023857253
5.015234947,0.995087028,1.118052602,-0.072356455,-0.037000600,-0.722555995,0.686519027,0.000000000,0.000000000,0.674259240,-1.225038618,-1.622192013,1.140004677,-0.976908404,0.781259703,-0.373214998,-0.500587056,-1.501995938,1.592172693,1.418362211,1.276906942,1.055784785,0.499649519,0.046972860,0.019438893,0.004631113,-0.174529970,0.013503162,0.115100332,-0.387595952,-0.009273957,0.122750707,0.251896977,0.041041240,0.097323380,-0.390139073,0.153286889,-0.027687559
5.014448166,0.993084550,1.115951777,-0.073731631,-0.038337465,-0.724218428,0.684544802,0.000000000,0.000000000,0.764259239,-1.287044269,-1.608542961,1.100299866,-0.976855437,0.845754588,-0.371183468,-0.590587056,-1.521617623,1.589233746,1.345141747,1.273134000,1.126235169,0.497008822,0.051597506,0.022196975,0.010527167,-0.174261183,0.021989804,0.104595415,-0.398010075,0.002776838,0.116682112,0.255230248,0.043392006,0.090417087,-0.404139310,0.151062146,-0.030343587
5.013729572,0.991590202,1.115430474,-0.072745033,-0.039714903,-0.726208448,0.682460368,0.000000000,0.000000000,0.854259239,-1.365656350,-1.605870807,1.052320218,-0.975907688,0.901891994,-0.369335080,-0.680587056,-1.531317255,1.586786254,1.279569770,1.269631477,1.183387142,0.494646426,0.059893005,0.021980464,0.016670346,-0.174158186,0.028935332,0.098052695,-0.412474245,0.015983190,0.112913594,0.257730722,0.046663702,0.086448327,-0.421527445,0.151175886,-0.030042082
5.013308525,0.990649998,1.114450932,-0.070862502,-0.041403871,-0.728144467,0.680492342,0.000000000,0.000000000,0.944259239,-1.437770394,-1.613400195,0.983213774,-0.975444908,0.947569650,-0.367650682,-0.770587056,-1.535035350,1.589262495,1.209379849,1.266017140,1.228058693,0.492491678,0.067391351,0.019604694,0.022353068,-0.173958853,0.033473581,0.096060634,-0.427006483,0.026281778,0.111638777,0.259910285,0.048662081,0.083632924,-0.432909042,0.150737777,-0.030323416
5.012855053,0.989241600,1.112307191,-0.067960344,-0.040665764,-0.729628801,0.679241836,0.000000000,0.000000000,1.034259239,-1.495818538,-1.633656742,0.893213774,-0.981006528,0.984529858,-0.366128507,-0.860587056,-1.545677131,1.590432092,1.119379849,1.264191586,1.262835484,0.490545735,0.072108708,0.018052550,0.025468186,-0.174157932,0.035525244,0.115942307,-0.461347371,0.037597947,0.109304786,0.262621522,0.051475935,0.099774376,-0.460190564,0.153742298,-0.031459823
5.012431622,0.988798440,1.107767105,-0.062924236,-0.039435670,-0.729961276,0.679442286,0.000000000,0.000000000,1.124259022,-1.516605734,-1.698909802,0.803213774,-1.001407573,1.015604673,-0.364724348,-0.950587055,-1.550543411,1.593932794,1.029379849,1.269077488,1.290369183,0.488734050,0.083632097,0.013172327,0.025897466,-0.174288154,0.036986522,0.145949677,-0.516602576,0.053651463,0.107170284,0.267636836,0.052259162,0.127524287,-0.513350308,0.165104210,-0.034356914
5.012122631,0.989959598,1.099063396,-0.052738097,-0.036916383,-0.729924381,0.680489719,0.000000000,0.000000000,1.214230917,-1.522168976,-1.769729572,0.713213774,-1.024393303,1.040470615,-0.363485939,-1.040529642,-1.554514213,1.595349885,0.939379849,1.276217792,1.311745344,0.487089638,0.136615306,0.004327211,0.026942333,-0.174372792,0.043631621,0.145894453,-0.589116275,0.084943131,0.108341612,0.275589854,0.043114923,0.125158191,-0.584385097,0.194228262,-0.038628746
5.011446476,0.991927385,1.088757277,-0.043814436,-0.034911845,-0.729821086,0.681338906,0.000000000,0.000000000,1.271258246,-1.528413463,-1.834102580,0.623213774,-1.044894996,1.059045838,-0.362419241,-1.088712954,-1.561075804,1.588697519,0.849379849,1.281827540,1.327439101,0.485653090,0.187214285,-0.003996967,0.027676191,-0.174427807,0.051644571,0.146283120,-0.655037403,0.113076240,0.111810803,0.284368753,0.034591682,0.127136603,-0.659280121,0.224955156,-0.045049362
5.010531902,0.994504213,1.076987386,-0.035935238,-0.033343431,-0.729897976,0.681796014,0.000000000,0.000000000,1.320514816,-1.538817391,-1.887913479,0.533213774,-1.060910982,1.071595749,-0.361521230,-1.132123575,-1.568427281,1.574214230,0.759379849,1.284647113,1.337523205,0.484427491,0.235224649,-0.012465483,0.028260073,-0.174463570,0.060652882,0.147345036,-0.717985928,0.140964419,0.115804419,0.293344468,0.026412535,0.132941544,-0.736334085,0.257382989,-0.050205685
5.009418488,0.996897817,1.062756300,-0.026045037,-0.028855534,-0.731401563,0.680838346,0.000000000,0.000000000,1.403621622,-1.553497205,-1.929203707,0.443213774,-1.072171849,1.079206629,-0.360780010,-1.210942392,-1.576072009,1.551749201,0.669379850,1.284844278,1.342894704,0.483407029,0.289200902,-0.019731857,0.030306045,-0.174486816,0.071001403,0.155299067,-0.786476016,0.170304120,0.120489344,0.303593606,0.019755185,0.146442175,-0.820445776,0.292843580,-0.056736208
5.008481979,0.999454975,1.047063589,-0.017375292,-0.023846937,-0.733639598,0.678897917,0.000000000,0.000000000,1.460976567,-1.570309555,-1.965135739,0.353214614,-1.079749951,1.082322696,-0.360187716,-1.255989023,-1.578050680,1.524409092,0.601416719,1.283425055,1.344453903,0.482548964,0.339979053,-0.025759451,0.031852443,-0.174501926,0.081297107,0.167220682,-0.853506267,0.198023677,0.126333937,0.315256000,0.013516205,0.161701635,-0.900649250,0.328299850,-0.064908765
5.007861614,1.001981378,1.030413032,-0.010322477,-0.018605806,-0.736294329,0.676326811,0.000000000,0.000000000,1.496781472,-1.566410213,-2.001104479,0.322692724,-1.084946352,1.072053862,-0.357312010,-1.274193682,-1.576136727,1.507457500,0.586297561,1.279243416,1.326708905,0.478464700,0.383741796,-0.031413138,0.032645389,-0.174511746,0.089190736,0.184950218,-0.919116080,0.224179730,0.131931528,0.329091758,0.008429290,0.179531887,-0.974719465,0.362095833,-0.073492929
5.007887363,1.004485250,1.014439821,-0.006185392,-0.014244378,-0.739926279,0.672508717,0.000000000,0.000000000,1.493914129,-1.547388248,-2.042151243,0.337924947,-1.089492815,1.055109089,-0.353491957,-1.265366619,-1.565934803,1.500021910,0.607562744,1.274019945,1.299430608,0.472721456,0.417214096,-0.035418935,0.032942127,-0.174518138,0.095269650,0.204607651,-0.977206886,0.245765820,0.136924878,0.344093978,0.005109264,0.195067674,-1.037446976,0.393230826,-0.081663743
5.008242130,1.006685019,0.999794960,-0.003826083,-0.010999021,-0.744073927,0.667995811,0.000000000,0.000000000,1.493295886,-1.529832111,-2.087543479,0.370844291,-1.093685940,1.035176572,-0.349078199,-1.260445617,-1.553217696,1.500409191,0.639668171,1.268418974,1.267559802,0.465812469,0.443334430,-0.038643748,0.032262295,-0.174522281,0.100147516,0.223263592,-1.029215693,0.264123529,0.139223486,0.359414041,0.003046026,0.207361028,-1.092279553,0.420248687,-0.091345891
5.008739471,1.008556366,0.984781384,-0.000633810,-0.006949502,-0.747592628,0.664120853,0.000000000,0.000000000,1.509666370,-1.515922801,-2.133336184,0.398727221,-1.097434223,1.014867272,-0.344147810,-1.270394960,-1.551051768,1.509572226,0.675691305,1.262295572,1.232689498,0.457608788,0.470982254,-0.042486191,0.030003158,-0.174158752,0.103262201,0.242735595,-1.080901504,0.281903714,0.140654206,0.375434041,0.002319663,0.220327184,-1.144805431,0.444058001,-0.103263900
5.009465694,1.010704875,0.968443036,0.002505350,-0.002979805,-0.750490308,0.660870016,0.000000000,0.000000000,1.512041798,-1.494409240,-2.184370754,0.435756236,-1.100697819,0.992847515,-0.338698009,-1.251240323,-1.542042232,1.531354105,0.727893642,1.255044890,1.193138514,0.447604752,0.499792635,-0.046909716,0.026272872,-0.173771888,0.105518311,0.263605773,-1.134765267,0.298914969,0.141405746,0.391821980,0.001877060,0.234613612,-1.197522759,0.466794461,-0.116026752
5.010467529,1.013111353,0.951539874,0.005757646,0.001290527,-0.753243446,0.657715380,0.000000000,0.000000000,1.511303395,-1.462023763,-2.233474509,0.460888534,-1.103042992,0.971037272,-0.332551256,-1.229909669,-1.527137430,1.558486161,0.771362709,1.247111876,1.151437432,0.435884560,0.530069470,-0.050130032,0.022547983,-0.174037218,0.107234001,0.284297526,-1.187748790,0.313891500,0.143406838,0.407399774,-0.000342509,0.249500886,-1.247587085,0.486387670,-0.130558774
5.011473656,1.015902042,0.933450103,0.010944996,0.007017842,-0.756440997,0.653932750,0.000000000,0.000000000,1.532033926,-1.438222034,-2.274847430,0.469505327,-1.104038611,0.951186962,-0.325589846,-1.233412986,-1.506685606,1.579263865,0.786799334,1.239370784,1.110615838,0.423040572,0.567974746,-0.050073035,0.020327460,-0.174209684,0.108640790,0.304445565,-1.243216991,0.330011636,0.145426720,0.417525351,-0.004035112,0.264153630,-1.297782779,0.505663693,-0.142696559
5.012399197,1.019180775,0.913838863,0.017112711,0.013406770,-0.759814560,0.649776280,0.000000000,0.000000000,1.546658876,-1.417804008,-2.312759745,0.482063684,-1.103530630,0.931908249,-0.317831677,-1.235431000,-1.487224773,1.594407676,0.796076669,1.231759584,1.069666844,0.409266428,0.611972809,-0.047319293,0.019097254,-0.174321800,0.111287311,0.322522074,-1.300547719,0.348158449,0.147444874,0.424106956,-0.009219194,0.278265595,-1.349892259,0.526512563,-0.153721929
5.013164043,1.022552967,0.893229723,0.023434680,0.019606138,-0.762660921,0.646076500,0.000000000,0.000000000,1.560039099,-1.397848944,-2.345093749,0.489088202,-1.101646881,0.913832639,-0.309280757,-1.241363509,-1.472664782,1.604074144,0.799511036,1.224349662,1.029000735,0.394694028,0.659112751,-0.043004595,0.018043907,-0.174394667,0.114527903,0.337405473,-1.357748628,0.367194057,0.150657296,0.428385019,-0.015602752,0.290512741,-1.402340531,0.548576295,-0.164175540
5.013549805,1.025155544,0.871770740,0.028821588,0.024453860,-0.764574885,0.643425703,0.000000000,0.000000000,1.570367757,-1.388134728,-2.373173315,0.496935294,-1.098582874,0.896816538,-0.300113044,-1.248296302,-1.466169006,1.610307466,0.801372047,1.216938241,0.988409351,0.379261908,0.702020526,-0.038656611,0.016552411,-0.174442023,0.117022917,0.354442447,-1.414459944,0.387501448,0.153103918,0.431165755,-0.020894263,0.304164529,-1.454676986,0.571926415,-0.172860682
5.013417244,1.026686072,0.850544930,0.031692799,0.026976822,-0.766087890,0.641386867,0.000000000,0.000000000,1.575473659,-1.377365970,-2.398127646,0.513067681,-1.094385008,0.880060608,-0.290459621,-1.257770420,-1.458567943,1.612757386,0.806524358,1.209391821,0.947656219,0.362972267,0.731203318,-0.033531044,0.015127908,-0.174472809,0.116951957,0.380888939,-1.469107985,0.405605495,0.154113427,0.432973206,-0.022495642,0.325339258,-1.505445242,0.594522715,-0.179817080
5.012886524,1.028044581,0.830195189,0.033080313,0.027927684,-0.766911507,0.640290976,0.000000000,0.000000000,1.571300106,-1.366990206,-2.419953439,0.525037597,-1.089726305,0.863924803,-0.280555082,-1.255874332,-1.455623200,1.613612059,0.810025072,1.201835204,0.906649929,0.345835801,0.750172138,-0.029071765,0.013831744,-0.174492821,0.115023009,0.412909716,-1.520812631,0.421505451,0.153882965,0.434148073,-0.022213792,0.353629917,-1.552609682,0.611654401,-0.185300738
5.012197971,1.029342413,0.811717808,0.033187993,0.027572127,-0.767203569,0.639950871,0.000000000,0.000000000,1.570893590,-1.355711734,-2.435568606,0.529458319,-1.084760864,0.848924660,-0.270528960,-1.256102706,-1.452767739,1.609497694,0.809543274,1.194540302,0.866235865,0.328181065,0.762501836,-0.025722325,0.012807010,-0.174505830,0.112257317,0.443332016,-1.565280557,0.434819460,0.153142929,0.434911728,-0.022528902,0.381680191,-1.592492580,0.622995615,-0.190116361
5.011548042,1.030846119,0.796681643,0.032461643,0.026356753,-0.767300487,0.639923096,0.000000000,0.000000000,1.561760709,-1.344809850,-2.448326227,0.530407954,-1.079928774,0.834469607,-0.260603491,-1.248657886,-1.448365248,1.601056446,0.805194665,1.187743394,0.826383794,0.310294444,0.770516157,-0.022877015,0.012253899,-0.174514294,0.108993612,0.469501466,-1.600199580,0.443740040,0.152336925,0.435408115,-0.022594750,0.405764997,-1.622752905,0.630193412,-0.193369180
5.010964394,1.032294631,0.786667764,0.031474907,0.024749381,-0.767206192,0.640149593,0.000000000,0.000000000,1.557332039,-1.334496636,-2.458314613,0.532921634,-1.075200006,0.820420027,-0.250819036,-1.247654841,-1.440872900,1.588998388,0.801028975,1.181539962,0.787282907,0.292441304,0.775725484,-0.020810878,0.012017477,-0.174519777,0.106745526,0.490567386,-1.626157641,0.449455500,0.151552498,0.435730755,-0.022275163,0.424603879,-1.643939018,0.634391248,-0.195248008
5.010491371,1.033461213,0.780219078,0.030546872,0.023093158,-0.767020226,0.640479207,0.000000000,0.000000000,1.558272755,-1.330345960,-2.465760957,0.525595215,-1.071010026,0.807625868,-0.241214174,-1.253155750,-1.440945816,1.575348005,0.789487322,1.176251359,0.749663546,0.274841228,0.779111505,-0.019747835,0.011726294,-0.174523354,0.104792289,0.506412566,-1.641809821,0.451079279,0.151118189,0.435940444,-0.021290742,0.437205583,-1.654800773,0.635890186,-0.195488259
5.010209084,1.034763813,0.777531743,0.029636584,0.021305906,-0.767550707,0.639948189,0.000000000,0.000000000,1.548853124,-1.325363096,-2.474440904,0.527243943,-1.067114137,0.794652564,-0.231893560,-1.255062409,-1.439309219,1.559777223,0.779244367,1.171685317,0.712916689,0.257624285,0.781312466,-0.018449474,0.012453178,-0.174525678,0.103613473,0.516045988,-1.645752788,0.447423875,0.150320947,0.436076760,-0.018870514,0.442710280,-1.653468609,0.632495403,-0.194067359
5.010100365,1.036371946,0.778787971,0.028894085,0.019467212,-0.768283904,0.639160395,0.000000000,0.000000000,1.535734611,-1.316698275,-2.483267806,0.537789915,-1.063344655,0.781324567,-0.222841305,-1.244428499,-1.441402207,1.547269230,0.782494531,1.167418161,0.675506381,0.240522540,0.782743096,-0.017757611,0.013942782,-0.174527183,0.102551118,0.519165456,-1.636537910,0.437901109,0.148216888,0.436165392,-0.015142970,0.441751003,-1.638239861,0.621218503,-0.190654844
5.010025024,1.037678719,0.783996224,0.027827388,0.016927280,-0.768860817,0.638586044,0.000000000,0.000000000,1.523618113,-1.313941005,-2.492330990,0.549453336,-1.060028102,0.768154753,-0.214138072,-1.235542027,-1.443682338,1.536252958,0.787546864,1.163866760,0.638530324,0.223695471,0.780721068,-0.018224185,0.015303938,-0.174528167,0.101040736,0.514824390,-1.613787174,0.424554378,0.145346001,0.436222970,-0.008695750,0.434484094,-1.609637856,0.603352189,-0.186001658
5.009975433,1.038552523,0.793605745,0.025617490,0.013489609,-0.769689560,0.637761533,0.000000000,0.000000000,1.512898824,-1.311977272,-2.501516684,0.556832965,-1.057461742,0.755337759,-0.205886718,-1.224797539,-1.444017318,1.525378737,0.787827586,1.161433475,0.602599637,0.207475352,0.768174469,-0.018635362,0.016716847,-0.174528807,0.096010901,0.511186242,-1.576524138,0.406362206,0.141900077,0.436260402,0.004661077,0.428868353,-1.567765832,0.578885615,-0.179170355
5.009860516,1.038420677,0.809681654,0.019825026,0.006842071,-0.770931721,0.636572480,0.000000000,0.000000000,1.482779710,-1.310663957,-2.515456364,0.565178794,-1.056211257,0.741938973,-0.198458156,-1.190349177,-1.443280168,1.515731508,0.788510737,1.160184314,0.567018814,0.192133131,0.734662831,-0.020134836,0.017333966,-0.174529225,0.087627023,0.507527888,-1.516121030,0.383173168,0.138388753,0.436284721,0.027862323,0.424102008,-1.506509185,0.547540307,-0.169822872
5.009646893,1.037790537,0.834150195,0.011779036,-0.001894722,-0.772294581,0.635152638,0.000000000,0.000000000,1.446860839,-1.313515199,-2.531614618,0.571124839,-1.056520788,0.728480873,-0.192067805,-1.151820715,-1.447504290,1.507020944,0.788789325,1.160242945,0.532775004,0.177912709,0.684160709,-0.020816028,0.018992662,-0.171990857,0.076616250,0.500140727,-1.434701562,0.355993986,0.132192418,0.425835848,0.056449376,0.415753812,-1.423234105,0.509464681,-0.152543902
5.009262562,1.036590457,0.865081072,0.004198058,-0.010013635,-0.773030162,0.634276330,0.000000000,0.000000000,1.422718105,-1.332421112,-2.548362424,0.568861230,-1.058621766,0.716168149,-0.186774521,-1.131158043,-1.458347586,1.497423493,0.776869887,1.161878112,0.501862616,0.164976733,0.623329699,-0.020833587,0.021905631,-0.169357538,0.065365173,0.491990328,-1.343146801,0.326159030,0.126058608,0.405841291,0.083801061,0.406678289,-1.323395967,0.465123624,-0.132261083
5.008739471,1.034285545,0.899302781,-0.002403271,-0.016404292,-0.773769319,0.633250535,0.000000000,0.000000000,1.399125125,-1.338216999,-2.565664294,0.577887013,-1.061531730,0.703136749,-0.182536547,-1.114950001,-1.468593111,1.492342738,0.777186219,1.164031915,0.471501026,0.152821102,0.558569431,-0.019267023,0.027355544,-0.167360172,0.058064200,0.481580198,-1.250447631,0.294253975,0.122230127,0.379875064,0.105000079,0.395223379,-1.216991186,0.419220448,-0.111268178
5.008095741,1.029959559,0.934841216,-0.007499199,-0.020005273,-0.773979962,0.632849574,0.000000000,0.000000000,1.399441674,-1.351012590,-2.579188630,0.554526252,-1.065898733,0.693017912,-0.178695855,-1.120875120,-1.479450791,1.485808987,0.746944324,1.167906338,0.446207255,0.141757972,0.496348709,-0.015111318,0.033755329,-0.168273658,0.054352902,0.460148126,-1.153945446,0.263484150,0.122243643,0.350685596,0.117412962,0.376007646,-1.110072613,0.375586182,-0.092017606
5.007299423,1.023570061,0.967269957,-0.011903977,-0.021725008,-0.774621665,0.631939530,0.000000000,0.000000000,1.408215939,-1.362796245,-2.589340418,0.523709096,-1.070697846,0.684847146,-0.175129982,-1.135942851,-1.487192092,1.472208267,0.706002395,1.172595001,0.425599832,0.132075509,0.439430147,-0.009727632,0.040639278,-0.169335827,0.055161048,0.431538463,-1.062452793,0.236054435,0.122858182,0.324148655,0.123705089,0.352031142,-1.015484333,0.337818086,-0.076490358
5.006362915,1.015649438,0.996575177,-0.018489685,-0.025094025,-0.775057316,0.631121635,0.000000000,0.000000000,1.395517960,-1.362251432,-2.602172795,0.504179748,-1.075724549,0.676492165,-0.171933714,-1.124604165,-1.488021721,1.455174686,0.672014527,1.177442729,0.406978635,0.123592561,0.380337089,-0.004675571,0.046516579,-0.170623690,0.058797933,0.393710732,-0.970477939,0.211078778,0.124267720,0.300516486,0.126419365,0.322333306,-0.928974092,0.306226879,-0.063266985
5.005349159,1.006471157,1.022401690,-0.027146852,-0.029935854,-0.775912941,0.629544318,0.000000000,0.000000000,1.385816822,-1.359806161,-2.615387476,0.498471290,-1.080561350,0.667923158,-0.168990861,-1.117857208,-1.490605419,1.438283330,0.648641651,1.182255101,0.390343747,0.116008833,0.320209801,0.000036075,0.051818803,-0.171642840,0.065647975,0.349490374,-0.877586544,0.186979964,0.126737207,0.280520350,0.127661765,0.288153827,-0.848927021,0.278874695,-0.052280389
5.004100800,0.996702313,1.043349147,-0.035408895,-0.035830632,-0.775439799,0.629408896,0.000000000,0.000000000,1.368982386,-1.374410667,-2.628212149,0.487026940,-1.085701006,0.660786893,-0.166256780,-1.094718694,-1.516610881,1.422586327,0.623657481,1.187562923,0.376146751,0.109251355,0.277980655,0.003474100,0.053994223,-0.172653347,0.075914040,0.285497516,-0.793375432,0.172257617,0.127928078,0.264270067,0.122358143,0.233516678,-0.777345657,0.260306090,-0.044164844
5.002772808,0.986961424,1.059265256,-0.043366745,-0.041331902,-0.774498940,0.629732013,0.000000000,0.000000000,1.355542217,-1.379021776,-2.640711061,0.487945287,-1.090525068,0.653343340,-0.163825698,-1.077527713,-1.528855452,1.406059885,0.615102869,1.192433831,0.362796229,0.103036543,0.239492804,0.005926187,0.054158874,-0.173310161,0.087013587,0.229637146,-0.721278787,0.158830076,0.128846586,0.251186520,0.116654709,0.186542347,-0.719555557,0.245969698,-0.037607796
5.001515388,0.977681458,1.071104050,-0.050379358,-0.045644499,-0.773105979,0.630623281,0.000000000,0.000000000,1.347876697,-1.376078645,-2.652850030,0.500132664,-1.094791056,0.645093730,-0.161587519,-1.073127843,-1.546669108,1.396624144,0.617271858,1.197227550,0.349158397,0.096975454,0.205768228,0.008542242,0.053938132,-0.173737109,0.097764358,0.185127929,-0.662236929,0.146165833,0.128713012,0.240390703,0.110383101,0.149123937,-0.673468173,0.234813422,-0.032520410
5.000308990,0.968988180,1.080773473,-0.056392454,-0.048473679,-0.771731913,0.631585360,0.000000000,0.000000000,1.330039662,-1.370273065,-2.665157629,0.512325602,-1.098732077,0.636278168,-0.159475251,-1.061622822,-1.555789461,1.386859593,0.611002253,1.202399646,0.336968823,0.091254834,0.175664738,0.012259142,0.054256029,-0.173721462,0.108486682,0.151849985,-0.609463453,0.131466985,0.128597707,0.231521726,0.106459498,0.119167939,-0.630328834,0.223960564,-0.029041599
4.999079704,0.961088538,1.088212967,-0.061120532,-0.049277183,-0.770234048,0.632910311,0.000000000,0.000000000,1.328482721,-1.359788165,-2.677378370,0.552074737,-1.101229665,0.624599317,-0.157559937,-1.067011444,-1.551989152,1.379012657,0.614301580,1.207234445,0.324790515,0.085757279,0.151085079,0.017015427,0.053920902,-0.172872469,0.119354635,0.130738899,-0.565310538,0.114944734,0.127775967,0.225180387,0.105263114,0.097952425,-0.594335437,0.215443522,-0.026575897
4.997919083,0.954379439,1.095589042,-0.065390885,-0.050277743,-0.767756522,0.635410190,0.000000000,0.000000000,1.332888708,-1.355353532,-2.688756020,0.551641028,-1.104449095,0.614878144,-0.155259146,-1.061602058,-1.558648579,1.371557420,0.594714649,1.213056791,0.315400023,0.080645427,0.125992924,0.020820793,0.054049823,-0.172270015,0.127447963,0.115323216,-0.518314540,0.094327986,0.128833815,0.219009712,0.104236342,0.081594720,-0.550800681,0.201176167,-0.027089266
4.996807098,0.948778987,1.101708889,-0.067524001,-0.049819119,-0.765814185,0.637563467,0.000000000,0.000000000,1.358552869,-1.364808469,-2.695722016,0.534969371,-1.107605265,0.607497323,-0.152689162,-1.084546949,-1.572274407,1.363435744,0.575962860,1.218981131,0.308928672,0.075957084,0.106495276,0.024223659,0.056593634,-0.171381801,0.133215606,0.108849235,-0.479125321,0.074168809,0.128069609,0.214006811,0.104539037,0.073089540,-0.510196865,0.184656695,-0.028948225
4.995694637,0.944227040,1.106279612,-0.068828844,-0.049211409,-0.764369249,0.639202952,0.000000000,0.000000000,1.371824662,-1.372939058,-2.702545387,0.514134088,-1.110736580,0.601497667,-0.150048755,-1.097783839,-1.576425168,1.348871269,0.549681137,1.225135966,0.305875990,0.071817041,0.091915801,0.027363781,0.059925497,-0.170367599,0.137308732,0.105809838,-0.446710348,0.054508213,0.125174329,0.210135460,0.105707362,0.067499451,-0.475494146,0.169113129,-0.031761780
4.994685650,0.940574527,1.109639406,-0.070697859,-0.048678443,-0.762358785,0.641436934,0.000000000,0.000000000,1.396617768,-1.366797371,-2.706366445,0.518161643,-1.112586982,0.594630134,-0.147498536,-1.110374819,-1.567966399,1.332474334,0.541538599,1.230629945,0.302835127,0.068073908,0.079867400,0.028469205,0.061240762,-0.165676564,0.139931858,0.104075901,-0.419713020,0.036925815,0.120303705,0.210996449,0.106457397,0.065130219,-0.449025989,0.157166988,-0.034862775
4.993622780,0.937631071,1.112381935,-0.071724437,-0.048416987,-0.760516644,0.643526137,0.000000000,0.000000000,1.423608846,-1.362857319,-2.704924599,0.508307922,-1.114254459,0.589634817,-0.144772809,-1.122182644,-1.576146016,1.317360726,0.532524432,1.236375666,0.301047808,0.064670075,0.070361175,0.026828311,0.063860990,-0.158682510,0.140902609,0.104829058,-0.395334691,0.020389516,0.113727778,0.215086147,0.108659297,0.065467186,-0.426416397,0.146692991,-0.038582109
4.992376804,0.935241818,1.114506960,-0.072374567,-0.048416115,-0.758551955,0.645768344,0.000000000,0.000000000,1.433945852,-1.359260521,-2.701914624,0.500220824,-1.115583562,0.585212270,-0.142045243,-1.122200179,-1.584916862,1.302364836,0.527462408,1.242146822,0.299439347,0.061574130,0.063648924,0.024552269,0.067003705,-0.151550442,0.140399039,0.106135361,-0.376603097,0.007154708,0.105871335,0.220794171,0.113126054,0.065373942,-0.407989532,0.139203951,-0.041158013
4.991075993,0.933296621,1.116166592,-0.072739378,-0.047780782,-0.756646395,0.648006320,0.000000000,0.000000000,1.449932598,-1.347717155,-2.695578313,0.502737222,-1.116149301,0.580450904,-0.139332712,-1.130391452,-1.589878387,1.289905885,0.530711149,1.247768748,0.297269310,0.058646042,0.059002288,0.022318114,0.069401957,-0.144024417,0.138080448,0.108962484,-0.360962719,-0.005436442,0.097832717,0.227903306,0.118894704,0.066732526,-0.393446386,0.133885980,-0.043976456
4.989767075,0.931869149,1.117662668,-0.073853672,-0.047242165,-0.754646003,0.650248587,0.000000000,0.000000000,1.446618482,-1.329102207,-2.691487460,0.520661844,-1.116094740,0.573664638,-0.136713180,-1.121670307,-1.583196988,1.277741938,0.531509414,1.253474068,0.294539462,0.055854992,0.053463660,0.020814199,0.070528984,-0.136915177,0.135695189,0.113115288,-0.346293598,-0.017718799,0.091868408,0.235253096,0.125561506,0.068437189,-0.380734146,0.130668133,-0.045830011
4.988543034,0.930708289,1.118474722,-0.074245527,-0.045676451,-0.752824605,0.652423441,0.000000000,0.000000000,1.442491788,-1.310440283,-2.686853518,0.539597300,-1.115745760,0.565796085,-0.134064488,-1.131009206,-1.579345486,1.268886742,0.536470606,1.259065818,0.291480597,0.053146507,0.052144952,0.019346200,0.070079282,-0.129308134,0.133365721,0.117428973,-0.336186796,-0.027938178,0.086198092,0.244332463,0.133033842,0.070665322,-0.374573857,0.130646393,-0.047217000
4.987419128,0.929792523,1.118572116,-0.073973291,-0.043919165,-0.751685321,0.653887033,0.000000000,0.000000000,1.440169800,-1.303129280,-2.682204314,0.544317792,-1.115855381,0.558434233,-0.131289478,-1.138009677,-1.581563465,1.261206120,0.531181389,1.265032815,0.289328160,0.050531691,0.054797590,0.017960446,0.069666222,-0.122530356,0.131878227,0.119908854,-0.332220286,-0.033501875,0.080633692,0.253654361,0.140425175,0.071855485,-0.373389363,0.132049859,-0.047898155
4.986418247,0.929166317,1.118369222,-0.074472137,-0.043125313,-0.751573741,0.654011488,0.000000000,0.000000000,1.426924328,-1.287347466,-2.679190356,0.548479640,-1.116079604,0.550288892,-0.128535118,-1.127722510,-1.584823510,1.253011415,0.523485366,1.271041981,0.287429440,0.048081826,0.056694694,0.018572096,0.070125349,-0.119305357,0.131749123,0.119831063,-0.329328299,-0.036908757,0.077120155,0.260176122,0.149179593,0.071159713,-0.373497903,0.134579778,-0.047030702
4.985485077,0.928665221,1.118014336,-0.074362904,-0.042090874,-0.752095819,0.653490961,0.000000000,0.000000000,1.423388201,-1.281810480,-2.677182423,0.555364581,-1.116370878,0.541957543,-0.125753128,-1.127118410,-1.581613170,1.242835830,0.518228595,1.276748998,0.286651660,0.045765731,0.060139608,0.020301078,0.070252880,-0.118961141,0.131596595,0.118734494,-0.329751343,-0.037346091,0.074154519,0.264376611,0.158806771,0.070178829,-0.375425547,0.138395622,-0.043732233
4.984911442,0.928351700,1.117548227,-0.075054631,-0.040460426,-0.753666937,0.651702285,0.000000000,0.000000000,1.411730889,-1.244763587,-2.677432505,0.576572977,-1.116071184,0.530888962,-0.123036463,-1.118180278,-1.560447747,1.230100812,0.517796443,1.281873824,0.285534102,0.043512189,0.065238953,0.025897272,0.070425898,-0.121704832,0.133354008,0.117828265,-0.339683741,-0.032992113,0.072380736,0.265875667,0.168456674,0.066176772,-0.379814625,0.145423144,-0.037845872
4.984640598,0.928121150,1.117213488,-0.075518288,-0.038108498,-0.755206048,0.650006652,0.000000000,0.000000000,1.400772262,-1.219261954,-2.681192753,0.609896174,-1.115294426,0.517947839,-0.120244900,-1.120596920,-1.556398145,1.224946180,0.524377339,1.286666289,0.282488289,0.041158618,0.070331171,0.032478467,0.069327421,-0.126019090,0.134485230,0.117869101,-0.350480795,-0.029122924,0.072409458,0.265606970,0.177278876,0.063148201,-0.385238171,0.153395206,-0.031324785
4.984733582,0.927975357,1.116852403,-0.074461490,-0.035017371,-0.757110536,0.648083985,0.000000000,0.000000000,1.390256418,-1.205502345,-2.684589475,0.624735962,-1.115029712,0.505733726,-0.117321610,-1.119270652,-1.557761023,1.223644079,0.529780023,1.291312156,0.278281574,0.038741587,0.077684045,0.038749974,0.068709671,-0.131699786,0.136604756,0.120769933,-0.364312261,-0.024424078,0.073868670,0.262981564,0.186313689,0.062527142,-0.393780351,0.162610441,-0.023444902
4.985280037,0.927948654,1.116071820,-0.072707430,-0.030640177,-0.759916544,0.645214379,0.000000000,0.000000000,1.376330255,-1.181813001,-2.690868844,0.656279155,-1.114041761,0.491368365,-0.114489121,-1.126045926,-1.549952543,1.228832093,0.544739723,1.295233820,0.271223012,0.036098122,0.089337111,0.047136843,0.068083130,-0.139442369,0.141577780,0.128409281,-0.390531093,-0.016382454,0.077603877,0.258135855,0.192070678,0.061659608,-0.407716811,0.175134242,-0.014479244
4.986634254,0.927893996,1.115108132,-0.070702672,-0.024956951,-0.763811588,0.641069591,0.000000000,0.000000000,1.372574937,-1.156530191,-2.698361798,0.697817757,-1.112378858,0.475515732,-0.111633383,-1.143598553,-1.531384860,1.242207551,0.566260560,1.298361766,0.260927798,0.033068483,0.104218595,0.055511676,0.065088324,-0.147115216,0.145895213,0.138774380,-0.423607975,-0.007114096,0.083054528,0.254435092,0.196073890,0.060417797,-0.426790148,0.192486152,-0.004076801
4.988725662,0.927748621,1.112648010,-0.067771778,-0.017984321,-0.769348860,0.634969175,0.000000000,0.000000000,1.362965699,-1.143280805,-2.709196086,0.729904476,-1.110953633,0.459724041,-0.108728035,-1.158741287,-1.511972784,1.261828121,0.584308967,1.301031362,0.248459695,0.029686326,0.130469203,0.062271394,0.059829231,-0.151510909,0.147786170,0.150542796,-0.479369044,0.010411835,0.087502852,0.255846500,0.198117375,0.052562810,-0.461784422,0.220836610,0.008895206
4.991134644,0.927528322,1.107949495,-0.063559391,-0.010546190,-0.775934458,0.627514720,0.000000000,0.000000000,1.350825847,-1.143103162,-2.721188413,0.752663590,-1.109811926,0.444651858,-0.105963525,-1.179204134,-1.500218921,1.288681769,0.605663764,1.302945542,0.233762491,0.025954643,0.164876357,0.066366598,0.052666251,-0.151941329,0.145015582,0.167326778,-0.552809477,0.033804029,0.088990390,0.261526048,0.198169053,0.041584410,-0.513794601,0.259588450,0.021813909
4.993527889,0.927828789,1.101521373,-0.059125237,-0.004022646,-0.782340705,0.620025039,0.000000000,0.000000000,1.331029825,-1.152819150,-2.734902187,0.751420526,-1.109833657,0.431531096,-0.103437855,-1.172374426,-1.495698762,1.318664328,0.621366836,1.304456917,0.217455885,0.022006244,0.198509336,0.067359976,0.042367697,-0.148950770,0.136900306,0.184457108,-0.618563533,0.056830280,0.087138690,0.267920375,0.195414260,0.033533905,-0.572252154,0.300574929,0.031220473
4.996160984,0.929074526,1.094125152,-0.055172391,0.003392395,-0.789221168,0.611616254,0.000000000,0.000000000,1.331479782,-1.124413059,-2.745519117,0.747822172,-1.109724499,0.418343039,-0.101041323,-1.179274656,-1.466262276,1.348011078,0.641128572,1.305050699,0.200477204,0.017741079,0.230006069,0.068218827,0.031379350,-0.143164352,0.129564106,0.203620061,-0.674664557,0.076330930,0.088055521,0.274778008,0.189416945,0.033051819,-0.630598664,0.336642921,0.036664363
4.998562336,0.931441188,1.084277511,-0.048916761,0.011491777,-0.796391904,0.602689743,0.000000000,0.000000000,1.358223523,-1.116221973,-2.755293325,0.739441136,-1.109806216,0.406783670,-0.098490763,-1.211719848,-1.446943127,1.377748082,0.646215298,1.305991453,0.185413320,0.013284589,0.267615139,0.066096991,0.020940004,-0.134887204,0.126076058,0.222037271,-0.729735792,0.096121565,0.090730548,0.284218907,0.179378003,0.040572446,-0.695910573,0.369476348,0.037553817
5.000981331,0.934990883,1.071323872,-0.038717553,0.018554021,-0.803426147,0.593854487,0.000000000,0.000000000,1.387870309,-1.149542087,-2.759845283,0.703497301,-1.110987760,0.399826559,-0.095915459,-1.240309155,-1.451211714,1.399513388,0.635090960,1.307637384,0.173675439,0.009162076,0.312677443,0.058172267,0.012439428,-0.126343176,0.125696957,0.237412959,-0.782045126,0.116234452,0.092854857,0.294563085,0.165964305,0.056925297,-0.769382238,0.397712201,0.033895429
5.003619671,0.939691842,1.056222081,-0.027280206,0.024564046,-0.810516953,0.584563673,0.000000000,0.000000000,1.407883129,-1.171761932,-2.758032659,0.654332909,-1.112613661,0.395952280,-0.093501771,-1.266512298,-1.459260628,1.413445177,0.630577746,1.308969259,0.163237754,0.005328130,0.358196467,0.048457816,0.006364111,-0.118981853,0.128887847,0.253094941,-0.832996964,0.135543466,0.096204787,0.305358410,0.150684506,0.083014466,-0.844625235,0.419632971,0.024403851
5.006146431,0.945205092,1.039341331,-0.015085861,0.030655259,-0.817550898,0.574841857,0.000000000,0.000000000,1.432573628,-1.180560430,-2.751805595,0.622660498,-1.113485090,0.393104603,-0.091246694,-1.295942103,-1.454243209,1.421941806,0.629722897,1.310137939,0.153498052,0.001575052,0.404391795,0.039281741,0.001374260,-0.111363992,0.134652913,0.273539722,-0.887779176,0.154619038,0.099302843,0.318350494,0.135513410,0.117277734,-0.919099212,0.436902225,0.010550378
5.008632660,0.951145411,1.020292282,-0.001670816,0.036106117,-0.823419809,0.566280305,0.000000000,0.000000000,1.459868676,-1.201962108,-2.740883691,0.587639261,-1.114459056,0.393199984,-0.088912268,-1.315700532,-1.466113643,1.428049158,0.624953852,1.311760924,0.144929633,-0.001976153,0.454204261,0.028735064,-0.003092296,-0.104668885,0.141232416,0.295360357,-0.948716521,0.175414488,0.101403803,0.332048178,0.118459657,0.155359417,-0.993651807,0.451069444,-0.006014341
5.011099339,0.957090616,1.000718236,0.010053251,0.041051425,-0.829353571,0.557123363,0.000000000,0.000000000,1.467538878,-1.200740170,-2.731247323,0.576530082,-1.114533473,0.392495233,-0.086751290,-1.331527836,-1.466957092,1.434218195,0.630574956,1.313047438,0.135328299,-0.005496812,0.500797629,0.020886157,-0.006816893,-0.097573027,0.149481341,0.322099477,-1.015022635,0.196145743,0.103114188,0.347364843,0.102239028,0.194799274,-1.067365527,0.466346294,-0.023039551
5.013706207,0.962695062,0.980988204,0.021308504,0.045461744,-0.834721446,0.548378766,0.000000000,0.000000000,1.476582837,-1.202965318,-2.719469881,0.575745530,-1.113987671,0.392147847,-0.084597896,-1.333221806,-1.478084323,1.445481214,0.640622502,1.314404203,0.124405505,-0.008981157,0.547116160,0.013530132,-0.009640375,-0.090548694,0.158013731,0.352014542,-1.086998343,0.217784584,0.103313312,0.363181591,0.087069511,0.231325418,-1.138169050,0.483041674,-0.038899004
5.016275406,0.967755318,0.960408926,0.030406490,0.049135908,-0.839797676,0.539815724,0.000000000,0.000000000,1.480551397,-1.188327674,-2.707974911,0.584384850,-1.112804486,0.390774548,-0.082423370,-1.331296268,-1.472614094,1.460084773,0.656626679,1.315616583,0.112005720,-0.012433171,0.588918746,0.008020102,-0.011561018,-0.082319513,0.167396158,0.382709175,-1.157704353,0.237271219,0.103206582,0.378785372,0.073364265,0.263316691,-1.202955842,0.500776470,-0.053071663
5.018726349,0.972185493,0.939453185,0.037947439,0.051699530,-0.844526529,0.531659782,0.000000000,0.000000000,1.481583908,-1.169675689,-2.696300944,0.598143717,-1.111062848,0.388526327,-0.080129848,-1.333915113,-1.466474788,1.479712555,0.675178357,1.316901710,0.098804428,-0.015772933,0.626774728,0.003435547,-0.012902361,-0.073342048,0.178451031,0.413033217,-1.225560784,0.254638404,0.103276215,0.393233269,0.061180040,0.291285813,-1.261757255,0.519171715,-0.066457972
5.020981789,0.976131201,0.918057680,0.043337826,0.053431801,-0.848997593,0.523898840,0.000000000,0.000000000,1.476270760,-1.144580233,-2.685874363,0.614808945,-1.108921451,0.385045275,-0.077697653,-1.341132919,-1.449686309,1.501524474,0.690437784,1.318377002,0.085453225,-0.018996920,0.659201860,0.000433180,-0.014781613,-0.064103216,0.189493209,0.444617927,-1.288776755,0.268438876,0.105363764,0.407610327,0.051585823,0.317770302,-1.315909624,0.537143350,-0.080065012
5.022932053,0.979532123,0.899201393,0.048068993,0.053988401,-0.852537096,0.517643750,0.000000000,0.000000000,1.476160277,-1.147678478,-2.674030878,0.619591463,-1.107125703,0.382803190,-0.075122587,-1.344544312,-1.458163247,1.526808833,0.701094796,1.320204016,0.072684559,-0.021976800,0.688907981,-0.001498090,-0.016944204,-0.058559954,0.198675096,0.475197554,-1.345285177,0.279540151,0.108321600,0.417662203,0.044309970,0.341902673,-1.364044785,0.552528322,-0.092864469
5.024417877,0.982286334,0.880751193,0.051298212,0.053630400,-0.855728924,0.512074471,0.000000000,0.000000000,1.479746564,-1.141495683,-2.660241738,0.608188335,-1.105843311,0.381461351,-0.072405937,-1.357074643,-1.445978679,1.542673007,0.701995206,1.322226224,0.061988796,-0.024686548,0.713881016,-0.000321063,-0.018428959,-0.057058290,0.206521749,0.506065488,-1.395824909,0.289227188,0.112791568,0.424195886,0.039756604,0.366543323,-1.408411622,0.565710008,-0.104641981
5.025549889,0.984723806,0.862926483,0.051886320,0.052066620,-0.858922601,0.506802559,0.000000000,0.000000000,1.471138520,-1.128828534,-2.648635535,0.611993205,-1.104034579,0.378793499,-0.069809104,-1.352935723,-1.438418649,1.558098211,0.707804532,1.323751085,0.050756617,-0.027290083,0.730945408,0.003703414,-0.018820127,-0.058671594,0.212758988,0.538832486,-1.442050934,0.297195971,0.118176788,0.428442776,0.036529943,0.391506314,-1.449902415,0.578153253,-0.115520462
5.026197910,0.986662865,0.845933318,0.051750693,0.050189056,-0.862165511,0.501471460,0.000000000,0.000000000,1.474062644,-1.110693971,-2.635517768,0.612273328,-1.102221065,0.376118456,-0.067051499,-1.375854926,-1.419368691,1.565619113,0.703857203,1.325369070,0.041884139,-0.029845362,0.743220925,0.009664604,-0.018013202,-0.062838286,0.217652440,0.573133230,-1.485742211,0.303422391,0.125061139,0.431203306,0.033954758,0.416598618,-1.489233613,0.590242565,-0.126606196
5.026806355,0.988558412,0.830696583,0.050940227,0.048245665,-0.865580261,0.495830983,0.000000000,0.000000000,1.463461732,-1.089776590,-2.623532305,0.611709894,-1.100402115,0.372903687,-0.064193404,-1.379554954,-1.408594026,1.571597531,0.699407111,1.326644044,0.032991528,-0.032322916,0.751336813,0.016877532,-0.016177895,-0.068546645,0.220341235,0.606139064,-1.522894263,0.306675494,0.132436544,0.432997644,0.032971554,0.441007823,-1.523359537,0.599587321,-0.135964409
5.027472973,0.990552306,0.817959607,0.049204912,0.046463817,-0.868929505,0.490287215,0.000000000,0.000000000,1.452404681,-1.070229424,-2.611910326,0.614503962,-1.098422665,0.369134450,-0.061251306,-1.379146665,-1.389933361,1.571956155,0.696218616,1.327443410,0.024624605,-0.034623608,0.756130159,0.024290580,-0.014374202,-0.074257508,0.220582947,0.635135114,-1.552931905,0.308753788,0.138805419,0.434163928,0.033361048,0.461661667,-1.550745487,0.605785847,-0.143095404
5.028033257,0.992532253,0.808138192,0.047520544,0.044948202,-0.871995687,0.485123754,0.000000000,0.000000000,1.445952148,-1.061444049,-2.600377699,0.622584408,-1.096226490,0.365128414,-0.058276435,-1.380591131,-1.383429545,1.570592923,0.694785162,1.327922994,0.017005357,-0.036736829,0.759049416,0.030349683,-0.012380738,-0.078631312,0.220147133,0.659674585,-1.575403690,0.309959084,0.142462924,0.434922040,0.033695549,0.477709740,-1.571517587,0.609622717,-0.148392275
5.028561592,0.994355083,0.801829219,0.046043754,0.043734368,-0.874847233,0.480218291,0.000000000,0.000000000,1.429181938,-1.051363627,-2.590462042,0.625314458,-1.094344777,0.361005578,-0.055312847,-1.370674757,-1.379113816,1.567192639,0.693631602,1.328140024,0.009740851,-0.038635205,0.760245800,0.034628972,-0.010346433,-0.081729434,0.219797418,0.677699566,-1.589258194,0.309681803,0.144286424,0.435414791,0.034302086,0.488243788,-1.584319234,0.611345172,-0.152186409
5.029067039,0.996168613,0.799436748,0.044079356,0.042431869,-0.877486169,0.475683302,0.000000000,0.000000000,1.409874344,-1.036968443,-2.581838585,0.638703707,-1.092096177,0.355771195,-0.052483739,-1.364125913,-1.371177437,1.562538445,0.699299812,1.327800428,0.002510593,-0.040344734,0.760283113,0.037404105,-0.008306630,-0.082209192,0.219231576,0.683980703,-1.592763186,0.308286548,0.143590927,0.435735106,0.035183445,0.489035815,-1.587173581,0.610704839,-0.154009059
5.029603958,0.998064637,0.801183105,0.041240685,0.041595869,-0.879797578,0.471725702,0.000000000,0.000000000,1.371225606,-1.022515826,-2.577149696,0.662731293,-1.089663086,0.348992381,-0.049993596,-1.328413010,-1.374119101,1.563438093,0.711952561,1.326938537,-0.006202212,-0.041961301,0.753491402,0.039539956,-0.006844613,-0.081350096,0.219509423,0.686864138,-1.585463762,0.303845346,0.142474160,0.435943305,0.038040761,0.488089532,-1.580707192,0.605550349,-0.153830260
5.029671192,0.999300897,0.807386220,0.037705146,0.040167838,-0.881688058,0.468605518,0.000000000,0.000000000,1.350930798,-1.003920819,-2.569095012,0.672036640,-1.087664711,0.342694396,-0.047493712,-1.314724041,-1.375711746,1.565487704,0.725970433,1.325922462,-0.014228357,-0.043542324,0.741903663,0.039331060,-0.004417347,-0.077788740,0.220119759,0.681667686,-1.567601323,0.297124922,0.139159426,0.436078608,0.042829268,0.480086058,-1.564157128,0.597146094,-0.151755124
5.029526711,1.000335217,0.817145228,0.032656379,0.038629621,-0.883505404,0.465681851,0.000000000,0.000000000,1.333142085,-0.976090466,-2.562566381,0.686642567,-1.085500734,0.335229271,-0.045027201,-1.308043620,-1.365243771,1.569588818,0.739676665,1.324754806,-0.022425232,-0.045171525,0.724729419,0.038677022,-0.002242036,-0.071784779,0.220923111,0.670466065,-1.540071011,0.288589895,0.135584146,0.436134994,0.049263988,0.467404932,-1.539073467,0.586997747,-0.148436636
5.029038906,1.000976443,0.829944313,0.027826371,0.037283279,-0.884909511,0.463433653,0.000000000,0.000000000,1.336500506,-0.968599613,-2.555864136,0.682832592,-1.084219866,0.329283161,-0.042334159,-1.313104196,-1.368025156,1.575998152,0.740548949,1.324297085,-0.029073915,-0.046762855,0.705125928,0.035968557,-0.000399283,-0.064909875,0.221683860,0.654788852,-1.504869699,0.278430164,0.131965935,0.436085045,0.056758963,0.451546818,-1.506706357,0.574615359,-0.144115239
5.028422832,1.001511335,0.846133232,0.022564441,0.036515974,-0.885858119,0.461966157,0.000000000,0.000000000,1.348395098,-0.975365911,-2.552511168,0.679493408,-1.083343836,0.323907000,-0.039673770,-1.309771087,-1.371878826,1.583060775,0.738725713,1.323977754,-0.035376000,-0.048241356,0.678981185,0.032931916,0.000373812,-0.058468487,0.221271574,0.637900233,-1.460304260,0.266498119,0.128016353,0.434229523,0.066593349,0.437259942,-1.466328979,0.558993042,-0.136811331
5.027650356,1.001755238,0.866238773,0.017180771,0.035932988,-0.886227906,0.461534202,0.000000000,0.000000000,1.361788033,-0.986928108,-2.552870035,0.666677499,-1.083355285,0.319574171,-0.037095689,-1.308403716,-1.370515652,1.586585302,0.729101248,1.324129018,-0.040200604,-0.049514703,0.646819532,0.029560458,0.001065727,-0.053016998,0.218555421,0.616460323,-1.404902101,0.253583312,0.124340326,0.429335028,0.078440502,0.422783434,-1.414905429,0.538924396,-0.127521366
5.026819229,1.001550198,0.890098453,0.010895740,0.035282806,-0.885922432,0.462361246,0.000000000,0.000000000,1.373945883,-1.000863493,-2.558136683,0.660257636,-1.083719950,0.315355369,-0.034794284,-1.306385707,-1.359736768,1.586990228,0.719709418,1.324364106,-0.044291849,-0.050560185,0.607892513,0.026062584,0.001561515,-0.048403386,0.213680848,0.589322567,-1.338030696,0.240281388,0.121935703,0.421222121,0.090312868,0.406854838,-1.351637125,0.514516294,-0.115733422
5.025883675,1.000398636,0.917431414,0.004500987,0.034711223,-0.885631323,0.463068008,0.000000000,0.000000000,1.369755151,-1.020351303,-2.567605474,0.649048939,-1.084880487,0.311876809,-0.032889159,-1.292151879,-1.360261446,1.584006628,0.701746427,1.325297771,-0.046576640,-0.051225395,0.564297557,0.023492318,0.004069221,-0.045470357,0.208204448,0.557382226,-1.261189342,0.224921331,0.121294960,0.410551488,0.101323083,0.387519270,-1.275372744,0.485450238,-0.103015587
5.024699211,0.998205185,0.946792364,-0.003686296,0.033283647,-0.885703266,0.463042527,0.000000000,0.000000000,1.348297812,-1.019937511,-2.581297407,0.650795858,-1.085973226,0.307058250,-0.031542682,-1.265706458,-1.344356299,1.572425500,0.679286612,1.326618325,-0.047201212,-0.051463523,0.514340937,0.023316609,0.008906501,-0.044874921,0.203171194,0.521060228,-1.176323891,0.207267925,0.122437090,0.397376955,0.111225307,0.362997264,-1.188330650,0.454125971,-0.089444593
5.023297310,0.994673550,0.977776051,-0.014532556,0.030906009,-0.885969758,0.462483734,0.000000000,0.000000000,1.305626153,-0.999866442,-2.598408110,0.670540028,-1.086518581,0.299935748,-0.030790805,-1.223443319,-1.332185690,1.560346212,0.668093673,1.327601497,-0.048094423,-0.051388339,0.456404805,0.025835879,0.015976876,-0.046532787,0.198565930,0.480722249,-1.081561327,0.185425639,0.125645533,0.381425321,0.120740712,0.333236337,-1.090209723,0.420904994,-0.074533992
5.021832943,0.989736378,1.007863641,-0.026901636,0.027908880,-0.886134148,0.461804807,0.000000000,0.000000000,1.268900337,-0.978545495,-2.613676166,0.694188705,-1.086734644,0.292004397,-0.030385203,-1.179514967,-1.335510231,1.555432642,0.674624671,1.327936044,-0.050400481,-0.051267326,0.394923300,0.030149458,0.023453679,-0.051295217,0.195641577,0.438776493,-0.982948422,0.160365552,0.130752861,0.362340629,0.128855988,0.300289094,-0.987849474,0.387112558,-0.059759617
5.019961357,0.983654261,1.034054637,-0.036876559,0.024664456,-0.884639680,0.464159846,0.000000000,0.000000000,1.248693281,-0.985545354,-2.628516092,0.738979035,-1.086068608,0.283262745,-0.030498929,-1.142283015,-1.348638840,1.555493337,0.688449904,1.328026663,-0.053192233,-0.051152586,0.348689198,0.035693839,0.025797941,-0.061048392,0.193085611,0.381092519,-0.885056198,0.138712451,0.136672184,0.337568074,0.130460039,0.253944248,-0.888771117,0.357359022,-0.045975540
5.017917633,0.976629376,1.055423975,-0.046510067,0.022546371,-0.882380188,0.467689723,0.000000000,0.000000000,1.235907923,-0.954052395,-2.640254282,0.789594882,-1.084583732,0.272644336,-0.030900395,-1.123050821,-1.343953801,1.556649469,0.704925375,1.327880982,-0.056274961,-0.051170091,0.303846031,0.042153712,0.024790216,-0.072612844,0.193800300,0.330920279,-0.795223892,0.116174787,0.142009154,0.314025819,0.132606849,0.215793237,-0.803861141,0.331097215,-0.033439096
5.015728951,0.968760729,1.073701501,-0.054505941,0.021912333,-0.879835546,0.471633822,0.000000000,0.000000000,1.215756864,-0.945841225,-2.652275656,0.843917425,-1.082803002,0.262073377,-0.031580877,-1.090244831,-1.380383880,1.574228605,0.726690003,1.327642765,-0.061048654,-0.051398639,0.260610849,0.048348911,0.022012873,-0.084566653,0.194375783,0.289886296,-0.709044158,0.090922423,0.146747902,0.293034554,0.136815533,0.186484694,-0.725707591,0.305652618,-0.024171159
5.013073921,0.960254669,1.088043332,-0.060698189,0.022621430,-0.876448214,0.477118969,0.000000000,0.000000000,1.202336588,-0.934685256,-2.664726980,0.875708288,-1.081819545,0.252374493,-0.032211428,-1.077567868,-1.402425598,1.598296566,0.746121587,1.327479380,-0.066111770,-0.052004122,0.223792091,0.054516435,0.018006375,-0.095911533,0.195622668,0.255693197,-0.633439600,0.066417709,0.151214495,0.275261343,0.141998529,0.163626924,-0.661224842,0.283798963,-0.015470454
5.009972572,0.951371670,1.100492001,-0.065213226,0.023086812,-0.872862697,0.483037233,0.000000000,0.000000000,1.159678692,-0.930757949,-2.671451994,0.893203390,-1.081000439,0.243774800,-0.033242785,-1.055187067,-1.433959969,1.619835036,0.751384759,1.327949503,-0.069612443,-0.052410175,0.189570233,0.060526788,0.017506788,-0.108582981,0.195444435,0.231802419,-0.567987323,0.042433154,0.153059408,0.257532239,0.150016129,0.145188391,-0.598758101,0.261733770,-0.009130463
5.006141186,0.942416549,1.110409498,-0.068081707,0.022782769,-0.869702101,0.488327801,0.000000000,0.000000000,1.128911510,-0.934286819,-2.661672312,0.893579763,-1.079980982,0.237114059,-0.034588419,-1.036910466,-1.483496808,1.642105863,0.757122820,1.328511235,-0.072051750,-0.052622910,0.159393877,0.065657668,0.021177424,-0.121034309,0.192873567,0.213928565,-0.512779117,0.019687714,0.151694626,0.241472945,0.160043895,0.130556747,-0.541864693,0.240731344,-0.006706364
5.001522541,0.933613539,1.118267775,-0.069562189,0.022731699,-0.866336584,0.494070113,0.000000000,0.000000000,1.104343743,-0.950695038,-2.647371287,0.940738212,-1.076945071,0.229419657,-0.036617031,-1.042084480,-1.510146425,1.656440431,0.757611241,1.329247393,-0.072781456,-0.052730569,0.133560956,0.068116993,0.024369925,-0.128515184,0.188501477,0.200736582,-0.463012218,-0.002240623,0.146221593,0.230960056,0.173032284,0.120357454,-0.492223024,0.221867353,-0.005497216
4.996582031,0.925147891,1.124283910,-0.070892908,0.021690955,-0.861950755,0.501542211,0.000000000,0.000000000,1.086557397,-0.948030418,-2.626360764,0.977753954,-1.073929314,0.222327236,-0.038867330,-1.048493734,-1.520489478,1.658228154,0.741635267,1.330667277,-0.070930904,-0.052535271,0.111412458,0.068736643,0.027078897,-0.132583052,0.182239115,0.189791873,-0.422386557,-0.020843092,0.138436317,0.223282218,0.185624421,0.110680699,-0.449111342,0.205255508,-0.006289548
4.991491318,0.917045474,1.128975034,-0.072724991,0.020630853,-0.856847703,0.509997547,0.000000000,0.000000000,1.077836539,-0.931062792,-2.605067256,0.980103006,-1.072081025,0.216580679,-0.040788348,-1.056923560,-1.534296186,1.655196151,0.722269682,1.332340398,-0.067552314,-0.052133088,0.092165761,0.070520647,0.031246364,-0.134624064,0.176421151,0.181667119,-0.389559627,-0.037245285,0.132325366,0.217484877,0.197861910,0.101277784,-0.411857754,0.191669032,-0.007497001
4.986077785,0.909654021,1.132538915,-0.073177166,0.019223005,-0.851729214,0.518491030,0.000000000,0.000000000,1.076383652,-0.958670966,-2.587751520,1.006601175,-1.069457798,0.211305742,-0.042912093,-1.074848057,-1.550137235,1.639365838,0.697586988,1.334368240,-0.060950457,-0.051262296,0.078521937,0.069133043,0.036068793,-0.132451236,0.171945676,0.176462993,-0.364055425,-0.050370608,0.123694904,0.216124952,0.212488890,0.092271946,-0.382338911,0.181826457,-0.008677477
4.981149197,0.903040528,1.135075927,-0.073275104,0.017818136,-0.846147478,0.527586758,0.000000000,0.000000000,1.065625549,-0.974777449,-2.566358283,1.006009903,-1.067536359,0.207399256,-0.045100401,-1.069235486,-1.564974609,1.616452931,0.684299502,1.335856170,-0.054039875,-0.049914214,0.069974467,0.065426283,0.039192241,-0.125351161,0.166634455,0.173748821,-0.347391844,-0.060022786,0.112663731,0.218548834,0.226980954,0.084783554,-0.361141324,0.175209224,-0.011130992
4.976660252,0.897373140,1.136868715,-0.073378891,0.016360261,-0.840746999,0.536183178,0.000000000,0.000000000,1.065449806,-1.006085859,-2.548265191,0.979959646,-1.066761067,0.205364267,-0.047123927,-1.072819781,-1.579647492,1.590970861,0.672974513,1.337384910,-0.045944837,-0.048455608,0.064143583,0.060851902,0.040861376,-0.116142757,0.160783142,0.171465531,-0.335222334,-0.067099892,0.101999827,0.223007709,0.238640055,0.078348219,-0.345041335,0.169891924,-0.014883399
4.972755432,0.892627835,1.138275743,-0.073461868,0.013980253,-0.836120844,0.543424189,0.000000000,0.000000000,1.057411225,-1.040218431,-2.538067311,1.004659224,-1.064250979,0.201500990,-0.049591678,-1.077599109,-1.586650658,1.564203196,0.664895358,1.338728470,-0.037570656,-0.046951821,0.057808168,0.055528905,0.041942246,-0.109439641,0.156010121,0.170682356,-0.324084669,-0.073604360,0.095494211,0.226824254,0.250883728,0.073817641,-0.332556099,0.166744992,-0.016400304
4.969763756,0.888686657,1.139474630,-0.073265873,0.011986760,-0.833216488,0.547940552,0.000000000,0.000000000,1.040599647,-1.057194733,-2.531687950,1.034022615,-1.061601861,0.197074637,-0.052223950,-1.076657914,-1.601347514,1.542651379,0.663236537,1.339702841,-0.030192614,-0.045495355,0.054239430,0.050999891,0.044282053,-0.105477437,0.151259676,0.171484500,-0.318665802,-0.078203231,0.091312356,0.231155068,0.266486526,0.068197295,-0.323102742,0.166505858,-0.015294798
4.967751503,0.885521233,1.140486240,-0.072500013,0.010544883,-0.832389832,0.549326599,0.000000000,0.000000000,1.030560674,-1.079370735,-2.526306766,1.065721449,-1.058823892,0.192784780,-0.054947142,-1.078133519,-1.603844329,1.521474796,0.664538688,1.340251690,-0.023322445,-0.044096968,0.052169546,0.046189815,0.045229606,-0.103668012,0.147214770,0.174063832,-0.315311193,-0.082321711,0.088156149,0.235223383,0.282364011,0.064601019,-0.315841347,0.167029843,-0.013512626
4.966769695,0.882965207,1.141275048,-0.071927182,0.010900806,-0.832883954,0.548645556,0.000000000,0.000000000,1.017238341,-1.075164534,-2.522091879,1.090301549,-1.056105636,0.188043830,-0.057509642,-1.066562048,-1.604791983,1.508941515,0.671206459,1.340213368,-0.018953498,-0.042949404,0.052275456,0.043101471,0.044385415,-0.103971481,0.142121375,0.176886812,-0.316598564,-0.083594196,0.086155698,0.240022913,0.295525908,0.064028904,-0.311616212,0.167967036,-0.011472290
4.966499805,0.881108880,1.142018437,-0.071267731,0.012565984,-0.835097611,0.545321047,0.000000000,0.000000000,0.994160824,-1.071311022,-2.522344159,1.132229896,-1.052641364,0.182327059,-0.060028542,-1.041494587,-1.620635494,1.513591205,0.695358129,1.339039925,-0.018999822,-0.042188976,0.052408509,0.041628648,0.043819591,-0.106335074,0.133867115,0.182406068,-0.319505930,-0.085572742,0.085623577,0.244300798,0.310253382,0.067046978,-0.308292866,0.168274611,-0.008163176
4.966979027,0.880100906,1.142513990,-0.069774382,0.016046666,-0.838879347,0.539588213,0.000000000,0.000000000,0.989031333,-1.066376951,-2.524410345,1.155910799,-1.049811851,0.177213151,-0.062213489,-1.031801593,-1.617729775,1.528353852,0.727061204,1.336967422,-0.021652530,-0.041978552,0.055643927,0.040168971,0.040228777,-0.108967870,0.123123370,0.186428815,-0.324915051,-0.084663428,0.084373489,0.250005215,0.322784722,0.073439643,-0.307845831,0.167216808,-0.002967809
4.968438148,0.880008221,1.142335653,-0.067005701,0.020890970,-0.845207334,0.529809773,0.000000000,0.000000000,1.010354397,-1.070305215,-2.526732800,1.139238863,-1.048476838,0.174069617,-0.063925431,-1.047838783,-1.598719873,1.544967458,0.745673783,1.334870903,-0.024099621,-0.042196836,0.067338631,0.038282290,0.035338491,-0.110670947,0.110728286,0.187141538,-0.341459394,-0.077655576,0.081479408,0.258869827,0.335025162,0.077620789,-0.314048290,0.166692495,0.006041998
4.970842838,0.881031036,1.141081214,-0.063004941,0.026038306,-0.854112267,0.515601277,0.000000000,0.000000000,1.040360235,-1.082519250,-2.531555453,1.110269776,-1.047603343,0.171964149,-0.065392940,-1.069564022,-1.578371717,1.561820530,0.747950494,1.332874020,-0.025956309,-0.042671417,0.083665088,0.035508774,0.029325785,-0.111246437,0.096411638,0.187633201,-0.365920931,-0.065964989,0.077781223,0.268633336,0.344091356,0.085238330,-0.329689145,0.168733209,0.014134368
4.974212646,0.883145213,1.138361096,-0.057461981,0.031470556,-0.864025354,0.499167144,0.000000000,0.000000000,1.067935307,-1.114059540,-2.536475090,1.043848509,-1.049224080,0.175990398,-0.066100570,-1.082424053,-1.578592227,1.577330907,0.745977080,1.330790218,-0.021039128,-0.042847486,0.108938955,0.031706698,0.023612861,-0.110219315,0.082496546,0.191470489,-0.407869726,-0.048877358,0.076249212,0.280369997,0.346432716,0.094604276,-0.359184474,0.176338628,0.023259012
4.978444099,0.886363149,1.133053064,-0.049620371,0.038915541,-0.874918520,0.480146945,0.000000000,0.000000000,1.122171638,-1.139624192,-2.538662880,0.953868957,-1.053038514,0.184711746,-0.066472124,-1.111263093,-1.586691338,1.591099862,0.732193573,1.328965426,-0.012247734,-0.042927030,0.149728447,0.027160209,0.019815721,-0.103568077,0.074367426,0.199178278,-0.475375593,-0.023227952,0.074344739,0.299285859,0.339956582,0.105730668,-0.414401382,0.195772156,0.034317311
4.983619213,0.890051365,1.124628305,-0.041556690,0.047366522,-0.884628773,0.462018788,0.000000000,0.000000000,1.170383606,-1.151011800,-2.541482278,0.872144468,-1.056006522,0.194133046,-0.066725268,-1.141949249,-1.576608093,1.600628171,0.730772983,1.326010672,-0.003304571,-0.042962238,0.205650657,0.023375940,0.015410645,-0.091463208,0.073436595,0.216612026,-0.577185988,0.008407451,0.075851895,0.322517127,0.321777642,0.110739112,-0.494468212,0.231862545,0.048302736
4.989401817,0.893464446,1.113874912,-0.034356475,0.055198368,-0.893224418,0.444885224,0.000000000,0.000000000,1.224474457,-1.147242672,-2.536696785,0.782147675,-1.060766138,0.207568831,-0.066839998,-1.170567936,-1.554970431,1.601695053,0.722593834,1.322805589,0.006609615,-0.042962413,0.262944132,0.018306592,0.008420788,-0.074537486,0.071361125,0.236843765,-0.671511292,0.037965864,0.075764477,0.345650375,0.299796641,0.115271330,-0.582668543,0.276869684,0.058865026
4.994400978,0.897164226,1.102537274,-0.028742341,0.058357272,-0.899307907,0.432450712,0.000000000,0.000000000,1.260485741,-1.167052233,-2.526944449,0.692225272,-1.066056553,0.224447874,-0.066879514,-1.168821234,-1.545482110,1.594408228,0.710879956,1.319229432,0.016952153,-0.042899677,0.310167789,0.011416037,0.002782516,-0.061372682,0.066761032,0.255313575,-0.745320797,0.063233636,0.072587095,0.357871860,0.275349975,0.122794405,-0.658643067,0.316166043,0.064375482
4.998502254,0.900833905,1.088322759,-0.022295665,0.060866583,-0.905420423,0.419537812,0.000000000,0.000000000,1.311142809,-1.169670761,-2.514446369,0.613621290,-1.069037621,0.240984272,-0.066888155,-1.216762258,-1.522596824,1.581434925,0.703488539,1.315134831,0.028460356,-0.042840962,0.354053438,0.005922483,-0.002096608,-0.048245013,0.069597781,0.274280787,-0.813122213,0.088284887,0.072308011,0.366185248,0.249104515,0.140579477,-0.740848303,0.354350150,0.064444371
5.002553940,0.904270649,1.069788575,-0.014480018,0.062841512,-0.911827922,0.405476362,0.000000000,0.000000000,1.344252432,-1.170776514,-2.506575460,0.567977181,-1.070085716,0.252429662,-0.066310811,-1.247821051,-1.516891150,1.577703912,0.695126282,1.310325410,0.031618717,-0.043091411,0.401662886,0.000577240,-0.006679895,-0.034152310,0.081539109,0.295463562,-0.889079452,0.117485195,0.072600327,0.373379230,0.218758970,0.164270192,-0.835442662,0.395367682,0.062912256
5.006792545,0.907659054,1.050114393,-0.006828594,0.063433312,-0.917583108,0.392391175,0.000000000,0.000000000,1.346043591,-1.163898372,-2.503323404,0.552873419,-1.069943983,0.260413979,-0.065606746,-1.244184418,-1.503173732,1.579699687,0.701782663,1.304248532,0.028771386,-0.043530596,0.444140673,-0.004524807,-0.012010256,-0.020984082,0.096536458,0.318204284,-0.956797361,0.144889429,0.073238656,0.375563204,0.189057410,0.191368654,-0.924994826,0.432508528,0.058865182
5.011016369,0.910934746,1.030677795,0.000736497,0.063022956,-0.922887564,0.379876345,0.000000000,0.000000000,1.357721309,-1.152143723,-2.499500001,0.553541526,-1.069109891,0.266842718,-0.064697012,-1.257421321,-1.484547740,1.587715066,0.720064472,1.297335803,0.023147308,-0.044352222,0.483174443,-0.008758051,-0.016179068,-0.009480098,0.111369491,0.343224436,-1.019252777,0.167234033,0.074860007,0.374680758,0.161286429,0.216293663,-1.004448533,0.463718623,0.052555263
5.015130997,0.914143920,1.011810899,0.008878278,0.062492158,-0.927759230,0.367802501,0.000000000,0.000000000,1.362594654,-1.157136837,-2.498138994,0.553319554,-1.068658739,0.273185938,-0.063628560,-1.262230846,-1.464569203,1.591427263,0.712701110,1.291424252,0.018943607,-0.045246624,0.518801749,-0.012352630,-0.020717409,0.000685087,0.127570316,0.369362682,-1.076972485,0.186995059,0.076294452,0.371573865,0.134562328,0.242606178,-1.074910164,0.488291621,0.043034174
5.019058704,0.917062998,0.992439508,0.018499441,0.061863005,-0.932559729,0.355194390,0.000000000,0.000000000,1.377015927,-1.172159929,-2.495930933,0.551784631,-1.068454505,0.280056846,-0.062520407,-1.281984463,-1.464668315,1.591858475,0.700793611,1.285753540,0.016497226,-0.046060282,0.556323886,-0.015511943,-0.024016209,0.010331187,0.143635735,0.396886915,-1.135609388,0.205607861,0.076312810,0.368555337,0.110047385,0.268045813,-1.141920805,0.509489059,0.030545600
5.022834778,0.919764280,0.971924305,0.028657168,0.061418850,-0.936529040,0.343976468,0.000000000,0.000000000,1.403083508,-1.183265614,-2.492848403,0.550359007,-1.068408514,0.287195116,-0.061370981,-1.310459554,-1.461014896,1.587738365,0.684689163,1.280234683,0.015417979,-0.046915602,0.596120656,-0.017934561,-0.026356284,0.021620017,0.159193948,0.426041275,-1.197317839,0.224278495,0.074984953,0.367522597,0.088219389,0.291563123,-1.209262133,0.530815482,0.016283408
5.026307106,0.922027171,0.951693416,0.038603377,0.060948368,-0.940052927,0.333309948,0.000000000,0.000000000,1.419778749,-1.191697100,-2.489264814,0.539958011,-1.068836471,0.295012150,-0.060146342,-1.331186502,-1.464133675,1.579173429,0.664734016,1.274940224,0.015748270,-0.047687662,0.635621905,-0.020072520,-0.027753767,0.032095082,0.174411774,0.454632461,-1.254714608,0.238133863,0.074655898,0.367186248,0.068256497,0.313632458,-1.271154523,0.548701823,0.000564934
5.029731750,0.924072862,0.931484520,0.047594666,0.060057219,-0.943665326,0.321906239,0.000000000,0.000000000,1.441215010,-1.197843077,-2.485346449,0.526472899,-1.069583656,0.303421981,-0.058790553,-1.349110816,-1.459739934,1.568133959,0.650199811,1.269390178,0.016241866,-0.048527630,0.674369037,-0.021969475,-0.028891927,0.040404953,0.186860427,0.485489100,-1.310713291,0.248878255,0.077304855,0.367736220,0.051061951,0.332063764,-1.329536200,0.565559089,-0.015050611
5.032970905,0.925878346,0.912972271,0.053664792,0.058608525,-0.948588073,0.306375265,0.000000000,0.000000000,1.478945491,-1.188201858,-2.476952382,0.509680951,-1.070115566,0.312359193,-0.057118798,-1.363219978,-1.454704977,1.556408075,0.641377300,1.263617912,0.016566465,-0.049447991,0.705788970,-0.022410780,-0.028029237,0.042511508,0.197859943,0.515317202,-1.362225294,0.256068349,0.081178531,0.371366203,0.037586015,0.347468793,-1.379679799,0.578833103,-0.030456420
5.035431385,0.927412510,0.894797444,0.060717106,0.057118177,-0.950614512,0.298970044,0.000000000,0.000000000,1.477764425,-1.214045090,-2.478773259,0.506232335,-1.071291777,0.320727673,-0.055609493,-1.377081610,-1.452905426,1.546538030,0.632607737,1.258009642,0.016879110,-0.050570567,0.729087174,-0.024640631,-0.030480463,0.046992086,0.206914574,0.555078268,-1.412492275,0.261963695,0.083413310,0.371551961,0.027144387,0.375312686,-1.430857062,0.588998199,-0.045581006
5.037703514,0.928977847,0.878484905,0.065357119,0.055277813,-0.952418685,0.292525947,0.000000000,0.000000000,1.486303095,-1.219916249,-2.480569961,0.503185985,-1.072683297,0.328797585,-0.054185128,-1.388548947,-1.447517245,1.537637762,0.624209413,1.252545013,0.017004842,-0.051877066,0.744507432,-0.027136721,-0.032281056,0.048321318,0.210551798,0.595056653,-1.455082655,0.265524864,0.084998228,0.372003198,0.019410981,0.404734939,-1.475730538,0.595888734,-0.059005588
5.039751053,0.930524290,0.864619732,0.067929037,0.053800605,-0.954348207,0.285850734,0.000000000,0.000000000,1.494027875,-1.230445233,-2.484008062,0.502351951,-1.074310658,0.336719903,-0.052856780,-1.386210661,-1.444416806,1.530261118,0.616988323,1.247244298,0.016573067,-0.053289553,0.754057884,-0.028568681,-0.033622600,0.047028255,0.210916311,0.634095907,-1.488942146,0.266763270,0.086492009,0.372198284,0.014813379,0.434295744,-1.512541771,0.600140691,-0.069271922
5.041370869,0.931793451,0.853461862,0.069266982,0.052160751,-0.956317663,0.279173672,0.000000000,0.000000000,1.502602146,-1.240318477,-2.488532473,0.498300418,-1.076306004,0.344749314,-0.051572812,-1.380610505,-1.446379946,1.525363050,0.613051290,1.242103455,0.015664604,-0.054832006,0.760590553,-0.028616123,-0.033186998,0.044328269,0.209822163,0.665799439,-1.514415622,0.266414851,0.088484347,0.369967878,0.010089305,0.457421392,-1.541997313,0.603703201,-0.077778637
5.042872906,0.932914019,0.845711648,0.070841305,0.050978210,-0.958153844,0.272624135,0.000000000,0.000000000,1.502120647,-1.245675150,-2.494611204,0.491682397,-1.078635358,0.352598568,-0.050350009,-1.372645364,-1.445302801,1.520641488,0.608600177,1.237292341,0.014794335,-0.056438413,0.764456093,-0.027605556,-0.031848121,0.040760227,0.207686290,0.688781261,-1.532436132,0.267273664,0.091522470,0.365820289,0.006137607,0.474166244,-1.564552307,0.606932521,-0.086067960
5.044342041,0.934062719,0.841173112,0.070483290,0.049984768,-0.959970713,0.266439110,0.000000000,0.000000000,1.499558247,-1.244960759,-2.500058073,0.483910768,-1.081010385,0.360290320,-0.049150938,-1.363023983,-1.439794853,1.514505883,0.604407386,1.232772495,0.014167670,-0.057994944,0.765755653,-0.025570836,-0.029512435,0.036434181,0.204627752,0.701957285,-1.541294932,0.267451406,0.095790878,0.361058801,0.003644438,0.481564283,-1.577995062,0.609277129,-0.093080245
5.045846462,0.935247540,0.840003431,0.068794638,0.049127236,-0.961821198,0.260295510,0.000000000,0.000000000,1.497032633,-1.246393171,-2.504761532,0.478305924,-1.083294003,0.367815705,-0.047987775,-1.346420822,-1.439728224,1.509703134,0.603772865,1.228449614,0.013072789,-0.059523974,0.765381575,-0.023552749,-0.027639542,0.031837922,0.199682921,0.704811275,-1.540429950,0.267868578,0.099846795,0.355141401,0.003185138,0.480485260,-1.581387877,0.610373318,-0.097424164
5.047238350,0.936450839,0.841108799,0.065901361,0.048309799,-0.963908970,0.253382474,0.000000000,0.000000000,1.492732994,-1.242143857,-2.508562177,0.478226439,-1.085285533,0.374551903,-0.046906905,-1.336138134,-1.436602083,1.504997801,0.608854296,1.224135465,0.011594383,-0.061024971,0.763951123,-0.020716438,-0.025339974,0.027200134,0.194648892,0.698886573,-1.531278968,0.267193884,0.103509538,0.349038482,0.004217084,0.472443581,-1.576897264,0.609155834,-0.101234466
5.048495293,0.937771916,0.844411075,0.062049091,0.047529265,-0.965965211,0.246580780,0.000000000,0.000000000,1.494988557,-1.233105544,-2.509995824,0.478620442,-1.086970020,0.380780801,-0.045794194,-1.326909603,-1.435912748,1.501979100,0.615503194,1.220031148,0.009633121,-0.062545684,0.760385513,-0.017678894,-0.022635285,0.022279875,0.189664006,0.685385227,-1.513755441,0.265475601,0.106953830,0.343340755,0.007642358,0.460955292,-1.564826727,0.604853272,-0.103180990
5.049458504,0.939071417,0.850320041,0.057474311,0.047059812,-0.967913270,0.240053922,0.000000000,0.000000000,1.493097954,-1.224401766,-2.511457044,0.482131580,-1.088433129,0.386077564,-0.044677888,-1.317281295,-1.435385576,1.500668149,0.623370871,1.216102170,0.007063464,-0.064106457,0.750630140,-0.014144888,-0.018939212,0.017836899,0.186361670,0.672294974,-1.489337683,0.261463612,0.109634943,0.338290960,0.014167022,0.451408774,-1.546482325,0.597275019,-0.102276698
5.050168037,0.940215468,0.859375536,0.051948421,0.046314929,-0.969467044,0.235138416,0.000000000,0.000000000,1.488582157,-1.216158024,-2.513063440,0.480328868,-1.090000563,0.390986137,-0.043477594,-1.306487703,-1.433114653,1.501505185,0.631355892,1.212372351,0.003820126,-0.065748614,0.733796895,-0.011445230,-0.015089791,0.013675098,0.182920277,0.656698346,-1.455491781,0.255918354,0.112189136,0.331890374,0.023678984,0.443266004,-1.519910336,0.586373329,-0.097415328
5.050639153,0.941121280,0.871677577,0.045712933,0.045563549,-0.970671892,0.231582537,0.000000000,0.000000000,1.483990276,-1.206507284,-2.515042719,0.477604365,-1.091540381,0.395309785,-0.042200089,-1.295017787,-1.428413126,1.504637848,0.638605371,1.208869997,-0.000019640,-0.067485003,0.710229695,-0.009317914,-0.011308147,0.009617138,0.178186476,0.637061954,-1.412417412,0.249673277,0.114289984,0.324298263,0.036005460,0.436686248,-1.483958244,0.571633697,-0.089825332
5.050893784,0.941729128,0.887593091,0.038942859,0.044887498,-0.971470237,0.229595542,0.000000000,0.000000000,1.470041565,-1.195712229,-2.518179385,0.473606497,-1.093113754,0.398952602,-0.040876035,-1.270495935,-1.420168584,1.509802252,0.645537510,1.205538098,-0.004807153,-0.069252698,0.679943800,-0.007971846,-0.007665474,0.005174460,0.172052175,0.612772644,-1.357446432,0.241571248,0.116939053,0.315057635,0.049921252,0.431326747,-1.436566591,0.551950455,-0.079419956
5.050876141,0.941874564,0.906597614,0.031754289,0.044371381,-0.972345591,0.227083683,0.000000000,0.000000000,1.448216141,-1.193989890,-2.522962085,0.480594972,-1.094404557,0.401446504,-0.039719745,-1.241901234,-1.421706673,1.517787238,0.656816927,1.202269227,-0.010249907,-0.070978007,0.643548369,-0.006481424,-0.003249217,-0.000028942,0.165160924,0.584437549,-1.293474078,0.231870249,0.119118080,0.305188775,0.065089330,0.425433874,-1.379227281,0.528777421,-0.067330554
5.050351143,0.941361070,0.928260446,0.024134653,0.043937817,-0.973227918,0.224308848,0.000000000,0.000000000,1.428611755,-1.188297145,-2.526806317,0.479183043,-1.095857274,0.403852026,-0.038590267,-1.221538119,-1.410847764,1.521251891,0.658833225,1.199560072,-0.014318067,-0.072509395,0.601494730,-0.005102063,0.001730698,-0.006904768,0.158981055,0.552991688,-1.221405149,0.219666719,0.122916132,0.295056760,0.079043113,0.417520225,-1.312366366,0.502372324,-0.055087894
5.049366951,0.940122843,0.952005744,0.015586396,0.043494318,-0.974028289,0.221662313,0.000000000,0.000000000,1.403788547,-1.175721592,-2.530664352,0.476956041,-1.097247537,0.405511349,-0.037534217,-1.201441248,-1.392793022,1.519507306,0.655492871,1.197281590,-0.017224488,-0.073678099,0.553478479,-0.003885260,0.007263785,-0.016463568,0.152919665,0.518392801,-1.141229987,0.203317538,0.129266545,0.284841150,0.091763347,0.406932771,-1.236631274,0.472970545,-0.043259226
5.047864914,0.938417554,0.976752043,0.006091465,0.042698730,-0.974576235,0.219865724,0.000000000,0.000000000,1.366602854,-1.162881728,-2.535440737,0.476620337,-1.098567157,0.406204551,-0.036630185,-1.168117463,-1.385446813,1.516805191,0.653441101,1.195346751,-0.019931431,-0.074470401,0.499607772,-0.003122387,0.012891706,-0.029457670,0.146637440,0.478923589,-1.051830888,0.183006585,0.136197269,0.273945391,0.103380874,0.395049691,-1.154131413,0.440917373,-0.031910650
5.045793533,0.936525464,1.001746655,-0.005425638,0.041494388,-0.975145459,0.217577934,0.000000000,0.000000000,1.315164216,-1.139113606,-2.542273536,0.489390462,-1.099457323,0.404469948,-0.036046472,-1.130190597,-1.376689902,1.517486346,0.662689121,1.193379244,-0.023946887,-0.075165927,0.438396096,-0.001721571,0.018968377,-0.044811275,0.140942395,0.434942186,-0.953182101,0.157878429,0.143864781,0.263141751,0.114388198,0.381589830,-1.065474629,0.405984104,-0.021586938
5.043023109,0.934280634,1.025018811,-0.016651716,0.041050531,-0.975885212,0.213742107,0.000000000,0.000000000,1.284639031,-1.121350630,-2.545663019,0.499026428,-1.100030727,0.402306172,-0.035517214,-1.114904896,-1.379091128,1.520782483,0.665162737,1.192385184,-0.026615403,-0.075805190,0.377267838,0.000717224,0.025514519,-0.060866341,0.135733947,0.390628785,-0.855455935,0.131133094,0.149304360,0.254163146,0.124716163,0.367080837,-0.978743613,0.370908856,-0.013015541
5.039783478,0.931938291,1.046158433,-0.027093437,0.041354127,-0.976612329,0.209246531,0.000000000,0.000000000,1.254854362,-1.128579980,-2.550542879,0.524170704,-1.100077663,0.398898903,-0.035360811,-1.090138160,-1.396618984,1.528234079,0.667544605,1.192102950,-0.029412102,-0.076356210,0.316036284,0.002763812,0.030819964,-0.076224439,0.130529672,0.352323204,-0.761402547,0.101892881,0.152701274,0.247412264,0.135079354,0.355014384,-0.895329833,0.335978627,-0.007069600
5.036222458,0.929812014,1.064891338,-0.035485271,0.041265633,-0.976907492,0.206614763,0.000000000,0.000000000,1.237829813,-1.134136699,-2.555605141,0.555747147,-1.099742484,0.394252617,-0.035556063,-1.078021722,-1.401515332,1.532691291,0.669267137,1.192275814,-0.031316466,-0.076737969,0.270747960,0.002595193,0.033559039,-0.089285672,0.123410277,0.297492355,-0.670565069,0.077520788,0.153249070,0.244121403,0.140806571,0.326400369,-0.815081954,0.306226373,-0.004414458
5.032619476,0.927620411,1.081654429,-0.042703182,0.041603975,-0.977099240,0.204261050,0.000000000,0.000000000,1.210686642,-1.145397619,-2.559405011,0.566150638,-1.099957781,0.390451680,-0.035930292,-1.049112440,-1.422338494,1.534160242,0.665903852,1.193185336,-0.032036509,-0.076650947,0.225087538,0.000821777,0.033889662,-0.101472780,0.115521088,0.250594348,-0.582476258,0.050416291,0.154228985,0.242658824,0.148281142,0.303087085,-0.736367524,0.273967057,-0.005206857
5.029052734,0.925036311,1.096706748,-0.050071001,0.041527409,-0.977244437,0.201895431,0.000000000,0.000000000,1.193733619,-1.152790091,-2.559592345,0.568208919,-1.100142855,0.387277435,-0.036436980,-1.037721222,-1.433478122,1.527742462,0.662330765,1.194356412,-0.030805662,-0.076142676,0.177268997,-0.000660927,0.034041084,-0.116183043,0.105086297,0.209807023,-0.500537515,0.023275115,0.154962793,0.239376277,0.157466516,0.281923741,-0.658526003,0.240806073,-0.006522990
5.025555134,0.921933055,1.109887719,-0.056651168,0.041454274,-0.977619827,0.198321924,0.000000000,0.000000000,1.165433041,-1.166203660,-2.558143054,0.585231008,-1.099450077,0.383190652,-0.037377339,-1.016517057,-1.455756526,1.517933060,0.665280633,1.195586813,-0.029214321,-0.075144273,0.128137961,-0.001404866,0.034131959,-0.132103547,0.091051795,0.179204851,-0.422165632,-0.006203862,0.154025331,0.233792722,0.170717716,0.265667707,-0.580914438,0.206521481,-0.009718061
5.022097588,0.918089628,1.120675087,-0.063144900,0.042841900,-0.978131175,0.193485498,0.000000000,0.000000000,1.124959139,-1.137006383,-2.550159140,0.608874930,-1.097483954,0.376885190,-0.038645264,-1.005747266,-1.469649306,1.503792305,0.668068046,1.197010138,-0.026650723,-0.073880772,0.081605412,-0.000587028,0.036083981,-0.144295141,0.078801617,0.156725258,-0.353549540,-0.036054216,0.150749713,0.229395568,0.187261581,0.252614498,-0.510916710,0.175245255,-0.012881666
5.018635273,0.913708925,1.128983736,-0.068927079,0.044372927,-0.978141129,0.191102147,0.000000000,0.000000000,1.102951888,-1.130754567,-2.533615268,0.646036534,-1.093967251,0.369822469,-0.040078816,-0.987248041,-1.491942229,1.491685523,0.677916450,1.198438955,-0.024863366,-0.072403940,0.039078847,-0.001115806,0.035728104,-0.152286083,0.066730298,0.143847823,-0.300466120,-0.060546380,0.147203177,0.226780504,0.204852149,0.244064152,-0.452309370,0.149010420,-0.016327716
5.015182018,0.909339428,1.134973764,-0.073733807,0.044668254,-0.977791071,0.191030666,0.000000000,0.000000000,1.101441553,-1.143155253,-2.511201485,0.689774869,-1.089369310,0.362327891,-0.041620778,-0.982982273,-1.496151437,1.477358597,0.700114856,1.199274917,-0.023965746,-0.070759222,0.000969082,-0.004754252,0.031840220,-0.158005223,0.052980639,0.141540885,-0.273802042,-0.071333654,0.143976152,0.225431666,0.220820487,0.239983514,-0.408055872,0.128689930,-0.019728668
5.012038708,0.905367970,1.139035106,-0.077615477,0.044608723,-0.977874100,0.189071923,0.000000000,0.000000000,1.101410309,-1.174367994,-2.490203156,0.699858675,-1.085922007,0.356861412,-0.042869512,-0.962221736,-1.519255224,1.468309843,0.715873926,1.200572182,-0.023760866,-0.069005245,-0.032071546,-0.010127107,0.027541626,-0.162258506,0.035209712,0.144998848,-0.268517554,-0.069283247,0.140732974,0.226492077,0.235934094,0.239821017,-0.378901720,0.114816189,-0.024244498
5.009447098,0.901714921,1.141950488,-0.081064887,0.045645557,-0.978846312,0.182221860,0.000000000,0.000000000,1.114012737,-1.209413944,-2.473323089,0.707556618,-1.082534728,0.351675747,-0.043862106,-0.959550940,-1.525120739,1.457208739,0.732446940,1.201533178,-0.023447214,-0.067192729,-0.060175732,-0.015071262,0.024627196,-0.164669454,0.017293872,0.150794491,-0.274317950,-0.061070379,0.138340682,0.230267197,0.251358122,0.241221830,-0.361297578,0.106401280,-0.026921671
5.007102489,0.898271918,1.143862367,-0.086402237,0.049194112,-0.979641676,0.174403965,0.000000000,0.000000000,1.087880663,-1.269459375,-2.466734954,0.719173906,-1.079121477,0.346056702,-0.044675872,-0.918744171,-1.555515492,1.447541149,0.748487515,1.202307201,-0.023960511,-0.064955132,-0.090276748,-0.013681795,0.017900119,-0.166769415,-0.000012973,0.161739022,-0.284152687,-0.051810898,0.136650711,0.233243078,0.269568205,0.246455759,-0.353010118,0.102939762,-0.028253872
5.005338192,0.894960999,1.145149589,-0.092026830,0.052319627,-0.980106115,0.167885989,0.000000000,0.000000000,1.041504118,-1.317125058,-2.460650779,0.730556617,-1.076706532,0.347843841,-0.045098880,-0.851404937,-1.586541334,1.433089549,0.775514428,1.201778099,-0.020231898,-0.063845957,-0.117094800,-0.011641577,0.009429092,-0.168502778,-0.018969046,0.170216888,-0.291900337,-0.044077434,0.134060845,0.235000446,0.287024707,0.252177328,-0.350016385,0.102953576,-0.027047388
5.004321575,0.891657948,1.146317244,-0.096913926,0.055181693,-0.980848134,0.159686133,0.000000000,0.000000000,0.986388274,-1.358008097,-2.455529996,0.767624547,-1.073537117,0.350873755,-0.045311693,-0.765649706,-1.626724486,1.426664322,0.828718972,1.200026932,-0.017271177,-0.063143363,-0.138986766,-0.010496130,0.000210302,-0.168944016,-0.040161569,0.176968604,-0.300965667,-0.034305055,0.130407035,0.236153334,0.304367274,0.256471425,-0.346802473,0.103099972,-0.023355957
5.004130363,0.888113618,1.147645116,-0.098741800,0.058708351,-0.982803702,0.144569173,0.000000000,0.000000000,0.923919226,-1.391462455,-2.452803880,0.809913303,-1.070297951,0.354068357,-0.045346292,-0.676984819,-1.665307511,1.431045387,0.877213743,1.198710129,-0.014705217,-0.062597182,-0.151732683,-0.010169148,-0.005820582,-0.166693941,-0.061176412,0.181224972,-0.304292679,-0.027441399,0.126938164,0.236776531,0.325197875,0.258093387,-0.341078997,0.101772897,-0.015192132
5.005004883,0.883500695,1.150012374,-0.092282139,0.061453544,-0.986269355,0.122393683,0.000000000,0.000000000,0.833919252,-1.396314033,-2.489423351,0.814362859,-1.069878322,0.354535812,-0.045263710,-0.586984819,-1.667065319,1.415308252,0.839045579,1.199381804,-0.021283430,-0.062019932,-0.136914760,-0.025153806,0.000615276,-0.150584251,-0.081056438,0.174557596,-0.307029068,-0.019195661,0.126637757,0.253430665,0.342340469,0.248182684,-0.335042596,0.102960527,-0.007540786
5.005668640,0.879265189,1.151669383,-0.083938412,0.065681279,-0.988860488,0.103900172,0.000000000,0.000000000,0.743919252,-1.438178534,-2.542317057,0.807045234,-1.070578798,0.355580208,-0.045090449,-0.496984819,-1.664858298,1.504532823,0.784767701,1.204722932,-0.032495150,-0.061245290,-0.124500692,-0.032601014,0.001472221,-0.135634035,-0.102383837,0.179313734,-0.312905103,-0.009239156,0.125422612,0.262781113,0.360644102,0.248977214,-0.331283927,0.103481412,0.000507811
5.007176399,0.875329137,1.153127909,-0.074487761,0.069110699,-0.991466522,0.081666708,0.000000000,0.000000000,0.653919252,-1.348179119,-2.632317057,0.717045235,-1.104929252,0.348953401,-0.044808122,-0.406984819,-1.648941102,1.511255321,0.694767701,1.242634056,-0.052028450,-0.060419961,-0.106828548,-0.042261682,0.012452932,-0.117881328,-0.113571316,0.187244922,-0.318201959,-0.005942997,0.129923210,0.272012055,0.376177967,0.249520972,-0.327205628,0.100412533,0.010035394
5.008595467,0.872100472,1.154256582,-0.062321369,0.073392019,-0.993713677,0.057120603,0.000000000,0.000000000,0.563919252,-1.302522311,-2.722317057,0.627045235,-1.181132490,0.334541670,-0.044222794,-0.316984819,-1.634455581,1.428530619,0.604767701,1.327826332,-0.075608232,-0.059730295,-0.087636545,-0.049728304,0.019449675,-0.099145710,-0.122855231,0.204279050,-0.327195495,-0.004147960,0.134003058,0.280091435,0.391716242,0.254632086,-0.324339360,0.096669838,0.017318882
5.009087086,0.868668616,1.154876947,-0.046258993,0.076816916,-0.995420575,0.033122107,0.000000000,0.000000000,0.473919252,-1.318862592,-2.812317057,0.537045235,-1.281033478,0.316014720,-0.043335845,-0.226984819,-1.632625089,1.378101289,0.514767701,1.427826083,-0.093008274,-0.059158093,-0.063091815,-0.052499112,0.021318246,-0.088159189,-0.134230301,0.214513272,-0.326909244,-0.005750888,0.136633173,0.279239535,0.399225146,0.262592614,-0.322531253,0.094373949,0.023671828
5.008209705,0.865684867,1.154954314,-0.025994517,0.077712275,-0.996570587,0.011495935,0.000000000,0.000000000,0.383919252,-1.348767700,-2.902317057,0.447045235,-1.380873916,0.294977579,-0.042328164,-0.136984819,-1.603646170,1.288101832,0.424767701,1.527826083,-0.103628222,-0.058830588,-0.034731053,-0.053741962,0.018900566,-0.083822787,-0.149421200,0.224729329,-0.325727046,-0.006103102,0.137521029,0.272086740,0.401544899,0.274718910,-0.320363224,0.091882803,0.026406217
5.006782532,0.863635898,1.154636621,-0.005446780,0.075728200,-0.997112334,-0.001596524,0.000000000,0.000000000,0.293919252,-1.424301277,-2.967059999,0.357045235,-1.454178960,0.281550058,-0.041375487,-0.046984819,-1.582147126,1.207997037,0.334767701,1.627826074,-0.103886603,-0.058569296,-0.009562968,-0.058198862,0.013369269,-0.082927912,-0.168293521,0.238267690,-0.329725802,-0.000175179,0.138752371,0.264668733,0.397048235,0.294026554,-0.320640445,0.091164581,0.025793457
5.006140232,0.862934947,1.154289246,0.013847831,0.073036328,-0.997165382,-0.011628048,0.000000000,0.000000000,0.203931519,-1.469357945,-2.964351309,0.270080606,-1.500212001,0.277182110,-0.040484161,0.035543788,-1.576727832,1.140348954,0.326918513,1.616801307,-0.132936544,0.007875004,0.016527995,-0.062858894,0.006893638,-0.084595867,-0.181119621,0.249177009,-0.329487145,0.000995726,0.138370439,0.261573106,0.393191040,0.307917774,-0.319574296,0.089880399,0.022367492
5.006720543,0.863204479,1.153718591,0.027599588,0.069642097,-0.996989250,-0.020018054,0.000000000,0.000000000,0.167752234,-1.469928875,-2.961722731,0.264703524,-1.501231201,0.277747457,-0.040286180,0.035067689,-1.578464329,1.132983146,0.336764435,1.608753854,-0.138747685,0.022733450,0.034732088,-0.066708550,0.002136536,-0.092933893,-0.188273698,0.258839667,-0.327313453,-0.003514647,0.141896233,0.259514689,0.384041488,0.320112765,-0.319970995,0.091094002,0.017353840
5.007774353,0.864073038,1.153222203,0.036331378,0.066963501,-0.996564329,-0.032487709,0.000000000,0.000000000,0.169941086,-1.465337508,-2.949826223,0.262920610,-1.508792801,0.288694713,-0.046741977,0.035403867,-1.579646233,1.123622006,0.341664424,1.601210745,-0.146594520,0.033198047,0.045194615,-0.068673410,0.000248813,-0.104871906,-0.192978054,0.263595790,-0.321588904,-0.012688532,0.146415055,0.259531498,0.372334033,0.329592019,-0.322243035,0.094831198,0.013732938
5.009104252,0.865382195,1.152881384,0.042035624,0.065182813,-0.995820761,-0.048221111,0.000000000,0.000000000,0.168877016,-1.459682171,-2.937144721,0.256445709,-1.516408936,0.300758696,-0.052818358,0.036837486,-1.579962713,1.114755385,0.344727499,1.594556263,-0.153142308,0.041770150,0.052542727,-0.068126321,0.000548156,-0.119165480,-0.193865746,0.264075011,-0.313090056,-0.024837060,0.150825948,0.261235476,0.363479316,0.334300846,-0.325107217,0.100288220,0.011321376
5.010717869,0.866828918,1.152719498,0.044683732,0.064402863,-0.995045304,-0.061159279,0.000000000,0.000000000,0.166875381,-1.453748345,-2.928592938,0.253658720,-1.517810069,0.310099334,-0.054039858,0.036055515,-1.580513930,1.113874137,0.345452233,1.593158156,-0.153918335,0.044088825,0.055997156,-0.066034995,0.003340220,-0.133692473,-0.193630561,0.260717511,-0.302965730,-0.037245069,0.155541778,0.262926966,0.356900752,0.336343467,-0.328164816,0.106211841,0.011486332
5.012348175,0.868037641,1.152859807,0.045765985,0.064106271,-0.994277894,-0.072162226,0.000000000,0.000000000,0.165299423,-1.448047382,-2.922211103,0.251186465,-1.518412887,0.314981132,-0.054471753,0.030011369,-1.581147485,1.114193417,0.347270412,1.592735568,-0.153791553,0.044170742,0.057678394,-0.067060553,0.006757324,-0.145088360,-0.191961333,0.255034387,-0.292955846,-0.047373526,0.159695268,0.269392431,0.351775050,0.335406274,-0.330744594,0.110685751,0.010164899
5.013888359,0.869339466,1.152943969,0.047267336,0.064271599,-0.993232191,-0.084408425,0.000000000,0.000000000,0.161128527,-1.437628416,-2.908784995,0.246238686,-1.519458508,0.324664616,-0.055254805,0.015038099,-1.584229669,1.115143508,0.352206959,1.591716005,-0.153172394,0.044176621,0.058044046,-0.069799095,0.009659057,-0.153170407,-0.189774379,0.249780893,-0.286551058,-0.053254131,0.161400959,0.278183699,0.343764931,0.336467236,-0.333833903,0.112150200,0.007827570
5.015305996,0.870950401,1.153307557,0.048593674,0.065353602,-0.992562950,-0.090478241,0.000000000,0.000000000,0.146485655,-1.427932211,-2.869103713,0.242504774,-1.522430476,0.360561909,-0.058967444,0.008772910,-1.584905843,1.106885352,0.361208093,1.585022282,-0.147649778,0.044163855,0.059850741,-0.071932048,0.012288751,-0.158492967,-0.187385350,0.241774365,-0.278402060,-0.058393974,0.160929412,0.286831379,0.338488281,0.334124476,-0.334939629,0.111794077,0.007006630
5.016565323,0.872485816,1.153706908,0.049095575,0.067274682,-0.992676318,-0.087507181,0.000000000,0.000000000,0.145583256,-1.427277661,-2.867493592,0.242290292,-1.522459139,0.362143529,-0.059056545,0.008923439,-1.583440389,1.106276729,0.362016487,1.584808461,-0.147413132,0.044175824,0.060422845,-0.073986672,0.013535147,-0.161699533,-0.187611282,0.235854551,-0.273585945,-0.061001822,0.160367280,0.294014871,0.334139049,0.332494378,-0.335327685,0.110068299,0.005941954
5.017662048,0.874394536,1.153864861,0.048322123,0.068918005,-0.993575573,-0.075650007,0.000000000,0.000000000,0.142950466,-1.421930957,-2.863642848,0.240206545,-1.522572887,0.365212872,-0.059050395,0.015154202,-1.582045045,1.104020817,0.363572110,1.584365966,-0.146798712,0.044242033,0.059454434,-0.077329397,0.014448242,-0.164288223,-0.187822312,0.230968222,-0.269910187,-0.061905686,0.160805240,0.300068557,0.326296806,0.334047377,-0.337826490,0.109515578,0.004518222
5.018338203,0.877231121,1.153820872,0.047368418,0.069902226,-0.994694829,-0.058754053,0.000000000,0.000000000,0.138773583,-1.419099577,-2.855337949,0.241067801,-1.521947305,0.370544464,-0.058646171,0.029808169,-1.581533160,1.099081030,0.366373056,1.583363154,-0.145148962,0.044477070,0.056989871,-0.081336409,0.014030116,-0.166361570,-0.190124810,0.226414576,-0.266905993,-0.061320081,0.161521435,0.305184871,0.314333498,0.338482857,-0.341059417,0.110348634,0.000973316
5.018773556,0.881780982,1.153430223,0.047564924,0.070488907,-0.995352447,-0.045193620,0.000000000,0.000000000,0.125122999,-1.400610665,-2.816875165,0.272366125,-1.508837153,0.386053191,-0.052298231,0.055103261,-1.582600010,1.068540380,0.409686426,1.574053752,-0.133183124,0.045550499,0.053745124,-0.084707364,0.012664906,-0.167671517,-0.195023879,0.221950218,-0.265749186,-0.058429297,0.161967427,0.310574740,0.301516324,0.345862836,-0.345610559,0.111041702,-0.003807597
5.019471169,0.888693869,1.152598858,0.049663875,0.070780724,-0.995583713,-0.036561023,0.000000000,0.000000000,0.115628178,-1.387723341,-2.765464789,0.295153555,-1.491548524,0.405358089,-0.043849535,0.059401426,-1.585532470,1.037598029,0.415702293,1.564470530,-0.117021976,0.046787612,0.049915437,-0.085650258,0.010413625,-0.167932779,-0.200014189,0.226942569,-0.272655070,-0.050939396,0.162056610,0.311326742,0.291614980,0.358547330,-0.348184794,0.107519083,-0.007912450
5.020407200,0.897020936,1.151529431,0.053974118,0.069775276,-0.995569289,-0.032558326,0.000000000,0.000000000,0.118418688,-1.395336309,-2.709624272,0.314291562,-1.472813322,0.426189943,-0.034915297,0.050225677,-1.588480184,1.010225593,0.373768766,1.557350373,-0.101165487,0.048404867,0.048264943,-0.085090935,0.003942886,-0.167799070,-0.210007459,0.232453972,-0.278625786,-0.044865075,0.162256733,0.306985110,0.288114607,0.373180747,-0.348237127,0.101606660,-0.009140507
5.021329403,0.905746222,1.151020885,0.054891586,0.069219351,-0.995439231,-0.036004741,0.000000000,0.000000000,0.121738168,-1.400645141,-2.706457352,0.317475148,-1.471350267,0.428564846,-0.033926387,0.053728377,-1.588144492,1.008776190,0.373219072,1.557435098,-0.100054779,0.050730501,0.047670927,-0.084622070,0.003985717,-0.166763276,-0.217027217,0.228921071,-0.284902364,-0.036842033,0.163834244,0.306045383,0.288994819,0.377052575,-0.347171605,0.096555881,-0.008057487
5.022044182,0.913930297,1.151089311,0.055355269,0.069425844,-0.995298803,-0.038680416,0.000000000,0.000000000,0.112353812,-1.408058512,-2.705127172,0.318279477,-1.470029861,0.431087879,-0.032762858,0.063092338,-1.587268670,1.008154946,0.381505360,1.559631839,-0.102305150,0.064533081,0.050044119,-0.085650824,0.004386688,-0.166285038,-0.220855236,0.219867870,-0.287629098,-0.032546006,0.167702198,0.309172392,0.293195128,0.373454332,-0.344522774,0.091460221,-0.007624051
5.022277832,0.920548797,1.151709557,0.055793930,0.070500135,-0.995242238,-0.037546735,0.000000000,0.000000000,0.105610683,-1.408626451,-2.705128948,0.316587482,-1.469881590,0.432483761,-0.032373437,0.069959457,-1.586386964,1.008198287,0.388129486,1.561423572,-0.104991186,0.076214919,0.055261910,-0.088145182,0.004754803,-0.166275039,-0.224110782,0.202023476,-0.284389019,-0.031491607,0.171136558,0.315638930,0.298297644,0.365126669,-0.341834188,0.088159494,-0.006266030
5.022128105,0.925471544,1.152483225,0.055821974,0.071360037,-0.995209157,-0.036748707,0.000000000,0.000000000,0.107872752,-1.407331082,-2.704254104,0.316737601,-1.470139723,0.433721365,-0.032505065,0.073388794,-1.586419558,1.008610354,0.391931502,1.562522348,-0.106890122,0.083829469,0.060846806,-0.091568641,0.004147891,-0.166846111,-0.223406866,0.181034341,-0.277579039,-0.032627583,0.174096882,0.322912574,0.298579931,0.355038732,-0.340449572,0.087066509,-0.005034073
5.021448135,0.929323316,1.153228283,0.055710193,0.071020268,-0.995206892,-0.037627060,0.000000000,0.000000000,0.110119276,-1.403987587,-2.703535487,0.316056887,-1.470676541,0.434965355,-0.032770306,0.075676296,-1.587620180,1.009470458,0.395584880,1.563557701,-0.108879632,0.091467719,0.066581905,-0.095400080,0.003454293,-0.168270558,-0.219359577,0.152614787,-0.266790837,-0.034185927,0.176038384,0.328280836,0.289976865,0.344193995,-0.340208590,0.087549798,-0.002693222
5.020316601,0.932152689,1.154088259,0.055671636,0.070747741,-0.995318651,-0.035160579,0.000000000,0.000000000,0.110761184,-1.392339666,-2.702758127,0.311544902,-1.472023676,0.436786559,-0.033140227,0.078681549,-1.587383095,1.010294194,0.400383214,1.564801960,-0.111604487,0.101787364,0.075851694,-0.100156508,0.003276173,-0.170428962,-0.211815506,0.113621116,-0.251792371,-0.037788674,0.177300930,0.337366343,0.274067163,0.328032941,-0.340645790,0.089396775,-0.001517268
5.018553257,0.933656335,1.154986739,0.055888314,0.070754990,-0.995580554,-0.026262088,0.000000000,0.000000000,0.107417694,-1.370907447,-2.701349443,0.299611268,-1.473878603,0.439283350,-0.033095826,0.079303204,-1.588671281,1.012263221,0.404182680,1.566166110,-0.114560672,0.112777184,0.086969614,-0.110219464,0.004239571,-0.171864331,-0.202773094,0.073430628,-0.246361613,-0.037478227,0.180658638,0.355815113,0.252765268,0.310062796,-0.343350887,0.093003660,-0.003962783
5.015403748,0.932970762,1.155787349,0.054826822,0.070961282,-0.995932937,-0.008720887,0.000000000,0.000000000,0.102602055,-1.345309190,-2.699123029,0.283918147,-1.475725266,0.441122680,-0.032830872,0.078372877,-1.590223394,1.015069260,0.402570345,1.567554041,-0.116213570,0.120180167,0.093755811,-0.126893654,0.007710909,-0.172797307,-0.193651468,0.038566016,-0.258394033,-0.030284978,0.183543891,0.380203307,0.229791135,0.297833323,-0.348095536,0.095737457,-0.006359655
5.010247231,0.927466393,1.157224894,0.050730355,0.071836889,-0.995864570,0.022795454,0.000000000,0.000000000,0.097585921,-1.313403893,-2.697603967,0.264526265,-1.479764796,0.440854404,-0.032834002,0.072222898,-1.592388496,1.020573818,0.392997005,1.569215046,-0.116509827,0.123432336,0.099746265,-0.145546347,0.014274365,-0.173403740,-0.175475225,0.007442541,-0.309796810,-0.010903992,0.180965811,0.399847627,0.197691500,0.286116183,-0.353766739,0.101546794,-0.001027751
5.003772736,0.918443680,1.158179402,0.045726251,0.072554454,-0.994065404,0.066924974,0.000000000,0.000000000,0.089368896,-1.290067812,-2.691814200,0.234473308,-1.489071116,0.432798957,-0.030142490,0.052409069,-1.591336014,1.057803923,0.394043870,1.562583823,-0.124056355,0.133488797,0.113322601,-0.157832593,0.018806726,-0.173797935,-0.142404944,-0.031763833,-0.355359226,0.010383481,0.177593932,0.412390798,0.149482384,0.265402883,-0.359475315,0.111839347,-0.003273731
4.997228622,0.909329534,1.157741070,0.041679662,0.071732029,-0.990626514,0.108519003,0.000000000,0.000000000,0.074058561,-1.288016248,-2.690964697,0.231105257,-1.487048822,0.431767159,-0.029675998,0.034489532,-1.591708691,1.061919661,0.393010809,1.562412153,-0.123693195,0.133757782,0.117762104,-0.151146680,0.018645627,-0.174054146,-0.114430711,-0.041278083,-0.380135953,0.021119658,0.169288784,0.397507697,0.104936138,0.255367249,-0.359808624,0.114845127,-0.005065314
4.990734100,0.898220897,1.156286836,0.038857728,0.070711493,-0.984989822,0.152594358,0.000000000,0.000000000,0.074930006,-1.294301636,-2.688265585,0.235619753,-1.484195915,0.431204068,-0.029348797,0.012232404,-1.594224505,1.066062979,0.395774152,1.561922136,-0.123282688,0.133831301,0.113963857,-0.138522357,0.016409583,-0.174220681,-0.085666537,-0.025282772,-0.371028721,0.017622476,0.165565997,0.375866294,0.067735307,0.259363055,-0.360229552,0.113734610,-0.010531767
4.984773636,0.887209237,1.153866053,0.037260745,0.070139535,-0.976035953,0.202597842,0.000000000,0.000000000,0.072923247,-1.297174916,-2.686084760,0.237919962,-1.481783359,0.430783029,-0.028964070,-0.015018208,-1.597170570,1.071422195,0.400094868,1.561246127,-0.122913544,0.133911433,0.102526560,-0.134422600,0.011804784,-0.174328938,-0.048795398,-0.010953955,-0.325811207,0.005956985,0.167570293,0.371801913,0.035617106,0.281888276,-0.364832729,0.108511083,-0.026814565
4.978450298,0.879921913,1.150192261,0.036147680,0.068945162,-0.963432312,0.256394386,0.000000000,0.000000000,0.072865722,-1.297721550,-2.684113825,0.239112438,-1.480174250,0.430819834,-0.028469164,-0.046421830,-1.601266152,1.078876887,0.402352250,1.560807265,-0.122590509,0.133960029,0.089362517,-0.139372230,0.005865311,-0.174399316,-0.011298038,-0.002333147,-0.290042579,0.007172616,0.173119932,0.385394245,0.008233305,0.314837813,-0.373093307,0.097764082,-0.050636414
4.970690250,0.878085732,1.145471334,0.035631716,0.066540532,-0.948409855,0.307930917,0.000000000,0.000000000,0.100129777,-1.310610673,-2.676902974,0.254074412,-1.476117649,0.431245204,-0.027747636,-0.091696945,-1.613576819,1.088899808,0.398337786,1.561181498,-0.122609716,0.133956529,0.083077841,-0.146098822,0.003458345,-0.174445048,0.021546751,-0.007531358,-0.272987366,0.022501560,0.177775890,0.403221697,-0.009950120,0.348232299,-0.382276982,0.083676115,-0.069212288
4.960882187,0.883089304,1.139280319,0.034550302,0.062231906,-0.929508090,0.361867517,0.000000000,0.000000000,0.120353226,-1.378013330,-2.664941154,0.328314967,-1.438071163,0.430028525,-0.026881609,-0.168341094,-1.636195066,1.135076197,0.316649499,1.573082450,-0.119635519,0.134034124,0.080559403,-0.147981256,-0.002726228,-0.174474776,0.043948967,-0.024261283,-0.260880768,0.042167019,0.178707585,0.414809585,-0.020462655,0.380608082,-0.389649421,0.064980663,-0.076523885
4.950296879,0.893972397,1.132856846,0.032893598,0.056273758,-0.905910313,0.418422937,0.000000000,0.000000000,0.118910142,-1.415051332,-2.655197769,0.397791292,-1.407851484,0.422969835,-0.025900328,-0.217300769,-1.647409892,1.198446449,0.229219968,1.600142773,-0.121778036,0.134210038,0.083221950,-0.138193965,-0.009104846,-0.174492836,0.056655105,-0.051695708,-0.239810839,0.054774459,0.179000229,0.399125874,-0.026446208,0.408163279,-0.396210134,0.046527956,-0.064131081
4.940474987,0.906768441,1.127444625,0.032572582,0.049714237,-0.874632239,0.481129915,0.000000000,0.000000000,0.093878846,-1.360967448,-2.632168605,0.487374015,-1.377485471,0.411281615,-0.024813737,-0.232667337,-1.642648011,1.256178383,0.143506022,1.614757443,-0.127653213,0.134708113,0.095727921,-0.118177518,-0.012116508,-0.169840857,0.066084102,-0.068338335,-0.235985100,0.069529414,0.177140445,0.349822223,-0.031899512,0.426012307,-0.404058784,0.033748370,-0.035400741
4.933745861,0.918096483,1.123041749,0.031289693,0.041146372,-0.838248134,0.542833269,0.000000000,0.000000000,0.066077162,-1.281287291,-2.585974512,0.575352756,-1.352878613,0.398646458,-0.023655118,-0.237919562,-1.639793053,1.258192948,0.093054602,1.609021751,-0.139497019,0.135521083,0.113492548,-0.092557728,-0.012380930,-0.161684737,0.076189488,-0.071826391,-0.255398661,0.087682806,0.174857438,0.281198680,-0.037287965,0.423889577,-0.410725564,0.030140569,-0.000067718
4.930879116,0.925792813,1.128466010,0.029725138,0.031706825,-0.805210173,0.591394603,0.000000000,0.000000000,0.037317915,-1.192011501,-2.527404630,0.662857996,-1.330931254,0.388413916,-0.022463069,-0.215610665,-1.633560326,1.181851649,0.088929624,1.600793973,-0.158089296,0.136416561,0.134713203,-0.061749794,-0.008900435,-0.163894057,0.083861910,-0.082325853,-0.284508556,0.109635048,0.178605825,0.204288006,-0.035269458,0.407068968,-0.413224578,0.031333506,0.037631210
4.930635452,0.928712249,1.135611534,0.028786445,0.022992821,-0.779742956,0.625014901,0.000000000,0.000000000,-0.004678925,-1.107050110,-2.470037998,0.752434845,-1.314139014,0.383401768,-0.021196660,-0.157544294,-1.617423210,1.091857544,0.163946287,1.584156335,-0.182295113,0.137229296,0.156900942,-0.036277659,-0.004314586,-0.167341769,0.089731462,-0.098199107,-0.319317609,0.131385103,0.183364391,0.139918596,-0.028721007,0.387634218,-0.424666613,0.040218595,0.070825756
4.931551456,0.927481890,1.139134765,0.028821077,0.015427050,-0.759967446,0.649138629,0.000000000,0.000000000,-0.037380563,-1.067116002,-2.414619480,0.762995337,-1.303229982,0.384586324,-0.019930084,-0.093447670,-1.604103425,1.038055879,0.253942083,1.564455001,-0.206099105,0.137914376,0.180760324,-0.017713409,0.002080423,-0.169684529,0.092164740,-0.115055777,-0.361109942,0.151090994,0.187177867,0.091029733,-0.018658942,0.366215736,-0.441026390,0.054704398,0.098730311
4.932511806,0.924053073,1.141627073,0.029816825,0.009369092,-0.743607104,0.667886019,0.000000000,0.000000000,-0.070369058,-1.049813551,-2.373167953,0.734811883,-1.296806661,0.388655976,-0.018724450,-0.014354195,-1.569840426,0.969740722,0.330115230,1.539142306,-0.232834143,0.170027166,0.208370239,-0.003919092,0.009132842,-0.171302155,0.094531789,-0.128872097,-0.413623512,0.169663101,0.188244492,0.055547114,-0.007549133,0.339391083,-0.462048054,0.076366760,0.121536255
4.933289528,0.919972301,1.141489863,0.031380311,0.005662589,-0.729912996,0.682795823,0.000000000,0.000000000,-0.098184939,-1.049318925,-2.328774067,0.690520567,-1.290957083,0.395143057,-0.017629299,0.072067441,-1.544173369,0.903796380,0.393817622,1.485858244,-0.244630423,0.228299392,0.234187692,0.006651018,0.014603074,-0.172265694,0.096579731,-0.139702201,-0.462445855,0.187327474,0.185456440,0.031702001,0.000379975,0.316194326,-0.481864870,0.096999414,0.135275543
4.933743954,0.916332483,1.139887094,0.032405525,0.003492391,-0.719537139,0.693688631,0.000000000,0.000000000,-0.118756222,-1.051248324,-2.282135302,0.664248830,-1.283321190,0.401252879,-0.016685676,0.146114872,-1.539819893,0.874180687,0.475908161,1.457046224,-0.235942179,0.250378484,0.256213158,0.014535223,0.017995156,-0.172827080,0.097392857,-0.146694437,-0.504363894,0.201987058,0.180603638,0.017719442,0.005373714,0.296054721,-0.497863114,0.114412576,0.141716927
4.933946609,0.913695753,1.137826324,0.032581314,0.002501448,-0.712717414,0.700689733,0.000000000,0.000000000,-0.142729936,-1.056909710,-2.230305713,0.651034246,-1.270252969,0.411068738,-0.012801332,0.192161528,-1.527919115,0.848704578,0.518517305,1.438099101,-0.213019046,0.258441416,0.272317946,0.020865526,0.020835031,-0.173216805,0.095667049,-0.147506297,-0.541344702,0.212768614,0.176147744,0.010269305,0.007571982,0.279836923,-0.503272593,0.126242220,0.143617451
4.933830261,0.912527323,1.136850953,0.030439777,0.000674167,-0.708780825,0.704771399,0.000000000,0.000000000,-0.156210903,-1.073618448,-2.175323330,0.674038667,-1.254594880,0.421180010,-0.009120037,0.226704952,-1.536907792,0.824675131,0.542281648,1.423348611,-0.186251673,0.261429841,0.277340829,0.026576523,0.024075568,-0.173592418,0.087799042,-0.141211346,-0.566184044,0.216122940,0.171985865,0.004681004,0.007327717,0.266895026,-0.491840392,0.128831163,0.143123433
4.933866978,0.912148833,1.135798931,0.026781149,-0.002615239,-0.705602229,0.708097100,0.000000000,0.000000000,-0.187174068,-1.084425811,-2.120550099,0.687279865,-1.239715043,0.431606174,-0.006470020,0.200343152,-1.541977731,0.814001662,0.599663916,1.408904899,-0.163949324,0.262196718,0.275645941,0.030036617,0.026204944,-0.173920572,0.077240609,-0.128221333,-0.593086839,0.216182888,0.166877866,-0.000812361,0.004929683,0.254803300,-0.472471595,0.128305495,0.141772121
4.934484959,0.911880732,1.134904623,0.022357469,-0.007834313,-0.702332079,0.711455166,0.000000000,0.000000000,-0.182168882,-1.111360686,-2.067841160,0.714268596,-1.225663317,0.441738928,-0.005321441,0.183513126,-1.565773122,0.821046856,0.659117056,1.395963998,-0.148100631,0.261413536,0.268044502,0.030263104,0.027740441,-0.174133867,0.065925114,-0.119981200,-0.613565207,0.215012208,0.162307709,-0.006729702,0.002150505,0.245321780,-0.449085295,0.123037703,0.139049649
4.935297489,0.911672294,1.134336829,0.016957855,-0.013067381,-0.698641419,0.715151608,0.000000000,0.000000000,-0.180984186,-1.139222462,-2.022556720,0.712196807,-1.214389415,0.452303261,-0.005394119,0.166764951,-1.586654158,0.842881817,0.712310354,1.384829535,-0.136650313,0.259464370,0.256544828,0.031253662,0.028027087,-0.174272507,0.055733986,-0.114500873,-0.624923408,0.214143500,0.156736568,-0.013631415,0.001514320,0.242296532,-0.427701145,0.113901362,0.135070130
