0.003237526,-0.281545128,0.661087725,0.002678079,-0.061015008,-0.613651173,0.787211683,-1.387960165,0.186795910,0.106747559,1.309548964,-0.177241204,0.053540933,-1.397699547,-0.218169587,-0.049995820,1.311079361,-0.061811310,-0.061815679,-0.097687095,0.119937000,-0.004078454,0.076112571,0.112381184,0.132159630,-0.554379489,0.247289305,-0.243415721,-0.414840932,0.473069570,-0.190965075,-0.177836235,0.708959760,0.603329074,0.442403944,-0.612458971,-0.489884084
0.000513097,-0.283408480,0.661544465,0.011978489,-0.051079008,-0.650013247,0.758109642,-1.385050046,0.180119624,0.094018142,1.280118939,-0.229950762,0.109279625,-1.408719441,-0.218645463,-0.046886893,1.329773989,-0.057704803,-0.046594921,-0.113408593,0.130790866,0.010833219,-0.035827257,0.063644782,0.121535828,-0.569605734,0.268154687,-0.240359743,-0.414891721,0.473115433,-0.186549457,-0.212882710,0.714234245,0.591697300,0.442322446,-0.612513791,-0.489899574
-0.000201460,-0.283747465,0.665640141,0.014730501,-0.046780655,-0.660099317,0.749575530,-1.401298619,0.186098113,0.100717767,1.294515338,-0.251291825,0.099362525,-1.410922534,-0.225468820,-0.046700009,1.323635392,-0.076199750,-0.050001604,-0.109131938,0.131840389,0.022070677,-0.043510769,0.047774309,0.107949011,-0.584657337,0.319935136,-0.237999639,-0.414962611,0.473220076,-0.190330708,-0.194813832,0.740646530,0.622676066,0.442113398,-0.612594269,-0.489955516
-0.000422512,-0.283673980,0.667964860,0.015900029,-0.047897507,-0.663728744,0.746268834,-1.402941815,0.187761331,0.102702489,1.296805369,-0.266743267,0.096862085,-1.409561852,-0.228786084,-0.045221744,1.321107343,-0.088322634,-0.055178870,-0.101792916,0.131241702,0.020009392,-0.031646119,0.040575996,0.102319619,-0.571825401,0.319057307,-0.236084381,-0.415034837,0.473371644,-0.191689186,-0.193082886,0.744472944,0.636637708,0.441208641,-0.623297032,-0.490051924
-0.000426915,-0.283614158,0.669673916,0.015860946,-0.048279903,-0.665140682,0.744986815,-1.399666089,0.187409111,0.103137619,1.295991647,-0.275900800,0.097705132,-1.406340945,-0.229795097,-0.044283196,1.317683274,-0.095536521,-0.063680567,-0.101113644,0.131213274,0.014012967,-0.021023748,0.040741840,0.098776602,-0.558853854,0.318070749,-0.234461485,-0.415096543,0.473556212,-0.190499223,-0.191312026,0.739686305,0.644969103,0.445925189,-0.639635959,-0.490176629
-0.000376451,-0.283595688,0.669735104,0.015265711,-0.049164225,-0.665673381,0.744465437,-1.397693198,0.186601268,0.103156223,1.297301234,-0.280639749,0.098238694,-1.404855803,-0.229580548,-0.042664481,1.319347100,-0.100091935,-0.073718396,-0.101074227,0.129816994,0.010201391,-0.014772244,0.039531043,0.097049613,-0.550119967,0.323723504,-0.233027819,-0.415141138,0.473762707,-0.191989269,-0.188379197,0.738992810,0.654574836,0.453112340,-0.658149620,-0.490324660
-0.000307056,-0.283659469,0.670054369,0.015457368,-0.049061224,-0.665886009,0.744278099,-1.396242210,0.185981025,0.103132738,1.297197377,-0.283072883,0.098010720,-1.404689849,-0.229579431,-0.042202427,1.319307089,-0.102159959,-0.079924031,-0.101788979,0.130641688,0.007496274,-0.009607195,0.036871947,0.096468733,-0.546656663,0.325742910,-0.231718102,-0.415166645,0.473982282,-0.192563226,-0.186675244,0.740009108,0.658579966,0.461404882,-0.677969848,-0.490481916
-0.000224492,-0.283757327,0.669051229,0.015459112,-0.048644940,-0.665994526,0.744208289,-1.397200052,0.185293276,0.102753685,1.299315438,-0.284765626,0.098294344,-1.407545202,-0.229414244,-0.041340486,1.322672877,-0.102653770,-0.085858976,-0.103315514,0.131182694,0.005475288,-0.007486821,0.033209002,0.096736737,-0.547031883,0.327102150,-0.230487633,-0.415173605,0.474208829,-0.194509011,-0.184922084,0.742778584,0.660896533,0.469667626,-0.698162854,-0.490646965
-0.000139426,-0.283738526,0.667956809,0.014170433,-0.048960771,-0.666082768,0.744134254,-1.395267090,0.184365295,0.102314329,1.301195841,-0.286149145,0.099413108,-1.407405048,-0.229363434,-0.040747172,1.325119425,-0.102538638,-0.089816720,-0.104654362,0.130041044,0.003461713,-0.004370923,0.033741091,0.098182114,-0.546426365,0.331424726,-0.229302223,-0.415163375,0.474438384,-0.191642775,-0.184353600,0.743806184,0.662942432,0.477673866,-0.718723370,-0.490829562
-0.000058402,-0.283848083,0.667129951,0.014522681,-0.048151945,-0.666075551,0.744186699,-1.396406889,0.183883657,0.102186340,1.302805093,-0.287120952,0.099409244,-1.410645371,-0.229111826,-0.040159217,1.327947723,-0.101778708,-0.092590839,-0.104817014,0.131567118,0.001927714,-0.003239395,0.030927103,0.098329591,-0.547371393,0.331088084,-0.228144448,-0.415138259,0.474668854,-0.192938424,-0.182263865,0.744978221,0.662978194,0.484538991,-0.738374724,-0.491025236
0.000025233,-0.283899563,0.666160869,0.014306006,-0.047772132,-0.666086363,0.744205696,-1.396469857,0.183268892,0.102010552,1.304794222,-0.288373639,0.100635098,-1.412769422,-0.228944635,-0.039658766,1.330891508,-0.100917439,-0.094408081,-0.105650805,0.132210126,0.001177068,-0.001210245,0.028866608,0.099678485,-0.549374197,0.332688012,-0.226999403,-0.415100247,0.474898553,-0.193659479,-0.181401702,0.746793605,0.663871856,0.489965314,-0.756172308,-0.491216854
0.000105013,-0.283952536,0.665585914,0.014213587,-0.047258380,-0.666060340,0.744263557,-1.396177266,0.182759901,0.102065983,1.306041844,-0.289654301,0.101432657,-1.414233963,-0.228721628,-0.039256668,1.332901379,-0.100084486,-0.095453835,-0.105721793,0.133218508,0.000011544,0.000561763,0.027927080,0.101283175,-0.551012102,0.331778330,-0.225859619,-0.415051908,0.475126648,-0.193586845,-0.181068875,0.749119385,0.662916899,0.493804565,-0.770595302,-0.491409720
0.000176639,-0.283962439,0.665072909,0.013879527,-0.047218188,-0.666023151,0.744305692,-1.394895656,0.182227010,0.102147537,1.307094857,-0.290407180,0.102439194,-1.414637370,-0.228493047,-0.038843436,1.334402606,-0.099098345,-0.096069734,-0.105882683,0.133547699,-0.002014997,0.003070958,0.028259754,0.101941927,-0.550658402,0.332715099,-0.224719078,-0.414994916,0.475352681,-0.192709873,-0.180680365,0.749918924,0.662792083,0.496208133,-0.781069427,-0.491599941
0.000246574,-0.284021702,0.664834765,0.014061979,-0.046587906,-0.665922926,0.744431652,-1.394499141,0.181875169,0.102388727,1.307627145,-0.291506081,0.102827051,-1.415821940,-0.228299714,-0.038604282,1.335456740,-0.097939518,-0.096139689,-0.105554435,0.134940504,-0.003125847,0.004435670,0.027297305,0.102618609,-0.551629461,0.332414080,-0.223574220,-0.414930691,0.475576608,-0.193045203,-0.179933428,0.750593310,0.661353087,0.497541330,-0.788508324,-0.491786230
0.000316500,-0.284089212,0.664563495,0.014360727,-0.045804920,-0.665828845,0.744558680,-1.394686747,0.181609587,0.102627030,1.308280589,-0.292377204,0.103311450,-1.417530905,-0.228057861,-0.038367210,1.336567870,-0.096976781,-0.096045081,-0.105449130,0.136417394,-0.003861884,0.005089078,0.025440132,0.103416941,-0.553291252,0.333319630,-0.222421354,-0.414860466,0.475798605,-0.193973159,-0.179355652,0.751006188,0.659935179,0.498205832,-0.794823905,-0.491973130
0.000370716,-0.284176781,0.664326816,0.015160536,-0.044981767,-0.665652815,0.744750380,-1.395795032,0.181690173,0.103299020,1.308434226,-0.293130098,0.102696104,-1.420130525,-0.227794945,-0.038167170,1.337701017,-0.095781526,-0.095760133,-0.104566597,0.138260386,-0.005472468,0.005737694,0.021754007,0.104694294,-0.556933113,0.335658172,-0.221254877,-0.414784924,0.476018750,-0.198790588,-0.179010455,0.753243220,0.661129364,0.498400063,-0.800605696,-0.492163096
0.000344635,-0.284146599,0.664154171,0.014991625,-0.045220412,-0.665589176,0.744796223,-1.395687222,0.181768941,0.103306111,1.307716440,-0.292407852,0.102927404,-1.420252201,-0.227783446,-0.038325635,1.336555854,-0.095753680,-0.095094617,-0.105137662,0.137907690,-0.003067853,0.005941934,0.022599861,0.104555363,-0.557593166,0.336787019,-0.220079719,-0.414706444,0.476237783,-0.197167860,-0.179335541,0.752631875,0.661227689,0.498417643,-0.807488752,-0.492362628
0.000333152,-0.284212028,0.664122030,0.015819072,-0.044504512,-0.665558551,0.744849596,-1.397784449,0.181945759,0.103467451,1.306357170,-0.292303770,0.101740653,-1.422456897,-0.227703000,-0.038478256,1.335886518,-0.094887641,-0.096073896,-0.105089312,0.139277013,-0.003902548,0.006438892,0.020062571,0.104111455,-0.557932201,0.333819155,-0.218903439,-0.414625728,0.476455613,-0.201098632,-0.178792600,0.752937759,0.662985560,0.498092411,-0.812817732,-0.492559797
0.000325169,-0.284210476,0.663923624,0.016265524,-0.044555724,-0.665565286,0.744830900,-1.399186852,0.182055862,0.103313374,1.306144916,-0.292092174,0.102094038,-1.424030277,-0.227737555,-0.038602067,1.335450577,-0.095197516,-0.096571575,-0.105077264,0.139528930,-0.002774296,0.006828265,0.018503177,0.103657974,-0.558981331,0.332545741,-0.217730310,-0.414543493,0.476672231,-0.204265783,-0.178372397,0.752793637,0.664097272,0.497466328,-0.816275850,-0.492753247
0.000325600,-0.284236944,0.663595549,0.016643911,-0.044341983,-0.665577890,0.744824033,-1.401212726,0.182075899,0.103462989,1.306209322,-0.291522667,0.102010891,-1.426009975,-0.227598285,-0.038425757,1.336117906,-0.095740525,-0.097226699,-0.104896237,0.140003414,-0.003078554,0.005284116,0.016719400,0.102961831,-0.558584534,0.330689639,-0.216563366,-0.414460324,0.476888369,-0.207328073,-0.177885195,0.750959125,0.663962487,0.496631439,-0.818422454,-0.492944614
0.000323259,-0.284292656,0.663260987,0.017286022,-0.043810939,-0.665623402,0.744800162,-1.403396245,0.182299923,0.103362976,1.306442707,-0.291583615,0.102305626,-1.428763916,-0.227627926,-0.038319829,1.336609619,-0.095923043,-0.097918644,-0.105121919,0.141090717,-0.003518584,0.004535432,0.013873381,0.102792757,-0.557562577,0.329649136,-0.215403425,-0.414376508,0.477104742,-0.209939381,-0.177162181,0.750256062,0.661990917,0.495651996,-0.819649982,-0.493134961
0.000323358,-0.284270280,0.662774679,0.016986572,-0.044111481,-0.665682810,0.744736215,-1.403670893,0.182367816,0.103322635,1.306740655,-0.291565927,0.102487809,-1.429329846,-0.227770284,-0.038126920,1.337673544,-0.096264664,-0.097928336,-0.105231073,0.140530993,-0.003452444,0.004083041,0.014671524,0.103596020,-0.558347196,0.329109969,-0.214250543,-0.414293101,0.477321134,-0.209323773,-0.177398245,0.751136394,0.660458647,0.494574301,-0.820234221,-0.493323561
0.000327902,-0.284273214,0.662537705,0.016890861,-0.044012214,-0.665719396,0.744711561,-1.404017751,0.182400923,0.103313041,1.306532939,-0.291584172,0.102423322,-1.429911233,-0.227912786,-0.038044923,1.337927265,-0.096271663,-0.098101999,-0.105552139,0.140494643,-0.004412703,0.004006692,0.014476879,0.104293265,-0.559038447,0.328935931,-0.213107579,-0.414210163,0.477536955,-0.209230634,-0.177523872,0.752842615,0.658302699,0.493432367,-0.820368494,-0.493510266
0.000342428,-0.284266640,0.662432770,0.016835845,-0.044043329,-0.665780663,0.744656194,-1.404350539,0.182494720,0.103318246,1.306216703,-0.291375811,0.101981461,-1.430113517,-0.228197597,-0.038143029,1.337705388,-0.096139203,-0.097817736,-0.105650668,0.140386511,-0.005260999,0.004085459,0.014981924,0.104749150,-0.559379870,0.329222420,-0.211972259,-0.414127851,0.477752323,-0.208637292,-0.177727856,0.753593222,0.657756434,0.492248438,-0.820188369,-0.493695273
0.000360971,-0.284232091,0.662268731,0.016446777,-0.044312721,-0.665904328,0.744538321,-1.403749711,0.182482488,0.103316635,1.305740420,-0.291014542,0.102296690,-1.429520617,-0.228401237,-0.038104491,1.337482322,-0.095699330,-0.097607938,-0.106089056,0.139774217,-0.006555291,0.005615934,0.016119154,0.105178491,-0.558725216,0.330987988,-0.210845363,-0.414045666,0.477967055,-0.207776547,-0.177881865,0.754339001,0.657446564,0.491040828,-0.819788323,-0.493877898
0.000379145,-0.284239677,0.662149707,0.016541431,-0.044072322,-0.666009844,0.744456110,-1.404209200,0.182647533,0.103179775,1.305645745,-0.290911387,0.102421326,-1.430321923,-0.228462483,-0.037966714,1.337156644,-0.095547334,-0.097394160,-0.106006207,0.140136022,-0.007750344,0.006753711,0.015899813,0.105316183,-0.557141379,0.331040563,-0.209728247,-0.413963335,0.478181292,-0.207825108,-0.178067066,0.754441988,0.656153433,0.489821681,-0.819235016,-0.494058381
0.000390119,-0.284252241,0.662173264,0.016961046,-0.043944130,-0.666123713,0.744352360,-1.404942904,0.182739567,0.103188478,1.305327736,-0.290891912,0.102069945,-1.431212573,-0.228545669,-0.037921614,1.336501472,-0.095097396,-0.097320979,-0.105809923,0.140482360,-0.008448240,0.006430481,0.015095585,0.104583284,-0.556581837,0.331620577,-0.208620673,-0.413880465,0.478395025,-0.209391660,-0.177709860,0.754717365,0.657737662,0.488596077,-0.818574979,-0.494237611
0.000390870,-0.284270132,0.662291707,0.017342240,-0.043744890,-0.666132573,0.744347383,-1.406045751,0.182888712,0.103279900,1.304839220,-0.290931009,0.101951789,-1.431962890,-0.228650370,-0.037955633,1.335562432,-0.095171624,-0.097186490,-0.105542300,0.140957571,-0.008471880,0.005248832,0.014009089,0.104508408,-0.555652547,0.331167632,-0.207521657,-0.413797043,0.478608350,-0.211042582,-0.177828678,0.753907659,0.657839755,0.487368465,-0.817841081,-0.494416024
0.000385364,-0.284258992,0.662060654,0.017435264,-0.044036371,-0.666128031,0.744332087,-1.406750008,0.183147154,0.103447950,1.304919352,-0.290660626,0.101544342,-1.432611411,-0.228665842,-0.037754697,1.335585025,-0.095246826,-0.097224161,-0.105008295,0.140658503,-0.008658205,0.005976827,0.013520586,0.104360670,-0.555638184,0.331498446,-0.206428108,-0.413712944,0.478821526,-0.212473475,-0.177606917,0.753423269,0.659596900,0.486139474,-0.817056096,-0.494594056
0.000382959,-0.284226430,0.662161649,0.017156171,-0.044394214,-0.666138698,0.744307768,-1.406108052,0.183302270,0.103595256,1.304152489,-0.290431929,0.101427735,-1.431542800,-0.228818155,-0.037610066,1.334897116,-0.095247181,-0.096886993,-0.104841619,0.140189662,-0.008863461,0.006230023,0.015698154,0.104928293,-0.555902859,0.331932865,-0.205339138,-0.413628483,0.479034319,-0.210716648,-0.178558974,0.752744509,0.658721049,0.484914393,-0.816236343,-0.494770457
0.000375215,-0.284138241,0.662253701,0.015972821,-0.045025193,-0.666156770,0.744280027,-1.403385785,0.183309862,0.103737058,1.303446603,-0.289180291,0.101092540,-1.428336771,-0.228925852,-0.037956865,1.333376502,-0.094828875,-0.096791576,-0.106736140,0.138668463,-0.009330190,0.010365980,0.016880313,0.104698986,-0.554168806,0.336331695,-0.204253531,-0.413542705,0.479246277,-0.207665055,-0.178080048,0.753274398,0.660168774,0.483696125,-0.815393539,-0.494944860
0.000354963,-0.284131557,0.662371622,0.015691351,-0.045078407,-0.666020198,0.744405007,-1.402501542,0.183513913,0.103746418,1.302604741,-0.289050782,0.101199782,-1.427258184,-0.228982926,-0.037996130,1.332516911,-0.094028184,-0.096260324,-0.106638417,0.138626616,-0.010764755,0.012485483,0.018316513,0.106074840,-0.553782148,0.334481304,-0.203174435,-0.413456075,0.479456926,-0.205816279,-0.180018764,0.754178131,0.657135755,0.482490716,-0.814535323,-0.495115879
0.000334487,-0.284080536,0.662627074,0.015239251,-0.045429812,-0.665925051,0.744478156,-1.400399582,0.183593650,0.103909531,1.300665310,-0.288749199,0.101796270,-1.425283799,-0.229087840,-0.038013443,1.330877862,-0.093375569,-0.095910309,-0.105969152,0.137983430,-0.011611187,0.014242661,0.020571693,0.107007385,-0.553911619,0.333525568,-0.202105180,-0.413368702,0.479665692,-0.203867204,-0.182044906,0.754028875,0.656338394,0.481300797,-0.813666361,-0.495282581
0.000325916,-0.284077529,0.662862220,0.015149680,-0.045202771,-0.665901011,0.744515306,-1.399603578,0.183648866,0.104086549,1.299131488,-0.287926546,0.101762243,-1.424630683,-0.229108755,-0.038267714,1.329855845,-0.093037097,-0.095543489,-0.106430787,0.138297269,-0.011514898,0.016520848,0.020621238,0.107059632,-0.551477131,0.333048232,-0.201044317,-0.413280627,0.479873456,-0.202691607,-0.182162886,0.753645951,0.654535665,0.480124230,-0.812790986,-0.495446071
0.000316710,-0.284076989,0.663267033,0.015260595,-0.045059130,-0.665833052,0.744582525,-1.398498825,0.183548156,0.104212874,1.297305247,-0.287650642,0.102044987,-1.423736009,-0.229061902,-0.038515234,1.328641021,-0.092331388,-0.094998945,-0.105945082,0.138887120,-0.013044355,0.018783732,0.021450381,0.107772251,-0.551092086,0.331899925,-0.199992496,-0.413192562,0.480079931,-0.202059564,-0.183140189,0.753269475,0.653822589,0.478959791,-0.811911893,-0.495606721
0.000303201,-0.284038331,0.663984257,0.015186433,-0.045349770,-0.665710742,0.744675754,-1.396207808,0.183384140,0.104497350,1.295208178,-0.286999002,0.102204532,-1.421223823,-0.229188101,-0.038767355,1.326845881,-0.091596004,-0.094216506,-0.105074351,0.138908513,-0.013942097,0.022394289,0.022764723,0.107880549,-0.552095261,0.332140811,-0.198952787,-0.413104077,0.480283636,-0.202026307,-0.183828456,0.751822906,0.655502535,0.477808006,-0.811030402,-0.495764642
0.000296972,-0.284106169,0.664345943,0.015811442,-0.044601119,-0.665555856,0.744846387,-1.396924801,0.183315522,0.104640882,1.294335370,-0.286656527,0.102176210,-1.422050036,-0.228988018,-0.038771298,1.326616917,-0.091475153,-0.094327291,-0.104760456,0.140409933,-0.014315244,0.024147111,0.021126276,0.108213183,-0.552746365,0.331518323,-0.197924594,-0.413015714,0.480485153,-0.203871472,-0.183499165,0.751889035,0.655733219,0.476667395,-0.810148784,-0.495921146
0.000293355,-0.284185888,0.664920132,0.016604699,-0.043687317,-0.665430793,0.744995008,-1.397630101,0.183165769,0.104779443,1.293123116,-0.287048955,0.102643512,-1.422876336,-0.228811206,-0.038697248,1.326335384,-0.091890663,-0.094765987,-0.105047055,0.142323599,-0.014508137,0.025878342,0.020088891,0.108591681,-0.554331161,0.328408663,-0.196910262,-0.412928740,0.480684507,-0.204358397,-0.184309072,0.752025713,0.653391999,0.475537846,-0.809269024,-0.496076364
0.000279036,-0.284165632,0.665139709,0.016646660,-0.043851416,-0.665309122,0.745093091,-1.396815836,0.183115480,0.105287885,1.291834940,-0.286159668,0.102134245,-1.422158091,-0.228698162,-0.038871585,1.326014382,-0.091845060,-0.094673902,-0.104193009,0.142108187,-0.015096232,0.028749837,0.020161423,0.108996164,-0.555785210,0.329057816,-0.195906047,-0.412842658,0.480881678,-0.206060832,-0.184370295,0.752225430,0.655046013,0.474417813,-0.808391172,-0.496230693
0.000270826,-0.284153159,0.665250929,0.016606634,-0.043768143,-0.665285200,0.745120240,-1.396377611,0.183080783,0.105621030,1.290169561,-0.285513294,0.102218122,-1.421830540,-0.228517894,-0.038992253,1.325285665,-0.091605530,-0.094411900,-0.104363153,0.142376852,-0.014712785,0.030848378,0.020652686,0.109198285,-0.555856763,0.329341130,-0.194908990,-0.412757865,0.481077624,-0.205337959,-0.184499323,0.752592734,0.654406030,0.473306868,-0.807516390,-0.496384076
0.000269028,-0.284137857,0.665525836,0.016759339,-0.043982105,-0.665297166,0.745093538,-1.395891006,0.182999640,0.105995214,1.288299974,-0.284697545,0.102324061,-1.421054254,-0.228571383,-0.039350754,1.324303814,-0.090847724,-0.093946435,-0.103963851,0.142351232,-0.014882317,0.032313214,0.021634705,0.109709266,-0.556473647,0.329353467,-0.193918739,-0.412674123,0.481272242,-0.205574628,-0.185160985,0.752752895,0.654326883,0.472205409,-0.806644682,-0.496536376
0.000275685,-0.284132458,0.665615684,0.016707646,-0.043970685,-0.665322012,0.745073187,-1.395831791,0.183077704,0.106137304,1.287546799,-0.283752435,0.102228003,-1.420632716,-0.228682789,-0.039653309,1.324162233,-0.090539398,-0.093639018,-0.104106050,0.142583143,-0.014279141,0.034430994,0.022257731,0.109918569,-0.557321132,0.330360911,-0.192935137,-0.412591214,0.481465722,-0.205893680,-0.184574552,0.752709983,0.655711464,0.471112227,-0.805776448,-0.496688164
0.000283108,-0.284162594,0.665679028,0.017064115,-0.043633766,-0.665356552,0.745054071,-1.396566111,0.183301058,0.106190832,1.287806912,-0.283330152,0.101979410,-1.421282870,-0.228884193,-0.039893544,1.325331101,-0.090347304,-0.093721274,-0.104165516,0.143338210,-0.014948357,0.036699351,0.021571037,0.110068780,-0.558597319,0.329306560,-0.191962032,-0.412508907,0.481657388,-0.207484354,-0.184267197,0.752240295,0.656368975,0.470027454,-0.804911738,-0.496839568
0.000301517,-0.284178069,0.665748182,0.017113115,-0.043215951,-0.665438606,0.745004016,-1.396851917,0.183508538,0.106191735,1.288258996,-0.283253495,0.101943630,-1.421435290,-0.229190173,-0.040178229,1.326131649,-0.090290360,-0.093950639,-0.104481673,0.144181520,-0.017095503,0.040148423,0.021280708,0.110360989,-0.559469509,0.326784911,-0.191005435,-0.412427193,0.481846120,-0.207796828,-0.184125050,0.750406790,0.654599840,0.468952934,-0.804050766,-0.496990156
0.000334599,-0.284177962,0.665413947,0.016628693,-0.042601046,-0.665621026,0.744887432,-1.397062019,0.183501560,0.105916422,1.289061922,-0.283584927,0.102324356,-1.421840798,-0.229480123,-0.040544138,1.327331007,-0.090367892,-0.094563965,-0.105546761,0.144384181,-0.018826267,0.042801890,0.020951402,0.111016841,-0.557748619,0.324294477,-0.190067895,-0.412346489,0.482031887,-0.206604249,-0.183642065,0.748237962,0.651288214,0.467889590,-0.803194521,-0.497139463
0.000370519,-0.284162774,0.664846974,0.016076621,-0.042420085,-0.665817665,0.744734125,-1.396480313,0.183725884,0.105685725,1.289960078,-0.283323912,0.102015009,-1.422350975,-0.229553855,-0.040715041,1.329196387,-0.090063046,-0.093146002,-0.105986990,0.144258307,-0.020228656,0.045632693,0.022667357,0.111772449,-0.557927847,0.325951713,-0.189144209,-0.412266854,0.482215363,-0.204805854,-0.183489718,0.747850511,0.651289377,0.466836354,-0.802343164,-0.497287941
0.000413099,-0.284178946,0.664111843,0.015722217,-0.041856931,-0.666001663,0.744609021,-1.396872927,0.183950189,0.105421613,1.290970802,-0.283424251,0.101850313,-1.424075300,-0.229559685,-0.040551402,1.331375099,-0.090077649,-0.093328366,-0.106986766,0.144302639,-0.019460471,0.046027925,0.021882737,0.111152110,-0.557302337,0.328116434,-0.188230302,-0.412187698,0.482397815,-0.204600292,-0.182508857,0.747482486,0.652551687,0.465791075,-0.801496677,-0.497436802
0.000461946,-0.284158879,0.663895361,0.015172845,-0.041733898,-0.666235391,0.744418209,-1.396050089,0.184224680,0.105195885,1.291893321,-0.284175415,0.102397758,-1.424865938,-0.229806609,-0.040516962,1.333498831,-0.090192192,-0.093038323,-0.107982985,0.143938591,-0.019829969,0.047107429,0.022524790,0.111189637,-0.556323987,0.329205113,-0.187323140,-0.412109091,0.482580115,-0.203210278,-0.182217258,0.746457496,0.650521215,0.464755958,-0.800654434,-0.497585343
0.000517519,-0.284170423,0.664291696,0.014775326,-0.041310648,-0.666436568,0.744269723,-1.395785063,0.184491936,0.104948848,1.292116885,-0.284809428,0.102970642,-1.426591409,-0.229689156,-0.040274914,1.336536681,-0.090335901,-0.093208817,-0.107702732,0.144080987,-0.020766839,0.048762884,0.022669167,0.111552060,-0.555781202,0.328381761,-0.186424761,-0.412030220,0.482762380,-0.203023617,-0.182198956,0.745509467,0.648533934,0.463733709,-0.799815330,-0.497733048
0.000564277,-0.284205330,0.664669509,0.014421138,-0.040847893,-0.666615083,0.744142333,-1.395785586,0.184693448,0.104599899,1.293289193,-0.285934405,0.103735506,-1.429000590,-0.229378961,-0.039754495,1.341036079,-0.090906922,-0.093543478,-0.108305686,0.144073841,-0.020190064,0.049056261,0.021964461,0.111852152,-0.556415023,0.327101287,-0.185535148,-0.411951010,0.482945002,-0.202952423,-0.182012413,0.745787117,0.647277101,0.462723438,-0.798979173,-0.497879999
0.000598757,-0.284216528,0.664926464,0.013643867,-0.040722873,-0.666750348,0.744042651,-1.394998982,0.184834865,0.104425172,1.294000536,-0.286484277,0.104388554,-1.430848068,-0.228935812,-0.039218115,1.346015292,-0.091942136,-0.093383923,-0.109222844,0.143572337,-0.017946542,0.050273681,0.021941495,0.111968313,-0.556471324,0.329487168,-0.184648754,-0.411871488,0.483128691,-0.201998524,-0.181452798,0.746447132,0.647978444,0.461721944,-0.798146345,-0.498026444
0.000612182,-0.284270111,0.665399314,0.013141342,-0.040388498,-0.666762899,0.744058674,-1.394192345,0.185033144,0.104307683,1.294337454,-0.286890642,0.104263548,-1.432767723,-0.228386944,-0.038534133,1.351371199,-0.093104469,-0.093979821,-0.110425366,0.143431679,-0.017647444,0.051166493,0.019369174,0.111271500,-0.556206609,0.333127993,-0.183764164,-0.411790132,0.483313386,-0.202779555,-0.180466671,0.745816378,0.648651218,0.461190059,-0.800235157,-0.498176578
0.000608150,-0.284365365,0.667061113,0.013076811,-0.039836770,-0.666682795,0.744161326,-1.394277165,0.185380312,0.104262767,1.294725307,-0.288294990,0.104651461,-1.436488678,-0.227844846,-0.037539940,1.358949399,-0.094277321,-0.094848942,-0.111445216,0.143713078,-0.018238527,0.052038796,0.016898793,0.111726241,-0.557983878,0.333791710,-0.182884161,-0.411707048,0.483498388,-0.204683682,-0.180499773,0.745791213,0.648113062,0.461251077,-0.806180543,-0.498329410
0.000578119,-0.284417002,0.671018826,0.012505005,-0.040027865,-0.666504657,0.744320453,-1.393540753,0.186021942,0.104507807,1.295947392,-0.288971386,0.104270158,-1.440287607,-0.227254053,-0.036311722,1.369409561,-0.096039428,-0.095467767,-0.112608884,0.142885390,-0.018385624,0.055350349,0.015895143,0.112950663,-0.561282800,0.334936751,-0.182007973,-0.411622937,0.483683068,-0.205768700,-0.180971952,0.747252130,0.648167572,0.461905449,-0.816067246,-0.498484159
0.000535153,-0.284454765,0.674990393,0.011816289,-0.040456793,-0.666277338,0.744512010,-1.392071438,0.186622052,0.104676845,1.296465940,-0.289428871,0.103894260,-1.443200776,-0.226751798,-0.035079679,1.379735175,-0.097440059,-0.095721754,-0.113443616,0.141906318,-0.018247258,0.059359389,0.016174201,0.113631106,-0.564070660,0.335686806,-0.181136825,-0.411537914,0.483866858,-0.205385856,-0.182227727,0.747230497,0.649061995,0.463301715,-0.829936426,-0.498655753
0.000493204,-0.284560124,0.678981473,0.011724544,-0.040309025,-0.666075991,0.744701612,-1.391622240,0.187237969,0.104775970,1.296517565,-0.290126750,0.103150100,-1.447379513,-0.226264771,-0.033985262,1.391013881,-0.099508925,-0.096564853,-0.114048823,0.141892839,-0.018952979,0.061515778,0.015201764,0.113375501,-0.566526823,0.334648255,-0.180274332,-0.411452236,0.484049739,-0.208040838,-0.182127346,0.746309595,0.651964433,0.465205173,-0.846602288,-0.498840707
0.000446324,-0.284626047,0.682963714,0.011123836,-0.040503131,-0.665908176,0.744850359,-1.390360713,0.187821301,0.104931004,1.296459846,-0.290393328,0.102470496,-1.450397527,-0.225863608,-0.032694759,1.402752603,-0.101669654,-0.097549819,-0.115377997,0.141015775,-0.019441717,0.065426652,0.015892755,0.112590663,-0.567199557,0.335379976,-0.179420545,-0.411366092,0.484231792,-0.207485820,-0.181388528,0.745932328,0.653451875,0.467246272,-0.864707857,-0.499019997
0.000385905,-0.284665951,0.686954363,0.010631379,-0.041421490,-0.665743563,0.744954188,-1.389063059,0.188191432,0.105083474,1.296755860,-0.290386721,0.101113183,-1.451835194,-0.225551767,-0.031569872,1.413038659,-0.103683562,-0.098189376,-0.115995361,0.139459644,-0.019120359,0.066547054,0.014953825,0.110948920,-0.567185960,0.339606788,-0.178573706,-0.411277499,0.484412458,-0.209252962,-0.180363028,0.745741613,0.660444509,0.469326774,-0.883086800,-0.499203811
0.000310530,-0.284713133,0.690976881,0.010623655,-0.042106443,-0.665548299,0.745090362,-1.387623048,0.188443444,0.105427888,1.295945746,-0.290452576,0.099656279,-1.451778530,-0.225248048,-0.030565318,1.421137151,-0.106714842,-0.098982625,-0.116324505,0.138790242,-0.015098351,0.069704592,0.014154895,0.108983363,-0.568080829,0.342940980,-0.177732133,-0.411186005,0.484591689,-0.209740026,-0.179242810,0.745070396,0.666569478,0.471401047,-0.901348983,-0.499395665
0.000234393,-0.284752338,0.695005215,0.010645116,-0.042734656,-0.665383738,0.745201256,-1.386700547,0.188599302,0.105533159,1.295736947,-0.291018091,0.098437040,-1.450407996,-0.225073048,-0.029948994,1.426892834,-0.109703672,-0.099832974,-0.116991014,0.138290142,-0.010355626,0.070418970,0.013296232,0.107741322,-0.569700809,0.342999276,-0.176896466,-0.411091295,0.484769150,-0.209338336,-0.179296850,0.745521496,0.671567597,0.472906265,-0.915890620,-0.499575380
0.000144914,-0.284823869,0.699040160,0.011293212,-0.043180042,-0.665131690,0.745391026,-1.386809841,0.188956784,0.106081420,1.294910571,-0.290674687,0.097088300,-1.449628676,-0.224723163,-0.029381018,1.431923994,-0.113512366,-0.101188276,-0.115989475,0.138423769,-0.004684497,0.071375929,0.011168685,0.106570040,-0.571677586,0.345011763,-0.176063562,-0.410993405,0.484945277,-0.210787691,-0.179402643,0.746476358,0.676431983,0.473960304,-0.927533416,-0.499739658
0.000056076,-0.284805555,0.703070733,0.011017216,-0.044163911,-0.664901448,0.745542913,-1.385705489,0.188990052,0.106374247,1.294485014,-0.290258274,0.096281670,-1.446056633,-0.224897247,-0.029346068,1.434757496,-0.117454018,-0.101731367,-0.115600743,0.137069275,0.003628056,0.071655509,0.010772633,0.105441867,-0.571920455,0.348121461,-0.175232816,-0.410891741,0.485119582,-0.209943810,-0.179409599,0.747823203,0.682461958,0.474384469,-0.935396693,-0.499892616
-0.000039977,-0.284847023,0.707122320,0.011748761,-0.044442144,-0.664539957,0.745837454,-1.385805018,0.188990980,0.106894082,1.292655883,-0.290123755,0.095593949,-1.443431078,-0.224923720,-0.029630691,1.435777779,-0.120808683,-0.101964383,-0.114004993,0.137561721,0.013998993,0.069168815,0.012630720,0.104440004,-0.573115856,0.342738102,-0.174409367,-0.410789096,0.485291274,-0.206578308,-0.182181887,0.745209799,0.680244233,0.474344899,-0.940472623,-0.500036398
-0.000133086,-0.284842982,0.711147338,0.012324141,-0.045008839,-0.664130022,0.746159255,-1.386588737,0.189072029,0.107607522,1.291444755,-0.288956491,0.095015686,-1.440873754,-0.225253067,-0.029926971,1.435712428,-0.123729229,-0.102280233,-0.112883350,0.137130708,0.025711355,0.065033195,0.012264172,0.102892336,-0.574066400,0.341836075,-0.173592412,-0.410685439,0.485460020,-0.205567413,-0.183422459,0.742597228,0.678952260,0.473982958,-0.943593490,-0.500172356
-0.000227173,-0.284844200,0.715155916,0.012877668,-0.045532455,-0.663627598,0.746565049,-1.387878424,0.188976730,0.107951936,1.292310665,-0.288941227,0.095890949,-1.438474383,-0.225665410,-0.030119835,1.435271325,-0.127151495,-0.102253457,-0.111769454,0.136940464,0.040685919,0.060384529,0.012160070,0.101608681,-0.575353542,0.340010326,-0.172781156,-0.410581716,0.485626206,-0.203187140,-0.184647523,0.742093630,0.677533884,0.473396663,-0.945344544,-0.500301703
-0.000313417,-0.284874206,0.719162757,0.013610472,-0.045859631,-0.663122360,0.746980847,-1.390409946,0.188922063,0.108380463,1.293059332,-0.288968293,0.095682063,-1.436828682,-0.226359344,-0.030138653,1.434899336,-0.130156914,-0.102195522,-0.111306667,0.136923473,0.055090152,0.053240065,0.012310336,0.100445566,-0.577864787,0.337174407,-0.171972727,-0.410479444,0.485790334,-0.202074691,-0.186041201,0.743029389,0.676318358,0.472653609,-0.946136597,-0.500425377
-0.000386711,-0.284903975,0.723166832,0.014544527,-0.046352059,-0.662590584,0.747404617,-1.393129096,0.188715715,0.108553229,1.294909735,-0.288691095,0.095535556,-1.435155955,-0.227053598,-0.029968497,1.434980325,-0.133299199,-0.102041040,-0.110853327,0.136847015,0.070724267,0.047851055,0.012015816,0.098950196,-0.579371733,0.334126856,-0.171165163,-0.410379337,0.485952795,-0.202232611,-0.187109453,0.743149635,0.676101179,0.471798883,-0.946257677,-0.500545085
-0.000432419,-0.284960441,0.727178853,0.015743880,-0.046255134,-0.662101323,0.747819785,-1.396101514,0.188336419,0.108623114,1.296157410,-0.288800422,0.096057864,-1.434413405,-0.227799262,-0.029856139,1.433659304,-0.135292198,-0.101646188,-0.110719536,0.137655706,0.084927619,0.042756166,0.010534569,0.098652711,-0.580148519,0.333037611,-0.168698425,-0.410282395,0.486114061,-0.201901476,-0.187900082,0.744176755,0.673087942,0.470865655,-0.945910338,-0.500661918
-0.000458891,-0.285010307,0.731170714,0.017210809,-0.046637496,-0.661714795,0.748105783,-1.399020671,0.187904504,0.108878272,1.297568883,-0.288852465,0.095980854,-1.434155224,-0.228606704,-0.029294089,1.433644865,-0.136768505,-0.101099916,-0.110420728,0.138456729,0.099070121,0.042110924,0.010292349,0.098738793,-0.580659131,0.332611409,-0.162521630,-0.410190002,0.486274472,-0.201445754,-0.190185046,0.744959503,0.669866217,0.469878177,-0.945236797,-0.500776638
-0.000444107,-0.285049227,0.735143732,0.018439566,-0.046894009,-0.661478081,0.748269793,-1.402132655,0.187270027,0.109145838,1.298810102,-0.288902401,0.096836911,-1.434201005,-0.229639238,-0.028779775,1.434209287,-0.138592974,-0.099377789,-0.110023835,0.139487225,0.112694239,0.043593084,0.011034831,0.100545387,-0.583472638,0.329491108,-0.152121701,-0.410103742,0.486435068,-0.200638665,-0.193199644,0.748364138,0.663896523,0.468856320,-0.944337084,-0.500889208
-0.000400828,-0.285158952,0.739097921,0.020624000,-0.046589322,-0.661275037,0.748411258,-1.407917350,0.186527039,0.109503358,1.301159274,-0.289236160,0.097603997,-1.436453548,-0.230383098,-0.027561603,1.435303137,-0.140869954,-0.099006207,-0.109742673,0.141969155,0.124597134,0.042937051,0.009983324,0.102000278,-0.585654521,0.327156765,-0.134367645,-0.410024547,0.486596511,-0.201634393,-0.197488584,0.750717536,0.656041414,0.467816341,-0.943281689,-0.501000096
-0.000329232,-0.285324815,0.743015789,0.023081641,-0.045402497,-0.661125246,0.748544761,-1.416458772,0.185702429,0.110369066,1.304393595,-0.290250889,0.099092272,-1.441340723,-0.230952323,-0.025891514,1.438120085,-0.143565324,-0.097938021,-0.109663283,0.145124088,0.133029313,0.036699481,0.009979613,0.103904742,-0.587707414,0.322537836,-0.106620088,-0.409955724,0.486761030,-0.199543303,-0.202076774,0.756475918,0.639329197,0.466772749,-0.942122201,-0.501108238
-0.000230218,-0.285594199,0.746877908,0.026464254,-0.043710242,-0.660982631,0.748659482,-1.428482102,0.184941468,0.110926495,1.310965896,-0.293411507,0.101734654,-1.449638431,-0.231353801,-0.023568718,1.443057351,-0.146522013,-0.095563403,-0.109497596,0.149941173,0.142596630,0.026916065,0.011295814,0.108520247,-0.594335329,0.313606941,-0.068170787,-0.409900970,0.486930126,-0.197006316,-0.211327901,0.763563240,0.620146347,0.465735963,-0.940894814,-0.501213518
-0.000074272,-0.285959193,0.750697382,0.030247532,-0.040847261,-0.660829947,0.748812640,-1.444725294,0.184447796,0.111895483,1.320144549,-0.297803002,0.105025648,-1.461548178,-0.232610428,-0.021258781,1.450445034,-0.149188966,-0.090121049,-0.106947625,0.155901425,0.147292946,0.017666588,0.013711085,0.118670851,-0.604734663,0.295052158,-0.015449502,-0.409864994,0.487104796,-0.194641906,-0.223635111,0.774675336,0.591385680,0.464716137,-0.939625022,-0.501314539
0.000094307,-0.286419884,0.754499754,0.035087012,-0.037676953,-0.660550359,0.749014401,-1.462930244,0.184714352,0.113782868,1.329830511,-0.303076488,0.107661876,-1.475941811,-0.233999546,-0.018610343,1.459112274,-0.153186192,-0.080030597,-0.103744406,0.163247960,0.162531347,0.007950222,0.017645840,0.132233265,-0.626933278,0.272345542,0.054622896,-0.409855603,0.487286960,-0.190976406,-0.240493092,0.793758164,0.560103876,0.463713199,-0.938334035,-0.501412019
0.000302950,-0.287182257,0.758258794,0.041953348,-0.031874250,-0.660107797,0.749320789,-1.490219865,0.186073256,0.116573665,1.342523327,-0.310835178,0.108993320,-1.500311453,-0.235236191,-0.014943068,1.473586894,-0.158993035,-0.069451863,-0.103196012,0.174298604,0.181452908,-0.006959747,0.013021093,0.153713408,-0.657351747,0.243243346,0.140704965,-0.409881601,0.487480306,-0.198093215,-0.265765631,0.822109522,0.520884391,0.462726872,-0.937037893,-0.501509799
0.000598000,-0.288356406,0.761966771,0.051268604,-0.021639862,-0.659390609,0.749738135,-1.530470089,0.187862426,0.120380575,1.354617318,-0.319550511,0.109468242,-1.537251706,-0.236374922,-0.010892452,1.490870314,-0.166603377,-0.055774751,-0.100461884,0.190069770,0.207119678,-0.032022059,0.001181711,0.178877945,-0.688676083,0.209532203,0.240704965,-0.409958530,0.487694168,-0.209121090,-0.293797352,0.853724626,0.463308098,0.461742691,-0.939207281,-0.501625381
0.000847147,-0.289621602,0.766260831,0.058207373,-0.012268471,-0.659463932,0.749378882,-1.576673588,0.189708817,0.125688486,1.364372299,-0.327964047,0.112225960,-1.578834882,-0.237856715,-0.007130125,1.507751726,-0.175751506,-0.037941549,-0.096493156,0.205454396,0.240548603,-0.060441861,-0.004954792,0.204696974,-0.714773949,0.174066953,0.339805588,-0.410106890,0.487942150,-0.215509597,-0.327780918,0.884295996,0.391805400,0.457920309,-0.957641025,-0.501750681
0.001417668,-0.291366280,0.770073822,0.067399594,0.001728475,-0.658828526,0.749265828,-1.631002899,0.191600725,0.130773666,1.372304896,-0.334713450,0.113631172,-1.626200028,-0.238473170,-0.004148299,1.520323066,-0.187349534,-0.023989109,-0.092011343,0.220492199,0.265678547,-0.096005364,-0.013506565,0.223967184,-0.723109168,0.147684985,0.439805588,-0.410344742,0.488243320,-0.216716217,-0.354436141,0.903249243,0.322415906,0.440671384,-1.014627428,-0.501697978
0.002310826,-0.293898895,0.774160708,0.076817234,0.016086080,-0.657856574,0.749042775,-1.687520489,0.192658792,0.135878733,1.374145163,-0.338748009,0.112831008,-1.673918814,-0.238310370,-0.000567481,1.529006223,-0.200198691,-0.016387025,-0.086443231,0.231382907,0.279694587,-0.137952975,-0.020949119,0.240973179,-0.700489422,0.101655951,0.539805588,-0.410676075,0.488610776,-0.227298462,-0.369008192,0.912320153,0.275694662,0.415897533,-1.103816280,-0.502258154
0.003687998,-0.297586752,0.778775420,0.083525958,0.026691358,-0.656786042,0.748961335,-1.729724140,0.192586679,0.140128666,1.376342336,-0.341702444,0.112739667,-1.704206188,-0.238930238,0.003309721,1.534347630,-0.213280335,-0.014053285,-0.081383223,0.233840287,0.286709984,-0.166932794,-0.002710533,0.254467526,-0.653873481,0.032932918,0.639805526,-0.433124365,0.489013766,-0.214648567,-0.385191634,0.896893930,0.233326478,0.410783786,-1.165105869,-0.502762358
0.005422974,-0.302977715,0.784211175,0.088971825,0.038747176,-0.655076442,0.749304695,-1.760426022,0.192513735,0.142275323,1.377826455,-0.345060881,0.111064816,-1.721869552,-0.240141276,0.005830792,1.535052542,-0.228347775,-0.015792404,-0.077650566,0.234245858,0.285204867,-0.183992626,0.012032991,0.256409392,-0.618223107,-0.014134558,0.739805525,-0.456533884,0.489521273,-0.201327358,-0.392034512,0.877564573,0.208928010,0.410803972,-1.209122335,-0.503244760
0.007137803,-0.308784357,0.790089926,0.090556341,0.046639488,-0.653231825,0.750274943,-1.774604542,0.189888104,0.141475197,1.381800273,-0.347708567,0.111008319,-1.720994247,-0.241534948,0.008018842,1.535709427,-0.244937058,-0.023619499,-0.072237951,0.225881870,0.290319581,-0.184786974,0.028719917,0.241591129,-0.586273150,-0.029004026,0.839805525,-0.480496586,0.490091720,-0.187852777,-0.386319587,0.847796885,0.222137389,0.432144593,-1.237603372,-0.503723895
0.008622349,-0.314088552,0.796044041,0.090394836,0.053126739,-0.651263368,0.751573249,-1.780954909,0.185746042,0.138779675,1.386729046,-0.352220449,0.111997387,-1.710612113,-0.242979304,0.009426938,1.533621243,-0.263060234,-0.034406826,-0.067362342,0.216653714,0.288462671,-0.184782871,0.031231274,0.221451211,-0.561091973,-0.028792070,0.939774620,-0.497338552,0.490689854,-0.191420432,-0.370655809,0.805861555,0.257742219,0.480789606,-1.255383217,-0.504206753
0.009685822,-0.317754832,0.801598119,0.085696096,0.053711277,-0.649909585,0.753252155,-1.774050761,0.180912860,0.134912382,1.393968940,-0.355723227,0.114155309,-1.688896820,-0.244662338,0.010558850,1.535111876,-0.281597485,-0.043851105,-0.062236598,0.201738525,0.291737853,-0.185943643,0.038732521,0.201420794,-0.544820554,-0.005952275,1.012490494,-0.519377455,0.491332089,-0.199705416,-0.349045770,0.763247615,0.323898092,0.560919521,-1.263741033,-0.504691395
0.010480159,-0.320020811,0.807076824,0.078104281,0.051470638,-0.648697663,0.755276000,-1.753463319,0.175189782,0.130646156,1.397083708,-0.359370251,0.116479231,-1.653770214,-0.245361546,0.010546990,1.528809127,-0.300403874,-0.055007361,-0.059604871,0.186527539,0.285343093,-0.182271940,0.036925938,0.177527614,-0.529459537,0.036473220,1.026384199,-0.534784254,0.491965248,-0.212451962,-0.319441836,0.730251783,0.413898092,0.652617782,-1.266702244,-0.505172606
0.011081923,-0.321141176,0.812872873,0.068353682,0.045116789,-0.647429780,0.757711640,-1.711522769,0.168782347,0.128620691,1.387888894,-0.363121076,0.120036324,-1.598356962,-0.246128501,0.006832916,1.507163153,-0.315562501,-0.060099928,-0.058191964,0.169454777,0.284446033,-0.176475838,0.042411031,0.156737520,-0.532483047,0.105228465,0.975656187,-0.545511115,0.492580781,-0.223834900,-0.292282210,0.752787795,0.503898091,0.715676151,-1.268040841,-0.505643503
0.011863847,-0.322450348,0.819632353,0.059217113,0.039826101,-0.645568158,0.760361077,-1.665640169,0.160657061,0.127984933,1.368821689,-0.362932309,0.123019820,-1.534359187,-0.245574254,0.000803947,1.474287605,-0.331440690,-0.066841944,-0.054984278,0.153988537,0.283954880,-0.177625409,0.028925792,0.131698591,-0.544796327,0.183100564,0.875656209,-0.552780711,0.493173919,-0.251535307,-0.271265349,0.747463339,0.593898091,0.758621877,-1.268224172,-0.506102688
0.013020845,-0.324535118,0.828248385,0.051514952,0.034189894,-0.643254670,0.763151813,-1.607447655,0.151629600,0.130255515,1.339823989,-0.364815729,0.128529472,-1.461894574,-0.244395995,-0.007196492,1.429844461,-0.343080005,-0.068372147,-0.052313859,0.139643932,0.277799953,-0.180201258,0.020075046,0.107830877,-0.545068556,0.268851223,0.787685834,-0.557752486,0.493738678,-0.263578293,-0.248913985,0.718522986,0.683898092,0.787444986,-1.267585076,-0.506548709
0.015144432,-0.328610811,0.839506178,0.046557017,0.033313496,-0.640424985,0.765884125,-1.539251663,0.142195802,0.135881240,1.295076307,-0.367066290,0.130367665,-1.375788195,-0.243075536,-0.019842530,1.365790579,-0.351229661,-0.066353127,-0.052872359,0.125962298,0.272534944,-0.182132003,0.012044601,0.094529659,-0.533453056,0.354144264,0.704794023,-0.561096504,0.494272184,-0.264870658,-0.225429916,0.695440875,0.773898091,0.806355333,-1.266358024,-0.506978710
0.018766997,-0.335548260,0.857717296,0.037485398,0.028094836,-0.637598549,0.768943181,-1.454481174,0.130934926,0.142026824,1.240214429,-0.368610803,0.138118718,-1.280326127,-0.240086461,-0.033510207,1.296423918,-0.352832468,-0.063879015,-0.055333446,0.106553689,0.270601743,-0.188558551,0.010533607,0.086450541,-0.498896620,0.440928944,0.635449456,-0.578046303,0.494755933,-0.255894304,-0.214259977,0.670004992,0.863898091,0.818333450,-1.264707735,-0.507386178
0.024927496,-0.346649804,0.885945779,0.030516684,0.022100719,-0.634910536,0.771666315,-1.341165085,0.119320462,0.152917917,1.160682343,-0.374092264,0.146208957,-1.158492756,-0.235722217,-0.051788158,1.205516577,-0.353289109,-0.056315497,-0.056399459,0.087686480,0.259358480,-0.175369331,0.025511852,0.077766350,-0.467937249,0.508918871,0.585687698,-0.589701188,0.495202533,-0.231189833,-0.207706090,0.640603669,0.953898092,0.825494276,-1.262745099,-0.507761713
0.033723585,-0.363468196,0.920594941,0.029219274,0.024226480,-0.633469083,0.772836485,-1.221239385,0.107471999,0.161870522,1.087773600,-0.378939894,0.156595890,-1.042203599,-0.231571841,-0.068135291,1.129404813,-0.343545373,-0.046740644,-0.052408973,0.066258218,0.228595380,-0.163287932,0.049388091,0.080946121,-0.429834993,0.537398861,0.549637178,-0.597627284,0.495603098,-0.206250557,-0.207532848,0.607689671,1.043898092,0.829348439,-1.260548989,-0.508093286
0.044725011,-0.386355166,0.957249594,0.033672282,0.032283052,-0.633000050,0.772745054,-1.069272143,0.095275384,0.172819250,0.996348238,-0.386446904,0.166045610,-0.883387930,-0.225705490,-0.090871267,1.027015623,-0.331510851,-0.031466767,-0.042823397,0.041868487,0.191268932,-0.129699544,0.093645506,0.089117222,-0.385174856,0.555540086,0.523149714,-0.602919544,0.495942695,-0.163474571,-0.215140683,0.568025561,1.133898092,0.830972085,-1.258171974,-0.508368627
0.056020737,-0.414873362,0.990334734,0.045291402,0.036334177,-0.632218728,0.772611154,-0.879720027,0.083657559,0.189893556,0.891241423,-0.393496500,0.175972617,-0.733119418,-0.222242644,-0.104994118,0.953947430,-0.305321523,-0.007670214,-0.032567745,0.016272060,0.161136210,-0.082714320,0.158750248,0.097679155,-0.354130180,0.573432130,0.503280813,-0.606346155,0.496201909,-0.109428847,-0.231372715,0.531001647,1.223898091,0.831136374,-1.255649551,-0.508572566
0.066163707,-0.445980462,1.016641161,0.054572251,0.040370885,-0.629921932,0.773686255,-0.689633026,0.074068929,0.209460393,0.783169566,-0.398664573,0.177517583,-0.572026631,-0.217098003,-0.119193110,0.869220297,-0.278129516,0.008357236,-0.023937424,-0.009791275,0.136986111,-0.046154913,0.227739623,0.132032971,-0.264130180,0.531064702,0.600138576,-0.608445082,0.496368789,-0.054792772,-0.232254417,0.502486040,1.313898092,0.830369900,-1.253014160,-0.508698608
0.074391505,-0.476616900,1.035317053,0.061815126,0.041341355,-0.627157348,0.775334407,-0.546231982,0.066451638,0.228389559,0.695766955,-0.397676299,0.171934172,-0.475506536,-0.210985566,-0.121521907,0.825078695,-0.249452995,0.016943307,-0.020774027,-0.025979646,0.105309082,-0.010677029,0.285992267,0.135864564,-0.174130180,0.532403871,0.634369594,-0.609598974,0.496444758,-0.029372760,-0.231310062,0.480530947,1.403898091,0.829043710,-1.250296025,-0.508748514
0.081080573,-0.504714964,1.047499947,0.068514547,0.038543085,-0.623629051,0.777757670,-0.455433265,0.061663045,0.241592540,0.641655208,-0.402900860,0.163200134,-0.437139469,-0.206433034,-0.113176577,0.823733410,-0.225467744,0.023789243,-0.026030615,-0.035381656,0.103600565,0.008345305,0.299331408,0.113484555,-0.084130180,0.581327532,0.586367039,-0.610080680,0.496433882,-0.036613169,-0.229069141,0.467022731,1.493898091,0.827404451,-1.247519600,-0.508725133
0.086142931,-0.526953067,1.052556647,0.071119694,0.035056865,-0.619300137,0.781140413,-0.368639486,0.056535849,0.254102394,0.586380694,-0.408069251,0.154929966,-0.406314642,-0.201016362,-0.107691208,0.829237946,-0.202694671,0.029663787,-0.029891414,-0.045544929,0.094697621,0.044082089,0.329504565,0.116689329,-0.039573330,0.645441370,0.486376721,-0.610085040,0.496342906,-0.016029595,-0.229846868,0.458675496,1.520672933,0.825622245,-1.244708281,-0.508627371
0.089506858,-0.542511811,1.051924081,0.074636319,0.029040462,-0.614299221,0.784998432,-0.308124248,0.051728813,0.267176937,0.541375311,-0.413621307,0.144158351,-0.411104196,-0.189084526,-0.096307762,0.854594940,-0.192243071,0.031767607,-0.043847410,-0.048098982,0.108561797,0.068716500,0.329007595,0.133391276,-0.079161251,0.658332482,0.386376721,-0.609751839,0.496181401,0.002908554,-0.242092722,0.454072727,1.512046242,0.823812959,-1.241877575,-0.508457899
0.090800862,-0.549229492,1.045850871,0.078104884,0.020732748,-0.611170439,0.787362988,-0.255199401,0.045977600,0.276806068,0.505518010,-0.424087906,0.133015173,-0.447532818,-0.177006870,-0.088576396,0.876572636,-0.179276204,0.030597748,-0.059668549,-0.051409032,0.120270843,0.084294050,0.331298117,0.151086930,-0.120099893,0.671619524,0.295593556,-0.609182548,0.495961200,0.028221616,-0.249634391,0.450005338,1.505476905,0.822032338,-1.239040818,-0.508220494
0.090686754,-0.548603872,1.036227660,0.080164268,0.014368940,-0.610354201,0.787930817,-0.219409020,0.041128253,0.277572693,0.486840242,-0.439269141,0.114719653,-0.489181624,-0.162897428,-0.088709739,0.864339773,-0.166722563,0.027555904,-0.081480449,-0.052858069,0.142847731,0.098172003,0.303508155,0.169098919,-0.151066100,0.677796567,0.230989023,-0.608453583,0.495699182,0.041810051,-0.248481289,0.446526140,1.498528927,0.820303435,-1.236208644,-0.507924329
0.089640961,-0.541462769,1.024819989,0.083231559,0.010038143,-0.609999485,0.787954549,-0.185029815,0.037797181,0.281921571,0.464432967,-0.447826897,0.089687746,-0.519407467,-0.149772463,-0.097077571,0.806492455,-0.144790017,0.032871879,-0.090362832,-0.049451750,0.135077864,0.125359480,0.286981550,0.191606059,-0.129880976,0.687940160,0.184784798,-0.607619094,0.495403353,0.035876183,-0.259611689,0.444357019,1.481154548,0.818658051,-1.233388332,-0.507574148
0.087742413,-0.527798655,1.013627084,0.087001544,0.009727887,-0.608769545,0.788502214,-0.180719468,0.036395062,0.263107911,0.483542551,-0.458895151,0.065082837,-0.525453589,-0.140568011,-0.108636220,0.710373582,-0.109516011,0.040346372,-0.087497687,-0.043618161,0.139380414,0.150739351,0.275566449,0.197494567,-0.082195373,0.677290650,0.151489115,-0.606722803,0.495080350,0.041540332,-0.272869438,0.439651778,1.470681337,0.817098737,-1.230586651,-0.507180952
0.085488818,-0.509807777,1.004964082,0.091396022,0.009241862,-0.606898429,0.789452755,-0.163474385,0.035231620,0.262313542,0.471707293,-0.457908040,0.036068366,-0.522746677,-0.134589629,-0.122610408,0.594361772,-0.064400446,0.051749751,-0.092025007,-0.038301148,0.147823053,0.164173942,0.243683195,0.192737615,-0.061073590,0.676697865,0.127267765,-0.605792013,0.494734838,0.033728053,-0.283884784,0.433367011,1.479982935,0.815602752,-1.227801366,-0.506757771
0.083791763,-0.491397467,0.999890534,0.094092321,0.012764222,-0.607335969,0.788750107,-0.172628321,0.034199642,0.225430010,0.523302753,-0.472178297,0.022809629,-0.509039635,-0.128728118,-0.149339420,0.483944279,-0.009532203,0.053705279,-0.096224084,-0.034196979,0.158879069,0.172102424,0.233817197,0.190674156,-0.044172234,0.681149825,0.109426609,-0.604844873,0.494371944,0.032011401,-0.301432620,0.423974525,1.490453128,0.814148722,-1.225034370,-0.506319322
0.082085447,-0.468574243,0.999077002,0.094315509,0.012157478,-0.606812983,0.789135467,-0.159933838,0.032031113,0.205507006,0.546361292,-0.480172416,0.009230466,-0.494805987,-0.124625498,-0.181365921,0.400310394,0.037925314,0.056197508,-0.094030782,-0.030117270,0.175070436,0.186826335,0.226908946,0.183562407,-0.046800342,0.649239361,0.096039230,-0.603898260,0.493998073,0.035457089,-0.315605087,0.410458438,1.493352939,0.812712095,-1.222288499,-0.505878216
0.079241927,-0.442146619,1.000909468,0.092382123,0.009355272,-0.605388801,0.790495049,-0.127660343,0.028463741,0.194815675,0.542642093,-0.478633061,0.000247705,-0.470381371,-0.122005924,-0.226011959,0.338939459,0.081141293,0.054943014,-0.097746549,-0.031365171,0.209214994,0.208542412,0.244869094,0.168886342,-0.032052680,0.650871884,0.085801016,-0.602955416,0.493616828,0.058338319,-0.320242065,0.392531036,1.513001118,0.811244907,-1.219562800,-0.505448046
0.074567316,-0.415379959,1.004642952,0.093260837,0.007239625,-0.604308911,0.791240004,-0.118118492,0.023585938,0.183784260,0.562443362,-0.474372621,0.002475683,-0.455149020,-0.117587725,-0.262666125,0.303837450,0.101285829,0.046777110,-0.106779336,-0.030729406,0.251666868,0.220603093,0.261539667,0.153354399,-0.017898296,0.653705488,0.077794874,-0.602016396,0.493231782,0.079841681,-0.324626765,0.371412517,1.522911425,0.809717889,-1.216856377,-0.505037823
0.069836481,-0.392259782,1.007109553,0.096063575,0.004988684,-0.603467588,0.791564131,-0.104156823,0.021575213,0.177124972,0.593490987,-0.464293410,0.004297616,-0.445736185,-0.115266308,-0.299919841,0.279977989,0.116024961,0.043616340,-0.114357116,-0.032352313,0.308110087,0.228341158,0.274894291,0.139418065,-0.027396931,0.645113719,0.071373139,-0.601081173,0.492842898,0.097260944,-0.329035243,0.349137826,1.531218923,0.808114829,-1.214168361,-0.504653153
0.062743727,-0.373859733,1.008728995,0.097555871,0.004504803,-0.601765023,0.792679895,-0.110702918,0.024596981,0.170974761,0.655791625,-0.441432060,0.004334505,-0.424886080,-0.115384964,-0.338105469,0.254125459,0.113988977,0.035970948,-0.117361813,-0.034306512,0.403045516,0.242960987,0.289590221,0.131534989,-0.043831713,0.638593704,0.066092488,-0.600148858,0.492449375,0.121418136,-0.331922828,0.327307297,1.537440484,0.806428074,-1.211496139,-0.504296483
0.053664897,-0.363158857,1.010077191,0.099242675,0.004771868,-0.596827049,0.796194445,-0.103920682,0.032213485,0.173986838,0.697142767,-0.410467829,0.007605621,-0.397277191,-0.119497268,-0.383504570,0.222888436,0.112594645,0.033391052,-0.124371732,-0.037993180,0.469149747,0.257474112,0.303032014,0.118220565,-0.066024357,0.639608851,0.061649972,-0.599217408,0.492050202,0.140671067,-0.328988280,0.307033989,1.542061219,0.804649378,-1.208834440,-0.503967895
0.041848491,-0.357834858,1.007038975,0.093212997,-0.001547152,-0.589428115,0.802423479,-0.111992567,0.039456303,0.173684980,0.757427325,-0.379260066,0.017754645,-0.366417568,-0.124182759,-0.428563019,0.196310894,0.106646584,0.024657247,-0.127691922,-0.045730320,0.529941407,0.275997852,0.319636398,0.105911011,-0.036892244,0.633852630,0.086945715,-0.598282504,0.491646087,0.156320195,-0.322302843,0.288593148,1.546063884,0.802757089,-1.206177471,-0.503670324
0.030733957,-0.359132855,1.004742066,0.091487978,-0.005049644,-0.584983285,0.805852968,-0.120777422,0.043977814,0.168212726,0.816892944,-0.349425879,0.034825939,-0.332321826,-0.125241279,-0.463551794,0.183795853,0.084822849,0.013186715,-0.123159605,-0.052157429,0.585038587,0.291191484,0.351243595,0.090206932,0.007607291,0.640604984,0.112461425,-0.597334402,0.491233770,0.164183904,-0.311773873,0.271905158,1.547497843,0.800745523,-1.203518000,-0.503399561
0.022141892,-0.365510761,1.001371074,0.087398693,-0.007368321,-0.581661754,0.808688309,-0.182664059,0.046444128,0.149546634,0.954473937,-0.305465426,0.051880585,-0.287492474,-0.121686877,-0.480089173,0.186666541,0.041210834,-0.004360844,-0.101451404,-0.062905885,0.638284053,0.308630548,0.395804761,0.071170318,0.054931357,0.685459383,0.072213368,-0.596362928,0.490813627,0.168160206,-0.302706021,0.257216530,1.549301831,0.798648597,-1.200851816,-0.503149790
0.016964709,-0.373383420,0.998494289,0.083268353,-0.009116845,-0.579327652,0.810779092,-0.241108884,0.045416620,0.141611925,1.051837628,-0.275017066,0.070637581,-0.246289152,-0.118165103,-0.487656681,0.198488828,-0.001552374,-0.004530358,-0.076940464,-0.064993923,0.660058450,0.318577474,0.439817679,0.060739527,0.061382487,0.753680401,-0.011431594,-0.595361464,0.490388204,0.142069417,-0.296062401,0.244530328,1.546940516,0.796527533,-1.198184496,-0.502912801
0.016064372,-0.380329461,0.996878830,0.078318670,-0.010346899,-0.577555906,0.812519725,-0.287380080,0.044088998,0.139809419,1.122745428,-0.256933495,0.088136409,-0.202501327,-0.115276861,-0.494078506,0.202797446,-0.029835296,0.006564026,-0.046736609,-0.065966525,0.631757749,0.318342240,0.495159129,0.048948939,0.072182702,0.843680401,-0.066186537,-0.594323074,0.489957371,0.124111150,-0.288778955,0.234277477,1.546954136,0.794432401,-1.195520615,-0.502681557
0.017974911,-0.386915210,0.996546336,0.075481318,-0.010510783,-0.572571731,0.816304910,-0.388009684,0.047380350,0.140699824,1.231585149,-0.254720194,0.103130809,-0.167671671,-0.114437909,-0.492152733,0.209950469,-0.059349072,0.018639907,-0.010027592,-0.061071313,0.620057123,0.315131643,0.505795449,0.046434805,0.072318105,0.933680401,-0.114228078,-0.593257209,0.489523633,0.079600890,-0.289118136,0.227512541,1.540109125,0.792417480,-1.192870293,-0.502456866
0.021867937,-0.393969206,0.996983097,0.071595395,-0.004269639,-0.564272511,0.822467266,-0.475701893,0.044872592,0.152017913,1.258232966,-0.251489384,0.122144342,-0.112935178,-0.111040503,-0.500997806,0.201589712,-0.078210698,0.034426522,0.035699189,-0.058697756,0.579554641,0.313997445,0.512529519,0.037219399,0.046773187,1.023680401,-0.148324698,-0.592494892,0.489083854,0.053725790,-0.284964801,0.225257443,1.538215804,0.790504263,-1.190239545,-0.502238330
0.025025798,-0.402750220,0.995151851,0.066704886,0.003681246,-0.550238856,0.832330528,-0.539138567,0.053667314,0.169915579,1.212748680,-0.241881964,0.132293262,-0.073382163,-0.113313418,-0.505612306,0.203017830,-0.094445251,0.052467018,0.061243846,-0.052889402,0.527641414,0.303483148,0.502220603,0.035999446,0.038136928,1.113680401,-0.172189779,-0.591630743,0.488641951,0.027709723,-0.275628814,0.228274626,1.533581042,0.788695820,-1.187633336,-0.502025023
0.028473677,-0.413651731,0.991768133,0.059150510,0.011430599,-0.528097107,0.847044275,-0.567812516,0.057368941,0.189054269,1.128391332,-0.233414963,0.146711841,-0.031016869,-0.114593214,-0.517224351,0.198667342,-0.104727370,0.069151870,0.082729811,-0.050555205,0.477648696,0.301329468,0.483962768,0.028613486,0.058787152,1.203680401,-0.188817992,-0.590698159,0.488204579,0.021290374,-0.254811290,0.236135322,1.532332445,0.786969130,-1.185050195,-0.501814177
0.034246458,-0.424726383,0.987765805,0.048040750,0.007061745,-0.499822083,0.864765924,-0.587716131,0.053302225,0.214734512,1.020074838,-0.224758622,0.161193481,0.010986772,-0.112078444,-0.536796042,0.181260523,-0.112752817,0.084575988,0.107139379,-0.046562660,0.430581114,0.301655401,0.466026068,0.023535439,0.104898825,1.293680401,-0.200267481,-0.589714492,0.487775406,0.003851019,-0.245373182,0.247046023,1.535737804,0.785312014,-1.182484515,-0.501605405
0.043318279,-0.436737110,0.983068270,0.039644953,0.011340553,-0.467887657,0.882825470,-0.591760196,0.042798775,0.256590806,0.858404865,-0.202997129,0.172421844,0.047837998,-0.106982726,-0.563144428,0.161581256,-0.115842430,0.100633383,0.134151753,-0.042607872,0.362635914,0.290316785,0.443787517,0.019775349,0.156920239,1.383680401,-0.208033834,-0.588695432,0.487354489,-0.024982709,-0.233839922,0.259652069,1.538565198,0.783715183,-1.179936656,-0.501398776
0.055978677,-0.450033725,0.978445759,0.034691802,0.018301055,-0.436550234,0.898824479,-0.574278466,0.030512460,0.320036014,0.671768806,-0.171567022,0.180498879,0.072918051,-0.101385976,-0.588010524,0.148795067,-0.122148104,0.111868266,0.151905844,-0.041291149,0.346386257,0.267211130,0.404922956,0.015175349,0.200975513,1.451612788,-0.213194445,-0.587652174,0.486941783,-0.047652207,-0.219471481,0.272299023,1.542492364,0.782143181,-1.177404632,-0.501197285
0.072295534,-0.465478079,0.972944669,0.030210334,0.027270010,-0.408530535,0.911836874,-0.540554618,0.015229081,0.422272327,0.477542235,-0.137256266,0.188966405,0.104012750,-0.094829425,-0.613752917,0.144693547,-0.127540554,0.120597263,0.176091463,-0.042820902,0.322708432,0.243116164,0.400901276,0.015958686,0.246376798,1.434571925,-0.220416859,-0.583831541,0.486603371,-0.061536232,-0.201529596,0.283964102,1.545412557,0.780555584,-1.174885639,-0.501003271
0.090832406,-0.481828271,0.967251888,0.026787083,0.036056851,-0.381887184,0.923116750,-0.516521780,0.008445456,0.588046010,0.322898062,-0.109960359,0.191334187,0.131377817,-0.090610574,-0.628710125,0.149845042,-0.139415035,0.122758963,0.197675949,-0.045929075,0.292770463,0.214176016,0.392853722,0.025237608,0.323997378,1.396390732,-0.251486347,-0.599716798,0.485880833,-0.079557114,-0.190303167,0.294066934,1.546430361,0.778905017,-1.172380902,-0.500823582
0.110964062,-0.497155282,0.962591111,0.024518398,0.044476982,-0.354339359,0.933736721,-0.513897774,0.002168299,0.725304714,0.230853762,-0.086491282,0.186549163,0.153635323,-0.088307696,-0.630061637,0.149027923,-0.152230537,0.121477132,0.209715923,-0.046758735,0.262494325,0.189080493,0.369505835,0.016196843,0.392893070,1.370035091,-0.307077561,-0.641409273,0.484359194,-0.098520794,-0.178705354,0.302380574,1.547119243,0.777139893,-1.169890926,-0.500667051
0.131715474,-0.510688886,0.958696489,0.020909741,0.050438492,-0.328396171,0.942960602,-0.504353193,-0.006116913,0.791486991,0.188895305,-0.067641825,0.187276904,0.181468593,-0.089560079,-0.628707826,0.155501827,-0.162115620,0.121036033,0.220485292,-0.050120873,0.239149208,0.176541978,0.362044091,0.008060018,0.425249231,1.367447534,-0.370904421,-0.692707450,0.483720048,-0.104814966,-0.167452986,0.308673509,1.547032884,0.775237357,-1.167413093,-0.500534932
0.153379779,-0.519159505,0.957212659,0.017182782,0.054178648,-0.307411372,0.949877716,-0.483097761,-0.010647141,0.806477800,0.187926695,-0.055221175,0.190746331,0.210731184,-0.094513717,-0.622057206,0.168309842,-0.169917662,0.123828102,0.222936025,-0.055695860,0.209734989,0.163128894,0.347827314,0.007548459,0.437667794,1.393020871,-0.436760469,-0.753024740,0.483300893,-0.113708241,-0.156731241,0.312996926,1.548002220,0.773172026,-1.164942764,-0.500427365
0.176741823,-0.523412527,0.968043930,0.016734481,0.072476748,-0.278121399,0.957661509,-0.436019739,-0.016220646,0.801574279,0.200062969,-0.058037853,0.196736423,0.242867698,-0.104452955,-0.600978781,0.202143684,-0.163400297,0.125066393,0.217949902,-0.068564216,0.195519627,0.162939824,0.343740403,0.010397011,0.436585300,1.391053530,-0.492218201,-0.794524476,0.482913971,-0.098628493,-0.152728455,0.315441236,1.548934721,0.770925300,-1.162473927,-0.500338197
0.204160750,-0.518141899,0.986932437,0.039502518,0.094324239,-0.230406325,0.967706264,-0.375336800,-0.026269188,0.798858331,0.196008418,-0.080860831,0.195591305,0.245517556,-0.124454219,-0.518270507,0.294362724,-0.127375168,0.124952267,0.214357998,-0.085902411,0.176082845,0.169155109,0.348009901,0.019401470,0.509281554,1.393374222,-0.592218201,-0.822891854,0.482540744,-0.068058376,-0.150069748,0.316235162,1.550039646,0.768516511,-1.159995974,-0.500253596
0.222892832,-0.511955582,0.984103391,0.042510479,0.082668998,-0.224097684,0.970123149,-0.317970521,-0.034335447,0.780967392,0.189877440,-0.112084056,0.182518727,0.227859417,-0.139794160,-0.420112086,0.403911687,-0.083251792,0.134816969,0.206224029,-0.102981269,0.166050426,0.174755261,0.338451241,0.019516140,0.599281548,1.387999312,-0.692218201,-0.842030439,0.482166950,-0.043937412,-0.146566208,0.315795464,1.550399374,0.765992358,-1.157499948,-0.500159254
0.237778438,-0.502246223,0.977861124,0.045233414,0.064155811,-0.216497117,0.973122278,-0.259805273,-0.043444811,0.758238167,0.178353400,-0.146991168,0.163372273,0.142043661,-0.157619908,-0.322299912,0.586355081,-0.035222622,0.156516177,0.193812691,-0.115898221,0.154828485,0.182269846,0.311852891,0.010530424,0.689281548,1.390920949,-0.792218201,-0.854846531,0.481784971,-0.019657468,-0.145143176,0.314362864,1.551293189,0.763406806,-1.154984572,-0.500040721
0.247079329,-0.487599888,0.977286438,0.045830901,0.043628272,-0.196565727,0.978446737,-0.206157682,-0.048705260,0.714048516,0.171332146,-0.183911690,0.127433206,0.018840625,-0.174278369,-0.248280555,0.767779071,-0.010783138,0.155493822,0.164167124,-0.124549446,0.138722952,0.191058131,0.286260130,0.011679406,0.672959918,1.399788007,-0.873738315,-0.862452676,0.481390662,-0.011493471,-0.139168715,0.312264321,1.550436840,0.760778906,-1.152453018,-0.499888422
0.243724953,-0.469768975,0.979736620,0.041573756,-0.013490006,-0.170714045,0.984350729,-0.169436128,-0.048903908,0.643431499,0.176580573,-0.225939436,0.091764556,-0.126140768,-0.178067906,-0.186464076,0.910982818,-0.026958210,0.125727211,0.125786790,-0.124347952,0.126209326,0.202788233,0.239259624,0.016105194,0.646270271,1.374628448,-0.973738308,-0.866995917,0.480988067,-0.030064391,-0.147788001,0.309790240,1.546436615,0.758169230,-1.149911833,-0.499699218
0.228937208,-0.449238810,0.982749978,0.043530183,-0.011269652,-0.130276580,0.990457536,-0.128659817,-0.048429228,0.583137433,0.167879963,-0.247331443,0.055006703,-0.203900582,-0.170651743,-0.155758833,0.952792140,-0.063167218,0.101180928,0.101796918,-0.121378306,0.094566326,0.215826467,0.214676440,0.016455244,0.556270271,1.344110743,-1.073738308,-0.869386196,0.480578526,-0.044873027,-0.146172384,0.307806468,1.544194838,0.755613598,-1.147360722,-0.499471333
0.201884633,-0.427436247,0.984065261,0.046950421,-0.011558081,-0.087671359,0.994975277,-0.082054610,-0.050809108,0.523173180,0.141743258,-0.253084868,0.024342347,-0.302869645,-0.157333584,-0.124121425,0.965729042,-0.097938356,0.078070488,0.068717037,-0.117860917,0.084210696,0.232060245,0.196240095,0.018435147,0.466270275,1.315681507,-1.156991075,-0.870263708,0.480167214,-0.043647097,-0.142101439,0.306472135,1.542109144,0.753150888,-1.144799367,-0.499205383
0.173448606,-0.409469474,0.983462820,0.051680396,-0.009965404,-0.045580416,0.997573182,-0.040359191,-0.050498472,0.459147135,0.124635136,-0.265087417,-0.002104981,-0.370189304,-0.144613661,-0.103381051,0.933234962,-0.123734319,0.064264793,0.025748008,-0.111892868,0.071604267,0.249547003,0.178559734,0.021782885,0.376270293,1.289752754,-1.220433079,-0.870075261,0.479756329,-0.042209663,-0.138632736,0.305782629,1.539935691,0.750805838,-1.142224195,-0.498903646
0.154219604,-0.402341981,0.984681839,0.067536304,0.009905312,0.004497605,0.997657508,-0.010603989,-0.045759475,0.407841317,0.116230856,-0.274438874,-0.032111666,-0.405267319,-0.137660872,-0.088935328,0.841869691,-0.131134220,0.064753660,-0.015295357,-0.101693592,0.067454698,0.260222902,0.149298103,0.026636983,0.286274511,1.260694119,-1.279905218,-0.869135106,0.479346236,-0.037397363,-0.139377436,0.306493277,1.539811160,0.748597079,-1.139628240,-0.498570645
0.145570142,-0.399114672,0.983971541,0.071857862,0.023415947,0.053058832,0.995727323,0.023182084,-0.035478071,0.378335604,0.128421516,-0.299043184,-0.065882701,-0.418472462,-0.133254010,-0.087934248,0.691462876,-0.107450079,0.070004171,-0.051081662,-0.093996497,0.058205808,0.270609235,0.136059975,0.026612042,0.211701081,1.170806314,-1.310506809,-0.867672842,0.478938661,-0.031508358,-0.144814570,0.309545026,1.534443243,0.746538520,-1.137011519,-0.498210303
0.144126436,-0.399350995,0.984440097,0.075252470,0.037620672,0.096159821,0.991803932,0.050327809,-0.018158893,0.363375069,0.146257244,-0.317999989,-0.110295512,-0.396623941,-0.137474418,-0.104684093,0.507690556,-0.053159196,0.080938337,-0.079288193,-0.086391006,0.048282396,0.285397961,0.093314813,0.024336754,0.133230459,1.080806314,-1.210506841,-0.866767709,0.478534963,-0.029387778,-0.155964107,0.314014056,1.538116943,0.744593835,-1.134371564,-0.497838777
0.145349901,-0.399941786,0.989523779,0.074701437,0.052376091,0.126057911,0.987818730,0.069222274,0.001742300,0.354811689,0.166638525,-0.338222267,-0.143701956,-0.375584846,-0.146266718,-0.157943756,0.319662742,0.027106253,0.088343042,-0.117594580,-0.078937109,0.036221578,0.274316701,0.036502936,-0.065591075,0.043230459,0.990806314,-1.178361136,-0.865358489,0.478140985,-0.031922394,-0.170621210,0.322017181,1.532716504,0.742776633,-1.131711010,-0.497465218
0.147977183,-0.396940251,0.985320524,0.072108580,0.053648177,0.145359962,0.985288134,0.089828514,0.020799835,0.342272565,0.179429292,-0.350209085,-0.165968719,-0.369725920,-0.147049784,-0.205443919,0.184339603,0.100058971,0.087631677,-0.147486797,-0.076413320,0.010504337,0.259569363,0.054409650,-0.058884757,-0.046769541,0.966882253,-1.154945325,-0.863607656,0.477759635,-0.024343770,-0.178331500,0.332407017,1.537041820,0.741028958,-1.129031708,-0.497095000
0.149410283,-0.389262224,0.987213543,0.066046817,0.058199296,0.160288535,0.983136941,0.119674112,0.038105425,0.332794207,0.190485176,-0.356766587,-0.177817650,-0.368115939,-0.140794548,-0.193565743,0.101218469,0.147614825,0.091170885,-0.165909938,-0.081174037,-0.010910613,0.253761499,0.027543517,-0.013354877,-0.136769541,1.056882253,-1.054945325,-0.861623028,0.477393191,-0.006457903,-0.174606448,0.342011992,1.544968609,0.739277760,-1.126343110,-0.496735876
0.152499244,-0.377081298,0.994210825,0.064775766,0.081706018,0.169233316,0.980045056,0.140919292,0.053241026,0.329388078,0.212503873,-0.370191226,-0.182452457,-0.362710583,-0.134063053,-0.158299248,0.068583666,0.165526064,0.092386281,-0.173601149,-0.083121782,-0.008812122,0.257964204,0.072035254,0.052336973,-0.046769541,1.146882253,-0.963804069,-0.855836949,0.477043472,0.003133201,-0.170571048,0.350438758,1.546912072,0.737499891,-1.123653049,-0.496390814
0.160504633,-0.364652882,1.003218726,0.063097714,0.106784982,0.177917932,0.976197140,0.149708679,0.073842724,0.335473507,0.259244228,-0.377633957,-0.187125400,-0.339638971,-0.131051660,-0.180277122,0.078830094,0.165026502,0.079457586,-0.182016175,-0.083355521,-0.004327313,0.279153322,0.093347472,0.069708141,0.043230459,1.236882253,-1.063804069,-0.856132420,0.476711696,0.018193199,-0.177320867,0.357218092,1.548950629,0.735687576,-1.120959989,-0.496060357
0.172313665,-0.361132199,1.017841195,0.052693843,0.124849909,0.193585592,0.971679205,0.122203618,0.099410689,0.281857243,0.383546207,-0.364640050,-0.141438060,-0.276563572,-0.125869207,-0.222952664,0.095010976,0.147883004,0.061158359,-0.179116347,-0.092247537,-0.004836246,0.308874277,0.166340953,0.060680222,0.163230459,1.356882253,-1.203804069,-0.855584689,0.476396597,0.041905229,-0.186699807,0.362494902,1.549636188,0.733859259,-1.118262215,-0.495741300
0.182921619,-0.364646121,1.011775717,0.032139837,0.113699524,0.207163355,0.971145094,-0.014995732,0.112246768,0.146825690,0.664196224,-0.293982486,-0.044664654,-0.205008177,-0.117798283,-0.276899883,0.104623042,0.091876928,0.038858888,-0.171258260,-0.098118359,-0.028054598,0.323145806,0.178703297,0.046644139,0.253230459,1.446882253,-1.303804069,-0.854447754,0.476101314,0.057659970,-0.186279718,0.366954464,1.550647935,0.732048204,-1.115559503,-0.495431551
0.187960096,-0.366325700,1.005162351,0.029225192,0.095817010,0.227250528,0.968670319,-0.151659190,0.115540128,0.110589160,0.904054091,-0.234913195,0.020596682,-0.148846274,-0.108596919,-0.331242418,0.109549351,0.028681110,0.038301152,-0.164590883,-0.090124114,-0.040467170,0.338070259,0.166861402,0.040156125,0.339204525,1.493782152,-1.403802057,-0.852902227,0.475831646,0.070502946,-0.195838185,0.370801915,1.550808438,0.730289246,-1.112848226,-0.495128695
0.183012722,-0.357821020,1.001820733,0.035270935,0.076337176,0.245203006,0.965817831,-0.269029675,0.110395451,0.109529771,1.048238711,-0.237459540,0.073659371,-0.095239264,-0.098261740,-0.369936566,0.102795471,-0.012581392,0.048339998,-0.136595061,-0.082582542,-0.063992342,0.324111622,0.178745117,0.037587094,0.336110063,1.481825753,-1.433402584,-0.851076996,0.475584687,0.075915737,-0.200835822,0.374318343,1.549973565,0.728596434,-1.110131424,-0.494831621
0.170148674,-0.347610006,0.998508378,0.039471423,0.059365234,0.259965272,0.962982779,-0.366942795,0.107138491,0.130049082,1.109890381,-0.264019168,0.113867984,-0.042262415,-0.091463444,-0.387479587,0.089353195,-0.038790732,0.062105624,-0.106085279,-0.075345950,-0.083877363,0.321035676,0.185740923,0.037267215,0.304368953,1.470871811,-1.441114462,-0.849061313,0.475350808,0.074951195,-0.206855964,0.377667799,1.551010521,0.726979338,-1.107409330,-0.494540666
0.150679811,-0.335062072,0.996849478,0.040174436,0.044309814,0.271545070,0.960565422,-0.451210849,0.108932440,0.159212339,1.122263895,-0.279315864,0.139238485,0.009563320,-0.086688211,-0.387828218,0.067860010,-0.049599066,0.075948411,-0.075475955,-0.071233772,-0.103426840,0.318812417,0.183943994,0.038980383,0.263706967,1.439539579,-1.447159018,-0.846919535,0.475118889,0.070434000,-0.213508293,0.381176119,1.549777402,0.725466622,-1.104684196,-0.494253257
0.131877504,-0.333559661,0.995417675,0.039118850,0.030374237,0.282167839,0.958085817,-0.521762475,0.110498481,0.188704666,1.106419975,-0.278454567,0.153898552,0.047333651,-0.089782533,-0.411469236,0.066666800,-0.062769200,0.082624284,-0.047797567,-0.069309895,-0.133848225,0.315436918,0.199283430,0.038519903,0.223143002,1.387632953,-1.462421726,-0.844691725,0.474876531,0.072718747,-0.218429693,0.384837496,1.548258230,0.724078777,-1.101958266,-0.493966222
0.116052787,-0.340151780,0.989917917,0.042965299,0.002082531,0.292691164,0.955238990,-0.528232131,0.100713259,0.238743268,0.913167722,-0.243627970,0.161049706,0.097243709,-0.091855274,-0.414162787,0.048255594,-0.059965466,0.097149065,-0.027334475,-0.067971517,-0.148544557,0.314164498,0.226681412,0.037626066,0.203939286,1.388042916,-1.490228685,-0.842399054,0.474610730,0.061794939,-0.216864686,0.388577294,1.548302663,0.722848155,-1.099234789,-0.493673487
0.110266273,-0.337035379,0.986566694,0.039816382,-0.002854319,0.308495519,0.950387828,-0.474197747,0.072925915,0.361750623,0.599647444,-0.191139307,0.163144968,0.151554571,-0.091085755,-0.417452165,0.036049167,-0.074621460,0.112947362,-0.000521128,-0.065428298,-0.148682786,0.310979640,0.266248737,0.037589682,0.194057385,1.436008783,-1.506724991,-0.840049577,0.474310580,0.045602967,-0.223289915,0.392232732,1.547452617,0.721865354,-1.096523445,-0.493368568
0.115087962,-0.326584774,0.982493632,0.039715434,-0.001832455,0.323270991,0.945470884,-0.457248257,0.059304423,0.523414434,0.400978546,-0.152581353,0.159422654,0.187002242,-0.094796433,-0.428062960,0.057608419,-0.109223590,0.106067897,0.017795821,-0.065324664,-0.159336757,0.297648511,0.307929922,0.045899291,0.205176739,1.440957115,-1.515290405,-0.837650193,0.473972324,0.041123966,-0.233657206,0.394302697,1.543609358,0.721131014,-1.093832071,-0.493050748
0.126379531,-0.310133658,0.977970521,0.037357288,-0.000309439,0.332119768,0.942497107,-0.478419770,0.049083359,0.648869434,0.298576256,-0.128307450,0.153866613,0.214905809,-0.100844798,-0.443547341,0.082346590,-0.132322625,0.095469001,0.041799776,-0.062328204,-0.182065155,0.284973132,0.343913134,0.044147171,0.233316123,1.448696156,-1.518279838,-0.835201920,0.473597818,0.025254045,-0.232133773,0.393817665,1.540738520,0.720571400,-1.091161382,-0.492730081
0.140401344,-0.291932235,0.972525919,0.034497503,-0.001445667,0.334104738,0.941903316,-0.527374542,0.050498350,0.706271096,0.249975859,-0.098434675,0.153426947,0.243674754,-0.112917640,-0.452349241,0.112648337,-0.152959973,0.088175639,0.064878240,-0.061572664,-0.207470955,0.277988707,0.374314072,0.035783159,0.272628519,1.436318252,-1.517358479,-0.832713576,0.473195445,0.015435389,-0.235734261,0.388978875,1.536271972,0.720092651,-1.088517767,-0.492419577
0.152255870,-0.277369226,0.967382160,0.032490809,-0.012435736,0.321316169,0.946332721,-0.579986854,0.050858350,0.743171956,0.224459783,-0.072489132,0.158084703,0.263519989,-0.126862552,-0.448287335,0.157689962,-0.173359220,0.080017306,0.085521381,-0.059228343,-0.215199731,0.270529325,0.393558449,0.027004579,0.314804379,1.393833827,-1.513730784,-0.830200076,0.472774385,0.009288703,-0.238846797,0.378089733,1.527391306,0.719620388,-1.085910117,-0.492125219
0.161446392,-0.268052871,0.964087177,0.034551549,-0.016896002,0.319995039,0.946638205,-0.628693835,0.047046260,0.773643038,0.213498444,-0.051424040,0.163580663,0.280216587,-0.134603977,-0.420025123,0.198647487,-0.189002878,0.069377703,0.101565161,-0.058818928,-0.223665115,0.270733014,0.406437537,0.007462311,0.346681502,1.315150003,-1.508258578,-0.827676273,0.472343446,0.005369600,-0.238461373,0.360321862,1.517866659,0.719101010,-1.083345489,-0.491850169
0.167620877,-0.266127286,0.968743913,0.030663710,-0.006622198,0.347822862,0.937035293,-0.657538841,0.044753841,0.804046900,0.209491791,-0.034235363,0.167950866,0.291796690,-0.140414871,-0.392130148,0.239467464,-0.202605153,0.064094232,0.102685559,-0.058837062,-0.229057310,0.275629859,0.410315583,-0.011660449,0.355158476,1.225150003,-1.501537854,-0.825154383,0.471908141,0.007283598,-0.238889647,0.336658483,1.511639660,0.718489158,-1.080828672,-0.491595784
0.174086773,-0.258020220,0.983858168,0.033082887,0.037414253,0.405413250,0.912768203,-0.674074146,0.047016388,0.795189005,0.225906383,-0.019621630,0.173050406,0.293469036,-0.146454463,-0.361784741,0.291872129,-0.215457753,0.059172385,0.099209077,-0.058048280,-0.240060658,0.284452775,0.422631133,-0.026225137,0.345166146,1.135150003,-1.493971981,-0.822643883,0.471471706,0.013297583,-0.233802278,0.308922588,1.504507243,0.717758710,-1.078360488,-0.491357131
0.176297142,-0.244717908,0.977520088,0.033158765,0.048318842,0.390428186,0.918766356,-0.672598397,0.055527157,0.743788152,0.266186799,-0.009531822,0.175401088,0.293350230,-0.155074181,-0.328722373,0.351529291,-0.228548538,0.057962351,0.091330363,-0.059533282,-0.244074054,0.296881357,0.435687195,-0.033217114,0.336656130,1.045150003,-1.485806458,-0.820145030,0.471037551,0.015794388,-0.226016219,0.280023232,1.501713507,0.716886785,-1.075932138,-0.491129036
0.176274444,-0.228270597,0.964820333,0.028886804,0.052542793,0.365884979,0.928726542,-0.693114179,0.064048584,0.603247272,0.357582677,-0.013463409,0.173554393,0.272914936,-0.164311660,-0.281070062,0.447948629,-0.235677556,0.053874591,0.080949719,-0.062316042,-0.253658972,0.303265302,0.421976680,-0.022546326,0.342372115,1.078591622,-1.477200064,-0.817655753,0.470607162,0.022318074,-0.215833430,0.254023639,1.501756639,0.715872045,-1.073532989,-0.490902192
0.176563484,-0.216914418,0.949049098,0.031006071,0.045331036,0.345590922,0.936776726,-0.764271399,0.067129145,0.425936811,0.506635508,-0.040492476,0.168971789,0.204525267,-0.176324555,-0.234459396,0.595039052,-0.240945524,0.050635042,0.067424343,-0.062327992,-0.257501799,0.294328278,0.413107425,-0.021926978,0.339275405,1.040739683,-1.468318214,-0.815185182,0.470183934,0.014247117,-0.202334636,0.234507093,1.495318556,0.714733520,-1.071162706,-0.490672127
0.183131124,-0.207973483,0.932790098,0.035695340,0.033836284,0.318018426,0.946807916,-0.866214886,0.072937525,0.299648510,0.725652786,-0.106157599,0.176391165,0.128252392,-0.184922171,-0.196816947,0.736302006,-0.263054590,0.043263458,0.061728529,-0.060798439,-0.256387220,0.287609571,0.413161369,-0.018747359,0.314393952,0.950739683,-1.459283642,-0.812744800,0.469774319,0.004502367,-0.190480508,0.226136549,1.480944551,0.713488535,-1.068821826,-0.490435156
0.188514435,-0.205737810,0.913832474,0.042128752,0.021386349,0.294132579,0.954596155,-0.985550733,0.080518383,0.241583793,0.916336712,-0.153534124,0.182910449,0.039301914,-0.189786726,-0.163299982,0.865234375,-0.303691963,0.031949296,0.073787934,-0.049752636,-0.239455842,0.272429295,0.408514317,-0.015977906,0.262357660,0.860739683,-1.450194248,-0.810343873,0.469384665,-0.017700440,-0.182149421,0.230460679,1.472744231,0.712161358,-1.066509715,-0.490190244
0.182422477,-0.212001249,0.897031582,0.048478445,0.010002708,0.280939163,0.958448211,-1.080571380,0.091635779,0.217652955,1.038887588,-0.173418693,0.176590017,-0.011623918,-0.191948254,-0.144661496,0.931710992,-0.350314722,0.024825338,0.072868489,-0.039707192,-0.228417920,0.281736740,0.403897885,-0.009517038,0.205719058,0.770739683,-1.427504906,-0.807986863,0.469018121,-0.031613139,-0.173959261,0.250708129,1.454316880,0.710782914,-1.064222731,-0.489935897
0.157272648,-0.229469717,0.888924985,0.055912430,0.008146083,0.278041318,0.958905870,-1.134789507,0.101348078,0.216238642,1.074662212,-0.164404862,0.165301714,-0.038066868,-0.197611559,-0.132946611,0.970287846,-0.388131781,0.026885840,0.079044924,-0.035616563,-0.224703201,0.276125185,0.394978587,-0.007281124,0.176592822,0.695408129,-1.376044123,-0.805667153,0.468671583,-0.043864815,-0.180996035,0.272185087,1.478772624,0.709354366,-1.061954776,-0.489680390
0.123566303,-0.254657490,0.884261892,0.059185526,0.010554187,0.279241850,0.958336930,-1.197150766,0.109538496,0.218379131,1.103111161,-0.154455474,0.155586830,-0.066720366,-0.201327916,-0.120595304,1.003300219,-0.420034011,0.019118660,0.089525074,-0.027245009,-0.214530510,0.253337604,0.371734838,-0.007093127,0.159451114,0.652323950,-1.314199819,-0.803352005,0.468344861,-0.065835878,-0.181727912,0.291025444,1.485509110,0.707881594,-1.059705269,-0.489429169
0.095844962,-0.278070838,0.878497488,0.064079200,0.008613292,0.277606385,0.958516751,-1.268375874,0.117512292,0.215348361,1.163962729,-0.153374502,0.144525560,-0.092038174,-0.207114727,-0.107186683,1.045557140,-0.448240006,0.014581495,0.085140813,-0.019560927,-0.221115018,0.243344756,0.345762814,-0.006912100,0.141218362,0.619496472,-1.258490991,-0.800726072,0.468037078,-0.086669234,-0.181493563,0.306771819,1.490561322,0.706368443,-1.057472424,-0.489185260
0.072688517,-0.301435908,0.873214943,0.069983341,0.011640175,0.276956096,0.958259964,-1.339330464,0.125738660,0.211487560,1.232953402,-0.159812552,0.132660277,-0.110338524,-0.215804258,-0.097016922,1.081074949,-0.473605676,0.018216084,0.083112642,-0.012774089,-0.219708332,0.220229721,0.325250950,-0.001546749,0.105492181,0.583055125,-1.205302732,-0.799953513,0.467746690,-0.114881405,-0.187564806,0.319589972,1.484692895,0.704828602,-1.055258036,-0.488951775
0.055657083,-0.323002181,0.872859948,0.075702084,0.008186846,0.276883693,0.957881825,-1.403837454,0.131543189,0.207650740,1.307876103,-0.172734704,0.124258926,-0.113982699,-0.224917298,-0.086433679,1.119437626,-0.494591455,0.024778470,0.075936459,-0.011433579,-0.214568700,0.200815202,0.322371205,0.003740303,0.086197994,0.572629422,-1.157538928,-0.798817397,0.467470660,-0.123761484,-0.188991835,0.329495421,1.481587038,0.703261184,-1.053060563,-0.488728918
0.042153990,-0.342886545,0.876545305,0.080263238,0.005158379,0.275624143,0.957894846,-1.466565757,0.136077225,0.202705133,1.387883760,-0.194792939,0.119215200,-0.122668085,-0.234540021,-0.077099901,1.163292893,-0.513467408,0.035323085,0.065251423,-0.008796559,-0.205416404,0.182165282,0.302566385,0.016491031,0.024824499,0.541578359,-1.084540098,-0.797614551,0.467209158,-0.131962293,-0.187959939,0.341863860,1.458349154,0.701690793,-1.050882479,-0.488514843
0.033700597,-0.358379262,0.878716215,0.084180103,0.002859406,0.274156604,0.957989400,-1.509764872,0.139580221,0.199224708,1.438948893,-0.210122044,0.112180269,-0.122415343,-0.244247549,-0.069254245,1.203336410,-0.523242622,0.049490761,0.056923275,-0.009359596,-0.204320028,0.178693597,0.298079300,0.028358684,-0.033084662,0.512580131,-0.984559998,-0.794058865,0.466958762,-0.128712979,-0.195258597,0.355756875,1.441085306,0.700129755,-1.048721544,-0.488307149
0.030910068,-0.366576002,0.877623071,0.085904509,0.002803441,0.273957553,0.957893426,-1.534231374,0.140910588,0.196246862,1.454908941,-0.216850696,0.105290448,-0.122033252,-0.252689616,-0.061488770,1.233489074,-0.526969471,0.062879406,0.050622831,-0.009373994,-0.199499575,0.176626258,0.296208621,0.034450379,-0.071575944,0.496034213,-0.884559999,-0.788758460,0.466718227,-0.130549960,-0.198235149,0.369380101,1.440120020,0.698583796,-1.046572303,-0.488106276
0.033923887,-0.366247181,0.874104030,0.084759261,0.005089686,0.271743154,0.958616514,-1.553972969,0.139982493,0.192023800,1.460057610,-0.220132697,0.102064117,-0.118171383,-0.259454890,-0.053923162,1.252218805,-0.528887073,0.073346132,0.049832341,-0.009906187,-0.206296425,0.172066653,0.301674432,0.037044991,-0.088670923,0.484716892,-0.784559999,-0.787188865,0.466488096,-0.127954324,-0.195856330,0.381556802,1.437819647,0.697064761,-1.044431283,-0.487911452
0.041232844,-0.361650694,0.868453854,0.081007829,0.009031321,0.268360860,0.959863853,-1.578052996,0.138372966,0.185062223,1.469140919,-0.221487606,0.101393554,-0.121115976,-0.265018069,-0.046373424,1.276154851,-0.531131802,0.076699690,0.054612148,-0.008909807,-0.212840087,0.162060011,0.309115645,0.038621208,-0.094357149,0.474088497,-0.694327558,-0.786375683,0.466270466,-0.122134652,-0.187433291,0.391923725,1.430028422,0.695575602,-1.042295626,-0.487720124
0.046838571,-0.358649915,0.864549413,0.079205662,0.011510020,0.264211795,0.961137924,-1.576021365,0.135640842,0.177564857,1.465649025,-0.224856469,0.099598262,-0.109405129,-0.268708822,-0.042757227,1.280084189,-0.530836229,0.080379142,0.056281257,-0.009158174,-0.219087549,0.171673993,0.326615184,0.038390055,-0.090189187,0.455124522,-0.630285136,-0.787198307,0.466066360,-0.105662342,-0.183332960,0.399136377,1.435924708,0.694111704,-1.040155218,-0.487528718
0.049907747,-0.357201296,0.861753465,0.075941673,0.013339410,0.262421242,0.961867982,-1.562670636,0.134650576,0.171368485,1.447208282,-0.220458929,0.096658992,-0.094677957,-0.272372372,-0.043257425,1.270384216,-0.526202498,0.082349060,0.062842922,-0.008987646,-0.219339487,0.177153158,0.345337269,0.036394651,-0.074761517,0.439011940,-0.607270240,-0.787700564,0.465877502,-0.092160944,-0.178244911,0.401951380,1.448061310,0.692665338,-1.038005276,-0.487334981
0.050941060,-0.358004937,0.860707989,0.071131979,0.014633608,0.257963903,0.963421364,-1.547476972,0.134786237,0.164853616,1.435856933,-0.215338316,0.095559395,-0.077916498,-0.274222543,-0.044684556,1.256948411,-0.522736016,0.078114077,0.070525243,-0.009865629,-0.215107023,0.181595398,0.361488854,0.030628134,-0.044179460,0.434620299,-0.637805819,-0.785344015,0.465703601,-0.080382665,-0.166830532,0.400374906,1.461220681,0.691225467,-1.035841118,-0.487136998
0.046557842,-0.361919710,0.859633118,0.066080190,0.016566756,0.252579040,0.965174999,-1.521257439,0.133492959,0.157868159,1.415499324,-0.212295096,0.093134132,-0.066516344,-0.274592752,-0.048410522,1.239268989,-0.516311125,0.072402600,0.073326093,-0.009891938,-0.214095488,0.189967514,0.362171334,0.026967667,-0.014363123,0.453978247,-0.720897906,-0.782430512,0.465544308,-0.079682798,-0.161183863,0.396128688,1.479067005,0.689777890,-1.033659400,-0.486934136
0.035540083,-0.369240171,0.859940779,0.060442576,0.017714953,0.246269143,0.967152720,-1.510410823,0.131235427,0.152834255,1.398866985,-0.212661392,0.091068397,-0.063226709,-0.271689060,-0.054505560,1.210466832,-0.511679742,0.064409485,0.084493030,-0.004909970,-0.204188721,0.174027857,0.355016828,0.027062871,0.016616074,0.491009719,-0.820897906,-0.781177128,0.465401092,-0.090918906,-0.157660921,0.391347981,1.488969456,0.688324424,-1.031465514,-0.486725915
0.026844228,-0.376470603,0.862277994,0.056843512,0.020136574,0.240133508,0.968864919,-1.485330930,0.129114634,0.151859699,1.365731555,-0.208730053,0.087438454,-0.056446837,-0.266800965,-0.062140428,1.164981201,-0.503329025,0.055769707,0.094126700,-0.003827908,-0.188785753,0.159399983,0.352281152,0.023345650,0.038013478,0.516003079,-0.920897906,-0.778094705,0.465273006,-0.091899318,-0.157761693,0.386484087,1.489090682,0.686881533,-1.029266401,-0.486511135
0.021973548,-0.381401882,0.867789328,0.051175529,0.024884919,0.233836463,0.970609249,-1.447877693,0.125139910,0.152551908,1.327104917,-0.208294078,0.084055992,-0.036469398,-0.260412628,-0.074648660,1.091332648,-0.487024788,0.050231471,0.101275497,-0.002762635,-0.186124317,0.153653267,0.356305527,0.021013017,0.056675199,0.539260083,-1.020891907,-0.775092267,0.465156361,-0.085794953,-0.153927978,0.383720571,1.480281297,0.685470680,-1.027066148,-0.486287186
0.020360205,-0.383817240,0.875295671,0.046838215,0.026965902,0.222806890,0.973363299,-1.399220372,0.120420351,0.156605771,1.274153717,-0.206237665,0.081435175,-0.011982324,-0.254273783,-0.090988107,0.993025018,-0.461959429,0.049446953,0.110945081,-0.003755648,-0.170820702,0.139729413,0.351181393,0.020163678,0.060699690,0.558531529,-1.120890265,-0.772785307,0.465047076,-0.084261127,-0.151882470,0.385357446,1.467875458,0.684118237,-1.024871054,-0.486053411
0.019614190,-0.385310162,0.886850584,0.041176774,0.035951211,0.214913932,0.975102038,-1.338335134,0.118756482,0.166996971,1.191773181,-0.193118584,0.074247405,0.003297474,-0.249017931,-0.108591931,0.888827449,-0.429112732,0.046615079,0.119580793,-0.004133411,-0.148331247,0.124674503,0.334154433,0.024429827,0.043538546,0.564677042,-1.198304044,-0.770319743,0.464945044,-0.092358334,-0.148065262,0.394214832,1.450574443,0.682824911,-1.022690708,-0.485812899
0.014983853,-0.388215819,0.901519565,0.033448204,0.046879929,0.205698408,0.976919472,-1.259503765,0.116952974,0.180612880,1.089522107,-0.178004000,0.072476698,0.014639906,-0.243209135,-0.128786367,0.784931139,-0.388638475,0.047099705,0.116443475,-0.006210326,-0.107168849,0.119850300,0.298268749,0.031191243,-0.001034517,0.545016419,-1.202611012,-0.768323588,0.464852546,-0.090833161,-0.146039031,0.410004214,1.430003732,0.681574997,-1.020532376,-0.485569279
0.009262636,-0.389593538,0.917043281,0.024325974,0.060751081,0.197495752,0.978117059,-1.155690534,0.114002815,0.199218012,0.970748406,-0.166639090,0.071542540,0.028115294,-0.234098881,-0.151683202,0.673836644,-0.338325601,0.049117469,0.105935795,-0.011737659,-0.067678044,0.132160397,0.248594563,0.036958000,-0.051669386,0.555137838,-1.161005184,-0.766696592,0.464774109,-0.088332593,-0.149083915,0.426842873,1.428195055,0.680347472,-1.018395646,-0.485329090
0.007481772,-0.389159144,0.932320994,0.018964302,0.074926117,0.196253486,0.977502431,-1.046920620,0.109543555,0.227098435,0.845315231,-0.150223277,0.071194998,0.057781009,-0.225710083,-0.182193200,0.575360190,-0.283472116,0.061131305,0.128791214,-0.022070334,-0.036332758,0.128880821,0.267210559,0.038617039,-0.042098536,0.560773401,-1.109826671,-0.764915853,0.464699501,-0.057454962,-0.168121382,0.435713784,1.444803882,0.679140263,-1.016275274,-0.485092878
0.010198787,-0.386836913,0.951181986,0.014299362,0.100228103,0.203746049,0.973774822,-0.944043035,0.100601657,0.257221195,0.730612665,-0.133211307,0.082586921,0.047215246,-0.222713822,-0.199388615,0.548406895,-0.239347680,0.074359742,0.134968237,-0.032891443,-0.017150652,0.118861226,0.285917669,0.042660816,0.000996334,0.621203553,-1.084401720,-0.762700583,0.464622348,-0.059975587,-0.187569700,0.436103363,1.471075954,0.677959684,-1.014170614,-0.484864850
0.018201177,-0.376338373,0.964993969,0.012071896,0.138227988,0.216656169,0.966337103,-0.821519754,0.092850819,0.298446791,0.624424458,-0.131669245,0.096729663,0.029267445,-0.231032016,-0.201955990,0.568982827,-0.196527923,0.092616036,0.129770026,-0.049407407,-0.013310003,0.115737925,0.309345567,0.040192612,0.041486478,0.651459478,-1.081825054,-0.760405465,0.464533735,-0.037582399,-0.194668392,0.430742181,1.466349500,0.676803474,-1.012083706,-0.484641951
0.036613948,-0.357036143,0.973260118,0.021552668,0.146900529,0.242329446,0.958765955,-0.676483857,0.078824192,0.355288233,0.514784146,-0.148559600,0.116121964,-0.026009914,-0.235623655,-0.169042348,0.682612138,-0.164297141,0.099651490,0.102920065,-0.066412083,-0.022169255,0.147118740,0.326197552,0.041961762,0.079446134,0.706266317,-1.089742421,-0.758203936,0.464425423,0.000575493,-0.208325244,0.419526472,1.491509826,0.675632276,-1.010003977,-0.484420803
0.062997703,-0.331321568,0.978980083,0.029884152,0.146653315,0.275865006,0.949472612,-0.538991114,0.060099527,0.407834902,0.436891031,-0.187756497,0.129874930,-0.113615847,-0.229467067,-0.127468125,0.826068285,-0.141582184,0.097308546,0.063314444,-0.083643468,-0.025807621,0.166960497,0.335905023,0.028012867,0.127077038,0.745363696,-1.124252655,-0.756053981,0.464296447,0.043756316,-0.206912501,0.402433535,1.498456005,0.674425200,-1.007932930,-0.484198668
0.087091784,-0.305258071,0.981247983,0.038606800,0.142947056,0.315208853,0.937400146,-0.430053509,0.043935633,0.464386955,0.376778863,-0.227502981,0.124725828,-0.206424176,-0.211182134,-0.089433994,0.976161562,-0.142719419,0.092745320,0.006779747,-0.092710687,-0.027159734,0.185512138,0.304720012,0.017436756,0.128933425,0.757789628,-1.164669991,-0.754131811,0.464147553,0.060888151,-0.208653164,0.381223078,1.504657525,0.673178279,-1.005868993,-0.483974014
0.102096953,-0.282998753,0.981333115,0.047410664,0.133078381,0.353097419,0.924859225,-0.330535093,0.029538785,0.486800839,0.351584959,-0.289148590,0.107995320,-0.345271095,-0.188850821,-0.059889718,1.086266368,-0.154709042,0.073168921,-0.074876448,-0.096143943,-0.041652754,0.204130903,0.288226557,0.013844981,0.129291371,0.766175749,-1.199903823,-0.751841766,0.463983705,0.094287125,-0.220481938,0.355637974,1.492590854,0.671933691,-1.003807289,-0.483730825
0.110373028,-0.265815364,0.979605416,0.051103657,0.124589513,0.384954517,0.913058536,-0.246326669,0.027021974,0.485369468,0.345965527,-0.348864363,0.069825494,-0.472017709,-0.179892526,-0.050588701,1.175278950,-0.176362838,0.060216067,-0.163012085,-0.093242314,-0.053231430,0.216395162,0.246041009,0.024427802,0.080186037,0.778706730,-1.222225592,-0.749616137,0.463809429,0.111216387,-0.239204646,0.324368141,1.480225520,0.670716718,-1.001744958,-0.483462984
0.116540352,-0.255002703,0.976058539,0.053952723,0.117381183,0.408089394,0.903755392,-0.171040295,0.030629632,0.453801516,0.355658463,-0.398266714,0.033455863,-0.600531820,-0.169787520,-0.050435110,1.196244029,-0.189838805,0.047116982,-0.219843543,-0.093563299,-0.056243302,0.209370131,0.228881804,0.032500100,0.078623691,0.868706728,-1.216117711,-0.747528653,0.463627326,0.108892581,-0.240975300,0.289162276,1.478349155,0.669526992,-0.999683273,-0.483171578
0.122521547,-0.248478867,0.971448113,0.053335011,0.118903565,0.422697180,0.896852503,-0.094410503,0.036778699,0.425798358,0.363469860,-0.430341995,-0.005243905,-0.680508557,-0.161332855,-0.064894074,1.107107712,-0.179884664,0.046128394,-0.262913228,-0.093318844,-0.068928079,0.214366691,0.222667051,0.030297194,0.129824756,0.958706728,-1.188414861,-0.745691084,0.463437914,0.111733566,-0.234179329,0.254857915,1.476385192,0.668389245,-0.997621982,-0.482856447
0.125489713,-0.244074674,0.967575940,0.050383493,0.126113782,0.427733770,0.893644583,-0.011607911,0.047060542,0.439229060,0.345509897,-0.433840191,-0.061265381,-0.692528938,-0.161197302,-0.114321105,0.831259817,-0.125292537,0.062176577,-0.280232211,-0.089515864,-0.093011060,0.219340707,0.189753993,0.026644241,0.180511201,1.048706728,-1.145331933,-0.744145752,0.463237301,0.103120163,-0.233931047,0.223644620,1.489775602,0.667305189,-0.995559374,-0.482526985
0.124859886,-0.244734996,0.964611054,0.044350281,0.132903595,0.423702701,0.894899832,0.060985027,0.060751089,0.443392309,0.336945735,-0.440473606,-0.106955625,-0.678845657,-0.165528441,-0.183937147,0.550132691,-0.041290241,0.072510101,-0.295377363,-0.085886143,-0.107523773,0.226191145,0.157640129,0.023689780,0.216194602,1.115106943,-1.072732291,-0.743634388,0.463022435,0.110541547,-0.230253642,0.196122830,1.498177591,0.666257665,-0.993497248,-0.482193298
0.118199206,-0.252079836,0.961924770,0.040665358,0.132303923,0.417517413,0.898065259,0.126153955,0.076258063,0.440122299,0.330232544,-0.450012511,-0.136539058,-0.650916450,-0.174959834,-0.304363735,0.319233127,0.052431722,0.064528222,-0.303302615,-0.084889136,-0.114460231,0.230448905,0.153334822,0.012303291,0.182376428,1.065895066,-0.972732293,-0.745669090,0.462793140,0.118263487,-0.231159086,0.172711730,1.511633779,0.665216166,-0.991435154,-0.481865416
0.109048380,-0.260554292,0.958600899,0.039335345,0.131238153,0.407684485,0.902786043,0.171521677,0.094021565,0.442114336,0.332231789,-0.456680443,-0.153403949,-0.641083507,-0.175838193,-0.392984962,0.198880869,0.108734491,0.041477901,-0.319021151,-0.082222662,-0.106127139,0.233379199,0.140430431,-0.014538474,0.092376428,0.985641399,-0.872732293,-0.746497059,0.462558224,0.131323826,-0.240526361,0.153959495,1.526242210,0.664139761,-0.989370547,-0.481555244
0.102404408,-0.266247712,0.954470158,0.040873372,0.128730460,0.398300408,0.907256646,0.208202402,0.110855710,0.444189844,0.337952098,-0.454377459,-0.157898738,-0.643065148,-0.172948717,-0.406633531,0.157301577,0.133481311,0.025869385,-0.330604112,-0.083024994,-0.096844510,0.250453968,0.120641131,-0.036633215,0.002376428,1.005588128,-0.772732293,-0.746490702,0.462326299,0.137876685,-0.253455489,0.139517997,1.536412538,0.662984406,-0.987302965,-0.481272108
0.100144879,-0.268722230,0.954702714,0.041785779,0.130475452,0.392542908,0.909472468,0.231194664,0.127966262,0.397128090,0.374000206,-0.460364882,-0.140823731,-0.644920364,-0.177669223,-0.385823077,0.180690086,0.139791173,0.007096747,-0.335090664,-0.086707515,-0.088185612,0.254743547,0.144109250,-0.039119760,-0.087623572,0.963194507,-0.672732293,-0.745906770,0.462100659,0.149572723,-0.260594538,0.128673267,1.541102871,0.661732040,-0.985233453,-0.481022545
0.102063685,-0.268707967,0.957035588,0.042362927,0.123370403,0.393962260,0.909823535,0.262203917,0.144030210,0.341827044,0.408782117,-0.452293136,-0.113021448,-0.632627725,-0.181870343,-0.331552403,0.250956510,0.121213705,-0.000009233,-0.337479450,-0.094291051,-0.081343519,0.260821539,0.159855029,-0.024076040,-0.172657737,0.955011854,-0.572732293,-0.744917023,0.461884242,0.165737284,-0.256530224,0.120198761,1.546212743,0.660364951,-0.983159970,-0.480807867
0.102100218,-0.270287788,0.959870894,0.046106338,0.110174862,0.394368673,0.911158085,0.278884137,0.158403527,0.280740524,0.456046000,-0.428481988,-0.072487215,-0.601882079,-0.187157147,-0.287662901,0.313012808,0.093718382,0.003977592,-0.333836125,-0.101054754,-0.081458555,0.256909232,0.169310198,-0.002012370,-0.162313233,0.975051006,-0.472732293,-0.743781810,0.461677630,0.181778427,-0.251321378,0.113352902,1.550280870,0.658871873,-0.981072398,-0.480625095
0.098302971,-0.271564308,0.960826536,0.052280323,0.095699489,0.395502785,0.911968159,0.266889686,0.167820503,0.213148391,0.535088679,-0.399777456,-0.018690167,-0.580600634,-0.186780399,-0.242646149,0.388913592,0.053977005,0.006848361,-0.336426664,-0.107570885,-0.100638900,0.248156950,0.175178537,0.005255494,-0.072313233,1.000647114,-0.372732293,-0.746710544,0.461481749,0.181434951,-0.245116551,0.108141401,1.550707220,0.657290039,-0.978967847,-0.480466514
0.097853284,-0.265163308,0.959870701,0.061018460,0.087825210,0.396873854,0.911621974,0.250792041,0.173995614,0.176080480,0.592202062,-0.386419690,0.019536147,-0.581710377,-0.185444328,-0.205425437,0.469912849,0.005744156,0.010576548,-0.338967369,-0.107770498,-0.116063662,0.242611749,0.189047984,0.032055876,0.017686767,1.022634020,-0.472715514,-0.749522787,0.461298664,0.170630531,-0.243207399,0.104209177,1.549565407,0.655652766,-0.976848854,-0.480327160
0.096756079,-0.268622650,0.957256922,0.070446261,0.081296859,0.396310939,0.911792622,0.230090991,0.179550544,0.150415862,0.658557087,-0.386652444,0.052082094,-0.589574314,-0.184849800,-0.175912596,0.551912958,-0.034450708,0.010925120,-0.338523235,-0.109809600,-0.119460826,0.229175307,0.253043501,0.028308839,0.107686767,0.932634020,-0.572715514,-0.752037811,0.461127146,0.165730076,-0.241406804,0.101718110,1.544586760,0.654009906,-0.974720854,-0.480198897
0.089161732,-0.295327882,0.950336976,0.078214177,0.073913386,0.397225149,0.911389892,0.198029987,0.187604979,0.130285057,0.719798876,-0.401110200,0.085503661,-0.607083890,-0.191726579,-0.153846030,0.645331061,-0.080539960,0.011744580,-0.324769056,-0.113567559,-0.122689876,0.212386774,0.282635269,0.042961554,0.197686767,0.966769371,-0.672715514,-0.754608459,0.460967375,0.141508875,-0.234913279,0.101136197,1.541107656,0.652379307,-0.972584789,-0.480078174
0.069076560,-0.345189487,0.940670028,0.086493109,0.068247249,0.399676520,0.910010953,0.182825758,0.197202525,0.128146213,0.746583892,-0.438385985,0.119159729,-0.628712235,-0.201022872,-0.129595849,0.752789155,-0.136499605,0.005402891,-0.316924419,-0.116028746,-0.123744884,0.190150955,0.320543974,0.013440257,0.287686767,0.925939387,-0.772715514,-0.755703861,0.460821347,0.128109267,-0.227971631,0.102743936,1.534345934,0.650780390,-0.970441200,-0.479962693
0.046297788,-0.379555476,0.930655937,0.094753342,0.064213630,0.406394023,0.906500034,0.176915378,0.204910704,0.133106654,0.757762882,-0.473856500,0.142145108,-0.648108493,-0.211196758,-0.113717957,0.851415368,-0.182841005,-0.001779059,-0.311220384,-0.119444691,-0.131490501,0.172050794,0.349261609,-0.025955024,0.377686767,0.881685587,-0.872715514,-0.752338687,0.460686681,0.105560079,-0.224618396,0.106884555,1.528280966,0.649215882,-0.968290128,-0.479851774
0.023090018,-0.391138321,0.919492532,0.099926994,0.056281380,0.409211593,0.905203223,0.167849721,0.209379607,0.129627403,0.776990604,-0.501205331,0.153984474,-0.692480599,-0.214017508,-0.102612597,0.940738305,-0.212334808,-0.006599822,-0.310749868,-0.118639150,-0.139011708,0.152894229,0.361964739,-0.035333678,0.312482035,0.791685591,-0.972715334,-0.750922882,0.460564566,0.074886443,-0.219033308,0.116610690,1.511810729,0.647700823,-0.966138330,-0.479740822
-0.004016649,-0.393418780,0.909676750,0.105296802,0.053831242,0.409427272,0.904645837,0.171550649,0.211820514,0.125425881,0.786766446,-0.523627948,0.161518882,-0.745730386,-0.213862501,-0.090669564,1.029026331,-0.235742207,-0.007632104,-0.312953629,-0.115233969,-0.149475143,0.136800816,0.383027482,-0.025979088,0.222482275,0.704302701,-1.025396491,-0.747627576,0.460454381,0.046238160,-0.216655643,0.137739542,1.484254762,0.646244408,-0.963990891,-0.479622509
-0.023557924,-0.390296940,0.901274849,0.109540566,0.052983875,0.409970734,0.903945557,0.179935750,0.210954959,0.122240136,0.794156007,-0.541407366,0.166778915,-0.803211999,-0.213928405,-0.083347361,1.095538230,-0.247915380,-0.003524515,-0.319227906,-0.108690347,-0.147347866,0.136734397,0.371514179,-0.004479891,0.132482275,0.683056978,-0.994858193,-0.741545077,0.460354725,0.006937311,-0.223690896,0.174278213,1.452431493,0.644848600,-0.961853973,-0.479494926
-0.030039646,-0.385194882,0.892647884,0.111309173,0.052000319,0.409538452,0.903982572,0.192417240,0.212563978,0.118804533,0.808008529,-0.559353207,0.166201839,-0.875615147,-0.214320624,-0.075248659,1.171759287,-0.261191495,-0.002890594,-0.319186816,-0.105548932,-0.139538892,0.137335644,0.346970986,0.013218110,0.042482279,0.681212720,-0.905441214,-0.734912361,0.460266994,-0.031958228,-0.235999238,0.222219513,1.419766656,0.643488496,-0.959734460,-0.479362933
-0.029836570,-0.379457179,0.881920140,0.111019730,0.051578576,0.403257758,0.906861318,0.201120099,0.215682773,0.112547629,0.828032087,-0.578343877,0.166784140,-0.964053600,-0.210920612,-0.061151657,1.261478687,-0.272923304,-0.003123124,-0.337615800,-0.100560960,-0.110063167,0.141900670,0.284494889,0.016037941,-0.047517721,0.698197191,-0.841475557,-0.729687878,0.460201382,-0.066612824,-0.241094372,0.282924240,1.366689934,0.642126061,-0.957641992,-0.479236951
-0.027433344,-0.372741112,0.867007745,0.110768107,0.050880271,0.396817447,0.909767849,0.206996772,0.218342387,0.104585036,0.860966514,-0.596978867,0.173723856,-1.062217997,-0.206353410,-0.045440897,1.360271671,-0.280693603,-0.005065859,-0.357953815,-0.097239920,-0.080310134,0.161785539,0.222613288,0.031716023,-0.137517721,0.670995495,-0.795380887,-0.725462949,0.460166073,-0.105906250,-0.249361129,0.340079403,1.344610142,0.640706249,-0.955579344,-0.479131927
-0.025056148,-0.365616501,0.847713163,0.110203280,0.050994865,0.393489849,0.911274108,0.210510051,0.222554976,0.093069129,0.911194303,-0.616068635,0.179958848,-1.162222057,-0.203729495,-0.032091133,1.460379147,-0.287446951,-0.006821908,-0.371177511,-0.093024677,-0.063090572,0.173692531,0.202528650,0.049071943,-0.227517721,0.656604754,-0.761833632,-0.721946961,0.460163227,-0.116702933,-0.261357948,0.384174477,1.267197683,0.639217701,-0.953546921,-0.479052619
-0.021975354,-0.358872168,0.828795210,0.109117509,0.050160585,0.391125050,0.912468345,0.216383740,0.228267632,0.081399178,0.968098900,-0.626357486,0.184042160,-1.235045235,-0.204118000,-0.023557632,1.541209963,-0.298611568,-0.005441291,-0.382545082,-0.091577145,-0.051046394,0.184117091,0.197065322,0.052749642,-0.285155011,0.642924711,-0.737103227,-0.718931916,0.460190591,-0.102959844,-0.262727347,0.417431000,1.177197683,0.637658882,-0.951542245,-0.479002512
-0.020721673,-0.354726216,0.810088157,0.106780355,0.041288578,0.393340762,0.912236951,0.205782252,0.236174518,0.069204371,1.043275655,-0.636373290,0.183950931,-1.309601411,-0.206535154,-0.014079165,1.624669102,-0.311097145,-0.007376323,-0.386410740,-0.087396291,-0.044984403,0.180206296,0.204053658,0.051496694,-0.310282003,0.638926587,-0.718574387,-0.716269685,0.460245517,-0.086278034,-0.264003442,0.440369666,1.097177303,0.636025430,-0.949560085,-0.478984640
-0.024084299,-0.354990047,0.791886357,0.106294097,0.035965372,0.394908190,0.911841860,0.200125430,0.244608641,0.057222270,1.112140120,-0.650657517,0.183371009,-1.380791866,-0.207478477,-0.002567970,1.708649572,-0.325397926,-0.009407538,-0.389620747,-0.081287665,-0.045035745,0.177219634,0.224208300,0.054360753,-0.306886419,0.646468945,-0.704402954,-0.713857458,0.460326940,-0.063833438,-0.270814906,0.452717299,1.032254603,0.634313857,-0.947595831,-0.478998149
-0.031182908,-0.360396230,0.774978623,0.105308849,0.032066747,0.396471644,0.911423066,0.188980810,0.252342395,0.045074326,1.175469352,-0.666440039,0.179489438,-1.446790579,-0.209173748,0.006643107,1.780223686,-0.342465725,-0.009850293,-0.389644415,-0.074576922,-0.047370290,0.170670268,0.238205078,0.060827207,-0.286718332,0.667793380,-0.693284843,-0.711622832,0.460435258,-0.071825695,-0.267149202,0.461668479,1.076484150,0.632513455,-0.945646146,-0.479044289
-0.038275250,-0.367036892,0.763581939,0.105645682,0.029236471,0.396559414,0.911441084,0.184604031,0.258288751,0.035205098,1.223159980,-0.675824363,0.174841648,-1.494040514,-0.210970881,0.013288967,1.835135717,-0.358486396,-0.011693996,-0.387147883,-0.069891112,-0.055715607,0.165608621,0.252636187,0.060988131,-0.266430714,0.694504700,-0.684309443,-0.709512655,0.460567706,-0.095684865,-0.253733484,0.471604017,1.166484150,0.630611267,-0.943707033,-0.479122849
-0.042442372,-0.371296730,0.768169410,0.105315040,0.027613954,0.395138365,0.912146855,0.179539678,0.261399272,0.029440734,1.256533157,-0.676802160,0.168978320,-1.516163254,-0.210145389,0.018281870,1.868920365,-0.375454727,-0.018308131,-0.387986743,-0.063283672,-0.061880801,0.172527952,0.258718934,0.053698571,-0.252703560,0.712486232,-0.676833984,-0.707488725,0.460722159,-0.113233193,-0.239914450,0.482220789,1.242291046,0.628607855,-0.941776411,-0.479230387
-0.044444825,-0.372401820,0.777513605,0.106884898,0.028623139,0.394859811,0.912053762,0.176888809,0.262294774,0.030211078,1.265506417,-0.670615642,0.163127444,-1.518858870,-0.210205227,0.021795086,1.880162459,-0.389578621,-0.022511793,-0.382608988,-0.056918768,-0.067898367,0.170054538,0.258443768,0.043276292,-0.256411528,0.722847754,-0.670421340,-0.705521838,0.460890846,-0.136382949,-0.231990166,0.487794478,1.332291046,0.626488471,-0.939848298,-0.479364865
-0.044799970,-0.370468698,0.790349766,0.108358329,0.032729468,0.393285048,0.912422120,0.172909289,0.260657575,0.034893102,1.251382043,-0.661513466,0.157889659,-1.506060296,-0.208461237,0.023560432,1.871699067,-0.400727564,-0.031442622,-0.382600033,-0.047339890,-0.071391393,0.169014155,0.253287756,0.038194980,-0.258523856,0.735880054,-0.664753051,-0.703590461,0.461068683,-0.158751710,-0.227536445,0.489388347,1.396834537,0.624264868,-0.937918422,-0.479521210
-0.042558343,-0.367784991,0.807369309,0.113278509,0.040601160,0.391001026,0.912489848,0.168148628,0.258606375,0.043640039,1.215497156,-0.642546055,0.151953363,-1.489998874,-0.206214211,0.024072030,1.850510990,-0.404892025,-0.039912821,-0.379410804,-0.038378401,-0.080363958,0.154998764,0.254833171,0.027155368,-0.258130079,0.754266657,-0.659357790,-0.701678249,0.461248280,-0.180268258,-0.229649684,0.484463286,1.449289079,0.621933611,-0.935983602,-0.479696347
-0.038240236,-0.365470232,0.829815570,0.117572157,0.038231517,0.397607154,0.909188479,0.172939352,0.253785193,0.059588766,1.135464473,-0.614140579,0.146307031,-1.451352823,-0.201996021,0.021893554,1.804396168,-0.409131811,-0.048999612,-0.380221854,-0.029622867,-0.082285059,0.134767394,0.252665367,0.020400207,-0.245213479,0.763966685,-0.611078312,-0.699775499,0.461423302,-0.192415449,-0.230306027,0.474504674,1.478191240,0.619511366,-0.934043450,-0.479883290
-0.031668997,-0.361969262,0.856460871,0.117448428,0.050979160,0.396744272,0.908955981,0.167133195,0.245505193,0.082805031,1.030072037,-0.576216374,0.143122202,-1.368547897,-0.197733747,0.009331859,1.704770062,-0.411490337,-0.054167621,-0.376785383,-0.026086134,-0.076158047,0.117880493,0.235876243,0.014963341,-0.213820939,0.818237711,-0.511078312,-0.698074958,0.461589633,-0.201101844,-0.226563336,0.461836337,1.494019161,0.617038525,-0.932100253,-0.480072296
-0.022958439,-0.356918504,0.886993808,0.114465807,0.067804981,0.397858357,0.907749300,0.154301154,0.234022885,0.116972381,0.908570147,-0.525264391,0.139175649,-1.250590674,-0.189085793,-0.010933609,1.562616206,-0.402181764,-0.056784181,-0.374589912,-0.023826826,-0.062057521,0.116315799,0.197002505,-0.004206946,-0.149790704,0.908237708,-0.433014468,-0.695030596,0.461743980,-0.193724913,-0.216546240,0.448130774,1.502373706,0.614569699,-0.930155015,-0.480251910
-0.015472152,-0.351382987,0.915747856,0.111580997,0.084300468,0.397705724,0.906792848,0.138850931,0.218275833,0.155226746,0.810070911,-0.472811192,0.130022499,-1.128759307,-0.178024321,-0.035916230,1.402580157,-0.380233754,-0.052624471,-0.381994479,-0.021541513,-0.056132583,0.113110387,0.154232799,-0.028657605,-0.101372055,0.998237708,-0.402281747,-0.690712852,0.461881548,-0.183741411,-0.207089385,0.435341195,1.510453656,0.612151048,-0.928207103,-0.480416028
-0.012103680,-0.343502764,0.939138680,0.107786632,0.122281455,0.380789753,0.910180450,0.047444137,0.192483510,0.166440052,0.846848765,-0.413381922,0.136548798,-0.986542311,-0.164410331,-0.063304898,1.237183957,-0.348480773,-0.047092916,-0.362885853,-0.026721263,-0.040636992,0.124008202,0.129841278,-0.035074004,-0.100129151,1.034885535,-0.388309024,-0.684352876,0.462010070,-0.154345477,-0.214013798,0.423628225,1.520726285,0.609849213,-0.926252970,-0.480559069
-0.014981855,-0.337328820,0.956467718,0.099512435,0.137119330,0.371916555,0.912673896,-0.061098272,0.163744209,0.165487332,0.933801023,-0.360359144,0.137077515,-0.848859454,-0.152421162,-0.094544661,1.058694128,-0.309291933,-0.033278107,-0.344318225,-0.029192784,-0.028584874,0.134480376,0.126056467,-0.041699443,-0.125403468,1.020579529,-0.384963650,-0.677401733,0.462119651,-0.129156529,-0.223933568,0.413924875,1.529566349,0.607698750,-0.924293494,-0.480684294
-0.019533673,-0.327135472,0.969001029,0.086850356,0.139329393,0.358910597,0.918818546,-0.190939877,0.133227358,0.158396407,1.054863435,-0.320479384,0.140663322,-0.717129867,-0.138519917,-0.118181136,0.908425497,-0.273088833,-0.022665920,-0.315862637,-0.035215985,-0.030045127,0.164973764,0.119357912,-0.029091168,-0.140440773,1.022391936,-0.377063516,-0.669744136,0.462218359,-0.087216602,-0.241357147,0.406390799,1.538433076,0.605729539,-0.922325648,-0.480791356
-0.022843779,-0.318021366,0.978121878,0.074302830,0.119427933,0.341545724,0.929280677,-0.332043534,0.104348455,0.150794919,1.166423110,-0.295136329,0.149711566,-0.572303760,-0.127245206,-0.146101460,0.757410310,-0.242115984,-0.009912752,-0.267536327,-0.040571079,-0.048919741,0.198754885,0.144144302,-0.019349050,-0.181824179,0.932391942,-0.353657563,-0.662309529,0.462303350,-0.054323883,-0.233100633,0.402389722,1.537956623,0.603972688,-0.920357045,-0.480878080
-0.022594583,-0.313415236,0.983681168,0.059288903,0.107067819,0.318964807,0.939831240,-0.441280645,0.084243958,0.150065532,1.202588335,-0.292495910,0.166342236,-0.445412493,-0.120172381,-0.178066237,0.625488673,-0.208143345,0.011057041,-0.211042819,-0.044080256,-0.078069718,0.228842814,0.168865240,-0.003000068,-0.205328390,0.842391945,-0.313004424,-0.656197362,0.462376467,-0.019628262,-0.225217025,0.403218366,1.533641169,0.602443146,-0.918400504,-0.480940729
-0.015603787,-0.311105247,0.986940727,0.047762187,0.096048241,0.298095330,0.948489685,-0.537927917,0.085082758,0.153824051,1.196713425,-0.287732615,0.173552588,-0.342751481,-0.121199489,-0.208418743,0.526161851,-0.177342845,0.031643845,-0.167315304,-0.044862550,-0.101237456,0.279247216,0.202676361,0.012474928,-0.185156137,0.752554865,-0.256352926,-0.648031539,0.462437942,0.010143327,-0.226220311,0.408118649,1.532502699,0.601128065,-0.916456246,-0.480981022
-0.000957306,-0.304762353,0.989692990,0.040868538,0.088133298,0.284275419,0.953808037,-0.640850076,0.093020735,0.166573813,1.135436155,-0.273946348,0.181512937,-0.256174294,-0.128253372,-0.240684224,0.445954178,-0.154601545,0.052790871,-0.129673564,-0.041265070,-0.106718025,0.307744179,0.238016804,0.026403514,-0.172031086,0.662650285,-0.210424548,-0.639402898,0.462486353,0.010394024,-0.226812457,0.417753059,1.526855189,0.600024338,-0.914526911,-0.481002222
0.019355681,-0.291564768,0.989205259,0.032271493,0.092751919,0.275058636,0.956398651,-0.677637766,0.108014990,0.193099481,0.990110023,-0.247471449,0.183804278,-0.180123482,-0.138775442,-0.265176496,0.401548832,-0.152349724,0.067619547,-0.100603133,-0.041720407,-0.107458965,0.330114671,0.245759188,0.037036100,-0.155470313,0.634015744,-0.216431284,-0.635372367,0.462516429,0.020521112,-0.219211069,0.432672628,1.521573292,0.599124072,-0.912613433,-0.481000769
0.043437875,-0.273416000,0.983990097,0.026126302,0.091774919,0.277561518,0.955957313,-0.613952894,0.096217786,0.295988213,0.657431973,-0.195250404,0.181086298,-0.075288055,-0.144697653,-0.300500714,0.354197128,-0.165373523,0.084345309,-0.075092721,-0.040679855,-0.095250589,0.354594358,0.264031074,0.044830480,-0.091609541,0.610305636,-0.316431284,-0.631962249,0.462509427,0.038592318,-0.212744301,0.450980754,1.517204182,0.598463768,-0.910715337,-0.480964755
0.070930898,-0.261526023,0.973783424,0.019204067,0.086930506,0.273413703,0.957767841,-0.671085115,0.085393252,0.364105660,0.536149804,-0.150620224,0.177112506,0.004238317,-0.148034021,-0.302554788,0.352089168,-0.195559076,0.074346802,-0.044965171,-0.048055630,-0.108493537,0.368050660,0.302490238,0.042267353,-0.020167811,0.571233239,-0.416431284,-0.627941125,0.462457932,0.043548225,-0.197479666,0.471718695,1.498708714,0.598027694,-0.908846759,-0.480894604
0.099973095,-0.259776201,0.961502459,0.016417878,0.079811290,0.263501765,0.961211440,-0.725659358,0.082841605,0.408539684,0.470246678,-0.109591245,0.174448640,0.076198032,-0.149796997,-0.288971448,0.354285173,-0.216812575,0.065280715,-0.004119573,-0.052464252,-0.125888573,0.380450536,0.355248153,0.031393655,0.069832189,0.535654642,-0.516431284,-0.624697297,0.462365028,0.038642162,-0.184002542,0.489503122,1.501088282,0.597756307,-0.907012143,-0.480800862
0.120729570,-0.263085830,0.949186847,0.015071062,0.072616720,0.255817358,0.963876109,-0.743187752,0.088276367,0.517229565,0.366885649,-0.066365525,0.175783797,0.141071867,-0.153515228,-0.280147234,0.354831838,-0.227561258,0.061219762,0.021854315,-0.050876760,-0.130409737,0.391721695,0.397969237,0.033561706,0.159832188,0.625654642,-0.616431283,-0.621991594,0.462237569,0.040302443,-0.176720689,0.499507256,1.493221778,0.597623826,-0.905215918,-0.480693013
0.133318988,-0.265923384,0.938515015,0.015187843,0.075270158,0.256741945,0.963424780,-0.756468811,0.088349237,0.642350685,0.276826869,-0.030716627,0.178032224,0.199849105,-0.156041697,-0.274432748,0.350662497,-0.233323822,0.054680577,0.046629231,-0.046943116,-0.135754735,0.411733743,0.409270601,0.013593825,0.222486966,0.695260284,-0.716431279,-0.619659944,0.462078215,0.054271933,-0.171688688,0.496850957,1.478172503,0.597595869,-0.903460126,-0.480576635
0.145500403,-0.265194484,0.930759285,0.013690568,0.080924227,0.261438351,0.961724403,-0.778511771,0.078225772,0.718450520,0.230378722,-0.003549961,0.181353645,0.241372955,-0.155166090,-0.258533067,0.368686849,-0.243442108,0.045939486,0.063592057,-0.042259054,-0.145600630,0.425680948,0.426268974,0.001383015,0.255519008,0.727145053,-0.816431279,-0.617580127,0.461890587,0.064526944,-0.178060044,0.481596777,1.491116503,0.597621606,-0.901740630,-0.480457794
0.155965694,-0.264051432,0.922381041,0.013435885,0.079042208,0.268509165,0.959934703,-0.796742742,0.072987544,0.770572829,0.205808503,0.022119131,0.182018681,0.291123485,-0.156755353,-0.256757960,0.372042329,-0.250643151,0.041941864,0.078373220,-0.038640024,-0.171494897,0.451028084,0.455402865,-0.013510716,0.302791534,0.809042128,-0.916431276,-0.615664130,0.461679301,0.063599993,-0.178683868,0.455989956,1.495575802,0.597660135,-0.900058910,-0.480342033
0.173010141,-0.258922962,0.916949483,0.016099656,0.076743227,0.279697113,0.956880767,-0.809575324,0.073475381,0.764666762,0.228590133,0.036671456,0.185525780,0.337263513,-0.163648393,-0.245585128,0.395747215,-0.267601647,0.041492888,0.088711542,-0.036651386,-0.186388830,0.455474378,0.484594104,-0.029332320,0.304583745,0.899042128,-0.985511007,-0.613851001,0.461447372,0.063688535,-0.183157004,0.420085729,1.483041902,0.597702706,-0.898415643,-0.480225520
0.191992845,-0.249715211,0.908727393,0.017662299,0.065615343,0.287506451,0.955365224,-0.797188918,0.078823355,0.735813178,0.260730646,0.054969324,0.180599009,0.382556674,-0.169798662,-0.233861163,0.417320555,-0.270419587,0.040486208,0.095354894,-0.037771071,-0.195540897,0.472784738,0.499194939,-0.033009845,0.336695404,0.989042128,-1.031874293,-0.612098793,0.461199210,0.080775648,-0.183366562,0.377231010,1.489540940,0.597703880,-0.896801764,-0.480107051
0.210055410,-0.234749596,0.899739240,0.019597405,0.051916946,0.285848842,0.956666615,-0.776145646,0.086620065,0.696196190,0.293437878,0.069006508,0.171050637,0.423261665,-0.180178376,-0.230866550,0.438530092,-0.268614431,0.042223988,0.092856508,-0.042557547,-0.202708649,0.481453538,0.514798809,-0.042040592,0.395066408,1.079042128,-1.062211589,-0.610381827,0.460937146,0.102786951,-0.179561587,0.331756291,1.488870993,0.597636913,-0.895207924,-0.479982085
0.231884543,-0.214142217,0.890885049,0.019344635,0.036681199,0.282696366,0.958312600,-0.764473006,0.092029385,0.634066196,0.333861951,0.071193946,0.162346778,0.454848434,-0.190642809,-0.231442539,0.457652037,-0.272191356,0.044077668,0.102769368,-0.045790521,-0.197066422,0.468342356,0.512199734,-0.044825691,0.453496931,1.169042128,-1.081240264,-0.608682447,0.460659715,0.113863604,-0.176124335,0.289365161,1.506542400,0.597488248,-0.893623407,-0.479847232
0.259488537,-0.198736143,0.881851685,0.021921368,0.013617521,0.273947401,0.961398376,-0.791209047,0.097604430,0.500715846,0.420510327,0.057436070,0.147275551,0.461609437,-0.201279956,-0.222916049,0.501593840,-0.280384385,0.046250013,0.114358625,-0.047562292,-0.197327681,0.450306317,0.483189656,-0.035594432,0.492696999,1.259042128,-1.092314999,-0.606990646,0.460366092,0.111332199,-0.182211235,0.252043221,1.515267897,0.597256431,-0.892037823,-0.479698003
0.282342199,-0.191468460,0.874566540,0.019288308,0.000915233,0.256568610,0.966333106,-0.858107797,0.104470976,0.381115594,0.549842694,0.020011319,0.138241921,0.472677850,-0.209836480,-0.222231693,0.520468270,-0.293361391,0.053551022,0.132334315,-0.047100805,-0.203018068,0.406067591,0.450864312,-0.019071333,0.510129852,1.349042128,-1.097819673,-0.605308935,0.460058478,0.110315326,-0.176370133,0.221872761,1.513703930,0.596943352,-0.890449161,-0.479528159
0.288636509,-0.189664238,0.867149537,0.019148955,-0.008917788,0.243726205,0.969614010,-0.929043007,0.111721399,0.310271381,0.677489429,-0.017213373,0.138632480,0.471998391,-0.216803777,-0.213923691,0.550221277,-0.305064790,0.057526049,0.155438742,-0.047928894,-0.197126136,0.374539780,0.431743748,-0.020840543,0.505340190,1.336562105,-1.099460238,-0.603638845,0.459742806,0.105501563,-0.165067317,0.199378512,1.508640483,0.596540703,-0.888856580,-0.479337701
0.282732596,-0.192338208,0.857694976,0.018107158,-0.017095399,0.228894241,0.973132727,-1.010119675,0.119589834,0.266864256,0.798220627,-0.057932662,0.141587663,0.450261265,-0.215914831,-0.204846364,0.577365423,-0.325477987,0.053735354,0.160737726,-0.040340941,-0.186343977,0.345433135,0.383581866,-0.012299194,0.464054730,1.246562105,-1.098484370,-0.601992961,0.459428916,0.098478203,-0.151229718,0.188956088,1.489620598,0.596055388,-0.887261304,-0.479123198
0.268983713,-0.208711402,0.849398899,0.019178109,-0.017931283,0.223304011,0.974395191,-1.063066220,0.130135026,0.253033548,0.859234970,-0.072202142,0.136289271,0.417106789,-0.217401730,-0.196566299,0.612876972,-0.342689698,0.054806774,0.163227087,-0.037113345,-0.175944145,0.324021523,0.358875086,-0.013088751,0.412797957,1.156562105,-1.101510823,-0.600381690,0.459125149,0.076624407,-0.133158066,0.196319371,1.475343183,0.595494750,-0.885668917,-0.478886628
0.255130084,-0.237285598,0.842653161,0.020307128,-0.012982193,0.221414932,0.974881793,-1.136398595,0.134866759,0.234712801,0.942636474,-0.097091525,0.136330189,0.380408806,-0.216093700,-0.190985989,0.633612128,-0.363980111,0.058287020,0.167612440,-0.029880624,-0.173685950,0.288786553,0.321769339,-0.009009492,0.385866737,1.066562105,-1.149123342,-0.598809585,0.458837638,0.041230449,-0.121634514,0.219491712,1.471504439,0.594874312,-0.884086239,-0.478633467
0.235114743,-0.269671706,0.841488560,0.022956337,-0.007105231,0.221320511,0.974904997,-1.212923346,0.136497023,0.217344434,1.036196377,-0.119587984,0.129837842,0.361198317,-0.215076155,-0.188342105,0.641662789,-0.382036805,0.065381500,0.173907894,-0.026332862,-0.184480779,0.258051226,0.320949251,-0.014798199,0.339365835,0.976562105,-1.207952434,-0.597272991,0.458562269,0.013342967,-0.121310924,0.254944033,1.460198364,0.594231520,-0.882515876,-0.478362423
0.207096155,-0.302568751,0.838549960,0.024162455,-0.001842408,0.221013714,0.974969599,-1.280174123,0.138415353,0.206162705,1.118579551,-0.138966366,0.121264237,0.354305298,-0.215611142,-0.187880060,0.647407456,-0.396843421,0.078216458,0.177199663,-0.025868327,-0.186845014,0.240343548,0.330547957,-0.013752903,0.281297504,0.886562105,-1.254877935,-0.595769616,0.458293590,0.005832413,-0.129187672,0.299554086,1.428430573,0.593612454,-0.880960440,-0.478069596
0.163355319,-0.335528885,0.833526068,0.026235056,0.005636000,0.221595226,0.974769467,-1.359802352,0.140443628,0.195369885,1.204134307,-0.158633979,0.117871614,0.332176570,-0.219090212,-0.182561602,0.677683102,-0.415096648,0.090060377,0.178090788,-0.025988645,-0.171725299,0.212343815,0.329700173,-0.004122821,0.209401523,0.796562105,-1.285214223,-0.594302391,0.458030168,-0.007598118,-0.139926926,0.354027843,1.366253304,0.593058251,-0.879427432,-0.477756950
0.113469369,-0.362859788,0.826058039,0.027357039,0.017355173,0.216186666,0.975814386,-1.436634613,0.140379958,0.184218188,1.284143606,-0.181558746,0.117030905,0.313321235,-0.223566826,-0.176111240,0.704784407,-0.427857859,0.096917864,0.175904025,-0.025272741,-0.160003456,0.204035876,0.320960163,0.015652925,0.148958866,0.717798229,-1.303909063,-0.592876606,0.457773228,-0.016298903,-0.156321213,0.412401013,1.276253304,0.592589710,-0.877922895,-0.477428520
0.076807784,-0.381620054,0.820171579,0.031631489,0.022924725,0.204941703,0.977994276,-1.504715839,0.141643271,0.175769600,1.351713654,-0.202671687,0.118630685,0.294106004,-0.230582332,-0.167857522,0.746714149,-0.441888221,0.107732686,0.169883750,-0.026607087,-0.138495870,0.194552437,0.308420250,0.034798091,0.094499019,0.683786643,-1.314434706,-0.591493870,0.457522629,-0.015677465,-0.180649680,0.466199216,1.186253304,0.592227240,-0.876446262,-0.477083325
0.058286666,-0.395035199,0.815230786,0.036080833,0.025617787,0.188070671,0.981158155,-1.574740660,0.145032683,0.171145416,1.400042566,-0.219373057,0.119949549,0.257469626,-0.239059752,-0.159127856,0.795936368,-0.457307320,0.117152773,0.157424651,-0.021384102,-0.112574331,0.170454263,0.246819298,0.059388334,0.020034497,0.627790014,-1.319266751,-0.590164242,0.457285986,-0.050608973,-0.188063554,0.518744109,1.096253304,0.591966186,-0.875008425,-0.476731811
0.050089149,-0.404349163,0.809246310,0.040437395,0.026596814,0.170205060,0.984219317,-1.626290069,0.150738236,0.169257111,1.431029832,-0.228416363,0.118233354,0.241018098,-0.248522925,-0.151617646,0.836855342,-0.469709975,0.124632383,0.141576146,-0.023109536,-0.078487360,0.164536072,0.193209431,0.078839453,-0.051574791,0.573681005,-1.320121125,-0.588893324,0.457066565,-0.057498415,-0.201712796,0.560799113,1.006253304,0.591777385,-0.873612174,-0.476382043
0.050787742,-0.409229318,0.803770304,0.043107044,0.031294183,0.160008455,0.985677306,-1.679106408,0.155290860,0.165531457,1.470115940,-0.235191733,0.121196239,0.241841794,-0.259150515,-0.148036666,0.869384767,-0.480118638,0.129250670,0.139378241,-0.025920341,-0.054102786,0.156137274,0.157391662,0.092041288,-0.094509911,0.536401637,-1.318191043,-0.587679834,0.456866126,-0.059102249,-0.213169823,0.579164335,0.916253304,0.591633839,-0.872257419,-0.476040826
0.053202286,-0.410812856,0.798618925,0.044523427,0.036995065,0.149605326,0.987049784,-1.734141396,0.158609011,0.160266643,1.505891805,-0.235697815,0.118182235,0.250957159,-0.267338336,-0.144710391,0.881101050,-0.488639769,0.132786439,0.133618406,-0.024660678,-0.023784053,0.135267728,0.123115470,0.098809223,-0.130611078,0.531380861,-1.314273886,-0.586513786,0.456683546,-0.050124635,-0.228326809,0.585497595,0.826253304,0.591501498,-0.870933180,-0.475710634
0.055251834,-0.411123202,0.794063571,0.043510476,0.041568408,0.137117996,0.988725220,-1.774375894,0.164715935,0.155037096,1.529457992,-0.232466743,0.114758413,0.262458246,-0.275223435,-0.141771360,0.885565428,-0.491664336,0.132562423,0.125643726,-0.021215129,0.007650263,0.125906330,0.108523535,0.103856750,-0.162845454,0.514903822,-1.308951927,-0.585385535,0.456516637,-0.030652320,-0.239296072,0.586644762,0.736253304,0.591381306,-0.869625010,-0.475385627
0.056564187,-0.411094694,0.790200719,0.042516581,0.046036749,0.122345992,0.990507151,-1.798294573,0.171435544,0.150052606,1.533905282,-0.228207398,0.111728189,0.263163135,-0.283338149,-0.138958766,0.886480230,-0.493921151,0.128201045,0.121721705,-0.013779976,0.041711709,0.117195133,0.102519482,0.110750400,-0.189095557,0.487287032,-1.302946080,-0.596249706,0.456367957,-0.029408679,-0.246146196,0.592761345,0.717767633,0.591269781,-0.868317149,-0.475061357
0.056476943,-0.412029514,0.786081740,0.041028529,0.050231651,0.108885358,0.991936198,-1.826871144,0.178822089,0.144428478,1.545048619,-0.223613700,0.106549745,0.265413980,-0.291968814,-0.139656561,0.885721658,-0.495876676,0.122520781,0.126183041,-0.006382088,0.060116632,0.108526007,0.107781773,0.116890184,-0.193020080,0.456413390,-1.301100173,-0.634815272,0.456266589,-0.039378180,-0.247460430,0.585671367,0.723057246,0.591155643,-0.867006247,-0.474742101
0.055030386,-0.414174553,0.782801430,0.043312578,0.054941616,0.094562342,0.993057603,-1.842601401,0.185311093,0.141151595,1.547278036,-0.223146454,0.105671627,0.255770354,-0.300417304,-0.139554694,0.883052317,-0.498749379,0.117789129,0.125669143,0.000337051,0.077470367,0.098600095,0.121509877,0.116763183,-0.200518994,0.420569664,-1.300355688,-0.721186556,0.456252884,-0.044129167,-0.251464948,0.573013218,0.733591494,0.591032535,-0.865693160,-0.474428553
0.053241788,-0.417644342,0.782292306,0.045827527,0.059165098,0.065921670,0.995014403,-1.838121927,0.188623195,0.142303609,1.532698963,-0.219466797,0.098922475,0.251272084,-0.304519357,-0.139702740,0.851068416,-0.492429123,0.104084757,0.127080407,0.004925167,0.083865552,0.089865391,0.125458877,0.114763706,-0.224854078,0.398323391,-1.290449560,-0.821186556,0.456268852,-0.064051249,-0.247603093,0.558595471,0.758431424,0.590890456,-0.864376558,-0.474125742
0.056456323,-0.418657979,0.790511240,0.043415413,0.067369961,0.058385521,0.995071616,-1.811095188,0.188854320,0.147021535,1.497244524,-0.214349526,0.090833412,0.251448110,-0.303231825,-0.141678455,0.787142729,-0.469190262,0.089142849,0.125049212,0.009840224,0.089891566,0.087888697,0.118050318,0.115738374,-0.261894696,0.405182983,-1.271489436,-0.921186144,0.456730881,-0.080673861,-0.238160646,0.548212192,0.785570964,0.590712908,-0.863051025,-0.473836806
0.060366329,-0.418401893,0.810447817,0.041623977,0.076025483,0.046396213,0.995155748,-1.762215940,0.188471708,0.154031065,1.441205744,-0.205943675,0.084855305,0.236550798,-0.301968347,-0.143653685,0.715746038,-0.426307955,0.079442722,0.122102640,0.014902148,0.095358832,0.084307310,0.112348275,0.116631400,-0.306205403,0.437669751,-1.217026001,-1.017620066,0.456974358,-0.098985773,-0.225549531,0.545421672,0.819341051,0.590494570,-0.861711037,-0.473563020
0.065864740,-0.417306604,0.834690462,0.037346569,0.084497848,0.036357403,0.995059539,-1.676589623,0.187466628,0.166686199,1.350706852,-0.190364238,0.075332814,0.242297727,-0.298401515,-0.151445569,0.620112690,-0.364804877,0.073611160,0.122172535,0.014465225,0.095763407,0.106336745,0.128055776,0.112060268,-0.338345444,0.505486940,-1.172750836,-1.084145923,0.457106979,-0.088578248,-0.221030176,0.536449064,0.909341051,0.590219011,-0.860353314,-0.473302125
0.073902852,-0.414101258,0.857690180,0.031249150,0.095441692,0.032505382,0.994413281,-1.559803472,0.181586206,0.181570095,1.243945335,-0.175565189,0.074784038,0.246888098,-0.292682774,-0.164592838,0.526154056,-0.288551604,0.078034428,0.126885638,0.013238981,0.085746658,0.137374702,0.154321254,0.104144130,-0.318256458,0.550283040,-1.129649183,-1.129681940,0.457165510,-0.081487452,-0.199347042,0.534301245,0.999341051,0.589902901,-0.858983663,-0.473050741
0.083902914,-0.411241453,0.884435391,0.024696768,0.104512900,0.027913923,0.993824902,-1.432671431,0.172679819,0.196490767,1.129721432,-0.160164928,0.074032695,0.216562779,-0.286582065,-0.176897576,0.490663710,-0.214421710,0.080816049,0.135575345,0.010918430,0.065779300,0.175653575,0.176670401,0.093761936,-0.237791250,0.600201586,-1.080020537,-1.160149577,0.457178640,-0.081603990,-0.182644910,0.523373706,1.089341051,0.589514891,-0.857609185,-0.472812440
0.092836978,-0.411747251,0.917897910,0.023875441,0.111388166,0.021647778,0.993254254,-1.276186073,0.158386011,0.213026088,1.001893346,-0.152543959,0.079712121,0.180950637,-0.278660333,-0.190416874,0.472086009,-0.155036403,0.086236734,0.133085248,0.001161481,0.038420869,0.207439972,0.197760689,0.078825583,-0.148088468,0.647716217,-1.047834484,-1.179650702,0.457162512,-0.097369807,-0.173590586,0.509699603,1.179341051,0.589043392,-0.856230677,-0.472588431
0.101092688,-0.414749880,0.951566026,0.026515142,0.112994915,0.012313237,0.993165384,-1.147666100,0.142176928,0.223450951,0.905927558,-0.160624692,0.090488317,0.091594891,-0.271609844,-0.192730694,0.527760090,-0.123613125,0.091643491,0.125465909,-0.003251321,0.008272693,0.218666459,0.201146241,0.081082919,-0.127709053,0.678213661,-1.029777782,-1.191975815,0.457128905,-0.119396554,-0.174977266,0.507010255,1.269341051,0.588501300,-0.854850299,-0.472373983
0.112239129,-0.414320946,0.978463761,0.028995724,0.164012441,0.034618812,0.985424124,-1.017670895,0.125518833,0.242241952,0.795817361,-0.169462542,0.098131141,-0.022070509,-0.265516502,-0.179380619,0.630499438,-0.111295133,0.092422163,0.116044348,-0.007710476,0.000410071,0.232845910,0.195649353,0.090556442,-0.109380414,0.703725126,-1.015250034,-1.199498773,0.457088955,-0.131862341,-0.175797454,0.501694612,1.359341051,0.587874406,-0.853473813,-0.472166900
0.123689164,-0.414930148,0.994298717,0.033526086,0.166362663,0.042907292,0.984560019,-0.879538767,0.104595578,0.259568479,0.697538537,-0.194851715,0.115914144,-0.147216709,-0.253824875,-0.150498047,0.767082038,-0.119543829,0.090017815,0.096490277,-0.017421116,0.004652228,0.254517174,0.192445679,0.093826988,-0.092239716,0.702154737,-1.003249776,-1.203656785,0.457050157,-0.147458772,-0.163783081,0.502853404,1.406497310,0.587200994,-0.852105619,-0.471959993
0.137239213,-0.415440739,1.005041728,0.041365808,0.159224774,0.050338960,0.985090011,-0.764238414,0.085547471,0.272624113,0.629202312,-0.230865724,0.125246613,-0.277940000,-0.243973697,-0.131055089,0.861144061,-0.138891864,0.081490666,0.056499086,-0.019682074,0.009768666,0.252114377,0.175828830,0.109425442,-0.069695133,0.689744984,-0.993076208,-1.205463379,0.457013728,-0.130353640,-0.180570279,0.513183331,1.339333758,0.586526074,-0.850750486,-0.471745617
0.148307598,-0.416052597,1.012646390,0.049317068,0.153463286,0.060156985,0.985087805,-0.639374601,0.072741458,0.314716479,0.529306658,-0.241751396,0.113384767,-0.346708545,-0.231275634,-0.124353353,0.899006249,-0.155655493,0.077146845,0.033968312,-0.025779493,0.018754316,0.250340411,0.161962119,0.118100246,-0.056401255,0.691148432,-0.984222463,-1.205621936,0.456972376,-0.132641043,-0.189994166,0.524578132,1.339906404,0.585861138,-0.849406852,-0.471520165
0.159093857,-0.413905449,1.017445307,0.063661469,0.150955369,0.092085976,0.982181178,-0.497762970,0.052714859,0.394794422,0.409579516,-0.254181737,0.098319013,-0.460319775,-0.198319211,-0.089976157,0.954559248,-0.163163334,0.073013700,0.002146524,-0.028743382,0.027296925,0.266390032,0.147017031,0.099340000,-0.091138136,0.661074266,-0.976370295,-1.204620618,0.456914844,-0.101966026,-0.211877786,0.522281103,1.340043423,0.585236554,-0.848070256,-0.471275507
0.167867722,-0.409324019,1.018559411,0.073846633,0.131408557,0.128904527,0.980133710,-0.397589401,0.030657053,0.409891314,0.380981517,-0.312491231,0.080202519,-0.588868713,-0.157843551,-0.062715341,0.965422589,-0.169719908,0.068306650,-0.062369796,-0.028384629,0.014283324,0.257896300,0.130808311,0.086567721,-0.131140352,0.648794383,-0.969259675,-1.202797763,0.456834850,-0.057061578,-0.247105421,0.503698344,1.289047496,0.584725535,-0.846733997,-0.471002054
0.173915259,-0.401616208,1.016710236,0.078380227,0.134101022,0.171810465,0.972807596,-0.324000576,0.019907852,0.375752409,0.404778565,-0.371620566,0.049969525,-0.642157000,-0.151094955,-0.050449018,0.929201807,-0.161497518,0.074325326,-0.113509242,-0.031628005,-0.034465373,0.243365086,0.142413172,0.069074543,-0.145155242,0.689016716,-0.962657247,-1.200389006,0.456722867,-0.042172366,-0.256515393,0.476934434,1.379047496,0.584324651,-0.845395844,-0.470708268
0.179082737,-0.392369767,1.011326853,0.076678270,0.139159647,0.215058455,0.963589589,-0.258952979,0.020629182,0.335660856,0.432507190,-0.422437734,0.016496994,-0.707079890,-0.150563832,-0.040609070,0.889141790,-0.144897811,0.072699454,-0.161346531,-0.034816817,-0.065965241,0.233623292,0.166916694,0.047710484,-0.121985666,0.771820417,-0.956334040,-1.197561383,0.456583719,-0.031152506,-0.245167717,0.450137576,1.444589750,0.584022724,-0.844061463,-0.470401738
0.181480303,-0.383923319,1.007065182,0.070667978,0.135604888,0.239546791,0.958767274,-0.172928755,0.028273166,0.310435945,0.437726482,-0.457118527,-0.031219252,-0.736525962,-0.148263735,-0.070298013,0.709890560,-0.085106143,0.082636887,-0.208931057,-0.033935431,-0.108185352,0.234913135,0.165896705,0.035491330,-0.076515816,0.861820417,-0.901572847,-1.195477383,0.456420970,-0.013748343,-0.239923303,0.424068979,1.464827778,0.583819318,-0.842729003,-0.470084461
0.180156781,-0.369617771,1.001231473,0.063212757,0.145744324,0.256565964,0.953381689,-0.084495239,0.043183775,0.301991476,0.429169268,-0.475907416,-0.081179092,-0.724868328,-0.163025849,-0.146483865,0.463920890,0.014614201,0.093506187,-0.238846055,-0.034289060,-0.142453759,0.237562830,0.149050556,0.024174411,-0.002428313,0.951820417,-0.801572847,-1.197105079,0.456232954,0.010953173,-0.236573722,0.397017499,1.493639018,0.583667770,-0.841394123,-0.469768024
0.176531305,-0.354350453,0.993538969,0.053566458,0.149438428,0.270400224,0.949569644,-0.014994014,0.059984549,0.289242940,0.432495075,-0.497137670,-0.112678017,-0.728470344,-0.169513904,-0.252386184,0.285291655,0.108187719,0.075560132,-0.268227954,-0.034475122,-0.160920510,0.254385665,0.147176283,0.012568220,0.029990829,0.976842987,-0.701572847,-1.200304249,0.456029166,0.050159914,-0.237279200,0.366773731,1.483142091,0.583547263,-0.840057466,-0.469456507
0.168957000,-0.342666282,0.985001803,0.051411019,0.146701205,0.274493754,0.948940906,0.053879330,0.081236334,0.300132086,0.421924257,-0.494059805,-0.140538120,-0.722767720,-0.176080565,-0.319736568,0.180388170,0.161099128,0.052877694,-0.292455955,-0.037902296,-0.181922015,0.285643094,0.133439823,0.013312129,0.048309600,1.038269237,-0.601572847,-1.203430727,0.455817037,0.073163726,-0.258333785,0.335546504,1.504611732,0.583416781,-0.838715868,-0.469157314
0.160907220,-0.333601119,0.978173000,0.052617894,0.144587924,0.276578065,0.948593835,0.111593881,0.100654958,0.315295134,0.407472202,-0.481505880,-0.150637254,-0.732907626,-0.177523478,-0.344359354,0.149280763,0.175321430,0.031465473,-0.306509252,-0.041386307,-0.198187911,0.316183197,0.145949278,0.009611797,0.079947137,1.032281065,-0.528607873,-1.205868258,0.455603167,0.084114654,-0.258848688,0.305360536,1.506443564,0.583237995,-0.837378660,-0.468872296
0.147036994,-0.332069790,0.973180188,0.053740499,0.138965485,0.276396148,0.949423889,0.160032380,0.121913926,0.317803689,0.412159684,-0.468132791,-0.149570610,-0.733517696,-0.183769862,-0.368229876,0.157926674,0.177818914,0.012740560,-0.317111201,-0.050227460,-0.212120991,0.346612185,0.145318597,0.011341617,0.165931988,1.076713520,-0.544079101,-1.208155128,0.455392487,0.101138535,-0.253839512,0.278780862,1.516077711,0.582976899,-0.836044585,-0.468603017
0.124523996,-0.337119308,0.970373381,0.058877859,0.133121813,0.277090712,0.949754030,0.202903105,0.145337503,0.292653598,0.445485157,-0.463121356,-0.126471483,-0.730244773,-0.200728450,-0.352446282,0.232519108,0.154388335,-0.003340067,-0.327639927,-0.060870495,-0.225680879,0.372752879,0.170802024,0.011328022,0.255931988,1.082600380,-0.644079101,-1.211370805,0.455190246,0.135307766,-0.257657220,0.255541563,1.526744075,0.582593186,-0.834705487,-0.468356819
0.101409899,-0.346077105,0.965767386,0.067999292,0.118804228,0.275516388,0.951500064,0.233611929,0.171986879,0.249545769,0.493903187,-0.443124625,-0.087466780,-0.715461751,-0.219751872,-0.297467561,0.321543242,0.122186594,-0.004225695,-0.330418015,-0.070807585,-0.247735068,0.387556917,0.197449880,0.017963319,0.345931988,1.118374550,-0.744079101,-1.213668488,0.455002197,0.155351726,-0.251740995,0.235572788,1.536211578,0.582047677,-0.833352566,-0.468144339
0.085619126,-0.350103791,0.959507358,0.079051097,0.104535433,0.268425429,0.954343259,0.252603443,0.196966433,0.213022037,0.531813735,-0.416485516,-0.046924901,-0.695212190,-0.231236405,-0.244092747,0.400059762,0.076932154,-0.001371198,-0.336205470,-0.075137275,-0.263770365,0.393206013,0.224175458,0.012045355,0.435931988,1.153861219,-0.844079101,-1.212719859,0.454831349,0.150066181,-0.243516809,0.218564048,1.539264110,0.581332773,-0.831981381,-0.467970262
0.083832574,-0.344382519,0.951891269,0.086683448,0.095185577,0.266237770,0.955271237,0.262036408,0.218990811,0.181804483,0.579747762,-0.393471575,-0.006432838,-0.673297164,-0.241253000,-0.209102694,0.483718754,0.023778165,-0.001677125,-0.337028720,-0.085974135,-0.273543204,0.388309217,0.276693600,-0.003144115,0.525931883,1.243861218,-0.944079026,-1.210911261,0.454677445,0.158911020,-0.237366902,0.204131506,1.540115530,0.580475497,-0.830590893,-0.467830653
0.092734804,-0.336861192,0.940476168,0.101159261,0.086675119,0.264262328,0.955206601,0.273591159,0.239313919,0.163449888,0.635843800,-0.396593107,0.030900976,-0.710101405,-0.252203855,-0.157818145,0.633627543,-0.052448968,-0.007003733,-0.343210091,-0.094522850,-0.264255510,0.360502346,0.268280095,-0.013275158,0.615931883,1.297033728,-1.044079026,-1.208494396,0.454546041,0.151645377,-0.242424980,0.191690470,1.542139076,0.579477473,-0.829180470,-0.467731572
0.101327728,-0.333201658,0.914812133,0.112507900,0.073921455,0.265410857,0.954690876,0.277961354,0.258760369,0.146830279,0.693475896,-0.432291302,0.071798805,-0.802042349,-0.267948170,-0.114631184,0.822718524,-0.120820698,-0.017643574,-0.348387427,-0.098938924,-0.249523876,0.325256971,0.270244627,-0.018592015,0.641819876,1.317252228,-1.144078992,-1.205644872,0.454441455,0.123600804,-0.246824942,0.180726176,1.538536729,0.578377090,-0.827753726,-0.467669390
0.098125559,-0.341449551,0.885115535,0.121480423,0.059318867,0.273620800,0.952289576,0.266417061,0.279112506,0.125966583,0.771142056,-0.472933136,0.110140120,-0.906681034,-0.284215230,-0.073682125,1.015387711,-0.179425724,-0.030630347,-0.357917584,-0.103375644,-0.252148258,0.303302008,0.271904214,-0.018445939,0.597791496,1.304758098,-1.244078992,-1.202488996,0.454364938,0.099718461,-0.244244468,0.171170106,1.535968225,0.577185198,-0.826312824,-0.467637202
0.071929715,-0.357125223,0.860290443,0.129601227,0.049053609,0.280108828,0.949913843,0.279510738,0.291901506,0.116000142,0.796561550,-0.515891702,0.135840214,-1.003888676,-0.297851220,-0.042899242,1.175341844,-0.223337230,-0.033813214,-0.375283296,-0.099169402,-0.256506411,0.287966691,0.258001730,-0.003302772,0.513627086,1.330977729,-1.344078991,-1.199112065,0.454312562,0.060821797,-0.246896187,0.163587853,1.532765980,0.575929777,-0.824855185,-0.467624545
0.035288044,-0.364688361,0.844430585,0.134395389,0.041501041,0.281735037,0.949126394,0.273275286,0.295667530,0.098425822,0.845322969,-0.540580178,0.156616011,-1.079872015,-0.296010769,-0.019365501,1.303062338,-0.260902837,-0.037068751,-0.386991504,-0.096048470,-0.256358558,0.271519136,0.239061734,0.011114947,0.423627086,1.337083057,-1.444078991,-1.195575853,0.454280497,0.016884398,-0.240402672,0.159484855,1.528959818,0.574628920,-0.823382776,-0.467624696
-0.005740480,-0.365275539,0.835156803,0.135981196,0.040031209,0.282278747,0.948802048,0.281846424,0.294840416,0.092416606,0.862557716,-0.557980094,0.160710096,-1.131295840,-0.284436638,-0.008209331,1.385886179,-0.285350924,-0.034632864,-0.410124736,-0.085787339,-0.252147391,0.280222610,0.195235716,0.028032248,0.333627086,1.247083057,-1.424474806,-1.190633046,0.454270815,-0.027456562,-0.240952173,0.169170135,1.493284286,0.573357971,-0.821907091,-0.467623418
-0.034614362,-0.366824125,0.826947150,0.136499614,0.041005680,0.285484331,0.947726272,0.296629884,0.294441272,0.095914590,0.862399296,-0.563690540,0.155855831,-1.174405854,-0.275267590,-0.005881665,1.446245389,-0.301607397,-0.029490043,-0.419915171,-0.078108273,-0.243961324,0.284030523,0.169872212,0.030466853,0.243627086,1.157083057,-1.324474806,-1.188080018,0.454278062,-0.058220272,-0.256757522,0.195046274,1.468770661,0.572122795,-0.820424929,-0.467612811
-0.045248832,-0.372503208,0.820452673,0.134557295,0.039786117,0.288415160,0.947168462,0.300483348,0.292788558,0.093280084,0.875608227,-0.568786674,0.156403197,-1.226364722,-0.266308288,-0.005344657,1.501044166,-0.307626954,-0.024777255,-0.431204105,-0.067983579,-0.229409970,0.286514756,0.145143526,0.003759626,0.153627086,1.067083057,-1.228775586,-1.185142582,0.454301910,-0.083995330,-0.265819789,0.252341618,1.378770661,0.570957271,-0.818942159,-0.467590765
-0.046375114,-0.376483691,0.817198905,0.132001657,0.038715550,0.287791250,0.947762030,0.310113020,0.291064471,0.090264092,0.891870195,-0.573106425,0.157266179,-1.269192356,-0.258106836,-0.005297702,1.549491306,-0.314707298,-0.021362616,-0.438058588,-0.065163475,-0.228542938,0.285964132,0.173314115,0.006069330,0.063627086,0.977083057,-1.159526029,-1.181942019,0.454342891,-0.096596619,-0.274990467,0.324708952,1.307530647,0.569829721,-0.817461133,-0.467564128
-0.044435199,-0.376195259,0.814936541,0.128888351,0.039935305,0.284895361,0.949014013,0.318178026,0.290964806,0.088916416,0.905275624,-0.580966082,0.156002128,-1.312260604,-0.253464218,-0.004371905,1.593888811,-0.322764966,-0.020013832,-0.444530571,-0.062376637,-0.230473919,0.276518906,0.182757455,0.020827544,-0.026372914,0.887083057,-1.108876265,-1.178562024,0.454402726,-0.101251529,-0.280717097,0.387431758,1.241023565,0.568692975,-0.815986597,-0.467546125
-0.046538307,-0.372724017,0.810228908,0.124371066,0.042025338,0.279053752,0.951259540,0.326105690,0.291038114,0.087410488,0.917660417,-0.589006842,0.156259216,-1.348693016,-0.250988443,-0.004762801,1.630247195,-0.328175726,-0.019588768,-0.448347454,-0.060902264,-0.234922760,0.268209325,0.203320075,0.037738274,-0.116372914,0.797083057,-1.071306716,-1.175060995,0.454482466,-0.093455571,-0.283825857,0.431367756,1.154158190,0.567512031,-0.814521069,-0.467546240
-0.051405096,-0.368610574,0.803050811,0.119021412,0.044398175,0.273493378,0.953448519,0.323936382,0.290914208,0.083474248,0.936987007,-0.599381303,0.156152299,-1.387355400,-0.248648937,-0.004808239,1.664264850,-0.336458359,-0.022243128,-0.451845319,-0.057073694,-0.230787934,0.249708123,0.202639970,0.057091046,-0.206372914,0.727290266,-1.042954924,-1.171482647,0.454583379,-0.090758313,-0.291096434,0.463551910,1.064158190,0.566268734,-0.813067147,-0.467571641
-0.056410636,-0.366484151,0.794351863,0.113537826,0.046933722,0.268470296,0.955421419,0.320793821,0.291192044,0.079813893,0.956936904,-0.607502702,0.154898779,-1.424699872,-0.247345846,-0.004007784,1.699945560,-0.345914051,-0.024494832,-0.455484498,-0.055556388,-0.225007521,0.228039410,0.187949278,0.067551294,-0.272929290,0.695082925,-1.021096901,-1.167858687,0.454706006,-0.096226206,-0.290953391,0.494662352,1.039576987,0.564933344,-0.811627083,-0.467629311
-0.065131912,-0.366223944,0.785945849,0.109775890,0.048997503,0.265987212,0.956451411,0.319447886,0.291965876,0.077600225,0.968894186,-0.615971962,0.152368348,-1.466033323,-0.245521150,-0.001903711,1.733417558,-0.353941367,-0.026915410,-0.456804872,-0.053613747,-0.223704079,0.207183117,0.179729989,0.073034279,-0.304891512,0.678870830,-1.003819353,-1.164211858,0.454851288,-0.104337537,-0.290467591,0.526665604,1.028588313,0.563493561,-0.810206631,-0.467723530
-0.071712026,-0.364652729,0.779569092,0.106058543,0.048644581,0.265397684,0.957052433,0.310498590,0.293828750,0.074089113,0.986543007,-0.626201661,0.149300741,-1.512734792,-0.245202497,0.001149152,1.770464812,-0.358144802,-0.027727498,-0.456606468,-0.050243084,-0.223659824,0.186147220,0.169822682,0.077073816,-0.330242863,0.651839944,-0.989794606,-1.160561246,0.455017693,-0.111606391,-0.292987014,0.559533295,0.999005398,0.561940667,-0.808810109,-0.467854670
-0.077568724,-0.362465266,0.779159288,0.103583276,0.048355991,0.265840395,0.957215278,0.304424176,0.295872687,0.071723464,0.996255512,-0.638184058,0.151390005,-1.544185443,-0.248016422,0.003785202,1.801246439,-0.366134993,-0.025659214,-0.456289528,-0.047681671,-0.224915510,0.157314740,0.165661891,0.077783213,-0.362694084,0.634193224,-0.978079173,-1.156915867,0.455202473,-0.115721522,-0.293816172,0.592868546,0.974521273,0.560280241,-0.807437408,-0.468019527
-0.082943718,-0.361020056,0.783664822,0.103972641,0.050190922,0.267965536,0.956485772,0.308568920,0.297049925,0.071357203,0.985884786,-0.645321690,0.149779405,-1.565067898,-0.248378832,0.007238784,1.823842348,-0.374953353,-0.026773077,-0.453319929,-0.045746041,-0.227149430,0.141745985,0.169118183,0.075604793,-0.386450128,0.624896304,-0.940736120,-1.137321290,0.456430984,-0.121200519,-0.292772910,0.620387009,0.970578236,0.558533256,-0.806086620,-0.468209963
-0.089903709,-0.362500421,0.789895896,0.102853775,0.053175958,0.269531983,0.956005193,0.299720712,0.297703979,0.072542956,0.970220947,-0.645626446,0.145495085,-1.588154426,-0.248413844,0.009541107,1.834152304,-0.377557547,-0.028516073,-0.449712044,-0.040472255,-0.228300254,0.127458165,0.169108440,0.073862004,-0.393472018,0.639093496,-0.912856696,-1.122569013,0.457359266,-0.137690271,-0.287287800,0.639028740,0.982291648,0.556715303,-0.804758265,-0.468418980
-0.093099764,-0.363761460,0.798768427,0.103486038,0.058061882,0.273536092,0.954514255,0.291303444,0.298282725,0.078781886,0.943742476,-0.637018163,0.139126441,-1.603182898,-0.246304739,0.011681291,1.836757632,-0.385193725,-0.033748752,-0.450662113,-0.031611776,-0.220261759,0.106890329,0.159880605,0.064380367,-0.389550306,0.669969674,-0.891614092,-1.111219735,0.458080581,-0.174559330,-0.267274151,0.651400341,1.072291648,0.554824589,-0.803453517,-0.468646842
-0.092318358,-0.362591726,0.810820969,0.105359930,0.065075320,0.275322364,0.953342585,0.285065140,0.294405541,0.089213546,0.896661877,-0.617293154,0.136851101,-1.590612265,-0.241521329,0.010194683,1.813764592,-0.393996230,-0.042214907,-0.454282804,-0.025531952,-0.207278688,0.100897022,0.151847909,0.055994312,-0.373051607,0.716770332,-0.874996282,-1.102259428,0.458656954,-0.211123175,-0.247200609,0.658602081,1.162291648,0.552877415,-0.802171541,-0.468886134
-0.088770141,-0.360154736,0.826922339,0.108525584,0.075095552,0.274397151,0.952517222,0.282762153,0.289281396,0.108992906,0.831534640,-0.587558686,0.130646536,-1.551921985,-0.234921413,0.006420119,1.762876256,-0.404355367,-0.051594656,-0.457723333,-0.022929518,-0.188597213,0.092304252,0.143404091,0.041395075,-0.343730129,0.783591372,-0.861567403,-1.094972420,0.459129057,-0.235928722,-0.227973721,0.654974062,1.252291648,0.550878119,-0.800907092,-0.469131910
-0.083883849,-0.359900401,0.849338171,0.112545850,0.074142853,0.288446645,0.947963502,0.264880461,0.282269429,0.139826731,0.749982998,-0.555972400,0.116798294,-1.503014491,-0.226363684,-0.001604307,1.680296828,-0.409321849,-0.060725915,-0.458082428,-0.007270610,-0.173905453,0.079176486,0.116261719,0.029234536,-0.324931050,0.809003475,-0.850381981,-1.088864378,0.459523907,-0.273297944,-0.218663558,0.643087914,1.342291648,0.548830890,-0.799656130,-0.469384828
-0.080662324,-0.360047510,0.876426493,0.117871214,0.086768291,0.292107252,0.945119566,0.230886455,0.268573818,0.173094624,0.683243661,-0.508575126,0.114664397,-1.399819279,-0.216824135,-0.019280936,1.539859214,-0.399259865,-0.063373567,-0.444718156,-0.005119900,-0.167694214,0.073236707,0.110945830,0.020317687,-0.312503875,0.858032299,-0.840780346,-1.083579354,0.459849406,-0.289383263,-0.216013041,0.625529129,1.432291648,0.546784878,-0.798405638,-0.469632441
-0.078970795,-0.360331653,0.904231926,0.122815180,0.096935870,0.297468521,0.941823947,0.186424561,0.250395023,0.208107932,0.638212822,-0.447083535,0.106686138,-1.271493274,-0.203411770,-0.040706267,1.377352418,-0.378294460,-0.060043827,-0.437945715,-0.000863906,-0.164757477,0.074045915,0.094786243,0.011605326,-0.304110156,0.937154080,-0.832294503,-1.078862626,0.460110051,-0.286590258,-0.234658942,0.604253134,1.492617253,0.544791277,-0.797139769,-0.469866284
-0.078210303,-0.356886688,0.928823228,0.126976965,0.137137223,0.276600126,0.942635986,0.112059879,0.221928099,0.220813095,0.651538526,-0.392313597,0.108193300,-1.142631775,-0.186619772,-0.066272880,1.212887697,-0.346390021,-0.052485589,-0.425083277,-0.001840268,-0.138843100,0.063506289,0.076596237,0.007260666,-0.295899622,1.011341139,-0.824595967,-1.074539178,0.460314338,-0.264923695,-0.243682903,0.582841290,1.511611554,0.542910253,-0.795852686,-0.470080263
-0.083975693,-0.354119541,0.946638188,0.112520496,0.110294447,0.296712918,0.941878823,-0.047214946,0.184222203,0.194195517,0.809456201,-0.345946467,0.125304724,-1.002925306,-0.164321795,-0.088416714,1.070877308,-0.313066975,-0.053165944,-0.396216517,-0.013338941,-0.120996989,0.052310101,0.104237482,0.006955364,-0.311542124,0.934866476,-0.817512170,-1.070487551,0.460470394,-0.209410991,-0.254957152,0.561822354,1.518746152,0.541212337,-0.794544528,-0.470263751
-0.099636473,-0.345292149,0.961270684,0.107791208,0.140350991,0.271784269,0.945947126,-0.156455287,0.151061895,0.188413531,0.904064399,-0.319978689,0.127743117,-0.869454389,-0.148383909,-0.120770853,0.915308733,-0.269455736,-0.033606551,-0.367096154,-0.018527116,-0.117033252,0.082381366,0.130067249,0.002046946,-0.324710026,0.918664102,-0.810860366,-1.066624272,0.460588901,-0.162014454,-0.261470258,0.542126579,1.527519929,0.539702334,-0.793218536,-0.470419103
-0.118966004,-0.338344878,0.970561753,0.091230986,0.148095158,0.262250464,0.949194093,-0.247179181,0.124799711,0.183836943,0.970659799,-0.316657893,0.135608083,-0.757017193,-0.140321049,-0.150506535,0.786509630,-0.231328580,-0.015753037,-0.334833021,-0.026913197,-0.123273298,0.108672707,0.124119673,0.005393307,-0.324745221,0.948805266,-0.764972495,-1.062897205,0.460676273,-0.122033812,-0.252445502,0.525385489,1.533774393,0.538359401,-0.791879782,-0.470549021
-0.126632389,-0.335495815,0.977454148,0.081416983,0.148617806,0.246088770,0.954318783,-0.322397164,0.101908013,0.180232557,1.042308517,-0.321316225,0.145485127,-0.643443121,-0.132035311,-0.181112982,0.660953046,-0.187768095,0.002452120,-0.307830052,-0.026986911,-0.137636512,0.150587754,0.154065680,0.016194900,-0.324340907,0.876584407,-0.672213037,-1.059273602,0.460735829,-0.083896584,-0.257796188,0.511599410,1.528300993,0.537211097,-0.790534260,-0.470648938
-0.110485114,-0.335195734,0.983082985,0.066009842,0.147206430,0.234241114,0.958699154,-0.415271962,0.082606092,0.172894212,1.104694247,-0.315738092,0.161461008,-0.525514867,-0.122996732,-0.211227485,0.557943908,-0.157484315,0.012873281,-0.259292767,-0.034947969,-0.159861829,0.187353456,0.193423782,0.034403927,-0.304447897,0.786584407,-0.572213037,-1.055586245,0.460770719,-0.053493105,-0.248299617,0.501422634,1.519966425,0.536267430,-0.789192810,-0.470718388
-0.077140417,-0.328255151,0.987186971,0.054866531,0.121454710,0.224270901,0.965370903,-0.521412939,0.079228445,0.172208126,1.129626748,-0.306254268,0.175562519,-0.415964420,-0.120201168,-0.236913277,0.482048142,-0.138954670,0.029142997,-0.218898715,-0.035806129,-0.160684353,0.235292350,0.214304507,0.040118950,-0.297411135,0.728051363,-0.472213037,-1.050653747,0.460786475,-0.022313334,-0.235859780,0.497551951,1.510261855,0.535519583,-0.787862476,-0.470759356
-0.044854971,-0.325268660,0.989816248,0.045951276,0.104940778,0.208714911,0.971243532,-0.623222877,0.082512449,0.171576437,1.110467993,-0.298019050,0.188356365,-0.340180255,-0.120118281,-0.246336352,0.441618366,-0.134142417,0.037609987,-0.178660638,-0.033719150,-0.178575587,0.278611609,0.219370898,0.050174052,-0.258462284,0.709536111,-0.372213037,-1.045138397,0.460790549,-0.008434403,-0.220067465,0.502016772,1.499936902,0.534961214,-0.786544009,-0.470772141
-0.015599663,-0.319552332,0.991098465,0.038974793,0.104655669,0.200164230,0.973376822,-0.677431611,0.100814994,0.193814201,0.985928900,-0.272885030,0.194190859,-0.259774169,-0.128786399,-0.261946634,0.413294126,-0.140040368,0.058069687,-0.130825197,-0.034916686,-0.188296072,0.292664175,0.231245079,0.055787159,-0.235617444,0.662305167,-0.297880261,-1.042202246,0.460780221,0.010046757,-0.211899458,0.515784331,1.486403818,0.534594542,-0.785239342,-0.470754662
0.011806990,-0.308697671,0.989755914,0.031078552,0.107671080,0.195025576,0.974374716,-0.576553528,0.104672264,0.250015959,0.703392479,-0.240304453,0.196114340,-0.145318316,-0.133574124,-0.302153365,0.354031735,-0.145514991,0.077359320,-0.115726701,-0.039017517,-0.197860550,0.351840096,0.270606748,0.062054745,-0.145617444,0.614833510,-0.335215292,-1.042050733,0.460747713,0.033463058,-0.198318068,0.532480157,1.493381910,0.534422252,-0.783940803,-0.470699294
0.041558292,-0.300998474,0.979173640,0.024208212,0.095549499,0.180318397,0.978657004,-0.622709321,0.082089973,0.304364235,0.580784042,-0.192905967,0.185742181,-0.043782375,-0.130730175,-0.316507202,0.326279217,-0.166601589,0.073659093,-0.087274791,-0.045171873,-0.214938957,0.389584973,0.344714606,0.065869192,-0.055617444,0.534993165,-0.435215292,-1.044004443,0.460678610,0.053703046,-0.187350221,0.546741454,1.487943112,0.534455502,-0.782658086,-0.470604852
0.072192638,-0.298309207,0.966957455,0.022111597,0.085453342,0.159346339,0.983268808,-0.673078521,0.088318207,0.363635192,0.494207026,-0.136864386,0.171388248,0.029905997,-0.136059277,-0.302200345,0.333685991,-0.199498216,0.073590055,-0.047858286,-0.044971303,-0.215672163,0.402109571,0.410275422,0.089392398,0.034382556,0.624993165,-0.420855251,-1.044426934,0.460575929,0.061913803,-0.186445481,0.553218235,1.489062244,0.534668616,-0.781397138,-0.470481427
0.094629998,-0.296952349,0.955078155,0.020447052,0.079058740,0.149217989,0.985426621,-0.687312387,0.098682205,0.479219625,0.367721070,-0.083585170,0.170558353,0.097933483,-0.140702413,-0.294152661,0.322186748,-0.215444096,0.070521465,-0.011471020,-0.042499225,-0.224141073,0.413900594,0.430088589,0.053853752,0.124382556,0.714993165,-0.345901654,-1.043773721,0.460443505,0.061258160,-0.178578505,0.548730018,1.482059692,0.535034848,-0.780161915,-0.470338441
0.113508995,-0.292213185,0.944127967,0.020710460,0.083909217,0.150986980,0.984750350,-0.707800500,0.099388742,0.590017956,0.276122244,-0.044757654,0.172837112,0.148093506,-0.145754507,-0.284889133,0.321910022,-0.228040410,0.064539993,0.026331143,-0.038077267,-0.235147612,0.434722088,0.432945620,0.026679597,0.214382153,0.804993165,-0.245901654,-1.042361861,0.460282080,0.061666661,-0.171978175,0.533593244,1.483611513,0.535489492,-0.778952709,-0.470186648
0.128396693,-0.286880274,0.933408136,0.018851686,0.085183535,0.155743428,0.983937175,-0.743943675,0.092656162,0.659728284,0.226471479,-0.015123004,0.174730055,0.187471530,-0.150712574,-0.278070343,0.328898989,-0.240358895,0.055814601,0.060061183,-0.031744344,-0.244662548,0.447160756,0.436834962,0.005228688,0.275175980,0.873327121,-0.145901774,-1.040413196,0.460096670,0.054847828,-0.160811147,0.510899529,1.488461539,0.535951135,-0.777771344,-0.470038665
0.141559424,-0.284221996,0.923853743,0.017086782,0.083218052,0.162130286,0.983105573,-0.779202941,0.082585026,0.703867243,0.216034931,0.004344074,0.176653056,0.227470211,-0.152770609,-0.272938771,0.335309989,-0.247614459,0.046026027,0.081207863,-0.024107192,-0.250218688,0.467064797,0.426694385,-0.008778405,0.317398976,0.931119093,-0.045901774,-1.038084549,0.459893937,0.052275856,-0.158340336,0.482695385,1.489577184,0.536380341,-0.776615693,-0.469899505
0.158936206,-0.283829610,0.917220528,0.013005762,0.083502995,0.171754650,0.981508248,-0.794184448,0.076197492,0.745918931,0.207036677,0.024544996,0.175549549,0.277517193,-0.155014209,-0.277071060,0.332338119,-0.246853613,0.041996272,0.088646292,-0.020247251,-0.266408595,0.494296649,0.416556643,-0.016615258,0.352720290,1.021119078,0.007637151,-1.035482198,0.459674884,0.064111091,-0.156219335,0.451248296,1.489206263,0.536761537,-0.775480718,-0.469766352
0.177311554,-0.282768104,0.910773237,0.014421050,0.080367906,0.180811342,0.980122590,-0.786569813,0.076497794,0.762400973,0.213716781,0.045511783,0.176562264,0.317932733,-0.160091747,-0.271221268,0.349827875,-0.254752633,0.040088547,0.088598044,-0.019845014,-0.273422233,0.520342131,0.415955358,-0.027165328,0.347608682,1.111119078,0.048355104,-1.032679192,0.459441327,0.077411217,-0.158584147,0.417559542,1.495455665,0.537079512,-0.774360043,-0.469636610
0.195925374,-0.273592840,0.903759273,0.018000458,0.071303376,0.179881959,0.980935417,-0.765698748,0.081420950,0.743078133,0.240159591,0.061273462,0.174477201,0.350658795,-0.166407562,-0.263434368,0.370003808,-0.264297599,0.038048061,0.082549684,-0.018288820,-0.264605758,0.547936225,0.402699799,-0.024811771,0.361343876,1.201119078,0.062152486,-1.030006934,0.459329194,0.086985610,-0.157672123,0.383512489,1.501625692,0.537323813,-0.773244441,-0.469507231
0.219888697,-0.254442739,0.898847333,0.018732769,0.057472682,0.174671086,0.982769549,-0.744408116,0.088471121,0.697473898,0.278058911,0.069430935,0.167953046,0.389277171,-0.176019457,-0.261345396,0.387430247,-0.265350862,0.040722510,0.084163797,-0.018324476,-0.265649740,0.570700720,0.398582592,-0.018433306,0.379444426,1.291119078,0.071407608,-1.027142781,0.459163268,0.101068968,-0.157570214,0.350867045,1.510570770,0.537490142,-0.772127186,-0.469373641
0.248199497,-0.233029015,0.887451440,0.014111965,-0.018336839,0.105580007,0.994141577,-0.735637953,0.104309036,0.614669055,0.339262663,0.063836441,0.155694396,0.421776521,-0.190050775,-0.264227056,0.401389083,-0.270019893,0.040980386,0.075817985,-0.019230702,-0.258376643,0.590470232,0.449127268,-0.037392890,0.402220446,1.201119078,0.077470265,-1.024147673,0.458958782,0.107284832,-0.157006928,0.320805439,1.498309349,0.537566962,-0.771007142,-0.469232188
0.277456450,-0.227476472,0.885184323,0.009402379,-0.001875383,0.111204203,0.993751329,-0.775006510,0.115233079,0.477795041,0.437896624,0.043942559,0.141559456,0.444397674,-0.206172579,-0.264763429,0.422240651,-0.268041715,0.048514076,0.088026268,-0.018046537,-0.245379181,0.588218990,0.383704802,-0.011968230,0.403855144,1.229427641,0.081289345,-1.021063471,0.458719724,0.158834547,-0.145853882,0.232395011,1.408309349,0.537565720,-0.769880373,-0.469074592
0.288034256,-0.224687658,0.876096491,0.006908207,-0.026171393,0.061503149,0.997739795,-0.862511493,0.134803701,0.368691339,0.587595097,0.007395694,0.135823194,0.425961106,-0.221975963,-0.246456332,0.482071305,-0.276138175,0.053953011,0.080202863,-0.017930907,-0.213897540,0.589084337,0.346196464,0.003453062,0.383263099,1.139427641,0.083406500,-1.017928466,0.458463295,0.104432272,-0.156919310,0.184095480,1.483771417,0.537485451,-0.768746439,-0.468906355
0.295193394,-0.221589800,0.879694137,0.011191975,-0.010994614,0.103858426,0.994468343,-0.972184839,0.148665604,0.297814161,0.749675109,-0.041384909,0.141421805,0.393220624,-0.235866635,-0.223061962,0.540887622,-0.288408630,0.061741177,0.087830500,-0.011748905,-0.194855076,0.568544038,0.314659313,0.015296008,0.338567531,1.049427641,0.111582256,-1.014772983,0.458199249,0.076099328,-0.156922038,0.171231740,1.484242295,0.537327682,-0.767611499,-0.468731553
0.288153546,-0.229770093,0.871942810,0.018581118,-0.019513453,0.036566628,0.998967892,-1.076151784,0.158825622,0.262962343,0.886322111,-0.077465380,0.145725038,0.355393989,-0.246433094,-0.198035492,0.607549838,-0.305851461,0.071774865,0.091641755,-0.006826787,-0.178341957,0.567314427,0.292852974,0.020035382,0.275099961,0.959427641,0.180692140,-1.011616414,0.457932738,-0.001798289,-0.159554324,0.214233788,1.458930344,0.537099118,-0.766479473,-0.468550438
0.283908559,-0.248803290,0.868452074,0.023787381,-0.008729919,0.051055102,0.998374341,-1.167485243,0.162431642,0.239245234,1.007515276,-0.111419714,0.142616623,0.339723031,-0.250012271,-0.185820104,0.640475216,-0.324611388,0.079024820,0.095591271,-0.000089935,-0.195724349,0.571506015,0.291128209,0.018932811,0.230766594,0.869427641,0.241095724,-1.008465160,0.457665003,0.026626298,-0.169890942,0.252473083,1.493255649,0.536811784,-0.765347886,-0.468361259
0.275824349,-0.271948825,0.862657462,0.031769112,-0.001641530,0.077192784,0.996508556,-1.260084557,0.163635262,0.224401122,1.119560573,-0.139530397,0.136769149,0.316127044,-0.252671960,-0.175138404,0.679753613,-0.348423368,0.090804064,0.098173795,0.009352610,-0.185096323,0.557250912,0.283927680,0.021716211,0.185370244,0.779427641,0.276350837,-1.005326767,0.457396771,-0.008309414,-0.180552610,0.285840439,1.481992569,0.536515245,-0.764219463,-0.468159693
0.253748224,-0.302725841,0.855198726,0.041826882,-0.001987121,0.074134805,0.996368704,-1.335297794,0.161404174,0.216498541,1.209515558,-0.165876093,0.129337673,0.290063258,-0.256407217,-0.166588083,0.711765104,-0.368074314,0.108429470,0.106059201,0.017300487,-0.166670049,0.534335921,0.261194469,0.032760623,0.131779209,0.741237255,0.281921056,-1.002212066,0.457125461,-0.045971584,-0.190626855,0.318868436,1.466478883,0.536255787,-0.763102608,-0.467942665
0.214581679,-0.332283736,0.851452406,0.048155552,-0.000446477,0.069409353,0.996425203,-1.391409338,0.157339417,0.210768241,1.275445231,-0.183357783,0.119882083,0.273160823,-0.257618071,-0.158837414,0.730792329,-0.382621105,0.113930580,0.117776764,0.016977868,-0.166986101,0.517705889,0.241589994,0.042829774,0.086572039,0.721904959,0.272911709,-0.999128487,0.456850830,-0.087385512,-0.192610192,0.349268965,1.462420373,0.536041219,-0.762011220,-0.467715977
0.171306898,-0.355037657,0.848807879,0.053204778,0.001415506,0.062779930,0.996607209,-1.440481825,0.152470304,0.203181269,1.335202591,-0.202311930,0.112409945,0.268881194,-0.258113184,-0.151759850,0.743822866,-0.394616451,0.120535519,0.128065439,0.017957180,-0.167473867,0.513575365,0.232974183,0.052899042,0.042289152,0.687932502,0.264794918,-0.996077127,0.456571003,-0.110338711,-0.203823067,0.376463329,1.442361465,0.535881971,-0.760946071,-0.467480175
0.143020162,-0.373760576,0.845957882,0.056794075,0.003698460,0.051280931,0.997061192,-1.490491565,0.148586820,0.194180509,1.386379552,-0.216885362,0.106489817,0.266286720,-0.261510200,-0.146741994,0.765628735,-0.403922125,0.127142765,0.136317729,0.017724860,-0.164620010,0.494610266,0.234035980,0.066070245,-0.000991787,0.655814183,0.256760386,-0.993058227,0.456285184,-0.123404709,-0.213935182,0.399306100,1.416710979,0.535782815,-0.759907180,-0.467238686
0.128488264,-0.389964981,0.844213749,0.057620938,0.006892358,0.037976053,0.997592172,-1.540279683,0.147248322,0.184488374,1.434810328,-0.227303090,0.102916928,0.261033638,-0.266846333,-0.140599747,0.800700520,-0.411615196,0.131385975,0.146024647,0.017058941,-0.158849545,0.487782233,0.240192807,0.078268528,-0.036656566,0.621455606,0.248580234,-0.990073673,0.455997144,-0.121356736,-0.220572582,0.417783488,1.368868757,0.535745791,-0.758893436,-0.466993623
0.119320382,-0.403032978,0.841620996,0.058352377,0.012905961,0.025934987,0.997875650,-1.578236708,0.146853341,0.174252554,1.472219958,-0.236922370,0.101328521,0.258805528,-0.272839029,-0.135312251,0.830278935,-0.416098415,0.134504500,0.154781136,0.016185108,-0.160835388,0.487223395,0.251768014,0.087842272,-0.065608632,0.570582310,0.248685323,-0.987122031,0.455710038,-0.102575210,-0.225156608,0.435161019,1.278868757,0.535777894,-0.757899589,-0.466744407
0.110984100,-0.412404866,0.838441795,0.058890425,0.018026010,0.015515203,0.997981092,-1.614494793,0.148045053,0.164539107,1.505022439,-0.238372152,0.097647061,0.257076351,-0.281691938,-0.129324177,0.859151297,-0.420510728,0.135537769,0.166610809,0.016096788,-0.171833379,0.485942579,0.271559626,0.088309753,-0.068115468,0.525457598,0.263205158,-0.984196975,0.455425507,-0.085355828,-0.225328121,0.450265525,1.188868757,0.535868114,-0.756917047,-0.466491999
0.104076570,-0.418865525,0.835237296,0.058645712,0.022786776,0.007514210,0.997990471,-1.648315423,0.148995404,0.155550444,1.537447914,-0.239731907,0.094999874,0.261495981,-0.289657023,-0.124505021,0.874820900,-0.427311185,0.130928456,0.176084507,0.016549088,-0.176914787,0.481564241,0.284254410,0.085072106,-0.068498331,0.482997941,0.301399242,-0.981295658,0.455145316,-0.065473456,-0.226148743,0.459822436,1.102688577,0.535998837,-0.755936204,-0.466236237
0.094963837,-0.425466128,0.830982725,0.056482526,0.025118525,-0.000488040,0.998087444,-1.676855236,0.151328182,0.146346221,1.559263031,-0.239552837,0.091949876,0.256983357,-0.297249514,-0.121723342,0.894737366,-0.435908117,0.126165506,0.181850829,0.019142525,-0.179620081,0.474651216,0.295948671,0.083628638,-0.064598386,0.463508532,0.341756220,-0.978417682,0.454871687,-0.054208745,-0.222735132,0.462629451,1.066768159,0.536164460,-0.754955307,-0.465976516
0.082552440,-0.430918719,0.827479771,0.055701940,0.026507543,-0.005813874,0.998078576,-1.698364042,0.155909093,0.140021413,1.569708012,-0.237099432,0.088083606,0.249538315,-0.304572181,-0.119345529,0.908225941,-0.443302878,0.121930273,0.180553598,0.020453611,-0.174682413,0.464658454,0.301095027,0.082686845,-0.063764062,0.448725900,0.344129722,-0.992727488,0.455123549,-0.058860294,-0.217258874,0.461825554,1.096121096,0.536350476,-0.753977008,-0.465716022
0.068792636,-0.435490249,0.825616391,0.053743883,0.027323055,-0.009009249,0.998140210,-1.712523377,0.161887519,0.137285166,1.570871860,-0.233596716,0.084421886,0.248825840,-0.309436621,-0.118005560,0.905872493,-0.446942346,0.114731282,0.175629593,0.022853528,-0.166057440,0.460815113,0.298096062,0.084673684,-0.070018828,0.442390078,0.313422375,-1.031295297,0.454166674,-0.063900061,-0.209087150,0.463811161,1.122328115,0.536549433,-0.753002794,-0.465456652
0.056469615,-0.438408017,0.825971586,0.051144438,0.028252888,-0.015985398,0.998163558,-1.718588917,0.166557435,0.137448852,1.556468108,-0.229308984,0.080456733,0.247302652,-0.312816209,-0.119903287,0.886538681,-0.446446059,0.108213086,0.170473389,0.027067801,-0.148072266,0.447803339,0.287715848,0.091059320,-0.091055541,0.433403536,0.297505877,-1.088624471,0.454165360,-0.065396933,-0.208648488,0.470739663,1.103076745,0.536758041,-0.752034542,-0.465198825
0.045126472,-0.440910913,0.826882847,0.045467186,0.027038059,-0.039140579,0.997832498,-1.721664147,0.171034803,0.138965429,1.539273296,-0.222694545,0.078075143,0.241093313,-0.316546307,-0.123480680,0.860745798,-0.436417715,0.102295983,0.162077060,0.032532437,-0.125147049,0.434630796,0.272087657,0.097604731,-0.109205411,0.441718659,0.281496880,-1.167590089,0.454560343,-0.082431851,-0.202377507,0.471976740,1.149309314,0.536961196,-0.751073560,-0.464945272
0.036950830,-0.441737578,0.829108751,0.041773173,0.029974119,-0.048493267,0.997499352,-1.708850973,0.173292978,0.142788787,1.507405928,-0.218980290,0.074833134,0.240256183,-0.316510135,-0.126897436,0.808463575,-0.416761345,0.095626616,0.151032252,0.037338005,-0.102206266,0.423452482,0.250523066,0.100152821,-0.118558484,0.472731875,0.275387469,-1.257036460,0.455488293,-0.105307609,-0.194363785,0.471265285,1.194693159,0.537157036,-0.750117682,-0.464696944
0.032898436,-0.441584428,0.834224452,0.039283735,0.035201718,-0.059209124,0.996850995,-1.671302991,0.175239984,0.151829369,1.449900873,-0.211265462,0.070152515,0.241696554,-0.313847498,-0.130374644,0.742168325,-0.385134184,0.093049913,0.139488181,0.042403071,-0.077633714,0.424633258,0.231477214,0.100567756,-0.126469811,0.503822419,0.312384293,-1.331585400,0.456165004,-0.114195639,-0.197581961,0.473348772,1.188556640,0.537367791,-0.749163885,-0.464449730
0.033605059,-0.439508579,0.842910380,0.034776579,0.044474660,-0.071258750,0.995858818,-1.617134696,0.177853958,0.164509434,1.368914051,-0.195900870,0.065503714,0.235601628,-0.310539679,-0.138712714,0.673464695,-0.345644193,0.091038562,0.123412731,0.048661170,-0.053519074,0.422425592,0.210731657,0.099978837,-0.133524132,0.537744168,0.367051356,-1.394264624,0.456514765,-0.141346625,-0.190434166,0.479269890,1.236562197,0.537596560,-0.748210259,-0.464202400
0.039261477,-0.434974826,0.856012359,0.027987974,0.056909064,-0.088574600,0.994048576,-1.548113972,0.177622910,0.175634029,1.285545975,-0.182154576,0.068962417,0.223595661,-0.306193874,-0.151224387,0.596516604,-0.297677302,0.088515956,0.115142569,0.051890078,-0.032487993,0.418467707,0.187296003,0.099699865,-0.138612481,0.583138436,0.405540843,-1.396260000,0.457003104,-0.180819145,-0.179444586,0.483054849,1.326562197,0.537824452,-0.747254373,-0.463959081
0.050450766,-0.427618782,0.874337181,0.020727954,0.072178758,-0.108173654,0.991291602,-1.439403516,0.178836390,0.189967589,1.177597255,-0.171580992,0.073346512,0.175274327,-0.304979221,-0.168740358,0.554541592,-0.233931730,0.098661405,0.100973062,0.052026008,-0.021069159,0.431683102,0.170841614,0.099678840,-0.135081424,0.632543444,0.438892681,-1.396259943,0.457300289,-0.197321517,-0.166986319,0.489260903,1.358791718,0.538043045,-0.746297550,-0.463719307
0.062309379,-0.421132696,0.897267248,0.011775841,0.089272204,-0.129287627,0.987510259,-1.313744070,0.177741664,0.210300529,1.037702699,-0.151588212,0.068813446,0.132607036,-0.297152500,-0.192465773,0.505218343,-0.180459530,0.091657843,0.094063790,0.052556839,-0.013220507,0.439247886,0.148399912,0.100636891,-0.135035424,0.689065211,0.455613789,-1.394901982,0.457472451,-0.230176535,-0.148333416,0.496076939,1.422037320,0.538209304,-0.745341864,-0.463488386
0.072925683,-0.419553551,0.921499121,0.012894161,0.101933810,-0.153600984,0.982776667,-1.171595461,0.172220135,0.233790650,0.890793180,-0.134014141,0.071317461,0.059568309,-0.290201679,-0.207577009,0.513813079,-0.137702283,0.093211031,0.089702372,0.050017289,-0.016581143,0.479844610,0.153460850,0.096408300,-0.104344019,0.715501874,0.446937957,-1.392594440,0.457563896,-0.229095922,-0.143880913,0.500601849,1.447679100,0.538299041,-0.744384340,-0.463265632
0.085840911,-0.420622340,0.943239682,0.017084341,0.111519287,-0.170371511,0.978899955,-1.042800263,0.159253018,0.260199033,0.762270806,-0.128967044,0.082444367,-0.026730376,-0.279419261,-0.208951631,0.564929036,-0.118277998,0.092592549,0.090501518,0.047968853,-0.017280776,0.495049992,0.157534787,0.096940173,-0.084994028,0.744772920,0.416846659,-1.389624015,0.457601606,-0.237956776,-0.147381714,0.501383539,1.474395119,0.538297262,-0.743423108,-0.463050273
0.103449680,-0.424436508,0.968602119,0.028975541,0.131858924,-0.168863666,0.976349684,-0.889819672,0.140747845,0.299107078,0.623219382,-0.130951039,0.090811681,-0.114655532,-0.260887303,-0.199839234,0.644854097,-0.114035192,0.094581657,0.074794197,0.040339690,-0.020652013,0.536701842,0.177861829,0.106778416,-0.075585059,0.771399813,0.381305964,-1.386192551,0.457603824,-0.214189876,-0.154740179,0.499810273,1.472336263,0.538221553,-0.742456757,-0.462833150
0.124607713,-0.428258121,0.987334024,0.050302308,0.179454021,-0.155612774,0.970077624,-0.746133791,0.119381684,0.358333474,0.491791371,-0.135200863,0.097902327,-0.230821776,-0.230944102,-0.180618978,0.747882270,-0.119850519,0.095403061,0.061906558,0.036278006,-0.034573815,0.562973194,0.184506133,0.115526021,-0.063803128,0.772549110,0.355336730,-1.382447791,0.457583046,-0.195273257,-0.164983131,0.490156321,1.459884353,0.538103455,-0.741497281,-0.462610210
0.146081837,-0.433020958,0.998407522,0.058094878,0.174561904,-0.151875235,0.971126686,-0.647074147,0.099682771,0.397179993,0.423794077,-0.155518664,0.103243865,-0.378025945,-0.208556942,-0.152956157,0.872521700,-0.136370220,0.091325875,0.038149619,0.032498218,-0.032320012,0.587915773,0.166639921,0.122231661,-0.057985780,0.764483042,0.336075588,-1.378490870,0.457548415,-0.209182946,-0.164824276,0.479490883,1.437067937,0.537973590,-0.740550664,-0.462379102
0.166355248,-0.437207431,1.005675179,0.061915457,0.165238309,-0.142693636,0.973910316,-0.563359490,0.086937145,0.444389669,0.370258744,-0.175683759,0.096474470,-0.478911469,-0.200690776,-0.137100058,0.949938393,-0.151120823,0.090796804,0.016507841,0.030201759,-0.032908357,0.596541207,0.164954893,0.131468631,-0.054095041,0.757635155,0.321507548,-1.374391757,0.457499086,-0.200927508,-0.167967026,0.475680376,1.401080364,0.537865818,-0.739617452,-0.462133694
0.182573917,-0.440369783,1.011042875,0.068335223,0.157539003,-0.131889347,0.976277092,-0.471830866,0.070871113,0.491167802,0.319075201,-0.188917386,0.085554926,-0.494512536,-0.183860516,-0.132400132,0.937168919,-0.158559864,0.090144621,0.010721596,0.023662958,-0.058131532,0.630058588,0.172419984,0.120590283,-0.049049886,0.771114889,0.310247510,-1.370185114,0.457429039,-0.199809177,-0.173933657,0.470941742,1.443303889,0.537785647,-0.738687736,-0.461874136
0.193850110,-0.442179401,1.015088012,0.071735869,0.138073600,-0.095007621,0.983241170,-0.392218226,0.048855442,0.520712915,0.266493119,-0.208159150,0.064094731,-0.608599432,-0.154689402,-0.096533441,0.960505533,-0.162160744,0.090249386,-0.009890856,0.023955854,-0.062391430,0.624319602,0.148851289,0.105780946,-0.092689262,0.747286148,0.301262442,-1.365909786,0.457338770,-0.178913879,-0.189378289,0.465236492,1.436284645,0.537775828,-0.737764076,-0.461597805
0.201784702,-0.443339152,1.014435142,0.075709487,0.125843968,-0.040038832,0.988346225,-0.342547668,0.034283574,0.492662976,0.274143017,-0.265612506,0.038648359,-0.706564493,-0.130099095,-0.063845095,0.948596823,-0.160375461,0.090584439,-0.045965638,0.026342822,-0.080718632,0.600071793,0.121631875,0.090731259,-0.149522504,0.738144048,0.293906484,-1.361586297,0.457227869,-0.176879878,-0.210276871,0.459556439,1.432771441,0.537871268,-0.736846689,-0.461308439
0.208174071,-0.442817744,1.011436394,0.078751490,0.120128029,0.015460300,0.989509191,-0.280111701,0.026996897,0.451175855,0.309023401,-0.335856624,0.009414988,-0.745353373,-0.121020456,-0.049291238,0.903053853,-0.141659550,0.092039570,-0.102425390,0.020347723,-0.117088079,0.582276660,0.119071552,0.075324942,-0.185259615,0.751083067,0.287706255,-1.357227960,0.457096823,-0.145312924,-0.230283148,0.452562296,1.427363984,0.538073627,-0.735935828,-0.461006143
0.213414490,-0.439185137,1.007517619,0.076945539,0.121144953,0.070124251,0.987160511,-0.201354396,0.028228245,0.421945343,0.331250713,-0.385912998,-0.031496801,-0.762399664,-0.123346171,-0.047924769,0.837374673,-0.109238356,0.094864096,-0.156373000,0.012408172,-0.134888781,0.574275638,0.148002614,0.057190978,-0.159246320,0.753532475,0.250222539,-1.352846777,0.456946016,-0.090445294,-0.246024872,0.436408640,1.432235660,0.538368347,-0.735034467,-0.460691635
0.216067771,-0.432271858,1.002806854,0.071345124,0.132372214,0.116109267,0.981787201,-0.126753506,0.036002754,0.390570538,0.341480360,-0.416857330,-0.079644200,-0.763620075,-0.131663987,-0.077002511,0.677012070,-0.048519346,0.100528680,-0.198853232,0.014644017,-0.144158211,0.559475031,0.160084912,0.042093857,-0.069246398,0.793660930,0.150222539,-1.348455445,0.456776901,-0.047263744,-0.252489416,0.409745894,1.399770473,0.538749534,-0.734145531,-0.460365888
0.215543397,-0.422809333,0.998488829,0.066712656,0.141478587,0.139353765,0.977810697,-0.047556525,0.048255344,0.378015427,0.337802407,-0.432478452,-0.126183138,-0.747982485,-0.145487963,-0.149822388,0.468397873,0.037595635,0.099864416,-0.235497087,0.014720894,-0.168179444,0.550581118,0.146262368,0.027799118,0.020753600,0.883660930,0.050222539,-1.344069406,0.456588068,-0.020303410,-0.251170343,0.374750759,1.393473032,0.539187149,-0.733269637,-0.460035754
0.213122234,-0.409419091,0.993607172,0.059641898,0.154463253,0.157618148,0.973519628,0.020120412,0.064241166,0.367269709,0.339052356,-0.445788044,-0.160897490,-0.730078802,-0.158001605,-0.249717598,0.303458471,0.116430155,0.077679620,-0.260817362,0.012793862,-0.180852112,0.556628754,0.142744655,0.016153263,0.110753600,0.944503708,-0.049777461,-1.339043067,0.456382593,0.011093868,-0.251866891,0.335821129,1.369841947,0.539647878,-0.732406274,-0.459707240
0.206772190,-0.395247681,0.987276658,0.057223295,0.153072327,0.170118747,0.971778766,0.090754678,0.086094943,0.376259130,0.332593013,-0.442211777,-0.188364695,-0.712623960,-0.166184351,-0.306726551,0.198809758,0.167986574,0.058288960,-0.272978479,0.002899420,-0.183966198,0.568157212,0.161324462,0.001003961,0.197771937,0.946516003,-0.149777461,-1.337214819,0.456164747,0.037259778,-0.249340249,0.297419947,1.378667483,0.540084452,-0.731555201,-0.459388741
0.191585817,-0.383800542,0.980699140,0.056814368,0.147461141,0.178261912,0.971210600,0.139127175,0.109460630,0.377774165,0.339976932,-0.441802941,-0.195531999,-0.712687104,-0.176187891,-0.326650627,0.154489662,0.191871331,0.041348154,-0.279631349,-0.004552695,-0.190497792,0.588469617,0.201270569,-0.001737623,0.176141590,0.884301111,-0.249777460,-1.336646671,0.455941726,0.060107606,-0.246933208,0.265260497,1.398372315,0.540450427,-0.730713196,-0.459088512
0.165026324,-0.375079165,0.974347802,0.060783002,0.144225969,0.186486469,0.969910869,0.172648536,0.136966416,0.368344204,0.357889789,-0.439186138,-0.187826681,-0.726490219,-0.197540817,-0.345360604,0.162436009,0.196091268,0.018227552,-0.285477932,-0.010530860,-0.191434073,0.597639671,0.215991983,0.006312743,0.140703933,0.872123728,-0.349777460,-1.335316018,0.455720525,0.063512327,-0.249224739,0.239767897,1.441198980,0.540689094,-0.729877409,-0.458820554
0.135839781,-0.372666691,0.964834440,0.065190162,0.138081869,0.192556561,0.969332560,0.199727811,0.169363875,0.336345587,0.391656952,-0.445226932,-0.158325081,-0.741097289,-0.229243623,-0.342633182,0.220515929,0.179341293,-0.005268158,-0.290688074,-0.017048174,-0.180628361,0.606783723,0.243147969,0.005696104,0.109947611,0.827442552,-0.449777460,-1.330671597,0.455510268,0.082642552,-0.251866128,0.219393060,1.454674649,0.540765077,-0.729043142,-0.458595408
0.115536637,-0.373781540,0.954660983,0.070720911,0.130840211,0.199766706,0.968489884,0.216310921,0.201182203,0.294631284,0.422017021,-0.437727401,-0.118116362,-0.755285025,-0.256229907,-0.307743825,0.294621124,0.152500644,-0.017198763,-0.295028025,-0.021727207,-0.189756996,0.614343417,0.239995999,0.004336898,0.159245922,0.863504273,-0.549777460,-1.322550714,0.455317708,0.080784959,-0.250401447,0.203642322,1.485761457,0.540652633,-0.728203400,-0.458420418
0.099589793,-0.365603445,0.944345610,0.078948411,0.124223304,0.203634139,0.967919861,0.241771869,0.229960663,0.267480731,0.441154934,-0.421154984,-0.082437195,-0.770893406,-0.272345456,-0.257049935,0.381689607,0.107765116,-0.015517245,-0.301148838,-0.027101554,-0.192577588,0.611231205,0.228240744,0.009815841,0.249245922,0.953504273,-0.649777460,-1.308769439,0.455148524,0.070674262,-0.242946096,0.191928888,1.502470213,0.540340735,-0.727350909,-0.458296812
0.094808467,-0.353689581,0.932221385,0.089765439,0.112534084,0.205344149,0.968045467,0.266076945,0.253658188,0.234396321,0.475338483,-0.413863923,-0.043392174,-0.811042302,-0.281958127,-0.187948303,0.514315245,0.041032818,-0.012360319,-0.313733531,-0.035253999,-0.186197558,0.598272253,0.222003333,0.011279832,0.339245922,1.043504273,-0.749777460,-1.292155480,0.455007251,0.060473858,-0.241742589,0.183300010,1.512143132,0.539830948,-0.726479222,-0.458224866
0.095848871,-0.346206856,0.912627211,0.102226056,0.102321960,0.207844878,0.967409198,0.278851916,0.269410441,0.201047256,0.521813252,-0.426013560,0.003863434,-0.893713581,-0.285989810,-0.124688344,0.692387210,-0.040866220,-0.018184527,-0.333671949,-0.038463147,-0.175596585,0.582822466,0.214356439,0.000362708,0.429245902,1.107637915,-0.849777460,-1.273593985,0.454898306,0.029726102,-0.246705494,0.178781291,1.503285893,0.539170455,-0.725594823,-0.458198872
0.096289006,-0.335799431,0.887610306,0.114838464,0.090548528,0.212659235,0.966120666,0.298189722,0.285661338,0.187000385,0.561549221,-0.452922445,0.044391203,-0.997160402,-0.298358747,-0.080291184,0.882357273,-0.115389923,-0.027254966,-0.352340349,-0.041786625,-0.165931833,0.559359295,0.211064443,-0.012711384,0.375392629,1.048303280,-0.946153821,-1.256118378,0.454818497,-0.008921878,-0.259945293,0.176678489,1.510458405,0.538373816,-0.724698043,-0.458213935
0.094702671,-0.331714143,0.864927147,0.126449812,0.080042002,0.221864523,0.963524705,0.314804069,0.300037636,0.186022924,0.581836804,-0.485947813,0.076297887,-1.098770665,-0.312910895,-0.045411260,1.051347185,-0.167840713,-0.032560371,-0.377171102,-0.039786619,-0.162827674,0.546835587,0.191794547,-0.034043966,0.285392629,0.962602683,-0.846153831,-1.239341305,0.454766405,-0.049404073,-0.263214970,0.179126154,1.505598679,0.537463880,-0.723788162,-0.458259158
0.087435025,-0.329718251,0.844234470,0.130545200,0.069995586,0.234602104,0.960739518,0.317756169,0.312840595,0.177794701,0.614527873,-0.515688093,0.100618536,-1.194182655,-0.324648045,-0.019730825,1.192600772,-0.200424670,-0.033444831,-0.394454951,-0.035389441,-0.163753699,0.544864491,0.172241004,-0.052279890,0.195392629,0.923836575,-0.774768148,-1.226444335,0.454742245,-0.092553744,-0.267979461,0.192486542,1.482563687,0.536483072,-0.722864780,-0.458323614
0.066476487,-0.331733113,0.828383986,0.136066631,0.067940394,0.242087770,0.958260657,0.326578960,0.320698066,0.169119451,0.637854215,-0.529900742,0.119024112,-1.248029302,-0.329791099,-0.004544219,1.285845803,-0.222969066,-0.031209328,-0.405312732,-0.031080981,-0.168152968,0.547096175,0.181592815,-0.058023248,0.105392629,0.841202609,-0.723504319,-1.216270232,0.454741148,-0.112048560,-0.273866007,0.225779434,1.427055264,0.535487098,-0.721928094,-0.458393549
0.026667211,-0.336504092,0.816059838,0.141020186,0.070924597,0.246419597,0.956221936,0.317874999,0.326381177,0.157123405,0.669214334,-0.540345980,0.129943111,-1.303091953,-0.330644047,0.008461902,1.372074735,-0.247803222,-0.033758935,-0.411384702,-0.025118996,-0.177506611,0.530150387,0.165936650,-0.038192657,0.015392629,0.801325986,-0.686374568,-1.208004542,0.454757907,-0.150611395,-0.284336728,0.270396764,1.407568041,0.534473404,-0.720976370,-0.458466402
-0.017891693,-0.345168043,0.806649022,0.144073805,0.075895225,0.251689680,0.954009936,0.314254955,0.332133385,0.152413497,0.690302006,-0.550285294,0.129722321,-1.354905577,-0.329348201,0.018567441,1.448578657,-0.270736413,-0.033890421,-0.412499738,-0.018235742,-0.189789587,0.508488350,0.145326980,-0.016856546,-0.074607371,0.777467582,-0.659179767,-1.201080693,0.454791142,-0.183197941,-0.292451216,0.319097232,1.392722109,0.533424343,-0.720010793,-0.458543041
-0.042199094,-0.356905320,0.799523386,0.143221473,0.078442124,0.260259571,0.951629864,0.311083169,0.336043420,0.147061212,0.705860902,-0.557023421,0.129997120,-1.398708382,-0.326971658,0.024308107,1.507108332,-0.287917882,-0.033903134,-0.410770873,-0.014876104,-0.201681889,0.486603638,0.132509799,0.002817276,-0.164607371,0.756412219,-0.638961492,-1.195100927,0.454839137,-0.212300090,-0.295736263,0.363447450,1.398985722,0.532309496,-0.719033987,-0.458628496
-0.051143407,-0.364987091,0.795384169,0.138964383,0.078073769,0.267110257,0.950392286,0.317812156,0.338633663,0.144404281,0.714082533,-0.562980768,0.131479356,-1.421375682,-0.325833212,0.024961840,1.546782370,-0.300429199,-0.032401531,-0.419381503,-0.014120319,-0.213704129,0.483310480,0.129999699,0.021321700,-0.254607371,0.738926641,-0.623632447,-1.189784483,0.454902082,-0.208640083,-0.293585066,0.409950730,1.344042285,0.531142176,-0.718047490,-0.458721786
-0.054102666,-0.367162661,0.792969557,0.133414349,0.078506742,0.269618738,0.950443601,0.319976761,0.340677523,0.143227588,0.719844020,-0.568394246,0.131398920,-1.445215996,-0.323928484,0.025748770,1.581425254,-0.311244036,-0.033430665,-0.429929786,-0.010747257,-0.216401026,0.472317978,0.124207728,0.037836611,-0.330419565,0.730146588,-0.611721660,-1.184935768,0.454981985,-0.201718913,-0.293535947,0.457571658,1.272490392,0.529926715,-0.717055042,-0.458826016
-0.057561041,-0.364774036,0.790672190,0.129738077,0.080191929,0.267565193,0.951391693,0.321677289,0.342591832,0.143272847,0.723553164,-0.573738532,0.132763499,-1.471985388,-0.323968748,0.027418316,1.612366073,-0.317267402,-0.034085660,-0.434921596,-0.007359984,-0.223664143,0.459435266,0.120165194,0.041967009,-0.364932535,0.738123848,-0.602185703,-1.180413282,0.455079060,-0.228387030,-0.288157254,0.496948147,1.289582854,0.528645322,-0.716057345,-0.458949701
-0.063073973,-0.360849965,0.795148981,0.126714099,0.082536578,0.262274346,0.953070521,0.321534543,0.343651223,0.144791162,0.720044517,-0.579246916,0.132207571,-1.499693405,-0.325556724,0.029560619,1.641976324,-0.326613273,-0.037391298,-0.445332098,-0.003626680,-0.216540305,0.439912879,0.107511951,0.039842312,-0.375078663,0.762698791,-0.594280573,-1.176116499,0.455192087,-0.271108893,-0.276931954,0.525803274,1.345888797,0.527278919,-0.715056455,-0.459100735
-0.070448543,-0.358617824,0.799801974,0.126235896,0.086090954,0.258407883,0.953875365,0.317002575,0.343810520,0.149378540,0.713730389,-0.582235289,0.130452441,-1.516550417,-0.324145986,0.030994947,1.660633038,-0.338448427,-0.043191137,-0.458510547,0.001826861,-0.209799762,0.426364553,0.077663050,0.039165575,-0.396715000,0.747934894,-0.587541604,-1.171986248,0.455325338,-0.275229520,-0.281272447,0.559533800,1.255888797,0.525863742,-0.714059782,-0.459278557
-0.078991858,-0.357641408,0.805684638,0.128957104,0.089967963,0.256950963,0.953547080,0.300849565,0.344943308,0.156800164,0.702081347,-0.574282533,0.124274257,-1.543278558,-0.321781932,0.033342050,1.676843009,-0.346977482,-0.049957523,-0.456635820,0.009014938,-0.207952893,0.396761747,0.045343116,0.048752421,-0.410109808,0.731458714,-0.581642104,-1.167980261,0.455475950,-0.316595738,-0.291992679,0.578070303,1.301491800,0.524360308,-0.713070344,-0.459486450
-0.087441835,-0.358028937,0.815387313,0.133481728,0.095600084,0.255545691,0.952753721,0.290358942,0.341566666,0.168197362,0.669728363,-0.557731036,0.122332857,-1.553354154,-0.317840907,0.034358253,1.677745735,-0.353723124,-0.057090744,-0.461116813,0.018885266,-0.206734621,0.374847570,0.026257963,0.052902131,-0.417585759,0.722238647,-0.576354879,-1.164069898,0.455641082,-0.336387810,-0.295351614,0.587821993,1.310061818,0.522774577,-0.712093667,-0.459720664
-0.092345055,-0.357434635,0.829585515,0.140144992,0.102329619,0.257611751,0.950538908,0.282469373,0.334784585,0.190782344,0.622570003,-0.534386663,0.118878733,-1.529473107,-0.313294718,0.032358938,1.650356995,-0.368138225,-0.066178689,-0.463241463,0.026020005,-0.204742733,0.346448380,0.020998821,0.049745126,-0.424880926,0.715680316,-0.571520336,-1.160232759,0.455811475,-0.349504315,-0.300909657,0.587691039,1.347225863,0.521116759,-0.711131362,-0.459973891
-0.096805216,-0.355953983,0.846365755,0.145051305,0.112427085,0.251998377,0.950166874,0.264123616,0.322789916,0.224111684,0.566128397,-0.502927258,0.111915728,-1.495748510,-0.306288934,0.024372524,1.595196073,-0.383068000,-0.077388035,-0.470350647,0.038166467,-0.189184487,0.305437142,0.017707672,0.044913599,-0.420359817,0.733951317,-0.566986159,-1.156449718,0.455981701,-0.357532735,-0.296316377,0.585560355,1.362075788,0.519420045,-0.710185668,-0.460241429
-0.099297934,-0.355050547,0.863467266,0.151666006,0.124835566,0.244104190,0.949645538,0.237409337,0.309046869,0.265646993,0.515634779,-0.462369613,0.097782054,-1.447685779,-0.295435974,0.015669579,1.526793105,-0.394798039,-0.087434186,-0.475073541,0.053351580,-0.176550258,0.267100553,0.001544725,0.038124704,-0.406263440,0.766208769,-0.562628431,-1.152704312,0.456146389,-0.381570586,-0.298701416,0.579696163,1.429526528,0.517694980,-0.709252523,-0.460521772
-0.099225215,-0.353408045,0.881739526,0.156618875,0.137473590,0.237850552,0.948682589,0.181715483,0.286998961,0.286526259,0.513585073,-0.422237249,0.098269992,-1.378500848,-0.275418828,0.001750774,1.443591190,-0.396561357,-0.097382573,-0.475542052,0.060904803,-0.157826239,0.236878566,0.011511709,0.039515908,-0.374659487,0.810651860,-0.558365912,-1.148984380,0.456301315,-0.370896934,-0.302348273,0.572213575,1.444970012,0.516020390,-0.708327916,-0.460799255
-0.101098042,-0.351551656,0.901082751,0.166873108,0.159534994,0.226229624,0.946320299,0.109192218,0.260502783,0.293419724,0.547261773,-0.378821545,0.098234685,-1.286312756,-0.251034560,-0.013673144,1.343024374,-0.388482126,-0.101347651,-0.467023160,0.063487433,-0.143740704,0.217907183,0.007912788,0.013684831,-0.354122521,0.900651860,-0.554139965,-1.145275254,0.456441776,-0.357232540,-0.303338594,0.560140307,1.495291818,0.514420789,-0.707403806,-0.461069355
-0.115332194,-0.352122989,0.918761356,0.155032235,0.118616433,0.249974437,0.948371198,0.019877070,0.220702548,0.279377698,0.636323700,-0.356942792,0.103320226,-1.178298468,-0.222781715,-0.031668734,1.221049138,-0.369221140,-0.100155443,-0.461330894,0.067898537,-0.132846006,0.199597866,0.014058261,-0.006142172,-0.364985803,0.950020582,-0.549944118,-1.141564259,0.456561234,-0.320142779,-0.316910022,0.543722926,1.513148387,0.512935258,-0.706471114,-0.461323818
-0.129749634,-0.337371172,0.934189557,0.157910217,0.153540116,0.224006415,0.949373963,-0.126304312,0.176228811,0.253598627,0.783828330,-0.337069713,0.102477685,-1.077667599,-0.196010582,-0.056257379,1.092018730,-0.333139190,-0.090032086,-0.442445134,0.069778773,-0.110369080,0.181507026,0.023109841,-0.000175715,-0.375456781,0.934133911,-0.545789023,-1.137849177,0.456660842,-0.285453123,-0.330318831,0.525824214,1.526277905,0.511603479,-0.705526267,-0.461559943
-0.145782009,-0.326557799,0.942689028,0.142705912,0.161597878,0.211724828,0.953254292,-0.278048047,0.142008625,0.228602082,0.967241256,-0.326910065,0.097084476,-0.998642353,-0.172925829,-0.078655577,0.990366247,-0.293191985,-0.078011232,-0.416733985,0.065790255,-0.104874956,0.177202757,0.025697464,-0.001001894,-0.397314608,0.924636889,-0.541673397,-1.134134837,0.456748070,-0.265680129,-0.320727410,0.508986042,1.527457876,0.510437204,-0.704574737,-0.461778354
-0.151633311,-0.321211814,0.945291212,0.129817562,0.156422759,0.191204699,0.960270839,-0.412367929,0.117218948,0.208552746,1.147137721,-0.325302284,0.098516305,-0.930350047,-0.153047264,-0.091803112,0.927418008,-0.261417953,-0.070897627,-0.384458274,0.056046630,-0.119746772,0.191376531,0.057909300,0.006484619,-0.421626575,0.854837367,-0.537639513,-1.130436649,0.456829034,-0.239446689,-0.311565619,0.493742935,1.519388577,0.509448884,-0.703630023,-0.461975549
-0.145158404,-0.322944415,0.947508335,0.117257962,0.149654573,0.160145020,0.968611197,-0.511979353,0.100163855,0.199609296,1.225182318,-0.329745981,0.107571771,-0.858822525,-0.139851272,-0.104578510,0.855524973,-0.229866205,-0.051531474,-0.363272329,0.052081313,-0.142651975,0.218213394,0.052822808,0.021851786,-0.432196267,0.831890730,-0.533694373,-1.126769777,0.456908899,-0.227147448,-0.309232283,0.482261335,1.514674987,0.508631386,-0.702701209,-0.462150309
-0.129124314,-0.329493276,0.950869510,0.105417431,0.120847701,0.136938730,0.977512548,-0.638395112,0.096017791,0.186029099,1.281671098,-0.324687210,0.123787924,-0.787925424,-0.132848951,-0.112229716,0.793905914,-0.206277728,-0.035408111,-0.327512917,0.043891852,-0.174394786,0.228989515,0.048486338,0.029552729,-0.424424647,0.840274121,-0.529832703,-1.123148767,0.456991361,-0.219023221,-0.296581285,0.475714125,1.510526319,0.507946173,-0.701797988,-0.462306851
-0.109678816,-0.328665087,0.956488958,0.096711815,0.108729919,0.110938485,0.983116108,-0.693271483,0.094367294,0.181513392,1.205010617,-0.336692190,0.147997198,-0.712366302,-0.133982156,-0.120813315,0.721968437,-0.184084568,-0.008603339,-0.294385930,0.041426472,-0.190799989,0.233280669,0.049170141,0.036570213,-0.411279915,0.809989937,-0.526077303,-1.119582280,0.457076030,-0.208475528,-0.278053718,0.477349867,1.495510983,0.507372333,-0.700923189,-0.462444375
-0.086987044,-0.321413162,0.966438118,0.089700525,0.105651053,0.073571985,0.987612694,-0.718323774,0.098766238,0.178455504,1.038140094,-0.335226913,0.161478990,-0.635040939,-0.141175298,-0.136728925,0.628868799,-0.150030744,0.020307845,-0.275373885,0.041607897,-0.223730028,0.257180829,0.039923197,0.036616907,-0.383879727,0.894699188,-0.522385911,-1.116063670,0.457155974,-0.216272004,-0.265744819,0.484820885,1.502192325,0.506897348,-0.700063697,-0.462560582
-0.061813656,-0.303533820,0.977948137,0.084568214,0.118801684,0.027627037,0.988924226,-0.704429374,0.115280945,0.173687567,0.844890217,-0.326631104,0.165812282,-0.569893167,-0.154611970,-0.146060663,0.571310757,-0.132130022,0.045535577,-0.252750697,0.032835299,-0.218945738,0.270660707,0.033808698,0.036372335,-0.379086775,0.951732162,-0.518756805,-1.112590480,0.457228018,-0.221022760,-0.227744455,0.502404182,1.498437461,0.506514494,-0.699214692,-0.462655946
-0.035590816,-0.276230211,0.986173060,0.079020279,0.120025835,-0.043179602,0.988678470,-0.673019415,0.123380975,0.144004708,0.760113829,-0.323505611,0.161270621,-0.469686188,-0.162529476,-0.146362089,0.526815266,-0.129184486,0.050232669,-0.230831954,0.006586388,-0.255545707,0.297484864,0.098947000,0.047686600,-0.387341666,0.936676177,-0.516681946,-1.109150239,0.457279707,-0.181899909,-0.198766341,0.528162656,1.494665007,0.506215499,-0.698362858,-0.462720726
-0.010504050,-0.248638250,0.986806593,0.080102085,0.128386122,-0.125626599,0.980468570,-0.637210364,0.146026572,0.123923285,0.658804140,-0.304486658,0.143240236,-0.413107866,-0.174992937,-0.139693778,0.519906533,-0.129554691,0.058267445,-0.181311003,-0.009450976,-0.341532360,0.303727862,0.144069912,0.071619268,-0.297341666,0.846676177,-0.486825712,-1.103500969,0.457308531,-0.164449788,-0.173909723,0.558150407,1.499392541,0.505983702,-0.697498260,-0.462757103
0.014635540,-0.222432033,0.986964043,0.086136351,0.130829273,-0.202822471,0.966606060,-0.577692222,0.167044319,0.117979616,0.571077843,-0.283826789,0.125341813,-0.372890737,-0.186754289,-0.138579944,0.508597875,-0.136856225,0.060207032,-0.124409116,-0.020723348,-0.409844734,0.289647332,0.201466286,0.102001594,-0.207341666,0.756676177,-0.586825712,-1.104822445,0.457315722,-0.137037423,-0.139767234,0.590395743,1.499035911,0.505771268,-0.696621053,-0.462770844
0.034452369,-0.199108886,0.986451462,0.096314491,0.132668261,-0.272560457,0.948068272,-0.519205109,0.179793268,0.150603756,0.470426744,-0.252123021,0.110158787,-0.348095688,-0.193613696,-0.146637664,0.500771435,-0.154511466,0.051465085,-0.073323499,-0.027887929,-0.489459627,0.284203519,0.291466286,0.123652559,-0.117341666,0.666676177,-0.686825712,-1.105320860,0.457300838,-0.142967457,-0.126864564,0.618324704,1.501947503,0.505553549,-0.695732802,-0.462768025
0.047182080,-0.184545711,0.983360750,0.108178550,0.142314640,-0.334352109,0.925339187,-0.504391790,0.184321808,0.175352778,0.438556984,-0.230665066,0.110413712,-0.314547653,-0.195919672,-0.170082037,0.492124255,-0.178702841,0.036808526,-0.028866013,-0.038760604,-0.525629248,0.262005933,0.381466286,0.109279265,-0.027341666,0.756676177,-0.786825712,-1.104664111,0.457269483,-0.144986398,-0.117310022,0.640570373,1.497294013,0.505316229,-0.694842992,-0.462753024
0.055617660,-0.175872637,0.978831073,0.122616478,0.144191704,-0.392324604,0.900141854,-0.479768152,0.182856523,0.216558486,0.407124285,-0.218007593,0.109406796,-0.288854982,-0.196660655,-0.187605907,0.489967832,-0.196501167,0.035223519,-0.007661722,-0.042524873,-0.503907840,0.233242825,0.439658927,0.070697168,-0.110651981,0.792906220,-0.687045599,-1.010168877,0.451923059,-0.117440268,-0.110695264,0.661644731,1.471068229,0.505057932,-0.693961847,-0.462728319
0.064895858,-0.173950251,0.974302877,0.133129613,0.144705767,-0.446611447,0.872854491,-0.439756247,0.182795142,0.244370129,0.380487970,-0.207059681,0.101148110,-0.253718546,-0.206857003,-0.214899115,0.474739464,-0.202171680,0.036489333,0.011769424,-0.046472837,-0.544459519,0.227571847,0.524293492,0.083297076,-0.020651981,0.815146135,-0.587045639,-0.943259101,0.448168509,-0.085282496,-0.112026971,0.676011158,1.456349362,0.504772008,-0.693091968,-0.462693395
0.082731414,-0.178598197,0.970932117,0.145483479,0.144081719,-0.498396114,0.842422892,-0.427016249,0.180702561,0.272202130,0.368396774,-0.200573351,0.093016109,-0.238744370,-0.220275162,-0.227286514,0.466721689,-0.207932332,0.035753032,0.024847992,-0.048745259,-0.515908027,0.198452758,0.541225849,0.042856892,0.069347831,0.810380236,-0.494248836,-0.895704482,0.445529708,-0.080116917,-0.123108225,0.680918908,1.450432468,0.504457902,-0.692236464,-0.462657889
0.115869269,-0.189802987,0.970614498,0.158260692,0.134127385,-0.555627734,0.805134286,-0.376511960,0.173500154,0.284665611,0.365060006,-0.211861779,0.081979048,-0.233320079,-0.239273682,-0.226169798,0.463491244,-0.198435553,0.042329887,0.013143212,-0.056636222,-0.421230758,0.170687778,0.540257987,0.024947483,0.132839399,0.795533657,-0.394263676,-0.861732959,0.443666506,-0.063507504,-0.146576733,0.674940469,1.460975570,0.504118303,-0.691394429,-0.462625384
0.150231564,-0.211416841,0.975382875,0.169334171,0.121476009,-0.614743135,0.760697309,-0.328859981,0.165173016,0.272731961,0.384009914,-0.240507871,0.075102757,-0.219650805,-0.259853227,-0.226288068,0.443417509,-0.174766149,0.040630344,0.010016794,-0.063375014,-0.360184126,0.164357298,0.544236980,0.012304740,0.145307321,0.842465021,-0.326617371,-0.837290841,0.442338126,-0.037957585,-0.174729329,0.659706703,1.466070871,0.503795134,-0.690563537,-0.462588506
0.178371220,-0.237821325,0.976026716,0.174315227,0.104732645,-0.663437552,0.720066586,-0.330185513,0.157552319,0.246518819,0.431272798,-0.275494415,0.074002686,-0.258347992,-0.275534020,-0.191730443,0.465045511,-0.159305664,0.028587383,0.005386876,-0.058364003,-0.312941564,0.161586548,0.509535143,0.021082850,0.134163288,0.932465021,-0.285949165,-0.819537712,0.441382684,-0.026868853,-0.201872310,0.639833951,1.444321967,0.503546159,-0.689744464,-0.462540890
0.210790609,-0.277814256,0.973287985,0.167738433,0.090335823,-0.701152337,0.687087081,-0.362286300,0.145920227,0.218948354,0.486020197,-0.302811649,0.079338856,-0.264475237,-0.279606648,-0.161345386,0.470232422,-0.142469251,0.015087177,0.013628064,-0.047524730,-0.287631054,0.181938820,0.479553972,0.032450062,0.091410172,1.022465021,-0.279716015,-0.806479855,0.440683082,-0.003377395,-0.232282790,0.610151435,1.415384680,0.503419624,-0.688935636,-0.462473651
0.226940512,-0.320324067,0.976788868,0.160374896,0.078183386,-0.715973593,0.674943750,-0.345081970,0.137534074,0.238966586,0.471101559,-0.310441988,0.077344820,-0.271724052,-0.274233992,-0.150635712,0.470367866,-0.131707882,0.003949187,-0.006254012,-0.037160322,-0.268837784,0.210731129,0.462897333,0.060165977,0.042146689,0.968606329,-0.262294563,-0.796724833,0.440154916,0.022477041,-0.264694987,0.562162487,1.333351628,0.503446017,-0.688140363,-0.462379792
0.242899830,-0.348070312,0.981671285,0.147532275,0.064449184,-0.724920412,0.669754378,-0.306091334,0.129584871,0.266636909,0.441733102,-0.313796495,0.072127447,-0.307710785,-0.259491616,-0.147538553,0.483610178,-0.113809687,-0.004715638,-0.038104543,-0.030711096,-0.231951057,0.254008650,0.455366908,0.081063568,-0.008550044,0.878606329,-0.215835613,-0.789302819,0.439745367,0.075104880,-0.271674321,0.501625345,1.289166458,0.503617225,-0.687364556,-0.462255279
0.252720993,-0.381639754,0.986031994,0.134106465,0.054372439,-0.731246205,0.666586889,-0.281597402,0.121429948,0.283774163,0.425583416,-0.319872747,0.072926835,-0.343444412,-0.239027222,-0.157788835,0.491741373,-0.099887921,-0.010374202,-0.041958505,-0.023727110,-0.219122977,0.293170456,0.452319853,0.103356271,-0.043657527,0.788606329,-0.183484990,-0.783529640,0.439418995,0.086828802,-0.268365843,0.441317011,1.303379904,0.503897772,-0.686609547,-0.462101817
0.238685332,-0.404281878,0.987829549,0.118044821,0.043813647,-0.738618934,0.662259658,-0.267848180,0.116578134,0.295847115,0.421032041,-0.325635968,0.075142083,-0.354614446,-0.222913818,-0.182926722,0.482853611,-0.085323440,-0.009628600,-0.050437246,-0.019255458,-0.208435009,0.322629692,0.427112742,0.134858668,-0.058242089,0.748115788,-0.161080212,-0.778924479,0.439149095,0.084312527,-0.263079904,0.394003689,1.342306930,0.504248700,-0.685872783,-0.461924050
0.200914641,-0.412922724,0.987167797,0.104833734,0.035777103,-0.745170414,0.657610022,-0.266708381,0.111339017,0.294364303,0.437297260,-0.339005942,0.084587441,-0.369011692,-0.212441851,-0.200952161,0.498949347,-0.077900701,-0.009087069,-0.067709696,-0.017645763,-0.207358941,0.337015224,0.421021571,0.148479448,-0.059733980,0.742422506,-0.145675980,-0.775146693,0.438914412,0.093900789,-0.253364206,0.359453324,1.379762875,0.504634529,-0.685154168,-0.461726708
0.152124435,-0.412172369,0.987060263,0.095069687,0.028468358,-0.747957113,0.656286115,-0.255289133,0.109352300,0.310989081,0.438935827,-0.345906989,0.089512922,-0.365784920,-0.209274657,-0.215667592,0.506427561,-0.070698122,-0.003947844,-0.079284019,-0.018699148,-0.202971252,0.360544517,0.411452597,0.154905818,-0.068223974,0.737660077,-0.135196295,-0.771949899,0.438696044,0.099490797,-0.247999132,0.337748996,1.388980401,0.505042933,-0.684449609,-0.461511378
0.113514561,-0.404949681,0.987520538,0.085438041,0.020664248,-0.747204802,0.658755124,-0.241396722,0.108215706,0.340419852,0.431106568,-0.346623842,0.088886033,-0.350661842,-0.209393101,-0.231258158,0.500860623,-0.063636174,-0.002766119,-0.091018454,-0.019577623,-0.197377524,0.381490979,0.398808867,0.154464859,-0.083403094,0.742620615,-0.128165766,-0.769157790,0.438477791,0.098371420,-0.240265699,0.324305195,1.439519008,0.505439386,-0.683753318,-0.461283507
0.090792284,-0.394682940,0.984882531,0.077904692,0.010394425,-0.740530430,0.667411040,-0.236480368,0.106751479,0.362301094,0.430215706,-0.350695448,0.093843796,-0.377769879,-0.210955351,-0.222127220,0.536544274,-0.063098896,-0.006356072,-0.105308275,-0.021105256,-0.179448717,0.389644901,0.379111058,0.147085657,-0.093854431,0.761667548,-0.123530139,-0.766644775,0.438253009,0.086187443,-0.237307494,0.316343890,1.449288898,0.505813857,-0.683063100,-0.461044366
0.076618459,-0.387094550,0.984268328,0.075167756,0.004425649,-0.731435366,0.677740752,-0.236734406,0.107693893,0.372910267,0.437370305,-0.356565790,0.089416424,-0.392681996,-0.210964323,-0.217586691,0.546174816,-0.064159321,-0.011397467,-0.114124163,-0.019626834,-0.158674308,0.392994637,0.336374211,0.145861525,-0.118793662,0.754993015,-0.120554533,-0.764324579,0.438019444,0.054507231,-0.246192930,0.312205117,1.462138320,0.506146759,-0.682375941,-0.460800317
0.066105093,-0.381719274,0.987716617,0.070116371,-0.000016861,-0.724834390,0.685345753,-0.218995793,0.108718349,0.393031219,0.424039930,-0.353018638,0.078100057,-0.377384086,-0.209665901,-0.220925904,0.524723938,-0.060268536,-0.012390870,-0.131576061,-0.019854762,-0.135422421,0.423895186,0.294664500,0.158647122,-0.155636293,0.712489976,-0.114669916,-0.762147791,0.437776539,0.034148642,-0.267918289,0.316987130,1.409130057,0.506482317,-0.681694285,-0.460547931
0.057825917,-0.380270258,0.992016614,0.066115365,0.000075137,-0.718054454,0.692839487,-0.188521379,0.108465184,0.428977403,0.392221971,-0.342502478,0.065602120,-0.360204288,-0.205135340,-0.217156271,0.513493091,-0.058667527,-0.011870560,-0.150499432,-0.021946043,-0.117146014,0.445069876,0.230193383,0.182976409,-0.241120777,0.635788075,-0.110952477,-0.760084224,0.437526742,0.008070063,-0.306343502,0.340679964,1.319130057,0.506883674,-0.681021731,-0.460279557
0.049727392,-0.379781162,0.998718332,0.063555179,0.008910432,-0.709988699,0.701282676,-0.193268448,0.112405276,0.450962763,0.381991170,-0.329647155,0.050972133,-0.340562439,-0.199144312,-0.224215974,0.485508671,-0.058344052,-0.010280144,-0.157173320,-0.017640837,-0.120013869,0.464079257,0.140193383,0.230119333,-0.258390076,0.545788075,-0.108886416,-0.758122882,0.437280109,-0.081929937,-0.369660072,0.363743771,1.229130057,0.507412071,-0.680367320,-0.459995063
0.040784853,-0.380292887,1.003306944,0.061010214,0.019085376,-0.703963742,0.707353202,-0.195431067,0.116517279,0.461685901,0.375870264,-0.305116432,0.038733032,-0.299933744,-0.193826506,-0.235164045,0.444831893,-0.053323388,-0.010273006,-0.161194586,-0.021501788,-0.154476837,0.518716449,0.050193383,0.267605284,-0.225506170,0.455788075,-0.108025352,-0.756251040,0.437044653,-0.171929937,-0.434395281,0.383077634,1.139130057,0.508041882,-0.679727785,-0.459699507
0.032792151,-0.383634392,1.004395236,0.061653584,0.023703308,-0.700789794,0.710303212,-0.186585347,0.118038418,0.462704770,0.372627617,-0.285228858,0.036559335,-0.272546649,-0.192539700,-0.229388225,0.445218921,-0.059721209,-0.012453744,-0.166489454,-0.033559854,-0.182161298,0.552437797,-0.039806617,0.311796739,-0.194494920,0.365788075,-0.107948820,-0.754444256,0.436823758,-0.261929937,-0.505697370,0.419087157,1.049130057,0.508693879,-0.679089236,-0.459400299
0.027102197,-0.386316490,1.003146439,0.061191449,0.026222420,-0.698251065,0.712750616,-0.187703927,0.120281746,0.451690023,0.378477319,-0.266645406,0.033594366,-0.237199677,-0.191131002,-0.232577648,0.428929166,-0.068543099,-0.016924335,-0.159913607,-0.046259927,-0.198213736,0.571956816,-0.129806617,0.336649840,-0.172301081,0.275788075,-0.108343646,-0.752679716,0.436618084,-0.351929937,-0.541403357,0.339455796,0.959130057,0.509280459,-0.678438957,-0.459119367
0.023227515,-0.388926850,1.002291093,0.064696026,0.032236344,-0.694804302,0.715557282,-0.223835337,0.122854485,0.400245654,0.423915746,-0.264592888,0.046750922,-0.250964221,-0.191171594,-0.210020262,0.463912425,-0.091138958,-0.029891896,-0.167708512,-0.052816291,-0.209025470,0.573925777,-0.219806617,0.306461435,-0.169811515,0.185788075,-0.108934113,-0.750944711,0.436435522,-0.441929937,-0.514421042,0.258625510,0.869130057,0.509698433,-0.677778704,-0.458874068
0.020983835,-0.390135014,0.999057701,0.070998639,0.041386492,-0.692745508,0.716484482,-0.245411208,0.125720265,0.371684146,0.454604875,-0.259652555,0.052438389,-0.252248779,-0.189809330,-0.198304260,0.475483046,-0.103997782,-0.037652914,-0.172914808,-0.056326906,-0.210843002,0.607355568,-0.309806617,0.305426571,-0.178212636,0.105398565,-0.109523022,-0.749225740,0.436270029,-0.531929937,-0.492783434,0.214902734,0.897293960,0.509902571,-0.677098592,-0.458661383
0.021118581,-0.390294551,0.995216494,0.069434466,0.046184669,-0.691765324,0.717291132,-0.279212944,0.127562690,0.346054516,0.484965523,-0.258733010,0.061956381,-0.280594048,-0.188856580,-0.184752860,0.501866158,-0.119082661,-0.048064059,-0.192084649,-0.058151672,-0.196465871,0.596025857,-0.399806617,0.279635316,-0.163801031,0.148162985,-0.109955801,-0.747515136,0.436124335,-0.621929937,-0.454463306,0.168867790,0.987293960,0.509858225,-0.676391671,-0.458481912
0.022344532,-0.389334328,0.991839769,0.059975556,0.041367255,-0.693496730,0.716766328,-0.293699737,0.128978155,0.329731533,0.505103594,-0.257370051,0.067156009,-0.280375833,-0.187429154,-0.184341747,0.504493683,-0.126664346,-0.053826767,-0.198589053,-0.061293746,-0.203953196,0.636418154,-0.489806617,0.262259319,-0.173087236,0.238162985,-0.110229554,-0.745813750,0.435996678,-0.711929937,-0.393636710,0.166877323,1.077293960,0.509599675,-0.675667273,-0.458328381
0.023892669,-0.388206219,0.988769870,0.058399735,0.042787799,-0.693935258,0.716388535,-0.320126418,0.130507903,0.319075235,0.520389855,-0.248502007,0.074734541,-0.309371465,-0.187801387,-0.181800435,0.526098699,-0.133883717,-0.055710775,-0.197446885,-0.062976883,-0.195346490,0.629735139,-0.579806617,0.227108458,-0.165810015,0.328162985,-0.110251999,-0.744107395,0.435882695,-0.801929937,-0.331842680,0.145907278,1.167293960,0.509102683,-0.674905559,-0.458197667
0.025212350,-0.387592287,0.982582486,0.062401870,0.047211406,-0.695383411,0.714366153,-0.353632006,0.131899931,0.302401191,0.550888616,-0.251724481,0.086366536,-0.337332493,-0.188411071,-0.179028640,0.551065463,-0.145544848,-0.054709009,-0.197816601,-0.061809497,-0.184275058,0.628198326,-0.669806617,0.212572107,-0.168035333,0.418162985,-0.110039347,-0.742393620,0.435775998,-0.891929937,-0.261667523,0.138880108,1.257293960,0.508415544,-0.674105861,-0.458080671
0.026914452,-0.387511438,0.975680238,0.058518722,0.045827134,-0.697140165,0.713071541,-0.362735213,0.133777977,0.303438464,0.548999095,-0.248384978,0.087713342,-0.356687131,-0.190386841,-0.183978297,0.566298489,-0.147657956,-0.052245415,-0.195214877,-0.059277919,-0.187207325,0.659176722,-0.759806617,0.206893202,-0.184277473,0.508162985,-0.109648305,-0.740671896,0.435669527,-0.981929937,-0.194868316,0.145733598,1.347293960,0.507586242,-0.673273123,-0.457969516
0.029356079,-0.386877364,0.963090343,0.060076144,0.048098543,-0.698415865,0.711542456,-0.420852547,0.140615772,0.279129165,0.617995205,-0.263487560,0.094112050,-0.425371837,-0.195697443,-0.168480076,0.649453489,-0.165389611,-0.058045696,-0.191062854,-0.058719570,-0.175470935,0.662090076,-0.849806617,0.191470773,-0.209286888,0.598162985,-0.109081828,-0.738942469,0.435568100,-1.071929937,-0.130585270,0.160759185,1.431853372,0.506628422,-0.672415921,-0.457867202
0.030756812,-0.384187802,0.945148806,0.052079941,0.039761067,-0.701009975,0.710135024,-0.505231420,0.151742237,0.247098392,0.735362461,-0.290942072,0.100371434,-0.507681343,-0.203510596,-0.150501599,0.756352294,-0.190321222,-0.062152825,-0.182953806,-0.055921557,-0.178155119,0.677396859,-0.939806617,0.194532887,-0.283569476,0.688162985,-0.108398204,-0.737210814,0.435481018,-1.161929937,-0.087045931,0.193973454,1.476434140,0.505579502,-0.671547301,-0.457778984
0.030782854,-0.378859151,0.924265463,0.041383627,0.029676800,-0.702047062,0.710307402,-0.614256896,0.163587696,0.222404229,0.851701727,-0.316660620,0.106943686,-0.625064302,-0.212980046,-0.130714913,0.875057714,-0.212144357,-0.061375135,-0.175891059,-0.039167417,-0.175584534,0.672947803,-1.029806617,0.196725226,-0.352898160,0.778162985,-0.107627021,-0.735478117,0.435413677,-1.251929937,-0.058818034,0.230535484,1.506839133,0.504465028,-0.670663345,-0.457706223
0.029926922,-0.370645362,0.902785626,0.030648866,0.019510080,-0.703836257,0.709432538,-0.687916562,0.172590990,0.205849599,0.937758599,-0.331981731,0.107043134,-0.683453583,-0.219412586,-0.121059039,0.929851507,-0.219670194,-0.057444408,-0.170325851,-0.034249912,-0.167806585,0.673211612,-1.093308086,0.199357919,-0.442898160,0.868162985,-0.106764307,-0.733747999,0.435370111,-1.341929937,-0.037871923,0.270761405,1.542860907,0.503288099,-0.669769424,-0.457653059
0.028207535,-0.362235242,0.880176096,0.025103575,0.012007727,-0.706633219,0.707032615,-0.761021127,0.178598932,0.188854861,1.023079679,-0.353032217,0.112546778,-0.744387793,-0.225482959,-0.107591926,0.992729490,-0.234683772,-0.055899894,-0.164813159,-0.029591767,-0.163241776,0.658197941,-1.118853971,0.194669023,-0.491737424,0.958162985,-0.105842097,-0.732023426,0.435351944,-1.378990337,-0.023936664,0.308916957,1.556318663,0.502048516,-0.668871195,-0.457622419
0.025578244,-0.354847733,0.856024734,0.021234784,0.007054306,-0.709582570,0.704266922,-0.872288448,0.187388223,0.174447970,1.126230643,-0.377907865,0.114256051,-0.849279355,-0.233059726,-0.088783563,1.081269738,-0.253479146,-0.055604081,-0.167307744,-0.015733152,-0.139825009,0.592428479,-1.182697554,0.181100642,-0.494957141,1.048162985,-0.104874042,-0.730305837,0.435361766,-1.422475066,-0.013337784,0.344206879,1.556838379,0.500744423,-0.667971235,-0.457617489
0.023416658,-0.347258403,0.833564045,0.016553829,0.003874039,-0.712717485,0.701245142,-0.950501042,0.195277627,0.163162722,1.202822668,-0.399112398,0.112099125,-0.927721084,-0.241054933,-0.074206015,1.151861425,-0.266877583,-0.053004961,-0.171730375,-0.010866118,-0.126599585,0.563298432,-1.215977748,0.173179018,-0.484701877,1.138162985,-0.103862903,-0.728597828,0.435398509,-1.435005470,-0.007184662,0.377647969,1.556208942,0.499395810,-0.667077971,-0.457637734
0.021288816,-0.341762382,0.813385376,0.013561331,0.000840761,-0.716300320,0.697659828,-1.017459926,0.201797364,0.152693605,1.267280189,-0.419066188,0.110872005,-1.001809904,-0.248698243,-0.060304507,1.219186605,-0.281408463,-0.052780196,-0.171548458,-0.002541829,-0.120487777,0.531526988,-1.251311310,0.170468045,-0.482300188,1.228162985,-0.102854820,-0.726904424,0.435458540,-1.455578725,-0.014023470,0.410502177,1.554517929,0.498019965,-0.666196599,-0.457680005
0.020220090,-0.338247160,0.796033811,0.009036063,0.000213796,-0.720333967,0.693568512,-1.058361199,0.206407267,0.144075331,1.310762738,-0.436819170,0.109210658,-1.050562973,-0.255453469,-0.051207195,1.265821148,-0.289791659,-0.052884796,-0.180903297,0.003416100,-0.114654645,0.531569148,-1.277059618,0.174969072,-0.492627166,1.318162985,-0.101915518,-0.725230810,0.435539027,-1.453826265,-0.028995299,0.447060725,1.548546638,0.496647951,-0.665342030,-0.457743854
0.020787944,-0.335432138,0.780986045,0.004110872,-0.001487567,-0.724264390,0.689508507,-1.095582944,0.211838436,0.135608326,1.354210572,-0.444843224,0.104465214,-1.090690417,-0.262345567,-0.044080578,1.309966806,-0.298103869,-0.058101958,-0.189197114,0.006043663,-0.104630288,0.526049460,-1.281429256,0.193290768,-0.505681809,1.293732276,-0.101081914,-0.723577797,0.435637084,-1.459032078,-0.035991466,0.490068323,1.541567146,0.495296020,-0.664520839,-0.457828445
0.022175374,-0.331554541,0.767284609,-0.000373215,-0.004922878,-0.727516019,0.686072932,-1.156602973,0.218734562,0.128447377,1.404068565,-0.448460264,0.097527301,-1.156866707,-0.269360762,-0.035088070,1.365125617,-0.306211380,-0.061537777,-0.188478148,0.015466180,-0.101171884,0.498615797,-1.287005407,0.208758277,-0.513730252,1.203732276,-0.100384122,-0.721943486,0.435749550,-1.481591992,-0.037363124,0.538392516,1.535974824,0.493939988,-0.663730697,-0.457936304
0.023347823,-0.325797355,0.755685723,-0.011979155,-0.014902487,-0.730327066,0.682829988,-1.224505880,0.225011667,0.120222427,1.458508110,-0.454978993,0.092378532,-1.231750784,-0.276074560,-0.023156559,1.427119401,-0.311442063,-0.066201169,-0.189194514,0.026347471,-0.093795845,0.478410007,-1.270104979,0.233469671,-0.528460718,1.113732276,-0.099882523,-0.720336531,0.435876068,-1.487782696,-0.050417312,0.599835636,1.515594455,0.492613742,-0.662978553,-0.458063422
0.024301912,-0.320097425,0.745127281,-0.012705517,-0.016230604,-0.733343565,0.679545697,-1.284950045,0.232728198,0.112881912,1.505056558,-0.455110129,0.083366973,-1.300399552,-0.283770580,-0.013065617,1.481565525,-0.310243262,-0.066829267,-0.189157095,0.035755930,-0.084675865,0.468732814,-1.248599803,0.253746941,-0.534831869,1.023732276,-0.099561530,-0.718754809,0.436013377,-1.488429356,-0.070479886,0.667576127,1.505846743,0.491325680,-0.662258330,-0.458203853
0.025530667,-0.316326663,0.734109503,-0.008756627,-0.014509093,-0.737066941,0.675607232,-1.360631672,0.240182993,0.104419892,1.558474052,-0.459400754,0.077764290,-1.389310165,-0.290622082,0.000205281,1.545951428,-0.311692494,-0.066214742,-0.193029472,0.048761051,-0.073179844,0.440056193,-1.242152496,0.273854895,-0.523422318,0.933732276,-0.099363258,-0.717188039,0.436155489,-1.511689994,-0.082968199,0.730749893,1.508116026,0.490067390,-0.661553545,-0.458351144
0.026619157,-0.313529704,0.724279039,-0.001823433,-0.008416376,-0.740011313,0.672539290,-1.442868598,0.247209725,0.094523059,1.617101464,-0.466496497,0.071307525,-1.479439801,-0.295310817,0.015148541,1.611046817,-0.315651072,-0.066773818,-0.199631846,0.062096327,-0.050352480,0.408658359,-1.228762475,0.296227687,-0.507443875,0.843732276,-0.099273618,-0.715637968,0.436302283,-1.525038401,-0.098918557,0.787619830,1.493936296,0.488875715,-0.660864033,-0.458500809
0.027185410,-0.311059809,0.716852448,0.002971877,-0.004604305,-0.741885525,0.670504165,-1.520786459,0.254194643,0.083742648,1.673584659,-0.472486990,0.065243633,-1.563478441,-0.298826114,0.028277842,1.671638269,-0.315737389,-0.064188424,-0.201713867,0.070846501,-0.036122340,0.370286527,-1.220716139,0.311927416,-0.494606790,0.775634438,-0.099278545,-0.714098137,0.436451039,-1.536864102,-0.112345933,0.833509184,1.490914823,0.487763687,-0.660184094,-0.458650557
0.027167552,-0.308409897,0.711522010,0.007433783,-0.002501804,-0.742877387,0.669381556,-1.593374115,0.260000111,0.073802005,1.728065231,-0.482556083,0.062453504,-1.645047070,-0.299893403,0.041339858,1.729927106,-0.321023259,-0.064798119,-0.202177998,0.079314573,-0.025584286,0.333044499,-1.227017735,0.314728685,-0.489708545,0.765893202,-0.099377586,-0.712566400,0.436600979,-1.543609336,-0.117428338,0.865959035,1.482941096,0.486743110,-0.659513562,-0.458799651
0.026332378,-0.305353643,0.708583643,0.008881625,-0.001352253,-0.743276215,0.668924328,-1.656648289,0.266190055,0.064263697,1.777270157,-0.493801513,0.059402056,-1.717424458,-0.299794854,0.052979587,1.781965838,-0.324780620,-0.064574692,-0.206739092,0.085101064,-0.019002534,0.297577281,-1.236491841,0.319587179,-0.485847696,0.759045046,-0.101374302,-0.704421033,0.437441496,-1.543104111,-0.126777689,0.884095171,1.459163199,0.485823064,-0.658859037,-0.458948795
0.025702376,-0.302235019,0.706643285,0.008314580,-0.003372842,-0.743596479,0.668568447,-1.705277927,0.270043791,0.054450083,1.821383310,-0.505998551,0.056928114,-1.773402998,-0.298785293,0.063842320,1.830833698,-0.331862581,-0.064294947,-0.206418386,0.087494799,-0.018510712,0.275063127,-1.234877443,0.321534408,-0.483744897,0.754937040,-0.104927742,-0.691888540,0.438793975,-1.532517037,-0.132995756,0.888313262,1.445863592,0.484993589,-0.658221354,-0.459100276
0.025665540,-0.299321694,0.706166850,0.007260037,-0.005223022,-0.743083967,0.669138424,-1.737890052,0.271989457,0.046196399,1.850163808,-0.511659469,0.053885782,-1.812061803,-0.298040722,0.071466027,1.863170223,-0.336971921,-0.063757600,-0.206411650,0.090200117,-0.021014301,0.261554441,-1.232047503,0.322494909,-0.481193630,0.752743268,-0.109770197,-0.676565341,0.440518923,-1.527162445,-0.139039005,0.879291318,1.444061007,0.484246850,-0.657598499,-0.459254535
0.026127413,-0.296517252,0.707758534,0.005077155,-0.008014258,-0.742288049,0.670013766,-1.753175909,0.271389654,0.041043557,1.863463909,-0.512926857,0.053655955,-1.831167590,-0.296356750,0.075674420,1.881170008,-0.337291651,-0.062168032,-0.207379936,0.092801525,-0.019237925,0.254278375,-1.223090039,0.326122384,-0.477532890,0.753701474,-0.115467241,-0.659558224,0.442498052,-1.513357851,-0.147697805,0.863241186,1.440274763,0.483579328,-0.656984267,-0.459407351
0.026571741,-0.294430773,0.708608645,0.004422088,-0.009765681,-0.741549336,0.670812685,-1.761858956,0.269245953,0.038775381,1.867359922,-0.510530297,0.054301059,-1.842504078,-0.293337897,0.078855014,1.891122430,-0.338405264,-0.062230341,-0.207510759,0.097057596,-0.016577892,0.244655297,-1.220612677,0.333771797,-0.471707250,0.755336575,-0.121602389,-0.641685503,0.444635832,-1.507777304,-0.156349593,0.846808796,1.435483985,0.482995941,-0.656374924,-0.459553047
0.027085710,-0.292058504,0.711147147,0.001946750,-0.012717991,-0.741817423,0.670478466,-1.759883877,0.265331643,0.039191779,1.856860613,-0.504598376,0.056620026,-1.843129025,-0.289962958,0.077728389,1.885714977,-0.334369064,-0.062019193,-0.205013610,0.100362333,-0.018454918,0.242687301,-1.223494509,0.335325846,-0.464859753,0.759442909,-0.127772684,-0.623505127,0.446857641,-1.510664255,-0.155740546,0.833982174,1.453266431,0.482485238,-0.655766358,-0.459689080
0.027760273,-0.290302027,0.721567303,0.000200500,-0.013245252,-0.743659668,0.668427125,-1.741765717,0.260576265,0.044280863,1.829592749,-0.494543722,0.059838922,-1.827400340,-0.285052324,0.073447862,1.865491513,-0.327888364,-0.064269915,-0.209422991,0.103021360,-0.017035512,0.247110668,-1.224921634,0.337581037,-0.456969425,0.765876373,-0.133739859,-0.605505091,0.449139250,-1.497984697,-0.163806873,0.827739503,1.437909116,0.482043947,-0.655164943,-0.459814068
0.028322972,-0.289111869,0.733566703,-0.000295676,-0.015119634,-0.744155171,0.667835602,-1.706216975,0.253311862,0.053086646,1.783904750,-0.479594304,0.065072420,-1.794386761,-0.278772710,0.064521090,1.827602039,-0.319486793,-0.070785106,-0.209487161,0.106851886,-0.022388866,0.254295895,-1.218417475,0.338797555,-0.449232336,0.767418405,-0.139551860,-0.588070995,0.451507708,-1.483514399,-0.174248624,0.827493598,1.413891376,0.481671232,-0.654575959,-0.459926095
0.028478388,-0.288609845,0.745726523,-0.001528970,-0.017306338,-0.744126168,0.667813146,-1.658193675,0.244652322,0.066379032,1.723970369,-0.461158106,0.070540348,-1.744157720,-0.271260357,0.050758027,1.773988753,-0.311932901,-0.076727713,-0.209103019,0.108721940,-0.028830682,0.257424035,-1.211992372,0.338471416,-0.441194160,0.763208115,-0.145112687,-0.571420251,0.453987878,-1.471869174,-0.176797381,0.832544542,1.394788901,0.481371399,-0.654002289,-0.460025154
0.028559123,-0.288416707,0.758762801,-0.005206937,-0.021664313,-0.744171081,0.667617367,-1.592963764,0.234297384,0.084278118,1.646838409,-0.444619966,0.077642747,-1.673461889,-0.262978264,0.031612608,1.699769175,-0.306225912,-0.080111739,-0.209539012,0.107015820,-0.035024156,0.261056775,-1.202143964,0.339267348,-0.432781104,0.757706191,-0.150262164,-0.555720152,0.456590300,-1.461433447,-0.178907047,0.841449269,1.381308879,0.481139713,-0.653447836,-0.460113805
0.028995762,-0.287715767,0.773417188,-0.013110969,-0.029643874,-0.744726896,0.666581723,-1.487875347,0.220506711,0.108846506,1.535741572,-0.430206788,0.085920611,-1.553931505,-0.253078968,0.005018504,1.582519778,-0.308200335,-0.081194658,-0.210510526,0.098030877,-0.030979144,0.264679566,-1.168586724,0.341810755,-0.425293433,0.753884766,-0.154938669,-0.541139558,0.459353551,-1.424623777,-0.185563953,0.856596986,1.348746591,0.480986430,-0.652918418,-0.460192806
0.029294490,-0.286963262,0.792096318,-0.021065251,-0.038864809,-0.745418433,0.665129417,-1.352600461,0.203794062,0.135473555,1.400153166,-0.412070928,0.093681598,-1.414494403,-0.241817664,-0.021303512,1.450252589,-0.306998559,-0.080594422,-0.210834769,0.089748699,-0.034345718,0.295849968,-1.127388356,0.339618419,-0.418331015,0.748960020,-0.159186797,-0.527728180,0.462245139,-1.384944804,-0.183851322,0.873051414,1.331654179,0.480910367,-0.652415351,-0.460264189
0.028992341,-0.287774881,0.818259672,-0.026281320,-0.045477799,-0.744997871,0.664995665,-1.216040475,0.186498583,0.159521204,1.259494156,-0.387084247,0.094674571,-1.282395687,-0.230887797,-0.042458179,1.330758044,-0.301722191,-0.077213633,-0.207754073,0.080215073,-0.043219451,0.322934888,-1.096443725,0.323703094,-0.390609110,0.748594184,-0.162202404,-0.518159528,0.464323777,-1.360510549,-0.160495015,0.890092147,1.347444538,0.480899139,-0.651933598,-0.460328789
0.028658603,-0.292912317,0.853874789,-0.025868861,-0.044815915,-0.744782097,0.665298402,-1.096506771,0.169688563,0.178036768,1.135142113,-0.363939570,0.095044458,-1.171091484,-0.220593441,-0.055947470,1.231157114,-0.287401183,-0.071694928,-0.209832792,0.071719063,-0.060235476,0.353273504,-1.074389141,0.319288466,-0.386639038,0.732765335,-0.164367665,-0.511294039,0.465826228,-1.320421078,-0.170321067,0.904794015,1.275136717,0.480946104,-0.651473275,-0.460384425
0.028341238,-0.305264814,0.892711526,-0.012283660,-0.032077257,-0.744401980,0.666847699,-0.977900342,0.155528798,0.192919804,1.024506521,-0.341029045,0.092293569,-1.047820316,-0.214507083,-0.072247143,1.121561436,-0.270843333,-0.061987495,-0.208636694,0.055344755,-0.075154152,0.378860001,-1.076591339,0.305502223,-0.398801235,0.769146470,-0.165889885,-0.506322754,0.466912248,-1.327244011,-0.139366819,0.918453879,1.365136717,0.481005489,-0.651018388,-0.460430153
0.028363488,-0.322688189,0.927214651,0.007817019,-0.014946538,-0.744361454,0.667563870,-0.884933349,0.145674356,0.203607554,0.952336147,-0.323570576,0.089426881,-0.943169444,-0.208702376,-0.083563848,1.036367270,-0.259285854,-0.057461592,-0.211437950,0.037095669,-0.089028080,0.405160445,-1.085639711,0.290550345,-0.404523952,0.834779138,-0.166922079,-0.502677172,0.467695282,-1.332539542,-0.117897245,0.926583104,1.438855717,0.481045058,-0.650560030,-0.460468216
0.028392492,-0.341171673,0.951890711,0.021246310,-0.004411211,-0.744332960,0.667456051,-0.774634972,0.137016218,0.215905281,0.877261897,-0.310377698,0.087477664,-0.812357455,-0.203734908,-0.098738609,0.936520725,-0.246740998,-0.049899900,-0.211442445,0.014888630,-0.096283377,0.443188261,-1.066853209,0.287898112,-0.413675375,0.894856151,-0.167577859,-0.499956337,0.468252544,-1.305252513,-0.123374083,0.934066918,1.448090702,0.481066164,-0.650089868,-0.460492095
0.028909961,-0.358930258,0.968441456,0.031028440,0.004639286,-0.745425293,0.665850468,-0.666459926,0.129143756,0.229242340,0.805147569,-0.295431917,0.085224850,-0.682368534,-0.200065058,-0.115606644,0.834335441,-0.230381936,-0.041694367,-0.216004206,-0.005956545,-0.108122602,0.492109987,-1.064316577,0.280579386,-0.425596887,0.973586103,-0.167955515,-0.497877460,0.468638893,-1.283542718,-0.127187767,0.943004298,1.450016995,0.481077673,-0.649601560,-0.460498034
0.029389096,-0.374508909,0.977723200,0.038033298,0.009572288,-0.745497057,0.665354024,-0.576720424,0.124285786,0.241187797,0.751558446,-0.282458826,0.082116586,-0.583714108,-0.196169805,-0.123280401,0.767002374,-0.221646734,-0.039035363,-0.212628068,-0.028382073,-0.122984432,0.519368105,-1.038300053,0.246427982,-0.431027304,1.054602479,-0.168121212,-0.496242977,0.468898636,-1.250803538,-0.108423880,0.949881944,1.469980366,0.481053877,-0.649092655,-0.460489907
0.029963582,-0.386535989,0.981911928,0.042032356,0.013517058,-0.745181087,0.665398916,-0.511941829,0.120976942,0.250332830,0.718099580,-0.276889349,0.081473804,-0.507080009,-0.193954036,-0.129172028,0.714874966,-0.212256230,-0.036420458,-0.213178923,-0.042430646,-0.139421054,0.560024181,-1.006677320,0.240965443,-0.431482244,1.045313730,-0.168142332,-0.494914960,0.469061285,-1.224061408,-0.109004613,0.956793062,1.454773195,0.481002451,-0.648563105,-0.460465262
0.030467092,-0.394832293,0.983014703,0.043611634,0.016621729,-0.743005412,0.667656125,-0.463062987,0.118947077,0.258209174,0.692119352,-0.273959089,0.080187751,-0.452857282,-0.191336713,-0.131272891,0.678392020,-0.204123737,-0.037347952,-0.214787611,-0.052625342,-0.146520184,0.590022391,-0.980342698,0.238477069,-0.438904727,0.980698870,-0.168076894,-0.493796545,0.469147362,-1.205622985,-0.115204718,0.965106873,1.429755138,0.480918548,-0.648013016,-0.460424601
0.030553853,-0.399482632,0.982213897,0.044433137,0.020191560,-0.739510157,0.671373760,-0.411018825,0.116498326,0.272123424,0.649801804,-0.267313526,0.076174125,-0.401164871,-0.188740863,-0.137468323,0.632723478,-0.190582116,-0.036026237,-0.225906888,-0.063550966,-0.147934421,0.601404832,-0.968172439,0.226599202,-0.440939096,1.013675221,-0.167934787,-0.492820271,0.469174397,-1.175407170,-0.121929431,0.972161363,1.408239174,0.480790995,-0.647446763,-0.460372305
0.030676118,-0.400657068,0.979874233,0.043727501,0.022992606,-0.735099369,0.676156907,-0.384590720,0.115266808,0.282066209,0.625364120,-0.266820179,0.073819565,-0.374755561,-0.186905999,-0.141275105,0.602297660,-0.177514220,-0.037623042,-0.244553153,-0.065037752,-0.148296162,0.626588569,-0.967631675,0.238355703,-0.442757757,0.983769986,-0.167753639,-0.491939592,0.469153039,-1.162691845,-0.145986636,0.984520373,1.318239174,0.480649998,-0.646868538,-0.460305139
0.030788028,-0.399250700,0.978592722,0.045921101,0.025302371,-0.729359602,0.682118475,-0.326687841,0.111611193,0.310649239,0.556749260,-0.246372848,0.062296065,-0.322174022,-0.184573057,-0.154075471,0.541591703,-0.154057833,-0.032237706,-0.247078319,-0.074933407,-0.149548388,0.654893856,-0.973605843,0.218717129,-0.448709103,1.073769986,-0.167506968,-0.491115221,0.469088706,-1.167247015,-0.138453575,1.001933159,1.351668499,0.480473030,-0.646268950,-0.460223637
0.031294483,-0.396372516,0.977153002,0.046040219,0.028539182,-0.723679249,0.688007383,-0.308968898,0.109160499,0.332249116,0.515461996,-0.230531474,0.055816345,-0.311981230,-0.181913407,-0.157456717,0.514610097,-0.141638848,-0.035943760,-0.253988921,-0.076696877,-0.132731513,0.652970639,-1.012914504,0.192926892,-0.455010235,1.163769986,-0.167196309,-0.490321774,0.468988133,-1.195018483,-0.120757501,1.014515621,1.398512859,0.480225990,-0.645646089,-0.460136732
0.031941451,-0.392296214,0.975593957,0.045605171,0.030612520,-0.718759766,0.693085450,-0.295524177,0.108784392,0.351027203,0.489019373,-0.219325364,0.050569152,-0.302704529,-0.178990292,-0.159118047,0.493802835,-0.128617999,-0.042234150,-0.261779863,-0.081403962,-0.116267261,0.673769105,-1.036966695,0.174912901,-0.455008052,1.253769986,-0.166791622,-0.489543527,0.468859009,-1.203658900,-0.112250291,1.021334414,1.425525670,0.479900899,-0.645002329,-0.460047647
0.031978478,-0.388065124,0.973688404,0.044272600,0.033831906,-0.713615588,0.698318073,-0.289476848,0.109581925,0.362267223,0.474420124,-0.215678478,0.047907256,-0.293184882,-0.176717085,-0.164280790,0.475242068,-0.120296158,-0.048180325,-0.263084264,-0.086043843,-0.107810315,0.682350455,-1.056528960,0.180577292,-0.453981621,1.303219734,-0.166330427,-0.488778134,0.468707393,-1.218431311,-0.129259612,1.020055575,1.386483089,0.479532548,-0.644345790,-0.459954204
0.031547568,-0.383157945,0.972589517,0.043759206,0.036581633,-0.708160513,0.703743991,-0.280054184,0.109738691,0.379128733,0.452422593,-0.209318485,0.043616041,-0.284852553,-0.173876719,-0.170725990,0.452316984,-0.111530512,-0.055115500,-0.264413804,-0.089571300,-0.103675833,0.690115248,-1.072368947,0.167667245,-0.449792438,1.342184649,-0.165803928,-0.488019472,0.468541216,-1.246352463,-0.121605890,1.008007876,1.428224533,0.479096662,-0.643676961,-0.459863970
0.030801644,-0.380154960,0.972914463,0.043982283,0.038132852,-0.702269891,0.709526916,-0.274607522,0.110010681,0.392346270,0.439284071,-0.209095757,0.043169147,-0.283846383,-0.172291961,-0.171709907,0.444797347,-0.109025072,-0.063070431,-0.269323084,-0.094003649,-0.091799158,0.689258838,-1.064517707,0.161885296,-0.442529819,1.339033914,-0.165227003,-0.487268521,0.468368673,-1.251057082,-0.125767757,0.987864770,1.432930138,0.478589016,-0.643004028,-0.459781929
0.030006552,-0.377325855,0.973471174,0.044048740,0.040384957,-0.697171582,0.714409231,-0.274076857,0.111112897,0.404451663,0.430095624,-0.209682946,0.040372049,-0.284018826,-0.171136799,-0.177737796,0.434444388,-0.103077287,-0.069605133,-0.274441976,-0.093072027,-0.087073065,0.695338178,-1.068547573,0.163593043,-0.436212879,1.318672541,-0.164625364,-0.486526428,0.468195144,-1.265778922,-0.139927032,0.963075192,1.419594218,0.478032164,-0.642331112,-0.459708912
0.028796690,-0.374493739,0.974927832,0.044690457,0.041853912,-0.692653248,0.718667163,-0.262184842,0.111689795,0.422783762,0.414135309,-0.211252935,0.038995681,-0.275278103,-0.170629671,-0.187349785,0.417773408,-0.095047741,-0.070484112,-0.283764490,-0.094582875,-0.078449034,0.701833068,-1.058255400,0.173373912,-0.431165249,1.314707111,-0.164007448,-0.485792984,0.468022359,-1.255583268,-0.166833083,0.942573388,1.368393583,0.477475697,-0.641661480,-0.459637835
0.027275011,-0.372218693,0.974348578,0.044217315,0.043416032,-0.689203888,0.721912653,-0.275520665,0.113926261,0.417697673,0.424368918,-0.219245446,0.041051205,-0.283723972,-0.170402408,-0.190142426,0.418070849,-0.092614787,-0.074131775,-0.292605690,-0.091988040,-0.071965916,0.691735827,-1.070604365,0.180171030,-0.427537966,1.309607232,-0.163385957,-0.485068417,0.467853541,-1.251105839,-0.187028846,0.929601622,1.334165604,0.476929602,-0.640999138,-0.459571150
0.025823951,-0.370110024,0.974619075,0.048881194,0.047074964,-0.686858433,0.723615969,-0.288341437,0.116028712,0.410218267,0.435882395,-0.223837717,0.045330109,-0.292979871,-0.170615341,-0.185683417,0.428320808,-0.096506061,-0.077785660,-0.300271439,-0.091660989,-0.072339404,0.694295967,-1.083926770,0.174093222,-0.425556511,1.339500229,-0.162735736,-0.484352606,0.467691561,-1.254984479,-0.186747670,0.925860294,1.353611587,0.476378489,-0.640344347,-0.459510866
0.024606749,-0.367673722,0.976169456,0.051697052,0.046163205,-0.687285464,0.723073347,-0.285944498,0.116964795,0.412118655,0.438737997,-0.228646903,0.048862310,-0.286569251,-0.171281554,-0.184317342,0.426660849,-0.096429346,-0.077914128,-0.310350696,-0.093042358,-0.068805872,0.700105066,-1.070890235,0.170443631,-0.424155859,1.346507302,-0.162045294,-0.483646703,0.467538362,-1.238324766,-0.207402026,0.928724254,1.332898039,0.475832048,-0.639698708,-0.459455480
0.024355390,-0.366750489,0.976308299,0.053642612,0.045174455,-0.688327790,0.722001796,-0.292301380,0.116768336,0.408123768,0.446986879,-0.237252505,0.056129837,-0.290065405,-0.172474727,-0.178120682,0.435633888,-0.101085635,-0.080334247,-0.319214291,-0.091253430,-0.062211949,0.693874813,-1.077130577,0.169963746,-0.420383374,1.374571595,-0.161307170,-0.482950019,0.467396048,-1.237468065,-0.214105284,0.939991820,1.322954812,0.475300443,-0.639062793,-0.459404065
0.025594534,-0.365830589,0.978443472,0.070990548,0.049702076,-0.689694705,0.718895862,-0.297750145,0.116280249,0.403326249,0.459778853,-0.250792080,0.064190345,-0.306440706,-0.175141354,-0.162295806,0.470152486,-0.111741912,-0.082517665,-0.336579192,-0.088717217,-0.048507838,0.706773455,-1.071246031,0.192880661,-0.415004596,1.376659875,-0.160524287,-0.482267490,0.467264611,-1.217227175,-0.270241003,0.956574502,1.232954812,0.474818948,-0.638442409,-0.459349951
0.026546958,-0.363883020,0.977728301,0.068958204,0.046697871,-0.692087724,0.716992787,-0.303599342,0.116028983,0.400200714,0.470322313,-0.261790504,0.069579630,-0.314083533,-0.177210337,-0.157199384,0.483133450,-0.112225020,-0.082087819,-0.342786487,-0.082116662,-0.042304067,0.711303048,-1.070732547,0.206071712,-0.417612262,1.340493464,-0.159750429,-0.481597812,0.467139506,-1.204074075,-0.309471029,0.980675950,1.142954812,0.474409158,-0.637835896,-0.459288957
0.028012165,-0.361875994,0.976686389,0.070854380,0.045385038,-0.695441084,0.713639652,-0.320746660,0.113838358,0.388487060,0.488823424,-0.274299813,0.077616874,-0.334559576,-0.179909237,-0.149600809,0.504243990,-0.115829031,-0.081724249,-0.348563200,-0.073041511,-0.031291930,0.713734108,-1.070209717,0.209597866,-0.423846233,1.318952406,-0.159000444,-0.480937736,0.467018656,-1.191741837,-0.332392005,0.993093449,1.080785160,0.474046683,-0.637240156,-0.459224205
0.030382181,-0.359656994,0.973973414,0.077372277,0.044865629,-0.699800012,0.708717539,-0.347690670,0.112931859,0.371920997,0.519477188,-0.292217085,0.086564976,-0.384068044,-0.184751823,-0.131756306,0.561964970,-0.124281756,-0.080779626,-0.358752756,-0.060234828,-0.018860113,0.719624848,-1.068262654,0.234520074,-0.439233468,1.233483456,-0.158326681,-0.480289760,0.466901483,-1.177395321,-0.372964957,1.006946761,0.990785160,0.473755368,-0.636658909,-0.459152144
0.033557282,-0.357837943,0.967714371,0.074412718,0.042644849,-0.708480367,0.700499632,-0.379514471,0.112243301,0.351512492,0.555891740,-0.316900119,0.098795721,-0.432494822,-0.191248851,-0.124632623,0.612265733,-0.128747930,-0.079070449,-0.365563252,-0.050525914,0.003585771,0.698416538,-1.079108403,0.271174404,-0.463506368,1.143483456,-0.157769790,-0.479661811,0.466787238,-1.175638622,-0.410068077,1.025171836,0.900785160,0.473544219,-0.636102768,-0.459073542
0.037676604,-0.357292535,0.952001676,0.070208827,0.041530146,-0.719997777,0.689165560,-0.437358311,0.113456186,0.314880129,0.636032213,-0.355083897,0.121903005,-0.527271916,-0.198197966,-0.107016422,0.724540920,-0.146057810,-0.081424459,-0.369747370,-0.045441417,0.036545635,0.667893207,-1.082917991,0.305055924,-0.485384159,1.053483456,-0.157334424,-0.479063786,0.466681619,-1.161767941,-0.436380275,1.043512457,0.810785160,0.473398909,-0.635586026,-0.458994011
0.041129624,-0.357328248,0.933138995,0.060725438,0.038773365,-0.732897610,0.676513223,-0.505005714,0.116572677,0.280551053,0.733860916,-0.397000594,0.141809414,-0.634529781,-0.201680605,-0.094248346,0.838257793,-0.162533198,-0.086730780,-0.367194316,-0.038827320,0.059032996,0.635456445,-1.093533884,0.330661178,-0.502317058,0.963483456,-0.157024485,-0.478506341,0.466592512,-1.144825898,-0.447564851,1.054922365,0.739686080,0.473291557,-0.635124514,-0.458924031
0.043739055,-0.356991681,0.919283460,0.052032105,0.035863498,-0.746736360,0.662111228,-0.556139676,0.119686885,0.256151788,0.811906295,-0.427960116,0.149730714,-0.694751632,-0.199868263,-0.095421512,0.885715551,-0.173882539,-0.090387332,-0.351173084,-0.033176936,0.069684072,0.627581897,-1.072161212,0.345725339,-0.512057508,0.873483456,-0.156810244,-0.477993075,0.466524509,-1.125941122,-0.437961800,1.067820901,0.740501188,0.473194371,-0.634717785,-0.458870957
0.046484671,-0.355325654,0.911301583,0.042592081,0.032176024,-0.759875280,0.647873581,-0.614164176,0.122995799,0.241061316,0.871998945,-0.444162952,0.152612056,-0.758656505,-0.199609758,-0.093884212,0.924237017,-0.179416506,-0.084217491,-0.343741980,-0.017936115,0.087831934,0.602676142,-1.083086454,0.383430235,-0.522932897,0.804011388,-0.156660989,-0.477523242,0.466473980,-1.138535079,-0.469818169,1.085213681,0.744362544,0.473115751,-0.634353681,-0.458828673
0.048920389,-0.352231466,0.896492472,0.035128589,0.031894823,-0.771016255,0.635045382,-0.706153764,0.130107801,0.224139129,0.956710476,-0.458998758,0.155434773,-0.843811936,-0.200993060,-0.085294376,0.983434287,-0.189338349,-0.079287084,-0.333867318,-0.006094706,0.098485452,0.554010693,-1.133798099,0.393407231,-0.542095660,0.824586318,-0.156512226,-0.477094653,0.466444495,-1.177086523,-0.477222981,1.111573734,0.760774537,0.473042856,-0.634026754,-0.458802431
0.051739013,-0.347814644,0.881049768,0.030349462,0.031194700,-0.781960845,0.621806271,-0.815539965,0.136976070,0.204452536,1.050344757,-0.464108066,0.156036177,-0.926670797,-0.201266606,-0.075594439,1.033584444,-0.198831445,-0.079595524,-0.315048120,0.004871144,0.099060739,0.498028360,-1.175774201,0.367148301,-0.544227749,0.890493310,-0.156310731,-0.476703369,0.466445924,-1.206179950,-0.433372275,1.104845547,0.825711742,0.472922597,-0.633736448,-0.458811763
0.055000792,-0.342581680,0.865087900,0.027297039,0.030388182,-0.791782799,0.609435336,-0.921194240,0.145664720,0.189678178,1.129941686,-0.462071410,0.148550914,-1.005350448,-0.204477486,-0.065750848,1.086260752,-0.207966878,-0.078359951,-0.298974402,0.016130529,0.097370823,0.455864183,-1.198817850,0.354725756,-0.536661874,0.881698283,-0.156043859,-0.476346943,0.466480809,-1.225626296,-0.399898603,1.070930245,0.915711742,0.472710200,-0.633480208,-0.458868146
0.057773299,-0.336431876,0.848585666,0.016440375,0.025005117,-0.799546991,0.599857539,-1.034001303,0.155655185,0.175888909,1.204528939,-0.460402239,0.141508751,-1.099650258,-0.206802174,-0.053923628,1.154783770,-0.219686786,-0.079493111,-0.291425164,0.028033129,0.105742954,0.400273215,-1.231170328,0.358725262,-0.536515824,0.876912163,-0.155694301,-0.476020707,0.466548834,-1.259099114,-0.377188037,1.041457946,1.005711742,0.472400668,-0.633254159,-0.458972530
0.060310279,-0.331512375,0.831170911,0.012641655,0.022238480,-0.805982153,0.591386851,-1.148030383,0.164323412,0.159763549,1.282287082,-0.456979193,0.135116743,-1.197807115,-0.208905428,-0.039761942,1.233721690,-0.232691667,-0.083897549,-0.276207845,0.036124856,0.104227661,0.353602212,-1.250178865,0.341140098,-0.534486709,0.888686680,-0.155254307,-0.475716516,0.466650398,-1.292224181,-0.338821515,1.010553663,1.095711742,0.471973541,-0.633051909,-0.459127448
0.062892020,-0.327666156,0.811065887,0.016354226,0.024779243,-0.811450524,0.583666493,-1.250576137,0.172059601,0.143929421,1.358501618,-0.464394556,0.132143153,-1.293772960,-0.208898442,-0.024724153,1.316915220,-0.245442160,-0.086329450,-0.276460712,0.044930328,0.111973599,0.313585450,-1.257395294,0.351883428,-0.540568795,0.833812294,-0.154736750,-0.475429973,0.466782628,-1.313944941,-0.323140345,0.990831174,1.185711742,0.471458523,-0.632871945,-0.459323408
0.066271693,-0.324025028,0.792228130,0.022433613,0.027025948,-0.816045038,0.576920122,-1.342813962,0.176746967,0.129086579,1.428225321,-0.472970819,0.131272093,-1.392937750,-0.207849542,-0.008988643,1.405717143,-0.258208048,-0.093181984,-0.274529948,0.053467939,0.108249748,0.284872403,-1.252605203,0.350185006,-0.552028506,0.787888444,-0.154167362,-0.475158177,0.466944231,-1.331405069,-0.308187609,0.974532010,1.230481108,0.470869693,-0.632715362,-0.459555463
0.067426412,-0.319731712,0.777919542,0.028874372,0.030381236,-0.819278971,0.571861189,-1.418262274,0.178776140,0.115990400,1.486614808,-0.483357998,0.130658707,-1.475968199,-0.203881100,0.004857668,1.479430776,-0.265178339,-0.096159391,-0.278125143,0.063319615,0.110199454,0.260298074,-1.257463697,0.362815390,-0.569680951,0.765150658,-0.153558807,-0.474897370,0.467130204,-1.332843450,-0.334316382,0.964201053,1.177099794,0.470243647,-0.632581023,-0.459813057
0.069015916,-0.316954105,0.766865233,0.034684597,0.031553071,-0.822205801,0.567255677,-1.485301010,0.180188171,0.105192086,1.537882367,-0.493759711,0.127361385,-1.550697810,-0.199137931,0.017805877,1.546328932,-0.271072301,-0.098464273,-0.280943910,0.072886744,0.110213247,0.236508356,-1.269145059,0.372027348,-0.587187933,0.748228814,-0.152925904,-0.474644195,0.467337513,-1.330869964,-0.361637868,0.954629448,1.122149318,0.469608690,-0.632468649,-0.460089864
0.069323334,-0.314111000,0.758054788,0.037959458,0.032416971,-0.824911279,0.563053817,-1.548662238,0.183405241,0.096485222,1.586075204,-0.501918692,0.123000419,-1.619928886,-0.196775623,0.026651128,1.603786732,-0.271803410,-0.095594410,-0.285206255,0.080943745,0.116061769,0.210893252,-1.287092991,0.389728602,-0.605750765,0.737307961,-0.152276960,-0.474397125,0.467561705,-1.322147778,-0.397836321,0.948072384,1.055677113,0.468986660,-0.632380055,-0.460381024
0.070170275,-0.313041259,0.750642560,0.038245806,0.030594578,-0.827577973,0.559210094,-1.600876871,0.186023900,0.088835398,1.625464013,-0.503493378,0.117347221,-1.677219159,-0.194913694,0.032741710,1.648962932,-0.271696480,-0.094894846,-0.282625435,0.085106161,0.118433344,0.185937482,-1.293407633,0.381664109,-0.620481785,0.727074012,-0.148675440,-0.473118650,0.469032864,-1.329542574,-0.381443807,0.936898375,1.091290465,0.468359502,-0.632315352,-0.460690405
0.070688540,-0.312355957,0.744544170,0.038804197,0.029978792,-0.829989089,0.555620030,-1.654688225,0.189423201,0.082067935,1.664247377,-0.504926668,0.112798034,-1.732795525,-0.194225876,0.037563167,1.688978597,-0.273284774,-0.092548219,-0.284565515,0.092020810,0.125043892,0.157451395,-1.307255784,0.384443275,-0.627795487,0.724425450,-0.142894953,-0.471189055,0.471371688,-1.349631723,-0.371562119,0.922988625,1.167196280,0.467714190,-0.632274804,-0.461018755
0.071242666,-0.312084952,0.741230854,0.026531130,0.019589154,-0.832871150,0.552483494,-1.696148133,0.193910748,0.075169804,1.701584905,-0.511024274,0.108665152,-1.780372199,-0.193122890,0.041943825,1.727236653,-0.275014706,-0.090318101,-0.286505946,0.097140807,0.133204180,0.138055947,-1.309165242,0.390612716,-0.632327781,0.723395071,-0.135916027,-0.468869192,0.474306523,-1.333337113,-0.398206319,0.910218092,1.108191587,0.467080011,-0.632255620,-0.461358029
0.072607650,-0.312469614,0.738545570,0.024852536,0.017062271,-0.835599184,0.548511837,-1.739252920,0.199160417,0.068110655,1.739146381,-0.516900754,0.102888174,-1.831875224,-0.192339180,0.046391587,1.766933649,-0.272769870,-0.086265195,-0.288558694,0.102889184,0.137706585,0.122713405,-1.331190569,0.403101176,-0.632166679,0.726442942,-0.128084219,-0.466230093,0.477571917,-1.348736694,-0.406665733,0.900966001,1.143848469,0.466477415,-0.632252128,-0.461702931
0.073814095,-0.313700151,0.735526537,0.024104054,0.015437236,-0.838461410,0.544208737,-1.770843742,0.202300395,0.062991972,1.764471782,-0.520027047,0.100607270,-1.867294179,-0.191934611,0.048699265,1.791729935,-0.269888759,-0.082217373,-0.290489572,0.106656066,0.142750873,0.105832197,-1.339230583,0.412159135,-0.632019917,0.732640683,-0.119884932,-0.463441428,0.481024880,-1.343363273,-0.422718704,0.889214876,1.159428563,0.465908858,-0.632265073,-0.462051397
0.074846055,-0.314788546,0.733325806,0.022125784,0.013898886,-0.841248739,0.540016509,-1.787527428,0.204979598,0.060550507,1.779248824,-0.520090335,0.099864053,-1.889518446,-0.192610104,0.049146039,1.808175958,-0.270875944,-0.079946085,-0.292231978,0.107727140,0.150189564,0.101556722,-1.339700613,0.425983292,-0.630585419,0.741296206,-0.111559470,-0.460662218,0.484573518,-1.336329951,-0.440185345,0.879271930,1.162157446,0.465383189,-0.632296017,-0.462398205
0.076109340,-0.315738464,0.733588899,0.021169327,0.012596618,-0.843483530,0.536589899,-1.793888763,0.205134108,0.058487835,1.787719746,-0.521202447,0.098902648,-1.901086019,-0.191115597,0.049538398,1.815817229,-0.274573926,-0.081862560,-0.293459931,0.110538908,0.147308365,0.093821148,-1.341339905,0.431741928,-0.628304583,0.747184934,-0.103284460,-0.457948462,0.488161960,-1.329668684,-0.452021732,0.870894367,1.137082191,0.464910387,-0.632341762,-0.462738844
0.077751540,-0.317237545,0.734614598,0.032883276,0.019813179,-0.845107876,0.533215534,-1.789627375,0.204382780,0.058590084,1.784885169,-0.518223258,0.097569704,-1.899438589,-0.189914884,0.049734348,1.813722500,-0.275854299,-0.083529897,-0.293785725,0.112690122,0.142284168,0.089355598,-1.333848189,0.434783273,-0.625614249,0.751644587,-0.095102210,-0.455350442,0.491754727,-1.316391396,-0.460832185,0.863607761,1.137306649,0.464479990,-0.632399489,-0.463070916
0.079074761,-0.319291838,0.737362452,0.031450175,0.018798815,-0.846514107,0.531103905,-1.771155288,0.202689876,0.061250551,1.768893754,-0.512468523,0.096714071,-1.881436846,-0.188539554,0.048332994,1.798481156,-0.274852559,-0.085827705,-0.297665326,0.112567217,0.141794330,0.087397201,-1.322811044,0.440728178,-0.597720679,0.741846652,-0.021830865,-0.421980428,0.550535427,-1.286240496,-0.490666436,0.857739456,1.057625025,0.464093045,-0.632470507,-0.463392898
0.080214682,-0.321634100,0.741222227,0.027707894,0.015140071,-0.847084159,0.530520008,-1.730909760,0.199104769,0.066863407,1.740664022,-0.506903391,0.097481562,-1.838791578,-0.188085625,0.044794023,1.769064599,-0.277341534,-0.085620842,-0.299980807,0.110683776,0.140788574,0.097110932,-1.285472941,0.444381751,-0.599415285,0.718066598,-0.018897049,-0.428156786,0.555818952,-1.234259248,-0.519379910,0.852812985,0.967625025,0.463756831,-0.632554648,-0.463699079
0.080785754,-0.324132103,0.745737807,0.025541444,0.012789903,-0.846838611,0.531082310,-1.685099208,0.194866252,0.074361125,1.702777958,-0.496368185,0.097280936,-1.792470362,-0.185995414,0.041360150,1.730680635,-0.273359923,-0.088496388,-0.303060309,0.108994832,0.136627610,0.104194731,-1.278186679,0.442267110,-0.596487781,0.713288684,-0.014384888,-0.433259336,0.556848413,-1.215170267,-0.537743596,0.845545326,0.947136571,0.463444477,-0.632648544,-0.463989290
0.081701869,-0.326600202,0.751577331,0.022750091,0.011389105,-0.846968773,0.531033539,-1.633798035,0.191305248,0.083423093,1.657645189,-0.488245204,0.096217434,-1.737958359,-0.185645976,0.034731277,1.682858485,-0.270085641,-0.087002973,-0.308251123,0.105469869,0.135963112,0.100056815,-1.277488443,0.457275003,-0.605934062,0.700556444,-0.017827624,-0.437952604,0.556467472,-1.192026002,-0.576674447,0.845889691,0.886747641,0.463168905,-0.632748506,-0.464258968
0.082864539,-0.329220012,0.759951442,0.019451461,0.009364818,-0.847351179,0.530593932,-1.578071755,0.186288958,0.092411960,1.607950257,-0.477641757,0.095894824,-1.679176551,-0.184942483,0.028570090,1.631195673,-0.264776026,-0.085986795,-0.308652177,0.099487586,0.132651797,0.101246392,-1.284288993,0.450674490,-0.609128124,0.706994245,-0.013429568,-0.440534924,0.553450055,-1.217821147,-0.564662160,0.857905096,0.975350038,0.462910164,-0.632848036,-0.464509217
0.083804112,-0.332645029,0.772343407,0.015196026,0.008272133,-0.847796885,0.530038766,-1.509038467,0.179109800,0.102671488,1.546961805,-0.470285465,0.099433592,-1.601809624,-0.183560070,0.019191149,1.564719642,-0.264345359,-0.084021375,-0.307986097,0.091794480,0.124906559,0.105539882,-1.278126691,0.448701350,-0.617709599,0.701588132,-0.016303112,-0.442935588,0.549944169,-1.236845487,-0.558961389,0.879246047,0.990990757,0.462681558,-0.632942325,-0.464737265
0.084772569,-0.336796626,0.791016875,0.010029057,0.007770692,-0.847797650,0.530168067,-1.427838778,0.172474883,0.115455073,1.469047100,-0.458057368,0.099585037,-1.509150878,-0.183724105,0.006663310,1.484265128,-0.263073232,-0.078852121,-0.306225264,0.081044747,0.120859281,0.121448534,-1.274640882,0.446455485,-0.621192539,0.714238496,-0.013978661,-0.445063596,0.544043444,-1.264073324,-0.538182820,0.905212258,1.058975448,0.462473837,-0.633026822,-0.464943482
0.085074993,-0.342372260,0.816051391,0.003633063,0.008380080,-0.847714376,0.530374313,-1.333149808,0.164192083,0.128527154,1.377658094,-0.444875753,0.101552839,-1.402031681,-0.184681546,-0.009605311,1.389653595,-0.261718326,-0.070208090,-0.303202298,0.069189346,0.104014015,0.143697165,-1.270412303,0.457198175,-0.628287514,0.721316103,-0.023607084,-0.446307631,0.538161262,-1.277377875,-0.530353221,0.933854829,1.059100063,0.462309862,-0.633096035,-0.465125065
0.084192588,-0.350200978,0.851254404,-0.003561681,0.008403960,-0.847743023,0.530328630,-1.223369781,0.155603730,0.142816553,1.270701300,-0.426613239,0.100976875,-1.285638397,-0.184921445,-0.024791768,1.287705409,-0.253655400,-0.060596255,-0.304774059,0.055809680,0.082643168,0.179528620,-1.248055720,0.449622606,-0.619286699,0.741092461,-0.024336405,-0.445303176,0.531437206,-1.273854776,-0.505835403,0.953984852,1.098112957,0.462180552,-0.633146534,-0.465282570
0.082082986,-0.360027610,0.886517024,-0.006630117,0.008058909,-0.847894372,0.530062477,-1.100253802,0.147676869,0.159487893,1.157116178,-0.409737421,0.100976106,-1.159068155,-0.184672585,-0.039816686,1.181152518,-0.242682374,-0.049918018,-0.310712643,0.042037141,0.066845030,0.223442103,-1.214297014,0.460596043,-0.609807648,0.765197730,-0.021093970,-0.442010873,0.520795662,-1.235465515,-0.525690120,0.969621331,1.029542208,0.462108503,-0.633173876,-0.465407388
0.079043320,-0.371634676,0.917946785,0.015964943,0.020032411,-0.847165107,0.530711885,-0.961272960,0.138140358,0.179780246,1.030025845,-0.391410902,0.100919013,-1.018046518,-0.183978547,-0.058219293,1.058669646,-0.223307268,-0.038187686,-0.317548509,0.029262094,0.062520539,0.286128081,-1.166030863,0.475677524,-0.608862853,0.767240002,-0.032772719,-0.436379553,0.507741621,-1.174054521,-0.563139054,0.976970876,0.939542208,0.462115876,-0.633173754,-0.465492971
0.076346351,-0.382705496,0.944767019,0.028397733,0.024499856,-0.847672188,0.529192958,-0.829000006,0.129019394,0.202351705,0.911963458,-0.371653369,0.097867953,-0.885637893,-0.183753049,-0.075862300,0.943793142,-0.199961660,-0.028587065,-0.319824786,0.015080738,0.044358054,0.342256740,-1.118464985,0.481210631,-0.619724901,0.751110347,-0.056529893,-0.429866903,0.493391478,-1.117555811,-0.597280967,0.976197324,0.849542208,0.462198756,-0.633139430,-0.465537193
0.073457138,-0.392651758,0.965835578,0.037613929,0.027757674,-0.848603874,0.526959362,-0.722155692,0.121280895,0.225493085,0.817822922,-0.350805430,0.092771907,-0.772102122,-0.182924963,-0.091412846,0.840975214,-0.175858964,-0.021794476,-0.317193063,0.004368001,0.033734127,0.399686373,-1.078369767,0.470599905,-0.614964017,0.737794215,-0.076655370,-0.423424108,0.482567277,-1.083262825,-0.599617217,0.982151462,0.761552598,0.462358899,-0.633070988,-0.465540388
0.070141840,-0.402417679,0.981009713,0.044605370,0.030966172,-0.848319253,0.526693366,-0.635082166,0.116524274,0.248252002,0.752041304,-0.338541390,0.091326485,-0.673912382,-0.183387347,-0.102070935,0.758845115,-0.156172632,-0.019952478,-0.319083122,-0.006739727,0.033762087,0.449060071,-1.061556751,0.478818714,-0.617572509,0.726717371,-0.094103155,-0.416946983,0.469607842,-1.064361072,-0.631092138,0.990335356,0.707820312,0.462598970,-0.632968643,-0.465499770
0.066613201,-0.411270875,0.992147482,0.051629976,0.034743071,-0.847642750,0.526905146,-0.546572306,0.112287589,0.278515786,0.676020888,-0.323106308,0.082990676,-0.575565348,-0.183616922,-0.117534521,0.669692933,-0.133324474,-0.017670093,-0.322542584,-0.018892098,0.034690610,0.489985625,-1.024666599,0.452727842,-0.638991758,0.689502459,-0.118576244,-0.408771334,0.459562209,-1.035152847,-0.632929655,0.994631445,0.661150101,0.462901701,-0.632832780,-0.465421546
0.061623784,-0.418778970,0.998268756,0.056699327,0.038075635,-0.844783963,0.530731088,-0.488798111,0.109023717,0.301105164,0.633104533,-0.314206649,0.082937488,-0.507710895,-0.183920111,-0.126346921,0.609658351,-0.114446728,-0.016303695,-0.322186323,-0.028953940,0.039693659,0.506339435,-1.017272756,0.437799056,-0.671282617,0.670358410,-0.131647508,-0.399717541,0.446787147,-1.023303614,-0.642773489,1.023255777,0.639138470,0.518914184,-0.569726217,-0.419646300
0.056852442,-0.424409657,1.001451639,0.062530811,0.039594363,-0.839144680,0.538849135,-0.410530239,0.104187557,0.342704706,0.558844950,-0.296609409,0.072969676,-0.441682458,-0.182253817,-0.131340435,0.554265759,-0.098597597,-0.020673753,-0.332639284,-0.037690820,0.040581790,0.560873466,-0.985832827,0.395360164,-0.654650049,0.665887324,-0.133911695,-0.391607398,0.443191124,-0.951135270,-0.635230631,0.966513342,0.620500975,0.510999716,-0.566860863,-0.419979640
0.052760808,-0.428306618,0.998833380,0.057958075,0.037979608,-0.833088153,0.548782780,-0.351565369,0.102053101,0.387388492,0.501879887,-0.280482856,0.059787717,-0.388965823,-0.180547338,-0.134454069,0.514528684,-0.086748003,-0.027189247,-0.342441754,-0.045362346,0.032369681,0.600561594,-0.961561219,0.346029523,-0.663590223,0.648899284,-0.143328019,-0.380428322,0.437245619,-0.902262613,-0.620968483,0.912881682,0.622868538,0.501550410,-0.559782268,-0.424953633
0.048439625,-0.431015036,0.997574693,0.056873463,0.039582898,-0.825412003,0.560262107,-0.304645232,0.099019682,0.428909347,0.455023218,-0.268555400,0.053754507,-0.339032487,-0.177822568,-0.141857225,0.470630636,-0.077503386,-0.034832022,-0.362288607,-0.052138479,0.031963175,0.638592105,-0.965192711,0.316867096,-0.668968473,0.649481154,-0.150517798,-0.369336548,0.433318121,-0.874301765,-0.611185240,0.913208174,0.556753712,0.513185678,-0.557172204,-0.421022990
0.043557322,-0.432133722,0.995506765,0.056599183,0.039704722,-0.815498577,0.574614774,-0.253972013,0.097103492,0.482469305,0.408633490,-0.253552660,0.042847323,-0.298651960,-0.174501859,-0.146238238,0.444911666,-0.072252506,-0.042004844,-0.375373062,-0.063366713,0.035776175,0.680090616,-0.960456038,0.295168336,-0.650687943,0.671016635,-0.144102410,-0.359080471,0.431493075,-0.852848636,-0.608156661,0.893567441,0.527722790,0.520079641,-0.552404039,-0.418487033
0.038902369,-0.433706786,0.992538164,0.057866031,0.039534170,-0.804288523,0.590091978,-0.206298577,0.094580736,0.544232386,0.364339334,-0.240966059,0.032835879,-0.267329995,-0.172727646,-0.152938796,0.424846947,-0.063845643,-0.042818192,-0.390489313,-0.073113916,0.046328654,0.706903515,-0.960417440,0.279327219,-0.651607931,0.685511771,-0.146747709,-0.349255902,0.427721911,-0.851092559,-0.622997907,0.892773952,0.539335185,0.522552542,-0.541842906,-0.416976816
0.035599608,-0.434604989,0.989762960,0.057757428,0.040435526,-0.793243539,0.604808842,-0.175553384,0.091326305,0.588057651,0.336464834,-0.234751854,0.028318379,-0.247008452,-0.170245799,-0.155841643,0.411904416,-0.063339786,-0.049762272,-0.414306677,-0.082937105,0.068434794,0.726133551,-0.962323956,0.247642620,-0.607117695,0.718321230,-0.144646189,-0.345113238,0.435540008,-0.845571451,-0.597668761,0.886258429,0.503098572,0.530011387,-0.544418671,-0.418599313
0.033617622,-0.434081388,0.987369646,0.055610752,0.041428724,-0.783120662,0.617991208,-0.164240890,0.088703683,0.605275809,0.323790793,-0.229643824,0.023429884,-0.243936790,-0.166497665,-0.158297078,0.412729304,-0.065122503,-0.058628101,-0.422758677,-0.088435064,0.067907157,0.744634840,-0.941870195,0.231339482,-0.575334358,0.719661865,-0.148182648,-0.342556596,0.441141725,-0.828118403,-0.575658790,0.848899767,0.506444733,0.524083298,-0.543345627,-0.424313508
0.032441267,-0.432714622,0.985450634,0.053623985,0.041919172,-0.775841787,0.627245385,-0.150929670,0.086349173,0.621503468,0.309143905,-0.222154311,0.017913320,-0.237102559,-0.164042258,-0.165753965,0.408386706,-0.065123256,-0.063356729,-0.423964425,-0.094667105,0.061920493,0.761822576,-0.939522061,0.215345203,-0.556541507,0.736593999,-0.151480273,-0.338364950,0.445064384,-0.836034448,-0.548700484,0.855327511,0.535213177,0.518087641,-0.536449814,-0.428413406
0.033760571,-0.429544199,0.983790969,0.052544039,0.040832482,-0.771340726,0.632933896,-0.134008380,0.082744998,0.640949083,0.292125254,-0.221224838,0.017528129,-0.223924582,-0.164841625,-0.178118188,0.395518150,-0.061294133,-0.061026320,-0.435012786,-0.099413881,0.074405209,0.767847405,-0.937684994,0.209049647,-0.535266478,0.744592703,-0.165408681,-0.337716107,0.447484713,-0.825080435,-0.526367062,0.861273911,0.484738000,0.529186371,-0.538866921,-0.426071777
0.037506477,-0.424519958,0.982399684,0.050937205,0.039170452,-0.769469358,0.635443139,-0.125499790,0.080978136,0.654243001,0.284365624,-0.226741565,0.021807083,-0.225027554,-0.167362533,-0.182266937,0.401188486,-0.060760476,-0.061149529,-0.451107940,-0.103091395,0.099853648,0.765693967,-0.930930130,0.200060873,-0.527061593,0.739490610,-0.179206291,-0.338151291,0.449142015,-0.809330018,-0.510570548,0.864282585,0.455193351,0.533736235,-0.541733126,-0.425549197
0.041797001,-0.418158760,0.981005213,0.049900973,0.038071839,-0.772291988,0.632159405,-0.124295062,0.079951624,0.660923665,0.279876127,-0.230773739,0.024484475,-0.225187243,-0.169240209,-0.185383700,0.399369260,-0.058900227,-0.062928499,-0.461616516,-0.103118694,0.120005839,0.770584328,-0.930783074,0.197989524,-0.506391067,0.742271826,-0.188643227,-0.338753440,0.451274312,-0.802122523,-0.488333736,0.865632733,0.422242919,0.539433549,-0.546835178,-0.425662107
0.046047610,-0.412078276,0.983192155,0.060172670,0.042285864,-0.774642824,0.628107993,-0.137377210,0.083272105,0.660173412,0.287294842,-0.238205577,0.029371156,-0.235364520,-0.172228213,-0.180543000,0.410962316,-0.062556484,-0.064451421,-0.460213852,-0.097734088,0.138557822,0.758353086,-0.922569846,0.209117860,-0.518537002,0.726116206,-0.196772120,-0.339527939,0.449881891,-0.796162616,-0.494415831,0.870423265,0.398325803,0.548685595,-0.547376396,-0.422648646
0.050342785,-0.407000017,0.982766626,0.066072192,0.043312760,-0.780631144,0.619978618,-0.142155199,0.083704938,0.673778686,0.282330056,-0.241489207,0.035160257,-0.243494313,-0.175796773,-0.181870701,0.415153140,-0.058648260,-0.064904734,-0.460971651,-0.090968453,0.150833212,0.760240127,-0.903284555,0.210216346,-0.542549691,0.684339197,-0.223514870,-0.340459301,0.447850722,-0.778106835,-0.498325812,0.874641153,0.353941116,0.563363810,-0.549239635,-0.416624927
0.055253377,-0.402550944,0.980722231,0.068593972,0.045576616,-0.790142406,0.607365309,-0.175852298,0.088185848,0.647402629,0.304916711,-0.251516654,0.052471299,-0.258159709,-0.180091232,-0.179732150,0.424630039,-0.063160936,-0.068847339,-0.449166401,-0.081989173,0.164879989,0.744132027,-0.908670312,0.222141725,-0.560734910,0.657799494,-0.240899547,-0.342195294,0.447076747,-0.788047087,-0.503798893,0.893682904,0.339587720,0.573299841,-0.551282060,-0.415016228
0.060802247,-0.396856945,0.979598253,0.091170500,0.053531777,-0.802104311,0.587750766,-0.238825873,0.092161078,0.573460797,0.355029531,-0.264081784,0.087057880,-0.303831235,-0.185100796,-0.166876696,0.470894666,-0.075445428,-0.075082959,-0.437885464,-0.073163151,0.166454765,0.736799306,-0.938684190,0.236991441,-0.565225325,0.657455714,-0.241125324,-0.346402192,0.450086183,-0.820955845,-0.499725833,0.906178617,0.365008687,0.568459645,-0.554615033,-0.420268445
0.066199411,-0.386069290,0.973948040,0.092013314,0.055875495,-0.819382687,0.563048392,-0.304520271,0.096487555,0.515790060,0.403757818,-0.271552839,0.107429438,-0.352188430,-0.189321316,-0.162229252,0.513233801,-0.087762188,-0.079945147,-0.421155718,-0.061038926,0.167368694,0.718073411,-0.971842683,0.253315933,-0.577543660,0.662729804,-0.233732477,-0.353248337,0.453540771,-0.857875785,-0.490898764,0.913753066,0.389562248,0.567053981,-0.562039132,-0.426105790
0.072082381,-0.374653733,0.962589902,0.088248954,0.058842817,-0.835664856,0.538900633,-0.389919595,0.101558960,0.451939176,0.472501970,-0.283807233,0.133044474,-0.442235782,-0.195958632,-0.150075291,0.597382557,-0.100248834,-0.079738690,-0.394651236,-0.047918801,0.159218338,0.694773794,-0.990046251,0.252357341,-0.592826805,0.658243989,-0.230005265,-0.360844264,0.460721679,-0.888409205,-0.459094146,0.913023223,0.456475089,0.552975522,-0.570849145,-0.439625520
0.078248657,-0.365258740,0.948953813,0.079002030,0.065087132,-0.850354872,0.516157860,-0.519056145,0.109604298,0.373337013,0.595644778,-0.312024333,0.166664820,-0.576333529,-0.201868450,-0.124926051,0.728749816,-0.121624434,-0.083125180,-0.376624695,-0.032195329,0.161288854,0.644114829,-1.029318613,0.241840591,-0.616403910,0.676190075,-0.207568940,-0.371350457,0.472669251,-0.954663805,-0.439795750,0.930179146,0.546475089,0.539622296,-0.575707679,-0.450721563
0.085278020,-0.358438949,0.931277364,0.061555217,0.067872886,-0.862069293,0.498438322,-0.651821246,0.115157980,0.306556887,0.743426983,-0.358018005,0.200005704,-0.762956257,-0.207379884,-0.095821997,0.912518662,-0.132481987,-0.080923444,-0.361744589,-0.021699855,0.155352826,0.605077372,-1.063026827,0.254074228,-0.626791031,0.669671817,-0.195583521,-0.392011373,0.492852586,-1.001012873,-0.436293701,0.929836791,0.614264349,0.530251647,-0.579128463,-0.458502431
0.092582269,-0.350931197,0.912130036,0.040638086,0.067312264,-0.875415166,0.476933845,-0.755273231,0.119640608,0.266833002,0.858399030,-0.400294499,0.212659356,-0.878365049,-0.206695102,-0.093921612,0.987319672,-0.137201790,-0.083787519,-0.337012800,-0.014384541,0.141542025,0.559564071,-1.092744642,0.265401026,-0.613660647,0.690714412,-0.167110240,-0.410731210,0.507845101,-1.052881637,-0.435269151,0.907111565,0.704264349,0.523599179,-0.581553223,-0.463982517
0.095480735,-0.342547234,0.899368221,0.031030186,0.062796212,-0.883209319,0.463718732,-0.814090123,0.120000642,0.245405852,0.915846593,-0.421240162,0.209255740,-0.939738598,-0.202435872,-0.095410991,1.017481448,-0.144439350,-0.090864002,-0.298132132,-0.009574826,0.134468205,0.516347473,-1.079749933,0.262972469,-0.579021795,0.704276590,-0.143849675,-0.419763929,0.519541829,-1.076201865,-0.408170244,0.856273168,0.794264349,0.518768934,-0.583284826,-0.467870299
0.098436108,-0.339808961,0.883473754,0.024682506,0.061597739,-0.891349427,0.448433599,-0.916789696,0.126045522,0.222408432,1.020969781,-0.451339146,0.205485751,-1.021437261,-0.201490966,-0.088382396,1.080408810,-0.162276364,-0.086830602,-0.284087411,-0.003152590,0.109980677,0.424157660,-1.136503861,0.286227270,-0.584958208,0.727248268,-0.123137451,-0.429163232,0.521733362,-1.128344820,-0.407879113,0.826395913,0.884264349,0.515156076,-0.584531615,-0.470657324
0.103330801,-0.340418836,0.862439000,0.010408620,0.055585006,-0.900466382,0.431233420,-1.037793187,0.129282885,0.192501991,1.152967411,-0.486870073,0.210279380,-1.131676630,-0.196992626,-0.067176981,1.184382777,-0.189030908,-0.088740889,-0.275082050,0.002698822,0.106886637,0.374355240,-1.165123423,0.295793146,-0.594824711,0.729111237,-0.093073527,-0.439283576,0.532641185,-1.168782371,-0.399120415,0.812655938,0.974264349,0.512336884,-0.585446716,-0.472691325
0.107708615,-0.340140359,0.845378781,0.002561531,0.049039083,-0.908139483,0.415777930,-1.123703743,0.128897343,0.172047496,1.240453447,-0.509585532,0.205024828,-1.203715012,-0.189639675,-0.056496707,1.240094144,-0.209002948,-0.087957738,-0.264144074,0.013247684,0.087052847,0.346028010,-1.162712968,0.318736950,-0.606846353,0.707175748,-0.076814634,-0.449202419,0.542922292,-1.188106436,-0.391219161,0.808241521,1.064264349,0.510051169,-0.586142337,-0.474207501
0.110935552,-0.341472711,0.831608812,0.000653347,0.044417360,-0.914527225,0.402077886,-1.196085158,0.128050131,0.157029920,1.307302834,-0.521352231,0.197794287,-1.281970120,-0.183331923,-0.046913195,1.296790733,-0.215442354,-0.086866557,-0.259011179,0.025186941,0.063700777,0.324061156,-1.189894562,0.342278798,-0.623038581,0.694614247,-0.066754428,-0.454622455,0.546365616,-1.227097611,-0.383606112,0.813381417,1.154264349,0.508124109,-0.586691301,-0.475365015
0.113370878,-0.346498831,0.818725526,0.003488799,0.042034580,-0.920228438,0.389102229,-1.260092063,0.127647257,0.143686093,1.365633919,-0.528579347,0.186617103,-1.342485760,-0.177170398,-0.037131640,1.349356681,-0.228403338,-0.087082142,-0.254943609,0.032790620,0.063765013,0.293545250,-1.197297430,0.350285716,-0.611757880,0.719130891,-0.040360253,-0.458671545,0.551640759,-1.253936558,-0.358767689,0.824273408,1.244264349,0.506435936,-0.587146852,-0.476276434
0.114336309,-0.353057901,0.803949484,0.008646104,0.041015126,-0.925616544,0.376134309,-1.335726530,0.128748712,0.132386185,1.431379803,-0.533611020,0.175136896,-1.421508744,-0.170236794,-0.026058968,1.414797466,-0.240044793,-0.091374780,-0.256238640,0.039893306,0.062015886,0.252966146,-1.214611940,0.343625529,-0.603756065,0.732937865,-0.018471733,-0.457974661,0.557906156,-1.287500726,-0.324506168,0.832899728,1.334264349,0.504894380,-0.587543645,-0.477026127
0.117718549,-0.352639768,0.786358354,0.016446456,0.041859838,-0.928188098,0.369383436,-1.417829014,0.130441266,0.121167466,1.504239660,-0.540915037,0.165930263,-1.508968420,-0.163074925,-0.016630986,1.486889928,-0.253095263,-0.095175330,-0.261581760,0.045596758,0.059616528,0.206017873,-1.242119336,0.346536215,-0.610003728,0.749143414,0.001188929,-0.451935120,0.559087913,-1.315949405,-0.313243918,0.839340461,1.342501892,0.503457197,-0.587899967,-0.477668094
0.119321513,-0.352945581,0.774442374,0.022535504,0.041976573,-0.931017781,0.361850811,-1.487169401,0.130953093,0.110960888,1.560110212,-0.540027739,0.155531590,-1.581370388,-0.158001760,-0.008838010,1.538941678,-0.250726205,-0.096167363,-0.264883851,0.052918477,0.056471697,0.167321446,-1.257094329,0.338373979,-0.598938462,0.767623668,0.006777623,-0.449958901,0.560803470,-1.335272015,-0.300133482,0.837101465,1.371371507,0.502085468,-0.588232525,-0.478239113
0.119617726,-0.353583055,0.765373027,0.027022549,0.039738905,-0.936296098,0.347908347,-1.549938725,0.134326057,0.103126810,1.615998625,-0.542996329,0.147929981,-1.662995575,-0.156468870,-0.002995005,1.593980216,-0.246538056,-0.092502945,-0.263644018,0.057106335,0.056661582,0.134038985,-1.270973585,0.345053097,-0.599841770,0.776707819,0.010703711,-0.448576528,0.562005312,-1.361357558,-0.290524810,0.833390857,1.404409904,0.500759570,-0.588547565,-0.478762769
0.126050774,-0.353002047,0.761660043,0.027671491,0.036464480,-0.944415269,0.325552499,-1.590993428,0.141007507,0.096277006,1.652794958,-0.543260865,0.141695405,-1.721584060,-0.156699197,0.008537266,1.639880869,-0.240361805,-0.095480254,-0.263460622,0.062273313,0.052754002,0.108042740,-1.283427312,0.351946813,-0.600366093,0.782715690,0.013446877,-0.447598471,0.562843778,-1.404434584,-0.295943470,0.824996938,1.438511714,0.499485268,-0.588836348,-0.479249709
0.124618410,-0.357844927,0.746206729,0.036486001,0.036617072,-0.942609749,0.329870917,-1.655678869,0.137997785,0.089359347,1.708871195,-0.550699068,0.132785968,-1.786366052,-0.149929379,0.007945028,1.688357816,-0.248749054,-0.093039487,-0.257536401,0.065429284,0.054781820,0.071218804,-1.295876202,0.356031288,-0.605177995,0.791473222,0.015379865,-0.446903521,0.563425959,-1.399579612,-0.274952245,0.824669396,1.432002149,0.498253079,-0.589113662,-0.479710154
0.130005108,-0.358680802,0.745153680,0.037198855,0.035932383,-0.944880116,0.323305853,-1.691935684,0.140119007,0.084587474,1.742002376,-0.553030538,0.127477491,-1.826577622,-0.150260133,0.009336787,1.715752018,-0.252066335,-0.091991112,-0.254138824,0.067752350,0.054294982,0.048074237,-1.307491006,0.363103597,-0.611176098,0.802879967,0.016752958,-0.446400131,0.563825006,-1.408381730,-0.270371296,0.830583000,1.435678160,0.497065198,-0.589377547,-0.480145908
0.127846781,-0.359908601,0.742704696,0.033340660,0.032977783,-0.948141289,0.314370741,-1.714781589,0.140899722,0.082610382,1.763304848,-0.554767311,0.125778196,-1.853828851,-0.150171762,0.009978355,1.733884492,-0.256448158,-0.091705877,-0.250580064,0.069139320,0.050520143,0.033877480,-1.302833189,0.368087951,-0.614927566,0.808116064,0.017749319,-0.446025383,0.564092975,-1.415001418,-0.260014374,0.840421400,1.437029657,0.495928561,-0.589625511,-0.480558879
0.124893571,-0.361055809,0.739051377,0.031372492,0.031817679,-0.950692518,0.306899232,-1.729083923,0.140775104,0.078797745,1.782010948,-0.555495792,0.119801188,-1.871150823,-0.149715073,0.010756849,1.745186703,-0.255970975,-0.089038308,-0.249156149,0.069188128,0.049154546,0.025786677,-1.294905786,0.368932158,-0.619013465,0.807680447,0.018496371,-0.445737447,0.564268189,-1.423249534,-0.249856389,0.852965371,1.445072654,0.494822205,-0.589854518,-0.480950757
0.129352481,-0.367542110,0.734686026,0.032661936,0.031956242,-0.952678361,0.300526101,-1.732917661,0.141682850,0.078506388,1.791802979,-0.553175159,0.110709290,-1.873683114,-0.150874061,0.009596479,1.749983449,-0.260969841,-0.084167957,-0.247394199,0.069530869,0.047897460,0.023575250,-1.287630702,0.369800952,-0.620929620,0.817000393,0.019098218,-0.445511455,0.564379306,-1.421828236,-0.244949511,0.866080908,1.452315083,0.493723689,-0.590070282,-0.481327204
0.130903276,-0.369614978,0.734826661,0.028958314,0.031652130,-0.954408292,0.295405435,-1.721265163,0.143425592,0.080343876,1.785823555,-0.544874989,0.104222484,-1.863241266,-0.154030969,0.007109833,1.740314837,-0.258933031,-0.079404317,-0.245701782,0.068848778,0.042577770,0.026186294,-1.279468243,0.372686957,-0.617432122,0.832377386,0.019605709,-0.445324665,0.564442772,-1.418704541,-0.244891556,0.876441635,1.462442445,0.492628103,-0.590268804,-0.481686080
0.133402461,-0.372151259,0.736674384,0.025167125,0.031143054,-0.956658282,0.288446975,-1.700658772,0.143659235,0.083827265,1.767556947,-0.537040813,0.100217255,-1.840426512,-0.157177989,0.001708357,1.719054511,-0.259694953,-0.075173739,-0.240553929,0.068111677,0.032022821,0.031451556,-1.259529299,0.375531881,-0.613747544,0.822971899,0.020044423,-0.445163810,0.564470487,-1.415562500,-0.242837181,0.883038598,1.469105682,0.491537285,-0.590448844,-0.482023986
0.135763835,-0.374346586,0.739740848,0.020630571,0.030906030,-0.959002698,0.280950214,-1.677726890,0.146310950,0.088465275,1.746733365,-0.525541305,0.093238795,-1.814845719,-0.159605037,-0.002740281,1.693706415,-0.255611981,-0.072734961,-0.239696955,0.066319615,0.021917451,0.040005346,-1.247981749,0.380968898,-0.606651433,0.811062189,0.020437987,-0.445022127,0.564473298,-1.409867199,-0.247814864,0.885228815,1.465884249,0.490451707,-0.590613375,-0.482342462
0.137275600,-0.376633719,0.744873366,0.016290039,0.029923458,-0.960878849,0.274865528,-1.648497327,0.147791588,0.095169289,1.716781362,-0.515693333,0.089783098,-1.778671361,-0.163062450,-0.007296590,1.658498376,-0.251760270,-0.070133199,-0.236480105,0.063784059,0.006646536,0.043000594,-1.237518931,0.384248039,-0.600231882,0.797565661,0.020787888,-0.444896785,0.564456548,-1.412911074,-0.255030518,0.882986418,1.468929036,0.489372810,-0.590763918,-0.482641910
0.137117261,-0.378753489,0.751134561,0.013040827,0.028893715,-0.962061298,0.270985516,-1.609917778,0.146598747,0.102882697,1.681845800,-0.509802178,0.090044181,-1.735574870,-0.164059336,-0.011875044,1.618441790,-0.250702102,-0.069341981,-0.237410773,0.063259488,-0.007325301,0.054114299,-1.229294816,0.387232998,-0.595535561,0.785538901,0.021096663,-0.444789592,0.564427626,-1.412613555,-0.263519603,0.878510017,1.464963014,0.488313398,-0.590905503,-0.482922036
0.136168647,-0.380648523,0.758606460,0.008427194,0.027146601,-0.962710662,0.269035735,-1.561195925,0.142965539,0.112296503,1.635341543,-0.504839923,0.092591151,-1.675497374,-0.165998756,-0.019948687,1.563504587,-0.251019597,-0.064839540,-0.233956977,0.059969618,-0.021246811,0.067108772,-1.220786791,0.392011530,-0.595447196,0.776688123,0.021365705,-0.444701174,0.564389478,-1.411368739,-0.269617434,0.874597414,1.472940625,0.487271250,-0.591040525,-0.483182156
0.134993795,-0.382994663,0.767684100,0.004539878,0.026779027,-0.963089051,0.267809173,-1.505572029,0.139601985,0.123977259,1.576380700,-0.497708267,0.093858430,-1.603209917,-0.168026772,-0.030025737,1.499625182,-0.252609262,-0.060004013,-0.229925152,0.055954883,-0.028665208,0.079625290,-1.212709420,0.399087844,-0.599784074,0.769399558,0.021595280,-0.444633951,0.564342902,-1.409242367,-0.278889933,0.873128364,1.477475305,0.486250803,-0.591172844,-0.483423277
0.134776321,-0.385968205,0.786420689,0.001003553,0.026644127,-0.963335559,0.266971317,-1.438137293,0.134595134,0.136775244,1.501353729,-0.487860616,0.096700984,-1.515192937,-0.170537502,-0.043015329,1.417055480,-0.250572470,-0.052220113,-0.223151711,0.052197578,-0.042316422,0.095600594,-1.191388651,0.409964822,-0.605844438,0.760026174,0.021775946,-0.444588643,0.564286522,-1.397682835,-0.289196513,0.873970260,1.482509395,0.485259624,-0.591304533,-0.483645168
0.134508436,-0.389302961,0.809259641,-0.003813919,0.027083007,-0.964244863,0.263597816,-1.360254081,0.129633940,0.150226147,1.419256405,-0.477507913,0.099370838,-1.417428248,-0.172926969,-0.055348856,1.331356994,-0.248354461,-0.046988165,-0.222160887,0.045990800,-0.047829170,0.123804360,-1.162912658,0.408923257,-0.603705715,0.746111387,0.021395613,-0.452025077,0.543789397,-1.373470324,-0.291865887,0.876441532,1.471330313,0.484305530,-0.591441012,-0.483850871
0.132616927,-0.392859021,0.834892491,-0.009288316,0.027500221,-0.965340149,0.259375909,-1.272389407,0.125316225,0.162913005,1.328523690,-0.463700378,0.100923678,-1.312744560,-0.176733099,-0.068587152,1.238537672,-0.240057810,-0.038527037,-0.218227933,0.038717746,-0.050528947,0.158796202,-1.145984331,0.413801842,-0.597003047,0.756831178,0.020504743,-0.453340236,0.538953234,-1.355577554,-0.294869172,0.879693893,1.479770906,0.483381350,-0.591577350,-0.484040573
0.128534564,-0.397817818,0.863333358,0.005744154,0.033327886,-0.966291571,0.255219233,-1.176397420,0.121838830,0.177749044,1.229251584,-0.446578600,0.102017851,-1.200292316,-0.182050020,-0.083819865,1.136213402,-0.222908771,-0.028279373,-0.212236782,0.030649904,-0.053956974,0.204829250,-1.125583199,0.426258900,-0.585472790,0.766116147,0.011486873,-0.452540094,0.531422244,-1.330409947,-0.307559480,0.883284143,1.481193441,0.482498070,-0.591708975,-0.484213262
0.122811157,-0.402321272,0.892885375,0.016962782,0.036626769,-0.966804841,0.252307636,-1.074022956,0.118338989,0.193791333,1.126089862,-0.427026849,0.102368088,-1.070186728,-0.187436237,-0.101374653,1.020111663,-0.203066594,-0.021779647,-0.202509651,0.020844933,-0.051179155,0.251255694,-1.087702426,0.431830489,-0.576430986,0.765125510,-0.001998898,-0.448975233,0.522416794,-1.290776982,-0.319818948,0.886455696,1.481419667,0.481661914,-0.591830683,-0.484368073
0.115943286,-0.406111441,0.921610027,0.029589495,0.040206254,-0.967412078,0.248237367,-0.963316334,0.115758712,0.213486586,1.016818297,-0.403240217,0.101737015,-0.927404235,-0.192314795,-0.122757106,0.893705421,-0.177399789,-0.014624484,-0.198009543,0.011067484,-0.061104903,0.309972870,-1.051338193,0.448118965,-0.588025842,0.748966766,-0.023618823,-0.443926501,0.509782946,-1.236427531,-0.345638984,0.890682542,1.461545185,0.480896650,-0.591938163,-0.484500208
0.108741808,-0.410004366,0.946641671,0.040851809,0.044860081,-0.968144305,0.242930665,-0.867332035,0.114252334,0.232532410,0.926318715,-0.380631696,0.101147356,-0.805376109,-0.196241349,-0.141085431,0.790021221,-0.156433755,-0.015332709,-0.196396412,-0.000156085,-0.058656618,0.351117359,-1.038894144,0.442259705,-0.591034644,0.758606420,-0.027956165,-0.436398204,0.497480710,-1.205792386,-0.357449136,0.893824963,1.464784406,0.480181690,-0.592024796,-0.484609234
0.101926198,-0.412955445,0.967193030,0.050981947,0.050228322,-0.968650053,0.237897102,-0.776124884,0.113345822,0.253981074,0.840264751,-0.359294705,0.097976085,-0.694268649,-0.199071041,-0.161762330,0.693554495,-0.134318355,-0.017076821,-0.195601507,-0.012245269,-0.055409791,0.388843790,-1.006527811,0.427924554,-0.596765282,0.745132947,-0.044290523,-0.429448956,0.489799306,-1.165147739,-0.354187143,0.896978461,1.421987968,0.479524246,-0.592090628,-0.484696349
0.094945622,-0.414348503,0.984360155,0.061812926,0.055627025,-0.968507263,0.234688043,-0.693694009,0.114454264,0.280073342,0.760026842,-0.335454077,0.092285717,-0.589091245,-0.201014354,-0.185125599,0.602946792,-0.114223369,-0.020122224,-0.191589296,-0.023511313,-0.039004641,0.429800303,-0.991767810,0.420849284,-0.595055141,0.747649670,-0.053189733,-0.421750030,0.481208928,-1.135235143,-0.358393708,0.904288212,1.350851231,0.478935833,-0.592134652,-0.484759842
0.089729180,-0.414351500,0.994476270,0.062676943,0.057953868,-0.969329577,0.230462842,-0.602337170,0.114410739,0.315005830,0.669524830,-0.305355929,0.082358917,-0.480530988,-0.203464719,-0.218597838,0.505980656,-0.088053718,-0.020200842,-0.185585693,-0.037104474,-0.043786624,0.488425386,-0.949239068,0.392518592,-0.570865922,0.748287695,-0.065139327,-0.411591303,0.476322044,-1.098631657,-0.343488075,0.903128097,1.342690030,0.478393052,-0.592152477,-0.484805347
0.086169397,-0.416424696,1.003931489,0.069466177,0.059911663,-0.969580811,0.226931915,-0.502804750,0.113768332,0.363017647,0.579436506,-0.278490720,0.074414563,-0.375230457,-0.206075577,-0.252659867,0.424736147,-0.067808707,-0.023062645,-0.177881392,-0.052217042,-0.035651885,0.563402027,-0.929576909,0.375647984,-0.551085814,0.758466119,-0.077058912,-0.399005190,0.468446297,-1.072261624,-0.336985314,0.895084028,1.334647412,0.477891711,-0.592137287,-0.484833654
0.084222387,-0.418767684,1.010503429,0.077395501,0.060878742,-0.969926586,0.222589608,-0.403641164,0.112235796,0.437115133,0.480328227,-0.247916273,0.059699801,-0.276030723,-0.205671490,-0.305122554,0.334664479,-0.044454726,-0.030333583,-0.178866464,-0.066603793,-0.033891556,0.600017848,-0.893474626,0.350441271,-0.520318750,0.748210667,-0.106304493,-0.388016472,0.464923709,-1.017212603,-0.339218350,0.871875620,1.244647412,0.477457622,-0.592089982,-0.484846336
0.081085265,-0.420789870,1.014118635,0.084047551,0.061341005,-0.969250697,0.222994119,-0.317096948,0.110226907,0.528677094,0.401021932,-0.224209173,0.048365198,-0.200833967,-0.201235788,-0.321790158,0.277081091,-0.026344832,-0.037972151,-0.195204468,-0.078361719,-0.029182611,0.660183341,-0.879914834,0.335212689,-0.500788051,0.751188943,-0.118779411,-0.375292606,0.458717504,-0.954098916,-0.379444164,0.828770879,1.154647412,0.477111726,-0.592008874,-0.484840762
0.079587121,-0.420919689,1.007409599,0.069331744,0.058949347,-0.970223689,0.224463975,-0.239655161,0.107577187,0.633224617,0.335873923,-0.205198266,0.035236057,-0.126647928,-0.196303878,-0.357142497,0.215974063,-0.008442739,-0.040641072,-0.202322246,-0.092777526,-0.022879542,0.710325002,-0.850066751,0.316729990,-0.484129817,0.732691278,-0.153411336,-0.364044541,0.457207035,-0.910290916,-0.388719149,0.777278972,1.064647412,0.476885772,-0.591895037,-0.484819320
0.075687658,-0.422825293,1.014381341,0.085713526,0.063902089,-0.967121437,0.230750602,-0.179013594,0.102048744,0.704269044,0.288386173,-0.189058789,0.024933334,-0.059351640,-0.190630610,-0.385276856,0.163130641,0.004116746,-0.038939307,-0.194131495,-0.108294890,-0.024029793,0.733451709,-0.836652946,0.313806707,-0.455579535,0.715176169,-0.195279473,-0.355341211,0.456948367,-0.890639709,-0.381239254,0.742825437,0.974647412,0.476806206,-0.591751974,-0.484784141
0.073960340,-0.422823236,1.008369406,0.075661329,0.060847600,-0.969475324,0.225145575,-0.125822495,0.098113449,0.770400189,0.250137029,-0.173132951,0.013834675,0.002438704,-0.184907137,-0.398644080,0.119002761,0.010693032,-0.035195500,-0.176378883,-0.127558822,-0.015515560,0.734074783,-0.800425695,0.292335050,-0.438961396,0.698747825,-0.227205538,-0.346593689,0.458646130,-0.866220604,-0.364996821,0.730449029,0.884647412,0.476856386,-0.591576688,-0.484740735
0.071950142,-0.422282295,1.004993684,0.071234727,0.062579808,-0.972421888,0.213084615,-0.085965988,0.094559928,0.816833541,0.222364754,-0.165641257,0.011138635,0.046724630,-0.180069784,-0.392513014,0.087488900,0.016490607,-0.029820203,-0.161374350,-0.143836323,0.001150878,0.730729940,-0.788944736,0.287216812,-0.419387147,0.689918315,-0.259099455,-0.338934350,0.461031705,-0.858811663,-0.352654219,0.740177239,0.794647412,0.477036125,-0.591367753,-0.484689575
0.071888336,-0.420310419,1.001036809,0.066846884,0.064599436,-0.975431285,0.199730356,-0.051098650,0.091284757,0.856778278,0.201464368,-0.162834975,0.007424663,0.075125278,-0.176650512,-0.385257578,0.071262775,0.016300480,-0.025541353,-0.148669835,-0.159748818,0.010397187,0.723464331,-0.727044730,0.253218652,-0.383104776,0.664922381,-0.291422634,-0.335467155,0.470207041,-0.812901702,-0.302716028,0.746562966,0.742437610,0.477329431,-0.591137572,-0.484637622
0.071664290,-0.418418945,0.997197776,0.062472959,0.067057081,-0.977399586,0.190500725,-0.025791554,0.089509294,0.883413976,0.190366536,-0.167809494,0.007127246,0.091919566,-0.175753044,-0.396855847,0.072424817,0.008446141,-0.026213131,-0.126333155,-0.168471324,0.026688709,0.733928750,-0.646895420,0.225190273,-0.352474025,0.628935153,-0.311281485,-0.334188874,0.474048609,-0.756505913,-0.260327162,0.748235944,0.713455168,0.477721737,-0.590893366,-0.484584924
0.072949901,-0.418066973,0.994160475,0.059031379,0.070940848,-0.979871703,0.177014515,-0.019575864,0.091539333,0.882586245,0.194480326,-0.178360115,0.013919165,0.111993731,-0.170106175,-0.394908427,0.059338588,0.002994984,-0.024288140,-0.107448628,-0.171808730,0.037430672,0.727778288,-0.556964124,0.195336603,-0.334767666,0.570505909,-0.325235494,-0.333297096,0.476741460,-0.695479418,-0.222859998,0.750249717,0.661585654,0.478207607,-0.590646102,-0.484532425
0.075373336,-0.416500807,0.991296545,0.056345260,0.073587922,-0.983927300,0.152633869,-0.028787341,0.092788098,0.872725899,0.202273562,-0.191883062,0.032025416,0.099583774,-0.169164668,-0.429780045,0.073268891,-0.009436090,-0.022531126,-0.105221379,-0.169729339,0.058597128,0.704561178,-0.474951382,0.164987476,-0.331169507,0.526816750,-0.335080413,-0.332679887,0.478633951,-0.635694002,-0.190306408,0.759162147,0.614667752,0.478766254,-0.590403777,-0.484479116
0.078197432,-0.413987759,0.988692052,0.052191539,0.077257061,-0.986855712,0.131996944,-0.027011927,0.093280931,0.880849837,0.204239072,-0.203072997,0.042339913,0.106007001,-0.163557276,-0.430615323,0.058141353,0.000954605,-0.006227556,-0.085114328,-0.165476366,0.086845175,0.681765540,-0.384951382,0.167089961,-0.348802289,0.556182985,-0.342059534,-0.332260654,0.479960313,-0.545694002,-0.189985106,0.798606296,0.604571851,0.479409572,-0.590170399,-0.484412799
0.080093770,-0.410608669,0.987647138,0.048802541,0.080876469,-0.988536551,0.117782830,-0.032414846,0.093187234,0.892974751,0.204312836,-0.212611033,0.048932970,0.101046030,-0.156441080,-0.436035135,0.053290833,-0.008625366,0.000515550,-0.066725713,-0.161474429,0.107266214,0.621460598,-0.294951382,0.119682473,-0.396137373,0.597481028,-0.347035320,-0.331981633,0.480889890,-0.455694002,-0.151337778,0.861829172,0.614472262,0.480124829,-0.589954064,-0.484335265
0.085147564,-0.401929761,0.987368939,0.044268084,0.079748251,-0.990563460,0.102296551,-0.032923658,0.090420290,0.893238847,0.207668214,-0.214531101,0.062881961,0.099276275,-0.151426452,-0.415144817,0.038706800,0.013075467,0.017559949,-0.071805326,-0.152962669,0.125589254,0.591516411,-0.204951382,0.134934714,-0.466804991,0.687481028,-0.350546530,-0.331797620,0.481520145,-0.365694002,-0.183592686,0.921252601,0.658807839,0.480935213,-0.589737982,-0.484232226
0.090787259,-0.392069111,0.984649466,0.021739363,0.079396256,-0.994399775,0.066277619,-0.031952185,0.087677858,0.900900379,0.205152906,-0.215970840,0.066594770,0.096273345,-0.146466807,-0.422690752,0.019979066,0.027858204,0.025680230,-0.065683667,-0.149871146,0.128341479,0.533741209,-0.114951382,0.159164967,-0.556804991,0.777481028,-0.352943255,-0.331670655,0.481925047,-0.275694002,-0.199058499,0.930331046,0.748807839,0.481816435,-0.589516877,-0.484107962
0.090900635,-0.384098856,0.984445684,0.030438540,0.080791190,-0.995133304,0.047497216,-0.044067089,0.082701101,0.894919039,0.202782216,-0.217608145,0.066834555,0.063426278,-0.151023372,-0.437542026,0.052038756,0.014550910,0.024188073,-0.052828705,-0.142010122,0.124581257,0.474624338,-0.024951382,0.142658692,-0.642150381,0.867481028,-0.354420651,-0.331556678,0.482157918,-0.185694002,-0.226762979,1.020331046,0.838807839,0.482671732,-0.589270339,-0.483975721
0.089670280,-0.373592394,0.982186885,0.018950420,0.078728862,-0.996627492,0.013277441,-0.061000266,0.081690655,0.881755441,0.206072072,-0.217647545,0.062797215,0.046199475,-0.151303856,-0.449330128,0.056740194,0.008103539,0.021979057,-0.025201816,-0.129720964,0.135558589,0.429578169,0.034119864,0.127360230,-0.552150381,0.957481028,-0.454420651,-0.327929704,0.482262129,-0.095694002,-0.273112695,1.110330617,0.928807839,0.444513616,-0.588976854,-0.483842383
0.086579424,-0.361868386,0.981379853,0.030320255,0.078800403,-0.996312599,0.015244151,-0.080522175,0.085887970,0.873044637,0.213197837,-0.226158852,0.053885938,0.040028724,-0.151126766,-0.453459164,0.045482290,0.000015465,0.026237478,0.014375887,-0.116600699,0.151692068,0.398276957,0.011643783,0.136714568,-0.462150381,1.047481028,-0.554420651,-0.323576525,0.482260838,-0.094935045,-0.183115564,1.020330617,1.018807839,0.544513616,-0.588625467,-0.483700587
0.087114017,-0.351453900,0.980552745,0.035789172,0.078927435,-0.996188823,0.009870316,-0.113990410,0.094375463,0.844847094,0.230963383,-0.231796196,0.053325593,0.006277726,-0.156983802,-0.471817139,0.057336033,-0.004224479,0.018057401,0.011140229,-0.106422286,0.154308138,0.365348870,0.101643783,0.175084168,-0.552148937,1.137481028,-0.575725037,-0.320443222,0.482183998,-0.096502010,-0.158528817,0.930330617,1.108807839,0.644513616,-0.585336927,-0.483551975
0.090175715,-0.344948235,0.984376704,0.038468825,0.079084835,-0.996117295,0.004009183,-0.130962195,0.101896149,0.839509720,0.236785036,-0.239454985,0.043689889,-0.017736177,-0.166709178,-0.484023880,0.063602976,0.004326038,0.017747378,0.016222005,-0.097005128,0.160308500,0.362811828,0.191643783,0.142671242,-0.468930500,1.227481028,-0.485048563,-0.318167651,0.482050420,-0.098791254,-0.139981418,0.840330617,1.198807839,0.744513616,-0.579949107,-0.483399309
0.092987694,-0.344484907,0.984193960,0.026295078,0.079789828,-0.996140854,-0.025407715,-0.133560339,0.106505431,0.845833218,0.232540889,-0.245877823,0.038533751,-0.035604854,-0.178399502,-0.499369854,0.080527021,0.008019238,0.012507009,0.015559221,-0.094344880,0.195620833,0.377793757,0.207704214,0.115642060,-0.378930500,1.317481028,-0.385048563,-0.316497127,0.481876694,0.021208746,-0.160875057,0.893556678,1.318807839,0.884513616,-0.576047574,-0.483243961
0.094115725,-0.342505393,0.986159864,0.022601219,0.079891018,-0.995372737,-0.048370699,-0.131044086,0.110889949,0.853068315,0.227288929,-0.250556636,0.035964444,-0.050081602,-0.189967559,-0.511786715,0.099832619,0.009216258,0.005020755,0.001801790,-0.096338943,0.238545343,0.405155987,0.157949377,0.095384350,-0.288930500,1.402244706,-0.312321424,-0.315254016,0.481674706,0.111201667,-0.125700694,0.870529918,1.408799773,0.878923286,-0.573177379,-0.483069347
0.094548888,-0.338881732,0.986073774,0.030312088,0.080467609,-0.995015819,-0.050494175,-0.123129267,0.111879209,0.862500309,0.218151514,-0.254310276,0.036564805,-0.059455124,-0.200068532,-0.523675633,0.118478428,0.008057128,0.000689883,-0.000099566,-0.098513052,0.238815208,0.425438833,0.156532344,0.094912601,-0.198930506,1.337922182,-0.237558558,-0.314208445,0.481389305,0.085091084,-0.097063517,0.838237167,1.498799138,0.858942325,-0.571050067,-0.482904648
0.095429645,-0.340666756,0.994779439,0.052190255,0.079560233,-0.994547515,-0.042680044,-0.120806696,0.116718502,0.866475287,0.218441567,-0.255853271,0.035772929,-0.065757911,-0.209382168,-0.528462138,0.130806530,0.004647658,-0.001353263,0.000053398,-0.100419627,0.240721364,0.437287524,0.155960651,0.090210204,-0.108930506,1.275748567,-0.155144299,-0.313407025,0.481105393,0.058534317,-0.082874394,0.808806201,1.550624675,0.840114230,-0.569449494,-0.482750209
0.097891189,-0.341792702,0.989728238,0.054296832,0.078813392,-0.993492187,-0.061754178,-0.120217677,0.119922553,0.858263225,0.219989001,-0.253390245,0.037070791,-0.062489606,-0.214815012,-0.521119444,0.133047236,0.001308351,-0.005771197,0.011037484,-0.102847472,0.240196395,0.441029997,0.141116560,0.081928638,-0.034966434,1.283759666,-0.070039683,-0.312781896,0.480823806,0.057588623,-0.087067211,0.778695629,1.553169849,0.826338041,-0.568222489,-0.482610218
0.098153013,-0.339977934,0.988623405,0.067129723,0.078451118,-0.993190594,-0.053958008,-0.123470167,0.122452409,0.847649170,0.225095023,-0.254408362,0.044950675,-0.071098494,-0.218905390,-0.514809417,0.146891304,-0.005537093,-0.011728303,0.012525085,-0.103787947,0.234525533,0.445093467,0.132868267,0.076865812,0.013721758,1.294594733,-0.006234751,-0.312287983,0.480549383,0.058027045,-0.094612720,0.748561533,1.553543418,0.816081301,-0.567266249,-0.482485187
0.102831024,-0.342512221,0.979447772,0.059670841,0.083600086,-0.993559127,-0.047861022,-0.125466817,0.125350183,0.838758250,0.231486232,-0.254351379,0.048113920,-0.066370821,-0.218623453,-0.516046174,0.144479258,-0.006121192,-0.011249805,0.019247603,-0.101657528,0.226124779,0.455797636,0.128605403,0.081945874,0.036583108,1.302184169,0.037977367,-0.311893634,0.480284084,0.057079527,-0.097140053,0.718215187,1.552414531,0.808296903,-0.566504980,-0.482369304
0.107339518,-0.338513077,0.985033268,0.067035405,0.085685445,-0.993952974,-0.014891101,-0.122348246,0.127518635,0.836181746,0.234616221,-0.257004373,0.045807967,-0.064635114,-0.222660466,-0.514836786,0.153193694,-0.012000873,-0.009117997,0.027319242,-0.097953041,0.227910104,0.464129299,0.130336102,0.089950899,0.049834547,1.314420275,0.068417748,-0.311571052,0.480029660,0.055305318,-0.106380177,0.686595189,1.550131290,0.802240685,-0.565881388,-0.482259395
0.107916848,-0.329230116,0.985447083,0.072873909,0.085754882,-0.993584379,0.011206048,-0.117818232,0.129232654,0.838198984,0.232439276,-0.256995186,0.034813007,-0.054293198,-0.223671967,-0.518283926,0.152100616,-0.016240971,-0.005746862,0.034092121,-0.095192929,0.228554087,0.470351377,0.141603740,0.089207789,0.049193943,1.310621698,0.089158205,-0.311303171,0.479778874,0.053603303,-0.108324150,0.653496409,1.546412045,0.797400735,-0.565358276,-0.482149712
0.100402603,-0.314538755,0.984190118,0.081015645,0.085045107,-0.992839268,0.021771155,-0.118253724,0.132867137,0.840485725,0.232773143,-0.255006774,0.028142060,-0.043200437,-0.224467867,-0.525401663,0.151607683,-0.022823755,-0.002613985,0.039782341,-0.092573715,0.237725263,0.482621014,0.142719430,0.096807781,0.040359891,1.317202683,0.103053290,-0.311078463,0.479526345,0.050568494,-0.115804069,0.619005224,1.541547300,0.793450425,-0.564908620,-0.482033502
0.092614072,-0.301291684,0.980417870,0.076813315,0.084096149,-0.993361542,0.016136884,-0.133830912,0.134270873,0.825810516,0.236417269,-0.248938302,0.029173235,-0.028352358,-0.214061118,-0.523687309,0.120507354,-0.018692679,0.003421999,0.045785841,-0.088311162,0.253324614,0.477042909,0.135857962,0.100273508,0.028521464,1.340974239,0.112149641,-0.310883980,0.479269156,0.045704031,-0.118300900,0.585827662,1.541763876,0.790130065,-0.564508543,-0.481911259
0.090937834,-0.297717952,0.982192659,0.052536500,0.085194444,-0.994971538,0.003669043,-0.139977698,0.133016107,0.827306503,0.234174166,-0.246161292,0.033440208,-0.021531346,-0.208428006,-0.533034868,0.115544079,-0.019664485,0.007823365,0.057098891,-0.087519593,0.265776357,0.498598450,0.146191790,0.089887651,0.009976122,1.345049813,0.117889991,-0.310711480,0.479006256,0.031959592,-0.104584777,0.556512625,1.540859941,0.787248207,-0.564146525,-0.481784578
0.085073560,-0.295652708,0.980396069,0.053329992,0.084371568,-0.994979654,-0.007268959,-0.144143230,0.134118179,0.817130771,0.241518480,-0.245679463,0.046023629,-0.010533790,-0.206689040,-0.543426633,0.111891296,-0.017550060,0.014267464,0.064906243,-0.089988128,0.260436925,0.518417277,0.156663714,0.091470719,-0.003427552,1.364598318,0.121313466,-0.310550300,0.478739805,0.028279768,-0.097216804,0.532466419,1.541350446,0.784686630,-0.563809176,-0.481651575
0.080192329,-0.294206276,0.980516018,0.051614685,0.086425561,-0.994858381,-0.011106222,-0.138189095,0.136491185,0.817855152,0.246082081,-0.243376457,0.052842759,-0.002752968,-0.211698664,-0.556022488,0.116806053,-0.010983357,0.019502662,0.070626724,-0.094332312,0.259583708,0.553959778,0.176652758,0.088397865,-0.002572918,1.389936225,0.123138594,-0.310397071,0.478474347,0.039561809,-0.090308804,0.516769894,1.543682152,0.779123669,-0.563491870,-0.481515750
0.075691476,-0.301990304,0.984433173,0.062908706,0.089657153,-0.993970894,0.005094298,-0.131134880,0.137261585,0.817368098,0.249790903,-0.245814162,0.060730208,0.002306322,-0.220870203,-0.564341924,0.137090069,-0.013845838,0.018464996,0.077487323,-0.097864373,0.256277492,0.576791240,0.197334618,0.085586585,0.025829923,1.417050905,0.113027444,-0.310246762,0.478209270,0.059731478,-0.087936931,0.508943263,1.546694724,0.769869782,-0.563188705,-0.481378145
0.076429274,-0.313074715,0.980363313,0.033153849,0.088856743,-0.995453184,-0.008846498,-0.126980259,0.137963349,0.805099898,0.257946243,-0.249674383,0.064354888,0.005065519,-0.228154550,-0.556169895,0.155222772,-0.017541210,0.017135260,0.077340354,-0.100473783,0.264392944,0.585753730,0.211214546,0.080256441,0.071549567,1.414676058,0.090058994,-0.310098637,0.477942138,0.079953432,-0.086154988,0.505375127,1.546560714,0.759367931,-0.562897249,-0.481237031
0.068930677,-0.319932662,0.980823323,0.050355056,0.086336152,-0.994988681,-0.002821585,-0.122266303,0.135961845,0.782242146,0.269042517,-0.254878752,0.069021212,0.014318865,-0.234162784,-0.530000954,0.180389373,-0.027139478,0.015676033,0.086178883,-0.104382442,0.277019749,0.591432123,0.220306484,0.076218535,0.118991066,1.413470933,0.062340264,-0.309951638,0.477668104,0.098438024,-0.088820687,0.501223619,1.547913378,0.751559188,-0.562613432,-0.481091243
0.066822420,-0.323306588,0.980727062,0.062350487,0.081983167,-0.994680984,0.000957813,-0.124718916,0.138558426,0.749595886,0.287270149,-0.259959498,0.074843926,0.006334741,-0.247075535,-0.483231796,0.233320111,-0.042883454,0.011781485,0.086617833,-0.106777505,0.292853597,0.605517062,0.218563997,0.074774046,0.141603473,1.410669522,0.044626445,-0.309806569,0.477388267,0.112996088,-0.099291292,0.496517544,1.548750712,0.745651481,-0.562335726,-0.480943599
0.065626807,-0.329775369,0.979951357,0.114619035,0.078064901,-0.989815505,0.032149878,-0.121924173,0.144775476,0.737046252,0.301294150,-0.264945475,0.074545067,-0.004485814,-0.265983576,-0.424007221,0.292907795,-0.057640062,0.015020506,0.089081183,-0.107234087,0.329450666,0.616223329,0.216279690,0.074801245,0.136730101,1.394622914,0.046070933,-0.309663550,0.477098603,0.127150382,-0.112535381,0.491620597,1.549661826,0.741091349,-0.562060810,-0.480795194
0.066638053,-0.346520998,0.974813829,0.134507060,0.072182051,-0.986614405,0.057355193,-0.107512442,0.145395899,0.746018501,0.302773064,-0.268710653,0.076186401,-0.008582533,-0.286023256,-0.337562678,0.362941099,-0.077961327,0.016112134,0.094290293,-0.114162785,0.356647431,0.599585876,0.208427284,0.075710237,0.112767704,1.362151989,0.077188144,-0.309517040,0.476790155,0.148389316,-0.139142143,0.485869614,1.552765298,0.737490703,-0.561782152,-0.480648386
0.058519828,-0.366939066,0.969299052,0.139393478,0.067143471,-0.980899338,0.117888515,-0.106465281,0.140528780,0.713487560,0.319014132,-0.288307871,0.085051197,-0.046019107,-0.302647063,-0.208615864,0.528262988,-0.113964677,0.009008809,0.080812889,-0.120634520,0.365209854,0.576421531,0.205918680,0.070653166,0.099549349,1.272151989,0.109635542,-0.309360068,0.476457304,0.178028209,-0.168540689,0.477477539,1.552385946,0.734560993,-0.561499233,-0.480506564
0.048790274,-0.369373604,0.966827873,0.114673342,0.069845925,-0.975047070,0.176790221,-0.111643989,0.134478412,0.671552276,0.324453947,-0.285485051,0.070226152,-0.030068427,-0.295794067,-0.166729862,0.557308117,-0.117160227,-0.001233105,0.053750809,-0.122153653,0.425479195,0.549247235,0.200734853,0.066154277,0.085825836,1.182151989,0.121160576,-0.309193719,0.476104332,0.185459695,-0.175304863,0.465893199,1.549047020,0.732116390,-0.561212928,-0.480366957
0.041929862,-0.366550021,0.969796618,0.098630113,0.071318311,-0.970111084,0.209929236,-0.112134408,0.123101402,0.640319312,0.301207997,-0.262131116,0.053243940,-0.041373707,-0.261515264,-0.167779327,0.524543424,-0.113912084,-0.014360664,0.017675147,-0.121810732,0.506969534,0.513351229,0.183905112,0.065170609,0.073408065,1.124844465,0.093599783,-0.309032730,0.475750549,0.176145903,-0.163418878,0.450946465,1.545614111,0.730030295,-0.560931386,-0.480224980
0.032872157,-0.369580662,0.975570670,0.097134186,0.077780082,-0.958502141,0.256493379,-0.121521556,0.119984652,0.623772847,0.290258854,-0.244625599,0.033807421,-0.051792689,-0.246320624,-0.193481770,0.436115938,-0.103940961,-0.013869759,-0.007032816,-0.117414842,0.579081117,0.454433631,0.165279194,0.067128499,0.052716072,1.045296519,0.070942642,-0.308882554,0.475400488,0.166679158,-0.156601791,0.433242332,1.541939217,0.728225793,-0.560651898,-0.480077346
0.026937980,-0.363746217,0.976864271,0.083032441,0.083505678,-0.943548811,0.309593374,-0.149723117,0.135045718,0.615300562,0.305272580,-0.230096578,0.014871170,0.008628488,-0.253744146,-0.259751402,0.304184068,-0.096200563,-0.004809080,-0.015374300,-0.113951447,0.629359884,0.392646771,0.146311682,0.069587778,0.020379210,0.964648274,0.127175845,-0.308748921,0.475049906,0.163019101,-0.160557390,0.414372251,1.541242404,0.726634162,-0.560365905,-0.479927272
0.015414405,-0.356784555,0.982423689,0.098037140,0.094855635,-0.919332310,0.369078896,-0.190793545,0.156239829,0.608493140,0.329863221,-0.210686923,0.010904996,0.076527075,-0.260562547,-0.302193717,0.215624063,-0.095589989,0.013097683,-0.003620538,-0.114985511,0.627595209,0.332711166,0.120201565,0.069742720,-0.025575833,0.937067833,0.227175845,-0.308638409,0.474697996,0.143180576,-0.151515499,0.399439074,1.536025007,0.725222189,-0.560068468,-0.479775087
-0.003186758,-0.341103766,0.981624028,0.090480757,0.091980139,-0.901445038,0.413218744,-0.251410808,0.175023460,0.564096509,0.361842368,-0.203338074,0.026407822,0.118199478,-0.266160352,-0.306056702,0.192844812,-0.112655556,0.028718160,0.004726274,-0.110900839,0.651401662,0.285212948,0.095873288,-0.000027614,-0.115575833,0.847067833,0.127175845,-0.308554572,0.474346243,0.122503458,-0.137664449,0.396394206,1.512128761,0.723991975,-0.559763095,-0.479615032
-0.026908913,-0.320696332,0.989122728,0.094829059,0.100236077,-0.868554676,0.475996799,-0.324689896,0.173047731,0.481141170,0.401062125,-0.205669873,0.061075509,0.128632292,-0.254075273,-0.280700728,0.202233363,-0.142987448,0.028337230,0.008026493,-0.103240927,0.695374579,0.258764264,0.131632710,0.015433244,-0.205575814,0.762993891,0.027175845,-0.308495098,0.474002526,0.112145167,-0.129986972,0.444667102,1.422651359,0.722963967,-0.559454449,-0.479433443
-0.054532060,-0.304151863,0.986423655,0.082446377,0.088301310,-0.842385962,0.525158419,-0.390277095,0.146386648,0.396300255,0.444410121,-0.217145327,0.099974398,0.100817430,-0.228058296,-0.233795919,0.255145366,-0.178511586,0.033575637,-0.008628397,-0.090306792,0.735918166,0.236461046,0.150457453,0.030636939,-0.295575814,0.720840186,-0.072824155,-0.308450362,0.473665525,0.108503329,-0.135545382,0.534667102,1.332651359,0.719189600,-0.559147818,-0.479206398
-0.087150497,-0.308220905,0.985050483,0.057745721,0.071331266,-0.789797056,0.606463430,-0.436511518,0.104144136,0.338359871,0.480567315,-0.225799816,0.122209909,0.031482914,-0.190806755,-0.171798212,0.335623549,-0.211000776,0.036295009,-0.045996931,-0.072586897,0.760043753,0.226833265,0.155530376,0.066386644,-0.385575814,0.702290883,-0.172824155,-0.308407419,0.473325008,0.117851731,-0.185376868,0.624667102,1.242651359,0.716539832,-0.558846138,-0.478926089
-0.088862965,-0.342260015,0.990547848,0.071512110,0.063754939,-0.734995886,0.671269226,-0.436412244,0.069526698,0.315331459,0.498513714,-0.235335411,0.129951793,-0.032183382,-0.160395853,-0.141134680,0.412869749,-0.227686265,0.041598073,-0.080268818,-0.062473399,0.729675923,0.226363663,0.164026456,0.115484424,-0.475575814,0.668172822,-0.243245094,-0.308362079,0.472970183,0.129508500,-0.262388739,0.710449628,1.152651359,0.714701756,-0.558555284,-0.478595668
-0.054394169,-0.356691467,0.988320123,0.072509272,0.048802230,-0.714675868,0.693973452,-0.430945999,0.049627550,0.321900612,0.500503380,-0.238274437,0.142875533,-0.055363144,-0.147620689,-0.130650429,0.464822698,-0.235519948,0.054634090,-0.094152283,-0.056667373,0.667329090,0.218659894,0.183829393,0.178005196,-0.562171757,0.608173983,-0.337565949,-0.308312941,0.472589966,0.128311937,-0.335807195,0.730861701,1.062651359,0.713439693,-0.558276863,-0.478220564
-0.017149083,-0.354980403,0.984890750,0.069857874,0.036054604,-0.707583681,0.702243033,-0.448144922,0.041019116,0.309444752,0.542351902,-0.254913466,0.156555198,-0.073637216,-0.143679713,-0.124070698,0.516710004,-0.240083656,0.059463024,-0.098828319,-0.054727574,0.598124121,0.200411726,0.206349480,0.235293369,-0.553108878,0.591275397,-0.437565949,-0.308263852,0.472178945,0.150019126,-0.402145017,0.698322780,0.972651359,0.712580728,-0.558011014,-0.477803882
0.007827291,-0.353649251,0.979645802,0.070436064,0.028301927,-0.699366469,0.710720975,-0.464060348,0.036367442,0.299734901,0.576153192,-0.269667752,0.169016632,-0.103561666,-0.141763312,-0.115393156,0.579042124,-0.240352159,0.059213840,-0.098689847,-0.055068259,0.532479758,0.182165479,0.238079762,0.271856406,-0.474092116,0.631677775,-0.514538681,-0.308217003,0.471736568,0.186096982,-0.444399958,0.633517168,0.882651359,0.711977131,-0.557757350,-0.477355612
0.018160164,-0.356714403,0.972243388,0.066839090,0.017588213,-0.687694348,0.722703034,-0.472952543,0.034676109,0.287035225,0.613749228,-0.290706435,0.178689077,-0.146700749,-0.142111528,-0.103372565,0.659116216,-0.240354118,0.051714189,-0.108649579,-0.056771544,0.478107202,0.169985278,0.282559724,0.278591011,-0.402103883,0.720945436,-0.567625012,-0.308173416,0.471272788,0.233308699,-0.468584540,0.561382295,0.828410207,0.711536741,-0.557511694,-0.476878843
0.022146809,-0.367141202,0.963556168,0.060553687,0.011024169,-0.677916245,0.732558041,-0.478043363,0.035414086,0.278407805,0.633350786,-0.298944894,0.175582325,-0.162286360,-0.140725412,-0.097197469,0.698065446,-0.245436742,0.041709259,-0.110228594,-0.057384469,0.435127994,0.167494022,0.319955391,0.277805348,-0.312103883,0.810945436,-0.603831281,-0.308133603,0.470803368,0.239467531,-0.456958910,0.496729685,0.918410207,0.711191954,-0.557268070,-0.476381528
0.025476153,-0.379929554,0.955246406,0.055114068,0.006620833,-0.672608445,0.737913602,-0.479911742,0.037711908,0.273734246,0.644145923,-0.303571997,0.169839406,-0.179614416,-0.140649966,-0.093522297,0.728991065,-0.250094623,0.032531996,-0.112183717,-0.057810862,0.401684112,0.166311753,0.321552092,0.283252495,-0.222103883,0.900945436,-0.628128412,-0.308099227,0.470344257,0.232558842,-0.447068727,0.448594390,1.008410207,0.710905529,-0.557022984,-0.475868899
0.027635789,-0.388832397,0.949355546,0.050589563,0.002106113,-0.671065653,0.739666919,-0.469165704,0.038115352,0.278314981,0.624800839,-0.302502387,0.161673571,-0.197141229,-0.141517566,-0.091367289,0.757078149,-0.250439270,0.027449384,-0.107829036,-0.054970476,0.365099231,0.170946948,0.321227221,0.280305461,-0.132103883,0.990945436,-0.644041161,-0.308070475,0.469899996,0.219319061,-0.433045726,0.409885728,1.098410207,0.710639496,-0.556776168,-0.475346015
0.028976169,-0.387083850,0.952710330,0.043650010,-0.005068013,-0.672808902,0.738510104,-0.437432673,0.034792602,0.295845002,0.573541571,-0.292224775,0.151392386,-0.199556180,-0.140681976,-0.097772738,0.752974791,-0.241565109,0.025472098,-0.089543400,-0.052548227,0.325917052,0.183635717,0.320088459,0.260151992,-0.042103883,1.080945436,-0.654139704,-0.308052310,0.469467285,0.236846881,-0.424560286,0.365181490,1.008410207,0.710380488,-0.556537453,-0.474816384
0.030095971,-0.385192012,0.953434313,0.045213530,-0.007253419,-0.670098656,0.740858229,-0.417306793,0.031526544,0.313362815,0.533589925,-0.289056214,0.141000614,-0.229678650,-0.140033799,-0.097703793,0.785303639,-0.234988096,0.018543173,-0.082283006,-0.049959488,0.304899461,0.186637853,0.306689286,0.261974546,0.044355781,0.990945436,-0.660285662,-0.308053293,0.469048095,0.262739085,-0.416320609,0.314330233,0.960354347,0.710095099,-0.556312915,-0.474289424
0.031683958,-0.382666352,0.954180164,0.041453599,-0.013718588,-0.668801405,0.742157720,-0.398199295,0.028099738,0.331218028,0.498552775,-0.277653553,0.130973086,-0.223607218,-0.139323444,-0.103111648,0.792697371,-0.230951422,0.016941096,-0.070664479,-0.050580715,0.271488172,0.195175233,0.304741609,0.250031800,0.077454158,0.900945436,-0.663760440,-0.308075019,0.468636938,0.261429555,-0.398295229,0.281280808,0.878316901,0.709762079,-0.556111069,-0.473775555
0.030603211,-0.376369927,0.955953298,0.037279110,-0.017249014,-0.664899256,0.745802735,-0.388704754,0.025673190,0.348345970,0.473582413,-0.261557778,0.122919516,-0.209078829,-0.136820767,-0.110300266,0.780200566,-0.230697830,0.012077196,-0.066616746,-0.050995245,0.247229459,0.204934074,0.297561012,0.236497652,0.084903098,0.810945436,-0.665416758,-0.308116824,0.468232250,0.232566029,-0.372407413,0.265819702,0.937722026,0.709359972,-0.555934953,-0.473283026
