0.003237526,-0.281545128,0.661087725,0.787211683,0.002678079,-0.061015008,-0.613651173,-1.387960165,0.186795910,0.106747559,1.309548964,-0.177241204,0.053540933,-1.397699547,-0.218169587,-0.049995820,1.311079361,-0.061811310,-0.061815679,-0.168670630,0.523599000,0.000000000,0.000000000,0.000000000,0.000000000,0.000000000,0.000000000,0.000000000,0.000000000,0.000000000,0.000000000,0.000000000,0.000000000,0.000000000,0.000000000,0.000000000,0.000000000
0.000513097,-0.283408480,0.658213996,0.758109642,0.011978489,-0.051079008,-0.650013247,-1.385050046,0.180119624,0.094018142,1.280118939,-0.229950762,0.109279625,-1.408719441,-0.218645463,-0.046886893,1.329773989,-0.057704803,-0.046594921,-0.087688577,0.523599000,0.000000000,0.000000000,0.000000000,0.000000000,0.000000000,0.000000000,0.000000000,0.000000000,0.000000000,0.000000000,0.000000000,0.000000000,0.000000000,0.000000000,0.000000000,0.000000000
-0.000201460,-0.283747465,0.658309672,0.749575530,0.014730501,-0.046780655,-0.660099317,-1.401298619,0.186098113,0.100717767,1.294515338,-0.251291825,0.099362525,-1.410922534,-0.225468820,-0.046700009,1.323635392,-0.076199750,-0.050001604,-0.057911361,0.523599000,0.000000000,0.000000000,0.000000000,0.000000000,0.000000000,0.000000000,0.000000000,0.000000000,0.000000000,0.000000000,0.000000000,0.000000000,0.000000000,0.000000000,0.000000000,0.000000000
-0.000422512,-0.283673980,0.658211375,0.746268834,0.015900029,-0.047897507,-0.663728744,-1.402941815,0.187761331,0.102702489,1.296805369,-0.266743267,0.096862085,-1.409561852,-0.228786084,-0.045221744,1.321107343,-0.088322634,-0.055178870,-0.046177825,0.523599000,0.000000000,0.000000000,0.000000000,0.000000000,0.000000000,0.000000000,0.000000000,0.000000000,0.000000000,0.000000000,0.000000000,0.000000000,0.000000000,0.000000000,0.000000000,0.000000000
-0.000426915,-0.283614158,0.658239673,0.744986815,0.015860946,-0.048279903,-0.665140682,-1.399666089,0.187409111,0.103137619,1.295991647,-0.275900800,0.097705132,-1.406340945,-0.229795097,-0.044283196,1.317683274,-0.095536521,-0.063680567,-0.043745283,0.523599000,0.000000000,0.000000000,0.000000000,0.000000000,0.000000000,0.000000000,0.000000000,0.000000000,0.000000000,0.000000000,0.000000000,0.000000000,0.000000000,0.000000000,0.000000000,0.000000000
-0.000376451,-0.283595688,0.658258363,0.744465437,0.015265711,-0.049164225,-0.665673381,-1.397693198,0.186601268,0.103156223,1.297301234,-0.280639749,0.098238694,-1.404855803,-0.229580548,-0.042664481,1.319347100,-0.100091935,-0.073718396,-0.043262231,0.523599000,0.000000000,0.000000000,0.000000000,0.000000000,0.000000000,0.000000000,0.000000000,0.000000000,0.000000000,0.000000000,0.000000000,0.000000000,0.000000000,0.000000000,0.000000000,0.000000000
-0.000307056,-0.283659469,0.658316212,0.744278099,0.015457368,-0.049061224,-0.665886009,-1.396242210,0.185981025,0.103132738,1.297197377,-0.283072883,0.098010720,-1.404689849,-0.229579431,-0.042202427,1.319307089,-0.102159959,-0.079924031,-0.043771549,0.523599000,0.000000000,0.000000000,0.000000000,0.000000000,0.000000000,0.000000000,0.000000000,0.000000000,0.000000000,0.000000000,0.000000000,0.000000000,0.000000000,0.000000000,0.000000000,0.000000000
-0.000224492,-0.283757327,0.658319809,0.744208289,0.015459112,-0.048644940,-0.665994526,-1.397200052,0.185293276,0.102753685,1.299315438,-0.284765626,0.098294344,-1.407545202,-0.229414244,-0.041340486,1.322672877,-0.102653770,-0.085858976,-0.044879798,0.523599000,0.000000000,0.000000000,0.000000000,0.000000000,0.000000000,0.000000000,0.000000000,0.000000000,0.000000000,0.000000000,0.000000000,0.000000000,0.000000000,0.000000000,0.000000000,0.000000000
-0.000139426,-0.283738526,0.658316602,0.744134254,0.014170433,-0.048960771,-0.666082768,-1.395267090,0.184365295,0.102314329,1.301195841,-0.286149145,0.099413108,-1.407405048,-0.229363434,-0.040747172,1.325119425,-0.102538638,-0.089816720,-0.045252937,0.523599000,0.000000000,0.000000000,0.000000000,0.000000000,0.000000000,0.000000000,0.000000000,0.000000000,0.000000000,0.000000000,0.000000000,0.000000000,0.000000000,0.000000000,0.000000000,0.000000000
-0.000058402,-0.283848083,0.658331030,0.744186699,0.014522681,-0.048151945,-0.666075551,-1.396406889,0.183883657,0.102186340,1.302805093,-0.287120952,0.099409244,-1.410645371,-0.229111826,-0.040159217,1.327947723,-0.101778708,-0.092590839,-0.045322875,0.523599000,0.000000000,0.000000000,0.000000000,0.000000000,0.000000000,0.000000000,0.000000000,0.000000000,0.000000000,0.000000000,0.000000000,0.000000000,0.000000000,0.000000000,0.000000000,0.000000000
0.000025233,-0.283899563,0.658313052,0.744205696,0.014306006,-0.047772132,-0.666086363,-1.396469857,0.183268892,0.102010552,1.304794222,-0.288373639,0.100635098,-1.412769422,-0.228944635,-0.039658766,1.330891508,-0.100917439,-0.094408081,-0.045707120,0.523599000,0.000000000,0.000000000,0.000000000,0.000000000,0.000000000,0.000000000,0.000000000,0.000000000,0.000000000,0.000000000,0.000000000,0.000000000,0.000000000,0.000000000,0.000000000,0.000000000
0.000105013,-0.283952536,0.658314157,0.744263557,0.014213587,-0.047258380,-0.666060340,-1.396177266,0.182759901,0.102065983,1.306041844,-0.289654301,0.101432657,-1.414233963,-0.228721628,-0.039256668,1.332901379,-0.100084486,-0.095453835,-0.045605645,0.523599000,0.000000000,0.000000000,0.000000000,0.000000000,0.000000000,0.000000000,0.000000000,0.000000000,0.000000000,0.000000000,0.000000000,0.000000000,0.000000000,0.000000000,0.000000000,0.000000000
0.000176639,-0.283962439,0.658315203,0.744305692,0.013879527,-0.047218188,-0.666023151,-1.394895656,0.182227010,0.102147537,1.307094857,-0.290407180,0.102439194,-1.414637370,-0.228493047,-0.038843436,1.334402606,-0.099098345,-0.096069734,-0.045631393,0.523599000,0.000000000,0.000000000,0.000000000,0.000000000,0.000000000,0.000000000,0.000000000,0.000000000,0.000000000,0.000000000,0.000000000,0.000000000,0.000000000,0.000000000,0.000000000,0.000000000
0.000246574,-0.284021702,0.658332685,0.744431652,0.014061979,-0.046587906,-0.665922926,-1.394499141,0.181875169,0.102388727,1.307627145,-0.291506081,0.102827051,-1.415821940,-0.228299714,-0.038604282,1.335456740,-0.097939518,-0.096139689,-0.045381444,0.523599000,0.000000000,0.000000000,0.000000000,0.000000000,0.000000000,0.000000000,0.000000000,0.000000000,0.000000000,0.000000000,0.000000000,0.000000000,0.000000000,0.000000000,0.000000000,0.000000000
0.000316500,-0.284089212,0.658337965,0.744558680,0.014360727,-0.045804920,-0.665828845,-1.394686747,0.181609587,0.102627030,1.308280589,-0.292377204,0.103311450,-1.417530905,-0.228057861,-0.038367210,1.336567870,-0.096976781,-0.096045081,-0.045268018,0.523599000,0.000000000,0.000000000,0.000000000,0.000000000,0.000000000,0.000000000,0.000000000,0.000000000,0.000000000,0.000000000,0.000000000,0.000000000,0.000000000,0.000000000,0.000000000,0.000000000
0.000370716,-0.284176781,0.658335528,0.744750380,0.015160536,-0.044981767,-0.665652815,-1.395795032,0.181690173,0.103299020,1.308434226,-0.293130098,0.102696104,-1.420130525,-0.227794945,-0.038167170,1.337701017,-0.095781526,-0.095760133,-0.044917323,0.523599000,0.000000000,0.000000000,0.000000000,0.000000000,0.000000000,0.000000000,0.000000000,0.000000000,0.000000000,0.000000000,0.000000000,0.000000000,0.000000000,0.000000000,0.000000000,0.000000000
0.000344635,-0.284146599,0.658308749,0.744796223,0.014991625,-0.045220412,-0.665589176,-1.395687222,0.181768941,0.103306111,1.307716440,-0.292407852,0.102927404,-1.420252201,-0.227783446,-0.038325635,1.336555854,-0.095753680,-0.095094617,-0.045258971,0.523599000,0.000000000,0.000000000,0.000000000,0.000000000,0.000000000,0.000000000,0.000000000,0.000000000,0.000000000,0.000000000,0.000000000,0.000000000,0.000000000,0.000000000,0.000000000,0.000000000
0.000333152,-0.284212028,0.658302572,0.744849596,0.015819072,-0.044504512,-0.665558551,-1.397784449,0.181945759,0.103467451,1.306357170,-0.292303770,0.101740653,-1.422456897,-0.227703000,-0.038478256,1.335886518,-0.094887641,-0.096073896,-0.045520467,0.523599000,0.000000000,0.000000000,0.000000000,0.000000000,0.000000000,0.000000000,0.000000000,0.000000000,0.000000000,0.000000000,0.000000000,0.000000000,0.000000000,0.000000000,0.000000000,0.000000000
0.000325169,-0.284210476,0.658258180,0.744830900,0.016265524,-0.044555724,-0.665565286,-1.399186852,0.182055862,0.103313374,1.306144916,-0.292092174,0.102094038,-1.424030277,-0.227737555,-0.038602067,1.335450577,-0.095197516,-0.096571575,-0.045693614,0.523599000,0.000000000,0.000000000,0.000000000,0.000000000,0.000000000,0.000000000,0.000000000,0.000000000,0.000000000,0.000000000,0.000000000,0.000000000,0.000000000,0.000000000,0.000000000,0.000000000
0.000325600,-0.284236944,0.658219509,0.744824033,0.016643911,-0.044341983,-0.665577890,-1.401212726,0.182075899,0.103462989,1.306209322,-0.291522667,0.102010891,-1.426009975,-0.227598285,-0.038425757,1.336117906,-0.095740525,-0.097226699,-0.045704522,0.523599000,0.000000000,0.000000000,0.000000000,0.000000000,0.000000000,0.000000000,0.000000000,0.000000000,0.000000000,0.000000000,0.000000000,0.000000000,0.000000000,0.000000000,0.000000000,0.000000000
0.000323259,-0.284292656,0.658186955,0.744800162,0.017286022,-0.043810939,-0.665623402,-1.403396245,0.182299923,0.103362976,1.306442707,-0.291583615,0.102305626,-1.428763916,-0.227627926,-0.038319829,1.336609619,-0.095923043,-0.097918644,-0.045979993,0.523599000,0.000000000,0.000000000,0.000000000,0.000000000,0.000000000,0.000000000,0.000000000,0.000000000,0.000000000,0.000000000,0.000000000,0.000000000,0.000000000,0.000000000,0.000000000,0.000000000
0.000323358,-0.284270280,0.658148595,0.744736215,0.016986572,-0.044111481,-0.665682810,-1.403670893,0.182367816,0.103322635,1.306740655,-0.291565927,0.102487809,-1.429329846,-0.227770284,-0.038126920,1.337673544,-0.096264664,-0.097928336,-0.046026834,0.523599000,0.000000000,0.000000000,0.000000000,0.000000000,0.000000000,0.000000000,0.000000000,0.000000000,0.000000000,0.000000000,0.000000000,0.000000000,0.000000000,0.000000000,0.000000000,0.000000000
0.000327902,-0.284273214,0.658140784,0.744711561,0.016890861,-0.044012214,-0.665719396,-1.404017751,0.182400923,0.103313041,1.306532939,-0.291584172,0.102423322,-1.429911233,-0.227912786,-0.038044923,1.337927265,-0.096271663,-0.098101999,-0.046180581,0.523599000,0.000000000,0.000000000,0.000000000,0.000000000,0.000000000,0.000000000,0.000000000,0.000000000,0.000000000,0.000000000,0.000000000,0.000000000,0.000000000,0.000000000,0.000000000,0.000000000
0.000342428,-0.284266640,0.658134706,0.744656194,0.016835845,-0.044043329,-0.665780663,-1.404350539,0.182494720,0.103318246,1.306216703,-0.291375811,0.101981461,-1.430113517,-0.228197597,-0.038143029,1.337705388,-0.096139203,-0.097817736,-0.046128168,0.523599000,0.000000000,0.000000000,0.000000000,0.000000000,0.000000000,0.000000000,0.000000000,0.000000000,0.000000000,0.000000000,0.000000000,0.000000000,0.000000000,0.000000000,0.000000000,0.000000000
0.000360971,-0.284232091,0.658132376,0.744538321,0.016446777,-0.044312721,-0.665904328,-1.403749711,0.182482488,0.103316635,1.305740420,-0.291014542,0.102296690,-1.429520617,-0.228401237,-0.038104491,1.337482322,-0.095699330,-0.097607938,-0.046383531,0.523599000,0.000000000,0.000000000,0.000000000,0.000000000,0.000000000,0.000000000,0.000000000,0.000000000,0.000000000,0.000000000,0.000000000,0.000000000,0.000000000,0.000000000,0.000000000,0.000000000
0.000379145,-0.284239677,0.658130271,0.744456110,0.016541431,-0.044072322,-0.666009844,-1.404209200,0.182647533,0.103179775,1.305645745,-0.290911387,0.102421326,-1.430321923,-0.228462483,-0.037966714,1.337156644,-0.095547334,-0.097394160,-0.046232080,0.523599000,0.000000000,0.000000000,0.000000000,0.000000000,0.000000000,0.000000000,0.000000000,0.000000000,0.000000000,0.000000000,0.000000000,0.000000000,0.000000000,0.000000000,0.000000000,0.000000000
0.000390119,-0.284252241,0.658123400,0.744352360,0.016961046,-0.043944130,-0.666123713,-1.404942904,0.182739567,0.103188478,1.305327736,-0.290891912,0.102069945,-1.431212573,-0.228545669,-0.037921614,1.336501472,-0.095097396,-0.097320979,-0.046242761,0.523599000,0.000000000,0.000000000,0.000000000,0.000000000,0.000000000,0.000000000,0.000000000,0.000000000,0.000000000,0.000000000,0.000000000,0.000000000,0.000000000,0.000000000,0.000000000,0.000000000
0.000390870,-0.284270132,0.658111616,0.744347383,0.017342240,-0.043744890,-0.666132573,-1.406045751,0.182888712,0.103279900,1.304839220,-0.290931009,0.101951789,-1.431962890,-0.228650370,-0.037955633,1.335562432,-0.095171624,-0.097186490,-0.046084643,0.523599000,0.000000000,0.000000000,0.000000000,0.000000000,0.000000000,0.000000000,0.000000000,0.000000000,0.000000000,0.000000000,0.000000000,0.000000000,0.000000000,0.000000000,0.000000000,0.000000000
0.000385364,-0.284258992,0.658085412,0.744332087,0.017435264,-0.044036371,-0.666128031,-1.406750008,0.183147154,0.103447950,1.304919352,-0.290660626,0.101544342,-1.432611411,-0.228665842,-0.037754697,1.335585025,-0.095246826,-0.097224161,-0.045831344,0.523599000,0.000000000,0.000000000,0.000000000,0.000000000,0.000000000,0.000000000,0.000000000,0.000000000,0.000000000,0.000000000,0.000000000,0.000000000,0.000000000,0.000000000,0.000000000,0.000000000
0.000382959,-0.284226430,0.658085580,0.744307768,0.017156171,-0.044394214,-0.666138698,-1.406108052,0.183302270,0.103595256,1.304152489,-0.290431929,0.101427735,-1.431542800,-0.228818155,-0.037610066,1.334897116,-0.095247181,-0.096886993,-0.045629592,0.523599000,0.000000000,0.000000000,0.000000000,0.000000000,0.000000000,0.000000000,0.000000000,0.000000000,0.000000000,0.000000000,0.000000000,0.000000000,0.000000000,0.000000000,0.000000000,0.000000000
0.000375215,-0.284138241,0.658109833,0.744280027,0.015972821,-0.045025193,-0.666156770,-1.403385785,0.183309862,0.103737058,1.303446603,-0.289180291,0.101092540,-1.428336771,-0.228925852,-0.037956865,1.333376502,-0.094828875,-0.096791576,-0.046675862,0.523599000,0.000000000,0.000000000,0.000000000,0.000000000,0.000000000,0.000000000,0.000000000,0.000000000,0.000000000,0.000000000,0.000000000,0.000000000,0.000000000,0.000000000,0.000000000,0.000000000
0.000354963,-0.284131557,0.658137045,0.744405007,0.015691351,-0.045078407,-0.666020198,-1.402501542,0.183513913,0.103746418,1.302604741,-0.289050782,0.101199782,-1.427258184,-0.228982926,-0.037996130,1.332516911,-0.094028184,-0.096260324,-0.046495584,0.523599000,0.000000000,0.000000000,0.000000000,0.000000000,0.000000000,0.000000000,0.000000000,0.000000000,0.000000000,0.000000000,0.000000000,0.000000000,0.000000000,0.000000000,0.000000000,0.000000000
0.000334487,-0.284080536,0.658160357,0.744478156,0.015239251,-0.045429812,-0.665925051,-1.400399582,0.183593650,0.103909531,1.300665310,-0.288749199,0.101796270,-1.425283799,-0.229087840,-0.038013443,1.330877862,-0.093375569,-0.095910309,-0.045849497,0.523599000,0.000000000,0.000000000,0.000000000,0.000000000,0.000000000,0.000000000,0.000000000,0.000000000,0.000000000,0.000000000,0.000000000,0.000000000,0.000000000,0.000000000,0.000000000,0.000000000
0.000325916,-0.284077529,0.658187073,0.744515306,0.015149680,-0.045202771,-0.665901011,-1.399603578,0.183648866,0.104086549,1.299131488,-0.287926546,0.101762243,-1.424630683,-0.229108755,-0.038267714,1.329855845,-0.093037097,-0.095543489,-0.046160586,0.523599000,0.000000000,0.000000000,0.000000000,0.000000000,0.000000000,0.000000000,0.000000000,0.000000000,0.000000000,0.000000000,0.000000000,0.000000000,0.000000000,0.000000000,0.000000000,0.000000000
0.000316710,-0.284076989,0.658206754,0.744582525,0.015260595,-0.045059130,-0.665833052,-1.398498825,0.183548156,0.104212874,1.297305247,-0.287650642,0.102044987,-1.423736009,-0.229061902,-0.038515234,1.328641021,-0.092331388,-0.094998945,-0.045860413,0.523599000,0.000000000,0.000000000,0.000000000,0.000000000,0.000000000,0.000000000,0.000000000,0.000000000,0.000000000,0.000000000,0.000000000,0.000000000,0.000000000,0.000000000,0.000000000,0.000000000
0.000303201,-0.284038331,0.658237540,0.744675754,0.015186433,-0.045349770,-0.665710742,-1.396207808,0.183384140,0.104497350,1.295208178,-0.286999002,0.102204532,-1.421223823,-0.229188101,-0.038767355,1.326845881,-0.091596004,-0.094216506,-0.045266856,0.523599000,0.000000000,0.000000000,0.000000000,0.000000000,0.000000000,0.000000000,0.000000000,0.000000000,0.000000000,0.000000000,0.000000000,0.000000000,0.000000000,0.000000000,0.000000000,0.000000000
0.000296972,-0.284106169,0.658259599,0.744846387,0.015811442,-0.044601119,-0.665555856,-1.396924801,0.183315522,0.104640882,1.294335370,-0.286656527,0.102176210,-1.422050036,-0.228988018,-0.038771298,1.326616917,-0.091475153,-0.094327291,-0.045171353,0.523599000,0.000000000,0.000000000,0.000000000,0.000000000,0.000000000,0.000000000,0.000000000,0.000000000,0.000000000,0.000000000,0.000000000,0.000000000,0.000000000,0.000000000,0.000000000,0.000000000
0.000293355,-0.284185888,0.658269452,0.744995008,0.016604699,-0.043687317,-0.665430793,-1.397630101,0.183165769,0.104779443,1.293123116,-0.287048955,0.102643512,-1.422876336,-0.228811206,-0.038697248,1.326335384,-0.091890663,-0.094765987,-0.045519133,0.523599000,0.000000000,0.000000000,0.000000000,0.000000000,0.000000000,0.000000000,0.000000000,0.000000000,0.000000000,0.000000000,0.000000000,0.000000000,0.000000000,0.000000000,0.000000000,0.000000000
0.000279036,-0.284165632,0.658268203,0.745093091,0.016646660,-0.043851416,-0.665309122,-1.396815836,0.183115480,0.105287885,1.291834940,-0.286159668,0.102134245,-1.422158091,-0.228698162,-0.038871585,1.326014382,-0.091845060,-0.094673902,-0.044962811,0.523599000,0.000000000,0.000000000,0.000000000,0.000000000,0.000000000,0.000000000,0.000000000,0.000000000,0.000000000,0.000000000,0.000000000,0.000000000,0.000000000,0.000000000,0.000000000,0.000000000
0.000270826,-0.284153159,0.658269025,0.745120240,0.016606634,-0.043768143,-0.665285200,-1.396377611,0.183080783,0.105621030,1.290169561,-0.285513294,0.102218122,-1.421830540,-0.228517894,-0.038992253,1.325285665,-0.091605530,-0.094411900,-0.045124654,0.523599000,0.000000000,0.000000000,0.000000000,0.000000000,0.000000000,0.000000000,0.000000000,0.000000000,0.000000000,0.000000000,0.000000000,0.000000000,0.000000000,0.000000000,0.000000000,0.000000000
0.000269028,-0.284137857,0.658281448,0.745093538,0.016759339,-0.043982105,-0.665297166,-1.395891006,0.182999640,0.105995214,1.288299974,-0.284697545,0.102324061,-1.421054254,-0.228571383,-0.039350754,1.324303814,-0.090847724,-0.093946435,-0.045086990,0.523599000,0.000000000,0.000000000,0.000000000,0.000000000,0.000000000,0.000000000,0.000000000,0.000000000,0.000000000,0.000000000,0.000000000,0.000000000,0.000000000,0.000000000,0.000000000,0.000000000
0.000275685,-0.284132458,0.658284594,0.745073187,0.016707646,-0.043970685,-0.665322012,-1.395831791,0.183077704,0.106137304,1.287546799,-0.283752435,0.102228003,-1.420632716,-0.228682789,-0.039653309,1.324162233,-0.090539398,-0.093639018,-0.045258180,0.523599000,0.000000000,0.000000000,0.000000000,0.000000000,0.000000000,0.000000000,0.000000000,0.000000000,0.000000000,0.000000000,0.000000000,0.000000000,0.000000000,0.000000000,0.000000000,0.000000000
0.000283108,-0.284162594,0.658285896,0.745054071,0.017064115,-0.043633766,-0.665356552,-1.396566111,0.183301058,0.106190832,1.287806912,-0.283330152,0.101979410,-1.421282870,-0.228884193,-0.039893544,1.325331101,-0.090347304,-0.093721274,-0.045447388,0.523599000,0.000000000,0.000000000,0.000000000,0.000000000,0.000000000,0.000000000,0.000000000,0.000000000,0.000000000,0.000000000,0.000000000,0.000000000,0.000000000,0.000000000,0.000000000,0.000000000
0.000301517,-0.284178069,0.658275280,0.745004016,0.017113115,-0.043215951,-0.665438606,-1.396851917,0.183508538,0.106191735,1.288258996,-0.283253495,0.101943630,-1.421435290,-0.229190173,-0.040178229,1.326131649,-0.090290360,-0.093950639,-0.045544218,0.523599000,0.000000000,0.000000000,0.000000000,0.000000000,0.000000000,0.000000000,0.000000000,0.000000000,0.000000000,0.000000000,0.000000000,0.000000000,0.000000000,0.000000000,0.000000000,0.000000000
0.000334599,-0.284177962,0.658263674,0.744887432,0.016628693,-0.042601046,-0.665621026,-1.397062019,0.183501560,0.105916422,1.289061922,-0.283584927,0.102324356,-1.421840798,-0.229480123,-0.040544138,1.327331007,-0.090367892,-0.094563965,-0.045690028,0.523599000,0.000000000,0.000000000,0.000000000,0.000000000,0.000000000,0.000000000,0.000000000,0.000000000,0.000000000,0.000000000,0.000000000,0.000000000,0.000000000,0.000000000,0.000000000,0.000000000
0.000370519,-0.284162774,0.658248384,0.744734125,0.016076621,-0.042420085,-0.665817665,-1.396480313,0.183725884,0.105685725,1.289960078,-0.283323912,0.102015009,-1.422350975,-0.229553855,-0.040715041,1.329196387,-0.090063046,-0.093146002,-0.045503186,0.523599000,0.000000000,0.000000000,0.000000000,0.000000000,0.000000000,0.000000000,0.000000000,0.000000000,0.000000000,0.000000000,0.000000000,0.000000000,0.000000000,0.000000000,0.000000000,0.000000000
0.000413099,-0.284178946,0.658238184,0.744609021,0.015722217,-0.041856931,-0.666001663,-1.396872927,0.183950189,0.105421613,1.290970802,-0.283424251,0.101850313,-1.424075300,-0.229559685,-0.040551402,1.331375099,-0.090077649,-0.093328366,-0.045658207,0.523599000,0.000000000,0.000000000,0.000000000,0.000000000,0.000000000,0.000000000,0.000000000,0.000000000,0.000000000,0.000000000,0.000000000,0.000000000,0.000000000,0.000000000,0.000000000,0.000000000
0.000461946,-0.284158879,0.658225580,0.744418209,0.015172845,-0.041733898,-0.666235391,-1.396050089,0.184224680,0.105195885,1.291893321,-0.284175415,0.102397758,-1.424865938,-0.229806609,-0.040516962,1.333498831,-0.090192192,-0.093038323,-0.045898974,0.523599000,0.000000000,0.000000000,0.000000000,0.000000000,0.000000000,0.000000000,0.000000000,0.000000000,0.000000000,0.000000000,0.000000000,0.000000000,0.000000000,0.000000000,0.000000000,0.000000000
0.000517519,-0.284170423,0.658210558,0.744269723,0.014775326,-0.041310648,-0.666436568,-1.395785063,0.184491936,0.104948848,1.292116885,-0.284809428,0.102970642,-1.426591409,-0.229689156,-0.040274914,1.336536681,-0.090335901,-0.093208817,-0.045229666,0.523599000,0.000000000,0.000000000,0.000000000,0.000000000,0.000000000,0.000000000,0.000000000,0.000000000,0.000000000,0.000000000,0.000000000,0.000000000,0.000000000,0.000000000,0.000000000,0.000000000
0.000564277,-0.284205330,0.658193607,0.744142333,0.014421138,-0.040847893,-0.666615083,-1.395785586,0.184693448,0.104599899,1.293289193,-0.285934405,0.103735506,-1.429000590,-0.229378961,-0.039754495,1.341036079,-0.090906922,-0.093543478,-0.045310613,0.523599000,0.000000000,0.000000000,0.000000000,0.000000000,0.000000000,0.000000000,0.000000000,0.000000000,0.000000000,0.000000000,0.000000000,0.000000000,0.000000000,0.000000000,0.000000000,0.000000000
0.000598757,-0.284216528,0.658167242,0.744042651,0.013643867,-0.040722873,-0.666750348,-1.394998982,0.184834865,0.104425172,1.294000536,-0.286484277,0.104388554,-1.430848068,-0.228935812,-0.039218115,1.346015292,-0.091942136,-0.093383923,-0.045517278,0.523599000,0.000000000,0.000000000,0.000000000,0.000000000,0.000000000,0.000000000,0.000000000,0.000000000,0.000000000,0.000000000,0.000000000,0.000000000,0.000000000,0.000000000,0.000000000,0.000000000
0.000612182,-0.284270111,0.658166999,0.744058674,0.013141342,-0.040388498,-0.666762899,-1.394192345,0.185033144,0.104307683,1.294337454,-0.286890642,0.104263548,-1.432767723,-0.228386944,-0.038534133,1.351371199,-0.093104469,-0.093979821,-0.046149232,0.523599000,0.000000000,0.000000000,0.000000000,0.000000000,0.000000000,0.000000000,0.000000000,0.000000000,0.000000000,0.000000000,0.000000000,0.000000000,0.000000000,0.000000000,0.000000000,0.000000000
0.000608150,-0.284365365,0.658157223,0.744161326,0.013076811,-0.039836770,-0.666682795,-1.394277165,0.185380312,0.104262767,1.294725307,-0.288294990,0.104651461,-1.436488678,-0.227844846,-0.037539940,1.358949399,-0.094277321,-0.094848942,-0.047019039,0.523599000,0.000000000,0.000000000,0.000000000,0.000000000,0.000000000,0.000000000,0.000000000,0.000000000,0.000000000,0.000000000,0.000000000,0.000000000,0.000000000,0.000000000,0.000000000,0.000000000
0.000578119,-0.284417002,0.658114936,0.744320453,0.012505005,-0.040027865,-0.666504657,-1.393540753,0.186021942,0.104507807,1.295947392,-0.288971386,0.104270158,-1.440287607,-0.227254053,-0.036311722,1.369409561,-0.096039428,-0.095467767,-0.048217980,0.523599000,0.000000000,0.000000000,0.000000000,0.000000000,0.000000000,0.000000000,0.000000000,0.000000000,0.000000000,0.000000000,0.000000000,0.000000000,0.000000000,0.000000000,0.000000000,0.000000000
0.000535153,-0.284454765,0.658086503,0.744512010,0.011816289,-0.040456793,-0.666277338,-1.392071438,0.186622052,0.104676845,1.296465940,-0.289428871,0.103894260,-1.443200776,-0.226751798,-0.035079679,1.379735175,-0.097440059,-0.095721754,-0.049175210,0.523599000,0.000000000,0.000000000,0.000000000,0.000000000,0.000000000,0.000000000,0.000000000,0.000000000,0.000000000,0.000000000,0.000000000,0.000000000,0.000000000,0.000000000,0.000000000,0.000000000
0.000493204,-0.284560124,0.658077583,0.744701612,0.011724544,-0.040309025,-0.666075991,-1.391622240,0.187237969,0.104775970,1.296517565,-0.290126750,0.103150100,-1.447379513,-0.226264771,-0.033985262,1.391013881,-0.099508925,-0.096564853,-0.050087087,0.523599000,0.000000000,0.000000000,0.000000000,0.000000000,0.000000000,0.000000000,0.000000000,0.000000000,0.000000000,0.000000000,0.000000000,0.000000000,0.000000000,0.000000000,0.000000000,0.000000000
0.000446324,-0.284626047,0.658059824,0.744850359,0.011123836,-0.040503131,-0.665908176,-1.390360713,0.187821301,0.104931004,1.296459846,-0.290393328,0.102470496,-1.450397527,-0.225863608,-0.032694759,1.402752603,-0.101669654,-0.097549819,-0.051441585,0.523599000,0.000000000,0.000000000,0.000000000,0.000000000,0.000000000,0.000000000,0.000000000,0.000000000,0.000000000,0.000000000,0.000000000,0.000000000,0.000000000,0.000000000,0.000000000,0.000000000
0.000385905,-0.284665951,0.658050473,0.744954188,0.010631379,-0.041421490,-0.665743563,-1.389063059,0.188191432,0.105083474,1.296755860,-0.290386721,0.101113183,-1.451835194,-0.225551767,-0.031569872,1.413038659,-0.103683562,-0.098189376,-0.052542570,0.523599000,0.000000000,0.000000000,0.000000000,0.000000000,0.000000000,0.000000000,0.000000000,0.000000000,0.000000000,0.000000000,0.000000000,0.000000000,0.000000000,0.000000000,0.000000000,0.000000000
0.000310530,-0.284713133,0.658072991,0.745090362,0.010623655,-0.042106443,-0.665548299,-1.387623048,0.188443444,0.105427888,1.295945746,-0.290452576,0.099656279,-1.451778530,-0.225248048,-0.030565318,1.421137151,-0.106714842,-0.098982625,-0.053372154,0.523599000,0.000000000,0.000000000,0.000000000,0.000000000,0.000000000,0.000000000,0.000000000,0.000000000,0.000000000,0.000000000,0.000000000,0.000000000,0.000000000,0.000000000,0.000000000,0.000000000
0.000234393,-0.284752338,0.658101325,0.745201256,0.010645116,-0.042734656,-0.665383738,-1.386700547,0.188599302,0.105533159,1.295736947,-0.291018091,0.098437040,-1.450407996,-0.225073048,-0.029948994,1.426892834,-0.109703672,-0.099832974,-0.054322790,0.523599000,0.000000000,0.000000000,0.000000000,0.000000000,0.000000000,0.000000000,0.000000000,0.000000000,0.000000000,0.000000000,0.000000000,0.000000000,0.000000000,0.000000000,0.000000000,0.000000000
0.000144914,-0.284823869,0.658136270,0.745391026,0.011293212,-0.043180042,-0.665131690,-1.386809841,0.188956784,0.106081420,1.294910571,-0.290674687,0.097088300,-1.449628676,-0.224723163,-0.029381018,1.431923994,-0.113512366,-0.101188276,-0.054082468,0.523599000,0.000000000,0.000000000,0.000000000,0.000000000,0.000000000,0.000000000,0.000000000,0.000000000,0.000000000,0.000000000,0.000000000,0.000000000,0.000000000,0.000000000,0.000000000,0.000000000
0.000056076,-0.284805555,0.658166843,0.745542913,0.011017216,-0.044163911,-0.664901448,-1.385705489,0.188990052,0.106374247,1.294485014,-0.290258274,0.096281670,-1.446056633,-0.224897247,-0.029346068,1.434757496,-0.117454018,-0.101731367,-0.053821217,0.523599000,0.000000000,0.000000000,0.000000000,0.000000000,0.000000000,0.000000000,0.000000000,0.000000000,0.000000000,0.000000000,0.000000000,0.000000000,0.000000000,0.000000000,0.000000000,0.000000000
-0.000039977,-0.284847023,0.658218430,0.745837454,0.011748761,-0.044442144,-0.664539957,-1.385805018,0.188990980,0.106894082,1.292655883,-0.290123755,0.095593949,-1.443431078,-0.224923720,-0.029630691,1.435777779,-0.120808683,-0.101964383,-0.052857084,0.523599000,0.000000000,0.000000000,0.000000000,0.000000000,0.000000000,0.000000000,0.000000000,0.000000000,0.000000000,0.000000000,0.000000000,0.000000000,0.000000000,0.000000000,0.000000000,0.000000000
-0.000133086,-0.284842982,0.658243448,0.746159255,0.012324141,-0.045008839,-0.664130022,-1.386588737,0.189072029,0.107607522,1.291444755,-0.288956491,0.095015686,-1.440873754,-0.225253067,-0.029926971,1.435712428,-0.123729229,-0.102280233,-0.052222964,0.523599000,0.000000000,0.000000000,0.000000000,0.000000000,0.000000000,0.000000000,0.000000000,0.000000000,0.000000000,0.000000000,0.000000000,0.000000000,0.000000000,0.000000000,0.000000000,0.000000000
-0.000227173,-0.284844200,0.658252026,0.746565049,0.012877668,-0.045532455,-0.663627598,-1.387878424,0.188976730,0.107951936,1.292310665,-0.288941227,0.095890949,-1.438474383,-0.225665410,-0.030119835,1.435271325,-0.127151495,-0.102253457,-0.051454122,0.523599000,0.000000000,0.000000000,0.000000000,0.000000000,0.000000000,0.000000000,0.000000000,0.000000000,0.000000000,0.000000000,0.000000000,0.000000000,0.000000000,0.000000000,0.000000000,0.000000000
-0.000313417,-0.284874206,0.658258867,0.746980847,0.013610472,-0.045859631,-0.663122360,-1.390409946,0.188922063,0.108380463,1.293059332,-0.288968293,0.095682063,-1.436828682,-0.226359344,-0.030138653,1.434899336,-0.130156914,-0.102195522,-0.051386520,0.523599000,0.000000000,0.000000000,0.000000000,0.000000000,0.000000000,0.000000000,0.000000000,0.000000000,0.000000000,0.000000000,0.000000000,0.000000000,0.000000000,0.000000000,0.000000000,0.000000000
-0.000386711,-0.284903975,0.658262942,0.747404617,0.014544527,-0.046352059,-0.662590584,-1.393129096,0.188715715,0.108553229,1.294909735,-0.288691095,0.095535556,-1.435155955,-0.227053598,-0.029968497,1.434980325,-0.133299199,-0.102041040,-0.051588810,0.523599000,0.000000000,0.000000000,0.000000000,0.000000000,0.000000000,0.000000000,0.000000000,0.000000000,0.000000000,0.000000000,0.000000000,0.000000000,0.000000000,0.000000000,0.000000000,0.000000000
-0.000432419,-0.284960441,0.658274963,0.747819785,0.015743880,-0.046255134,-0.662101323,-1.396101514,0.188336419,0.108623114,1.296157410,-0.288800422,0.096057864,-1.434413405,-0.227799262,-0.029856139,1.433659304,-0.135292198,-0.101646188,-0.051968301,0.523599000,0.000000000,0.000000000,0.000000000,0.000000000,0.000000000,0.000000000,0.000000000,0.000000000,0.000000000,0.000000000,0.000000000,0.000000000,0.000000000,0.000000000,0.000000000,0.000000000
-0.000458891,-0.285010307,0.658266824,0.748105783,0.017210809,-0.046637496,-0.661714795,-1.399020671,0.187904504,0.108878272,1.297568883,-0.288852465,0.095980854,-1.434155224,-0.228606704,-0.029294089,1.433644865,-0.136768505,-0.101099916,-0.052749200,0.523599000,0.000000000,0.000000000,0.000000000,0.000000000,0.000000000,0.000000000,0.000000000,0.000000000,0.000000000,0.000000000,0.000000000,0.000000000,0.000000000,0.000000000,0.000000000,0.000000000
-0.000444107,-0.285049227,0.658239842,0.748269793,0.018439566,-0.046894009,-0.661478081,-1.402132655,0.187270027,0.109145838,1.298810102,-0.288902401,0.096836911,-1.434201005,-0.229639238,-0.028779775,1.434209287,-0.138592974,-0.099377789,-0.053349814,0.523599000,0.000000000,0.000000000,0.000000000,0.000000000,0.000000000,0.000000000,0.000000000,0.000000000,0.000000000,0.000000000,0.000000000,0.000000000,0.000000000,0.000000000,0.000000000,0.000000000
-0.000400828,-0.285158952,0.658194031,0.748411258,0.020624000,-0.046589322,-0.661275037,-1.407917350,0.186527039,0.109503358,1.301159274,-0.289236160,0.097603997,-1.436453548,-0.230383098,-0.027561603,1.435303137,-0.140869954,-0.099006207,-0.054411724,0.523599000,0.000000000,0.000000000,0.000000000,0.000000000,0.000000000,0.000000000,0.000000000,0.000000000,0.000000000,0.000000000,0.000000000,0.000000000,0.000000000,0.000000000,0.000000000,0.000000000
-0.000329232,-0.285324815,0.658111899,0.748544761,0.023081641,-0.045402497,-0.661125246,-1.416458772,0.185702429,0.110369066,1.304393595,-0.290250889,0.099092272,-1.441340723,-0.230952323,-0.025891514,1.438120085,-0.143565324,-0.097938021,-0.055595732,0.523599000,0.000000000,0.000000000,0.000000000,0.000000000,0.000000000,0.000000000,0.000000000,0.000000000,0.000000000,0.000000000,0.000000000,0.000000000,0.000000000,0.000000000,0.000000000,0.000000000
-0.000230218,-0.285594199,0.657974018,0.748659482,0.026464254,-0.043710242,-0.660982631,-1.428482102,0.184941468,0.110926495,1.310965896,-0.293411507,0.101734654,-1.449638431,-0.231353801,-0.023568718,1.443057351,-0.146522013,-0.095563403,-0.057124762,0.523599000,0.000000000,0.000000000,0.000000000,0.000000000,0.000000000,0.000000000,0.000000000,0.000000000,0.000000000,0.000000000,0.000000000,0.000000000,0.000000000,0.000000000,0.000000000,0.000000000
-0.000074272,-0.285959193,0.657793492,0.748812640,0.030247532,-0.040847261,-0.660829947,-1.444725294,0.184447796,0.111895483,1.320144549,-0.297803002,0.105025648,-1.461548178,-0.232610428,-0.021258781,1.450445034,-0.149188966,-0.090121049,-0.056739332,0.523599000,0.000000000,0.000000000,0.000000000,0.000000000,0.000000000,0.000000000,0.000000000,0.000000000,0.000000000,0.000000000,0.000000000,0.000000000,0.000000000,0.000000000,0.000000000,0.000000000
0.000094307,-0.286419884,0.657595864,0.749014401,0.035087012,-0.037676953,-0.660550359,-1.462930244,0.184714352,0.113782868,1.329830511,-0.303076488,0.107661876,-1.475941811,-0.233999546,-0.018610343,1.459112274,-0.153186192,-0.080030597,-0.056198878,0.523599000,0.000000000,0.000000000,0.000000000,0.000000000,0.000000000,0.000000000,0.000000000,0.000000000,0.000000000,0.000000000,0.000000000,0.000000000,0.000000000,0.000000000,0.000000000,0.000000000
0.000302950,-0.287182257,0.657354904,0.749320789,0.041953348,-0.031874250,-0.660107797,-1.490219865,0.186073256,0.116573665,1.342523327,-0.310835178,0.108993320,-1.500311453,-0.235236191,-0.014943068,1.473586894,-0.158993035,-0.069451863,-0.058459216,0.523599000,0.000000000,0.000000000,0.000000000,0.000000000,0.000000000,0.000000000,0.000000000,0.000000000,0.000000000,0.000000000,0.000000000,0.000000000,0.000000000,0.000000000,0.000000000,0.000000000
0.000598000,-0.288356406,0.657062881,0.749738135,0.051268604,-0.021639862,-0.659390609,-1.530470089,0.187862426,0.120380575,1.354617318,-0.319550511,0.109468242,-1.537251706,-0.236374922,-0.010892452,1.490870314,-0.166603377,-0.055774751,-0.058161604,0.523599000,0.000000000,0.000000000,0.000000000,0.000000000,0.000000000,0.000000000,0.000000000,0.000000000,0.000000000,0.000000000,0.000000000,0.000000000,0.000000000,0.000000000,0.000000000,0.000000000
0.000847147,-0.289621602,0.657356941,0.749378882,0.058207373,-0.012268471,-0.659463932,-1.576673588,0.189708817,0.125688486,1.364372299,-0.327964047,0.112225960,-1.578834882,-0.237856715,-0.007130125,1.507751726,-0.175751506,-0.037941549,-0.055049402,0.523599000,0.000000000,0.000000000,0.000000000,0.000000000,0.000000000,0.000000000,0.000000000,0.000000000,0.000000000,0.000000000,0.000000000,0.000000000,0.000000000,0.000000000,0.000000000,0.000000000
0.001417668,-0.291366280,0.657169932,0.749265828,0.067399594,0.001728475,-0.658828526,-1.631002899,0.191600725,0.130773666,1.372304896,-0.334713450,0.113631172,-1.626200028,-0.238473170,-0.004148299,1.520323066,-0.187349534,-0.023989109,-0.049879420,0.523599000,0.000000000,0.000000000,0.000000000,0.000000000,0.000000000,0.000000000,0.000000000,0.000000000,0.000000000,0.000000000,0.000000000,0.000000000,0.000000000,0.000000000,0.000000000,0.000000000
0.002310826,-0.293898895,0.657256818,0.749042775,0.076817234,0.016086080,-0.657856574,-1.687520489,0.192658792,0.135878733,1.374145163,-0.338748009,0.112831008,-1.673918814,-0.238310370,-0.000567481,1.529006223,-0.200198691,-0.016387025,-0.044412330,0.523599000,0.000000000,0.000000000,0.000000000,0.000000000,0.000000000,0.000000000,0.000000000,0.000000000,0.000000000,0.000000000,0.000000000,0.000000000,0.000000000,0.000000000,0.000000000,0.000000000
0.003687998,-0.297586752,0.657871530,0.748961335,0.083525958,0.026691358,-0.656786042,-1.729724140,0.192586679,0.140128666,1.376342336,-0.341702444,0.112739667,-1.704206188,-0.238930238,0.003309721,1.534347630,-0.213280335,-0.014053285,-0.040080910,0.523599000,0.000000000,0.000000000,0.000000000,0.000000000,0.000000000,0.000000000,0.000000000,0.000000000,0.000000000,0.000000000,0.000000000,0.000000000,0.000000000,0.000000000,0.000000000,0.000000000
0.005422974,-0.302977715,0.659307285,0.749304695,0.088971825,0.038747176,-0.655076442,-1.760426022,0.192513735,0.142275323,1.377826455,-0.345060881,0.111064816,-1.721869552,-0.240141276,0.005830792,1.535052542,-0.228347775,-0.015792404,-0.034481093,0.523599000,0.000000000,0.000000000,0.000000000,0.000000000,0.000000000,0.000000000,0.000000000,0.000000000,0.000000000,0.000000000,0.000000000,0.000000000,0.000000000,0.000000000,0.000000000,0.000000000
0.007137803,-0.308784357,0.661186036,0.750274943,0.090556341,0.046639488,-0.653231825,-1.774604542,0.189888104,0.141475197,1.381800273,-0.347708567,0.111008319,-1.720994247,-0.241534948,0.008018842,1.535709427,-0.244937058,-0.023619499,-0.026290583,0.523599000,0.000000000,0.000000000,0.000000000,0.000000000,0.000000000,0.000000000,0.000000000,0.000000000,0.000000000,0.000000000,0.000000000,0.000000000,0.000000000,0.000000000,0.000000000,0.000000000
0.008622349,-0.314088552,0.663140151,0.751573249,0.090394836,0.053126739,-0.651263368,-1.780954909,0.185746042,0.138779675,1.386729046,-0.352220449,0.111997387,-1.710612113,-0.242979304,0.009426938,1.533621243,-0.263060234,-0.034406826,-0.017768929,0.523599000,0.000000000,0.000000000,0.000000000,0.000000000,0.000000000,0.000000000,0.000000000,0.000000000,0.000000000,0.000000000,0.000000000,0.000000000,0.000000000,0.000000000,0.000000000,0.000000000
0.009685822,-0.317754832,0.664694229,0.753252155,0.085696096,0.053711277,-0.649909585,-1.774050761,0.180912860,0.134912382,1.393968940,-0.355723227,0.114155309,-1.688896820,-0.244662338,0.010558850,1.535111876,-0.281597485,-0.043851105,-0.008390081,0.523599000,0.000000000,0.000000000,0.000000000,0.000000000,0.000000000,0.000000000,0.000000000,0.000000000,0.000000000,0.000000000,0.000000000,0.000000000,0.000000000,0.000000000,0.000000000,0.000000000
0.010480159,-0.320020811,0.666172934,0.755276000,0.078104281,0.051470638,-0.648697663,-1.753463319,0.175189782,0.130646156,1.397083708,-0.359370251,0.116479231,-1.653770214,-0.245361546,0.010546990,1.528809127,-0.300403874,-0.055007361,-0.000218747,0.523599000,0.000000000,0.000000000,0.000000000,0.000000000,0.000000000,0.000000000,0.000000000,0.000000000,0.000000000,0.000000000,0.000000000,0.000000000,0.000000000,0.000000000,0.000000000,0.000000000
0.011081923,-0.321141176,0.667968983,0.757711640,0.068353682,0.045116789,-0.647429780,-1.711522769,0.168782347,0.128620691,1.387888894,-0.363121076,0.120036324,-1.598356962,-0.246128501,0.006832916,1.507163153,-0.315562501,-0.060099928,0.006335232,0.523599000,0.000000000,0.000000000,0.000000000,0.000000000,0.000000000,0.000000000,0.000000000,0.000000000,0.000000000,0.000000000,0.000000000,0.000000000,0.000000000,0.000000000,0.000000000,0.000000000
0.011863847,-0.322450348,0.670728463,0.760361077,0.059217113,0.039826101,-0.645568158,-1.665640169,0.160657061,0.127984933,1.368821689,-0.362932309,0.123019820,-1.534359187,-0.245574254,0.000803947,1.474287605,-0.331440690,-0.066841944,0.013813312,0.523599000,0.000000000,0.000000000,0.000000000,0.000000000,0.000000000,0.000000000,0.000000000,0.000000000,0.000000000,0.000000000,0.000000000,0.000000000,0.000000000,0.000000000,0.000000000,0.000000000
0.013020845,-0.324535118,0.675344495,0.763151813,0.051514952,0.034189894,-0.643254670,-1.607447655,0.151629600,0.130255515,1.339823989,-0.364815729,0.128529472,-1.461894574,-0.244395995,-0.007196492,1.429844461,-0.343080005,-0.068372147,0.019048530,0.523599000,0.000000000,0.000000000,0.000000000,0.000000000,0.000000000,0.000000000,0.000000000,0.000000000,0.000000000,0.000000000,0.000000000,0.000000000,0.000000000,0.000000000,0.000000000,0.000000000
0.015144432,-0.328610811,0.682602288,0.765884125,0.046557017,0.033313496,-0.640424985,-1.539251663,0.142195802,0.135881240,1.295076307,-0.367066290,0.130367665,-1.375788195,-0.243075536,-0.019842530,1.365790579,-0.351229661,-0.066353127,0.024054257,0.523599000,0.000000000,0.000000000,0.000000000,0.000000000,0.000000000,0.000000000,0.000000000,0.000000000,0.000000000,0.000000000,0.000000000,0.000000000,0.000000000,0.000000000,0.000000000,0.000000000
0.018766997,-0.335548260,0.696813406,0.768943181,0.037485398,0.028094836,-0.637598549,-1.454481174,0.130934926,0.142026824,1.240214429,-0.368610803,0.138118718,-1.280326127,-0.240086461,-0.033510207,1.296423918,-0.352832468,-0.063879015,0.025373832,0.523599000,0.000000000,0.000000000,0.000000000,0.000000000,0.000000000,0.000000000,0.000000000,0.000000000,0.000000000,0.000000000,0.000000000,0.000000000,0.000000000,0.000000000,0.000000000,0.000000000
0.024927496,-0.346649804,0.721041889,0.771666315,0.030516684,0.022100719,-0.634910536,-1.341165085,0.119320462,0.152917917,1.160682343,-0.374092264,0.146208957,-1.158492756,-0.235722217,-0.051788158,1.205516577,-0.353289109,-0.056315497,0.025168383,0.523599000,0.000000000,0.000000000,0.000000000,0.000000000,0.000000000,0.000000000,0.000000000,0.000000000,0.000000000,0.000000000,0.000000000,0.000000000,0.000000000,0.000000000,0.000000000,0.000000000
0.033723585,-0.363468196,0.751691051,0.772836485,0.029219274,0.024226480,-0.633469083,-1.221239385,0.107471999,0.161870522,1.087773600,-0.378939894,0.156595890,-1.042203599,-0.231571841,-0.068135291,1.129404813,-0.343545373,-0.046740644,0.026151539,0.478385214,0.000000000,0.000000000,0.000000000,0.000000000,0.000000000,0.000000000,0.000000000,0.000000000,0.000000000,0.000000000,0.000000000,0.000000000,0.000000000,0.000000000,0.000000000,0.000000000
0.044725011,-0.386355166,0.784345704,0.772745054,0.033672282,0.032283052,-0.633000050,-1.069272143,0.095275384,0.172819250,0.996348238,-0.386446904,0.166045610,-0.883387930,-0.225705490,-0.090871267,1.027015623,-0.331510851,-0.031466767,0.031494163,0.396193742,0.000000000,0.000000000,0.000000000,0.000000000,0.000000000,0.000000000,0.000000000,0.000000000,0.000000000,0.000000000,0.000000000,0.000000000,0.000000000,0.000000000,0.000000000,0.000000000
0.056020737,-0.414873362,0.813430844,0.772611154,0.045291402,0.036334177,-0.632218728,-0.879720027,0.083657559,0.189893556,0.891241423,-0.393496500,0.175972617,-0.733119418,-0.222242644,-0.104994118,0.953947430,-0.305321523,-0.007670214,0.034499124,0.297433516,0.000000000,0.000000000,0.000000000,0.000000000,0.000000000,0.000000000,0.000000000,0.000000000,0.000000000,0.000000000,0.000000000,0.000000000,0.000000000,0.000000000,0.000000000,0.000000000
0.066163707,-0.445980462,0.835737271,0.773686255,0.054572251,0.040370885,-0.629921932,-0.689633026,0.074068929,0.209460393,0.783169566,-0.398664573,0.177517583,-0.572026631,-0.217098003,-0.119193110,0.869220297,-0.278129516,0.008357236,0.036442916,0.198466860,0.000000000,0.000000000,0.000000000,0.000000000,0.000000000,0.000000000,0.000000000,0.000000000,0.000000000,0.000000000,0.000000000,0.000000000,0.000000000,0.000000000,0.000000000,0.000000000
0.074391505,-0.476616900,0.850413163,0.775334407,0.061815126,0.041341355,-0.627157348,-0.546231982,0.066451638,0.228389559,0.695766955,-0.397676299,0.171934172,-0.475506536,-0.210985566,-0.121521907,0.825078695,-0.249452995,0.016943307,0.032067977,0.135539917,0.000000000,0.000000000,0.000000000,0.000000000,0.000000000,0.000000000,0.000000000,0.000000000,0.000000000,0.000000000,0.000000000,0.000000000,0.000000000,0.000000000,0.000000000,0.000000000
0.081080573,-0.504714964,0.858596057,0.777757670,0.068514547,0.038543085,-0.623629051,-0.455433265,0.061663045,0.241592540,0.641655208,-0.402900860,0.163200134,-0.437139469,-0.206433034,-0.113176577,0.823733410,-0.225467744,0.023789243,0.022602595,0.104488423,0.000000000,0.000000000,0.000000000,0.000000000,0.000000000,0.000000000,0.000000000,0.000000000,0.000000000,0.000000000,0.000000000,0.000000000,0.000000000,0.000000000,0.000000000,0.000000000
0.086142931,-0.526953067,0.859652757,0.781140413,0.071119694,0.035056865,-0.619300137,-0.368639486,0.056535849,0.254102394,0.586380694,-0.408069251,0.154929966,-0.406314642,-0.201016362,-0.107691208,0.829237946,-0.202694671,0.029663787,0.012280522,0.074232287,0.000000000,0.000000000,0.000000000,0.000000000,0.000000000,0.000000000,0.000000000,0.000000000,0.000000000,0.000000000,0.000000000,0.000000000,0.000000000,0.000000000,0.000000000,0.000000000
0.089506858,-0.542511811,0.855020191,0.784998432,0.074636319,0.029040462,-0.614299221,-0.308124248,0.051728813,0.267176937,0.541375311,-0.413621307,0.144158351,-0.411104196,-0.189084526,-0.096307762,0.854594940,-0.192243071,0.031767607,-0.004413936,0.065339239,0.000000000,0.000000000,0.000000000,0.000000000,0.000000000,0.000000000,0.000000000,0.000000000,0.000000000,0.000000000,0.000000000,0.000000000,0.000000000,0.000000000,0.000000000,0.000000000
0.090800862,-0.549229492,0.844946981,0.787362988,0.078104884,0.020732748,-0.611170439,-0.255199401,0.045977600,0.276806068,0.505518010,-0.424087906,0.133015173,-0.447532818,-0.177006870,-0.088576396,0.876572636,-0.179276204,0.030597748,-0.020213388,0.060467723,0.000000000,0.000000000,0.000000000,0.000000000,0.000000000,0.000000000,0.000000000,0.000000000,0.000000000,0.000000000,0.000000000,0.000000000,0.000000000,0.000000000,0.000000000,0.000000000
0.090686754,-0.548603872,0.831323770,0.787930817,0.080164268,0.014368940,-0.610354201,-0.219409020,0.041128253,0.277572693,0.486840242,-0.439269141,0.114719653,-0.489181624,-0.162897428,-0.088709739,0.864339773,-0.166722563,0.027555904,-0.037777528,0.060441481,0.000000000,0.000000000,0.000000000,0.000000000,0.000000000,0.000000000,0.000000000,0.000000000,0.000000000,0.000000000,0.000000000,0.000000000,0.000000000,0.000000000,0.000000000,0.000000000
0.089640961,-0.541462769,0.815916099,0.787954549,0.083231559,0.010038143,-0.609999485,-0.185029815,0.037797181,0.281921571,0.464432967,-0.447826897,0.089687746,-0.519407467,-0.149772463,-0.097077571,0.806492455,-0.144790017,0.032871879,-0.041846525,0.061894319,0.000000000,0.000000000,0.000000000,0.000000000,0.000000000,0.000000000,0.000000000,0.000000000,0.000000000,0.000000000,0.000000000,0.000000000,0.000000000,0.000000000,0.000000000,0.000000000
0.087742413,-0.527798655,0.800723194,0.788502214,0.087001544,0.009727887,-0.608769545,-0.180719468,0.036395062,0.263107911,0.483542551,-0.458895151,0.065082837,-0.525453589,-0.140568011,-0.108636220,0.710373582,-0.109516011,0.040346372,-0.030588416,0.059466850,0.000000000,0.000000000,0.000000000,0.000000000,0.000000000,0.000000000,0.000000000,0.000000000,0.000000000,0.000000000,0.000000000,0.000000000,0.000000000,0.000000000,0.000000000,0.000000000
0.085488818,-0.509807777,0.788060192,0.789452755,0.091396022,0.009241862,-0.606898429,-0.163474385,0.035231620,0.262313542,0.471707293,-0.457908040,0.036068366,-0.522746677,-0.134589629,-0.122610408,0.594361772,-0.064400446,0.051749751,-0.017948737,0.059418936,0.000000000,0.000000000,0.000000000,0.000000000,0.000000000,0.000000000,0.000000000,0.000000000,0.000000000,0.000000000,0.000000000,0.000000000,0.000000000,0.000000000,0.000000000,0.000000000
0.083791763,-0.491397467,0.778986644,0.788750107,0.094092321,0.012764222,-0.607335969,-0.172628321,0.034199642,0.225430010,0.523302753,-0.472178297,0.022809629,-0.509039635,-0.128728118,-0.149339420,0.483944279,-0.009532203,0.053705279,-0.000455493,0.055141685,0.000000000,0.000000000,0.000000000,0.000000000,0.000000000,0.000000000,0.000000000,0.000000000,0.000000000,0.000000000,0.000000000,0.000000000,0.000000000,0.000000000,0.000000000,0.000000000
0.082085447,-0.468574243,0.774173112,0.789135467,0.094315509,0.012157478,-0.606812983,-0.159933838,0.032031113,0.205507006,0.546361292,-0.480172416,0.009230466,-0.494805987,-0.124625498,-0.181365921,0.400310394,0.037925314,0.056197508,0.019349466,0.061232777,0.000000000,0.000000000,0.000000000,0.000000000,0.000000000,0.000000000,0.000000000,0.000000000,0.000000000,0.000000000,0.000000000,0.000000000,0.000000000,0.000000000,0.000000000,0.000000000
0.079241927,-0.442146619,0.772005578,0.790495049,0.092382123,0.009355272,-0.605388801,-0.127660343,0.028463741,0.194815675,0.542642093,-0.478633061,0.000247705,-0.470381371,-0.122005924,-0.226011959,0.338939459,0.081141293,0.054943014,0.030557307,0.063175455,0.000000000,0.000000000,0.000000000,0.000000000,0.000000000,0.000000000,0.000000000,0.000000000,0.000000000,0.000000000,0.000000000,0.000000000,0.000000000,0.000000000,0.000000000,0.000000000
0.074567316,-0.415379959,0.771739062,0.791240004,0.093260837,0.007239625,-0.604308911,-0.118118492,0.023585938,0.183784260,0.562443362,-0.474372621,0.002475683,-0.455149020,-0.117587725,-0.262666125,0.303837450,0.101285829,0.046777110,0.039596053,0.066686965,0.000000000,0.000000000,0.000000000,0.000000000,0.000000000,0.000000000,0.000000000,0.000000000,0.000000000,0.000000000,0.000000000,0.000000000,0.000000000,0.000000000,0.000000000,0.000000000
0.069836481,-0.392259782,0.770205663,0.791564131,0.096063575,0.004988684,-0.603467588,-0.104156823,0.021575213,0.177124972,0.593490987,-0.464293410,0.004297616,-0.445736185,-0.115266308,-0.299919841,0.279977989,0.116024961,0.043616340,0.052367053,0.066353258,0.000000000,0.000000000,0.000000000,0.000000000,0.000000000,0.000000000,0.000000000,0.000000000,0.000000000,0.000000000,0.000000000,0.000000000,0.000000000,0.000000000,0.000000000,0.000000000
0.062743727,-0.373859733,0.767825105,0.792679895,0.097555871,0.004504803,-0.601765023,-0.110702918,0.024596981,0.170974761,0.655791625,-0.441432060,0.004334505,-0.424886080,-0.115384964,-0.338105469,0.254125459,0.113988977,0.035970948,0.072053463,0.066396813,0.000000000,0.000000000,0.000000000,0.000000000,0.000000000,0.000000000,0.000000000,0.000000000,0.000000000,0.000000000,0.000000000,0.000000000,0.000000000,0.000000000,0.000000000,0.000000000
0.053664897,-0.363158857,0.765173301,0.796194445,0.099242675,0.004771868,-0.596827049,-0.103920682,0.032213485,0.173986838,0.697142767,-0.410467829,0.007605621,-0.397277191,-0.119497268,-0.383504570,0.222888436,0.112594645,0.033391052,0.087567089,0.060636657,0.000000000,0.000000000,0.000000000,0.000000000,0.000000000,0.000000000,0.000000000,0.000000000,0.000000000,0.000000000,0.000000000,0.000000000,0.000000000,0.000000000,0.000000000,0.000000000
0.041848491,-0.357834858,0.758135085,0.802423479,0.093212997,-0.001547152,-0.589428115,-0.111992567,0.039456303,0.173684980,0.757427325,-0.379260066,0.017754645,-0.366417568,-0.124182759,-0.428563019,0.196310894,0.106646584,0.024657247,0.091297767,0.066151378,0.000000000,0.000000000,0.000000000,0.000000000,0.000000000,0.000000000,0.000000000,0.000000000,0.000000000,0.000000000,0.000000000,0.000000000,0.000000000,0.000000000,0.000000000,0.000000000
0.030733957,-0.359132855,0.751838176,0.805852968,0.091487978,-0.005049644,-0.584983285,-0.120777422,0.043977814,0.168212726,0.816892944,-0.349425879,0.034825939,-0.332321826,-0.125241279,-0.463551794,0.183795853,0.084822849,0.013186715,0.101381967,0.062412408,0.000000000,0.000000000,0.000000000,0.000000000,0.000000000,0.000000000,0.000000000,0.000000000,0.000000000,0.000000000,0.000000000,0.000000000,0.000000000,0.000000000,0.000000000,0.000000000
0.022141892,-0.365510761,0.744467184,0.808688309,0.087398693,-0.007368321,-0.581661754,-0.182664059,0.046444128,0.149546634,0.954473937,-0.305465426,0.051880585,-0.287492474,-0.121686877,-0.480089173,0.186666541,0.041210834,-0.004360844,0.124813410,0.053129637,0.000000000,0.000000000,0.000000000,0.000000000,0.000000000,0.000000000,0.000000000,0.000000000,0.000000000,0.000000000,0.000000000,0.000000000,0.000000000,0.000000000,0.000000000,0.000000000
0.016964709,-0.373383420,0.737590399,0.810779092,0.083268353,-0.009116845,-0.579327652,-0.241108884,0.045416620,0.141611925,1.051837628,-0.275017066,0.070637581,-0.246289152,-0.118165103,-0.487656681,0.198488828,-0.001552374,-0.004530358,0.143847256,0.054061099,0.000000000,0.000000000,0.000000000,0.000000000,0.000000000,0.000000000,0.000000000,0.000000000,0.000000000,0.000000000,0.000000000,0.000000000,0.000000000,0.000000000,0.000000000,0.000000000
0.016064372,-0.380329461,0.731974940,0.812519725,0.078318670,-0.010346899,-0.577555906,-0.287380080,0.044088998,0.139809419,1.122745428,-0.256933495,0.088136409,-0.202501327,-0.115276861,-0.494078506,0.202797446,-0.029835296,0.006564026,0.161405704,0.055316962,0.000000000,0.000000000,0.000000000,0.000000000,0.000000000,0.000000000,0.000000000,0.000000000,0.000000000,0.000000000,0.000000000,0.000000000,0.000000000,0.000000000,0.000000000,0.000000000
0.017974911,-0.386915210,0.727642446,0.816304910,0.075481318,-0.010510783,-0.572571731,-0.388009684,0.047380350,0.140699824,1.231585149,-0.254720194,0.103130809,-0.167671671,-0.114437909,-0.492152733,0.209950469,-0.059349072,0.018639907,0.184449813,0.068219867,0.000000000,0.000000000,0.000000000,0.000000000,0.000000000,0.000000000,0.000000000,0.000000000,0.000000000,0.000000000,0.000000000,0.000000000,0.000000000,0.000000000,0.000000000,0.000000000
0.021867937,-0.393969206,0.724079207,0.822467266,0.071595395,-0.004269639,-0.564272511,-0.475701893,0.044872592,0.152017913,1.258232966,-0.251489384,0.122144342,-0.112935178,-0.111040503,-0.500997806,0.201589712,-0.078210698,0.034426522,0.212269098,0.063724672,0.000000000,0.000000000,0.000000000,0.000000000,0.000000000,0.000000000,0.000000000,0.000000000,0.000000000,0.000000000,0.000000000,0.000000000,0.000000000,0.000000000,0.000000000,0.000000000
0.025025798,-0.402750220,0.719727272,0.832330528,0.066704886,0.003681246,-0.550238856,-0.539138567,0.053667314,0.169915579,1.212748680,-0.241881964,0.132293262,-0.073382163,-0.113313418,-0.505612306,0.203017830,-0.094445251,0.052467018,0.219270978,0.062382406,0.000000000,0.000000000,0.000000000,0.000000000,0.000000000,0.000000000,0.000000000,0.000000000,0.000000000,0.000000000,0.000000000,0.000000000,0.000000000,0.000000000,0.000000000,0.000000000
0.028473677,-0.413651731,0.715368592,0.847044275,0.059150510,0.011430599,-0.528097107,-0.567812516,0.057368941,0.189054269,1.128391332,-0.233414963,0.146711841,-0.031016869,-0.114593214,-0.517224351,0.198667342,-0.104727370,0.069151870,0.219119432,0.056787692,0.000000000,0.000000000,0.000000000,0.000000000,0.000000000,0.000000000,0.000000000,0.000000000,0.000000000,0.000000000,0.000000000,0.000000000,0.000000000,0.000000000,0.000000000,0.000000000
0.034246458,-0.424726383,0.707366264,0.864765924,0.048040750,0.007061745,-0.499822083,-0.587716131,0.053302225,0.214734512,1.020074838,-0.224758622,0.161193481,0.010986772,-0.112078444,-0.536796042,0.181260523,-0.112752817,0.084575988,0.221918176,0.078987433,0.000000000,0.000000000,0.000000000,0.000000000,0.000000000,0.000000000,0.000000000,0.000000000,0.000000000,0.000000000,0.000000000,0.000000000,0.000000000,0.000000000,0.000000000,0.000000000
0.043318279,-0.436737110,0.704886975,0.882825470,0.039644953,0.011340553,-0.467887657,-0.591760196,0.042798775,0.256590806,0.858404865,-0.202997129,0.172421844,0.047837998,-0.106982726,-0.563144428,0.161581256,-0.115842430,0.100633383,0.223229251,0.094283852,0.000000000,0.000000000,0.000000000,0.000000000,0.000000000,0.000000000,0.000000000,0.000000000,0.000000000,0.000000000,0.000000000,0.000000000,0.000000000,0.000000000,0.000000000,0.000000000
0.055978677,-0.450033725,0.702244325,0.898824479,0.034691802,0.018301055,-0.436550234,-0.574278466,0.030512460,0.320036014,0.671768806,-0.171567022,0.180498879,0.072918051,-0.101385976,-0.588010524,0.148795067,-0.122148104,0.111868266,0.217136008,0.102836289,0.000000000,0.000000000,0.000000000,0.000000000,0.000000000,0.000000000,0.000000000,0.000000000,0.000000000,0.000000000,0.000000000,0.000000000,0.000000000,0.000000000,0.000000000,0.000000000
0.072295534,-0.465478079,0.699521060,0.911836874,0.030210334,0.027270010,-0.408530535,-0.540554618,0.015229081,0.422272327,0.477542235,-0.137256266,0.188966405,0.104012750,-0.094829425,-0.613752917,0.144693547,-0.127540554,0.120597263,0.207807948,0.100243624,0.000000000,0.000000000,0.000000000,0.000000000,0.000000000,0.000000000,0.000000000,0.000000000,0.000000000,0.000000000,0.000000000,0.000000000,0.000000000,0.000000000,0.000000000,0.000000000
0.090832406,-0.481828271,0.697828279,0.923116750,0.026787083,0.036056851,-0.381887184,-0.516521780,0.008445456,0.588046010,0.322898062,-0.109960359,0.191334187,0.131377817,-0.090610574,-0.628710125,0.149845042,-0.139415035,0.122758963,0.192655873,0.094856715,0.000000000,0.000000000,0.000000000,0.000000000,0.000000000,0.000000000,0.000000000,0.000000000,0.000000000,0.000000000,0.000000000,0.000000000,0.000000000,0.000000000,0.000000000,0.000000000
0.110964062,-0.497155282,0.697167502,0.933736721,0.024518398,0.044476982,-0.354339359,-0.513897774,0.002168299,0.725304714,0.230853762,-0.086491282,0.186549163,0.153635323,-0.088307696,-0.630061637,0.149027923,-0.152230537,0.121477132,0.174882492,0.093863000,0.000000000,0.000000000,0.000000000,0.000000000,0.000000000,0.000000000,0.000000000,0.000000000,0.000000000,0.000000000,0.000000000,0.000000000,0.000000000,0.000000000,0.000000000,0.000000000
0.131715474,-0.510688886,0.697272880,0.942960602,0.020909741,0.050438492,-0.328396171,-0.504353193,-0.006116913,0.791486991,0.188895305,-0.067641825,0.187276904,0.181468593,-0.089560079,-0.628707826,0.155501827,-0.162115620,0.121036033,0.162304563,0.087883659,0.000000000,0.000000000,0.000000000,0.000000000,0.000000000,0.000000000,0.000000000,0.000000000,0.000000000,0.000000000,0.000000000,0.000000000,0.000000000,0.000000000,0.000000000,0.000000000
0.153379779,-0.519159505,0.699789050,0.949877716,0.017182782,0.054178648,-0.307411372,-0.483097761,-0.010647141,0.806477800,0.187926695,-0.055221175,0.190746331,0.210731184,-0.094513717,-0.622057206,0.168309842,-0.169917662,0.123828102,0.156548860,0.079527175,0.000000000,0.000000000,0.000000000,0.000000000,0.000000000,0.000000000,0.000000000,0.000000000,0.000000000,0.000000000,0.000000000,0.000000000,0.000000000,0.000000000,0.000000000,0.000000000
0.176741823,-0.523412527,0.714620321,0.957661509,0.016734481,0.072476748,-0.278121399,-0.436019739,-0.016220646,0.801574279,0.200062969,-0.058037853,0.196736423,0.242867698,-0.104452955,-0.600978781,0.202143684,-0.163400297,0.125066393,0.131797552,0.024384875,0.000000000,0.000000000,0.000000000,0.000000000,0.000000000,0.000000000,0.000000000,0.000000000,0.000000000,0.000000000,0.000000000,0.000000000,0.000000000,0.000000000,0.000000000,0.000000000
0.204160750,-0.518141899,0.737508828,0.967706264,0.039502518,0.094324239,-0.230406325,-0.375336800,-0.026269188,0.798858331,0.196008418,-0.080860831,0.195591305,0.245517556,-0.124454219,-0.518270507,0.294362724,-0.127375168,0.124952267,0.066957225,-0.067746888,0.000000000,0.000000000,0.000000000,0.000000000,0.000000000,0.000000000,0.000000000,0.000000000,0.000000000,0.000000000,0.000000000,0.000000000,0.000000000,0.000000000,0.000000000,0.000000000
0.222892832,-0.511955582,0.738679782,0.970123149,0.042510479,0.082668998,-0.224097684,-0.317970521,-0.034335447,0.780967392,0.189877440,-0.112084056,0.182518727,0.227859417,-0.139794160,-0.420112086,0.403911687,-0.083251792,0.134816969,0.088746191,-0.073947739,0.000000000,0.000000000,0.000000000,0.000000000,0.000000000,0.000000000,0.000000000,0.000000000,0.000000000,0.000000000,0.000000000,0.000000000,0.000000000,0.000000000,0.000000000,0.000000000
0.237778438,-0.502246223,0.736437515,0.973122278,0.045233414,0.064155811,-0.216497117,-0.259805273,-0.043444811,0.758238167,0.178353400,-0.146991168,0.163372273,0.142043661,-0.157619908,-0.322299912,0.586355081,-0.035222622,0.156516177,0.118211351,-0.056970768,0.000000000,0.000000000,0.000000000,0.000000000,0.000000000,0.000000000,0.000000000,0.000000000,0.000000000,0.000000000,0.000000000,0.000000000,0.000000000,0.000000000,0.000000000,0.000000000
0.247079329,-0.487599888,0.735603228,0.978446737,0.045830901,0.043628272,-0.196565727,-0.206157682,-0.048705260,0.714048516,0.171332146,-0.183911690,0.127433206,0.018840625,-0.174278369,-0.248280555,0.767779071,-0.010783138,0.155493822,0.126910921,-0.028379304,0.000000000,0.000000000,0.000000000,0.000000000,0.000000000,0.000000000,0.000000000,0.000000000,0.000000000,0.000000000,0.000000000,0.000000000,0.000000000,0.000000000,0.000000000,0.000000000
0.243724953,-0.469768975,0.734053410,0.984350729,0.041573756,-0.013490006,-0.170714045,-0.169436128,-0.048903908,0.643431499,0.176580573,-0.225939436,0.091764556,-0.126140768,-0.178067906,-0.186464076,0.910982818,-0.026958210,0.125727211,0.134974048,0.097127026,0.000000000,0.000000000,0.000000000,0.000000000,0.000000000,0.000000000,0.000000000,0.000000000,0.000000000,0.000000000,0.000000000,0.000000000,0.000000000,0.000000000,0.000000000,0.000000000
0.228937208,-0.449238810,0.738097976,0.990457536,0.043530183,-0.011269652,-0.130276580,-0.128659817,-0.048429228,0.583137433,0.167879963,-0.247331443,0.055006703,-0.203900582,-0.170651743,-0.155758833,0.952792140,-0.063167218,0.101180928,0.121544346,0.089984085,0.000000000,0.000000000,0.000000000,0.000000000,0.000000000,0.000000000,0.000000000,0.000000000,0.000000000,0.000000000,0.000000000,0.000000000,0.000000000,0.000000000,0.000000000,0.000000000
0.201884633,-0.427436247,0.740612973,0.994975277,0.046950421,-0.011558081,-0.087671359,-0.082054610,-0.050809108,0.523173180,0.141743258,-0.253084868,0.024342347,-0.302869645,-0.157333584,-0.124121425,0.965729042,-0.097938356,0.078070488,0.106276733,0.093653376,0.000000000,0.000000000,0.000000000,0.000000000,0.000000000,0.000000000,0.000000000,0.000000000,0.000000000,0.000000000,0.000000000,0.000000000,0.000000000,0.000000000,0.000000000,0.000000000
0.173448606,-0.409469474,0.741740320,0.997573182,0.051680396,-0.009965404,-0.045580416,-0.040359191,-0.050498472,0.459147135,0.124635136,-0.265087417,-0.002104981,-0.370189304,-0.144613661,-0.103381051,0.933234962,-0.123734319,0.064264793,0.086001699,0.096786178,0.000000000,0.000000000,0.000000000,0.000000000,0.000000000,0.000000000,0.000000000,0.000000000,0.000000000,0.000000000,0.000000000,0.000000000,0.000000000,0.000000000,0.000000000,0.000000000
0.154219604,-0.402341981,0.746959339,0.997657508,0.067536304,0.009905312,0.004497605,-0.010603989,-0.045759475,0.407841317,0.116230856,-0.274438874,-0.032111666,-0.405267319,-0.137660872,-0.088935328,0.841869691,-0.131134220,0.064753660,0.066568234,0.070326801,0.000000000,0.000000000,0.000000000,0.000000000,0.000000000,0.000000000,0.000000000,0.000000000,0.000000000,0.000000000,0.000000000,0.000000000,0.000000000,0.000000000,0.000000000,0.000000000
0.145570142,-0.399114672,0.750249041,0.995727323,0.071857862,0.023415947,0.053058832,0.023182084,-0.035478071,0.378335604,0.128421516,-0.299043184,-0.065882701,-0.418472462,-0.133254010,-0.087934248,0.691462876,-0.107450079,0.070004171,0.060935974,0.055809352,0.000000000,0.000000000,0.000000000,0.000000000,0.000000000,0.000000000,0.000000000,0.000000000,0.000000000,0.000000000,0.000000000,0.000000000,0.000000000,0.000000000,0.000000000,0.000000000
0.144126436,-0.399350995,0.753763852,0.991803932,0.075252470,0.037620672,0.096159821,0.050327809,-0.018158893,0.363375069,0.146257244,-0.317999989,-0.110295512,-0.396623941,-0.137474418,-0.104684093,0.507690556,-0.053159196,0.080938337,0.065573763,0.044335686,0.000000000,0.000000000,0.000000000,0.000000000,0.000000000,0.000000000,0.000000000,0.000000000,0.000000000,0.000000000,0.000000000,0.000000000,0.000000000,0.000000000,0.000000000,0.000000000
0.145349901,-0.399941786,0.757677026,0.987818730,0.074701437,0.052376091,0.126057911,0.069222274,0.001742300,0.354811689,0.166638525,-0.338222267,-0.143701956,-0.375584846,-0.146266718,-0.157943756,0.319662742,0.027106253,0.088343042,0.065941003,0.031237894,0.000000000,0.000000000,0.000000000,0.000000000,0.000000000,0.000000000,0.000000000,0.000000000,0.000000000,0.000000000,0.000000000,0.000000000,0.000000000,0.000000000,0.000000000,0.000000000
0.147977183,-0.396940251,0.756339398,0.985288134,0.072108580,0.053648177,0.145359962,0.089828514,0.020799835,0.342272565,0.179429292,-0.350209085,-0.165968719,-0.369725920,-0.147049784,-0.205443919,0.184339603,0.100058971,0.087631677,0.069768501,0.032399782,0.000000000,0.000000000,0.000000000,0.000000000,0.000000000,0.000000000,0.000000000,0.000000000,0.000000000,0.000000000,0.000000000,0.000000000,0.000000000,0.000000000,0.000000000,0.000000000
0.149410283,-0.389262224,0.754232417,0.983136941,0.066046817,0.058199296,0.160288535,0.119674112,0.038105425,0.332794207,0.190485176,-0.356766587,-0.177817650,-0.368115939,-0.140794548,-0.193565743,0.101218469,0.147614825,0.091170885,0.071436626,0.025780542,0.000000000,0.000000000,0.000000000,0.000000000,0.000000000,0.000000000,0.000000000,0.000000000,0.000000000,0.000000000,0.000000000,0.000000000,0.000000000,0.000000000,0.000000000,0.000000000
0.152499244,-0.377081298,0.757229699,0.980045056,0.064775766,0.081706018,0.169233316,0.140919292,0.053241026,0.329388078,0.212503873,-0.370191226,-0.182452457,-0.362710583,-0.134063053,-0.158299248,0.068583666,0.165526064,0.092386281,0.084266127,-0.008506627,0.000000000,0.000000000,0.000000000,0.000000000,0.000000000,0.000000000,0.000000000,0.000000000,0.000000000,0.000000000,0.000000000,0.000000000,0.000000000,0.000000000,0.000000000,0.000000000
0.160504633,-0.364652882,0.762237600,0.976197140,0.063097714,0.106784982,0.177917932,0.149708679,0.073842724,0.335473507,0.259244228,-0.377633957,-0.187125400,-0.339638971,-0.131051660,-0.180277122,0.078830094,0.165026502,0.079457586,0.092649313,-0.055564973,0.000000000,0.000000000,0.000000000,0.000000000,0.000000000,0.000000000,0.000000000,0.000000000,0.000000000,0.000000000,0.000000000,0.000000000,0.000000000,0.000000000,0.000000000,0.000000000
0.172313665,-0.361132199,0.772860069,0.971679205,0.052693843,0.124849909,0.193585592,0.122203618,0.099410689,0.281857243,0.383546207,-0.364640050,-0.141438060,-0.276563572,-0.125869207,-0.222952664,0.095010976,0.147883004,0.061158359,0.083602558,-0.116981043,0.000000000,0.000000000,0.000000000,0.000000000,0.000000000,0.000000000,0.000000000,0.000000000,0.000000000,0.000000000,0.000000000,0.000000000,0.000000000,0.000000000,0.000000000,0.000000000
0.182921619,-0.364646121,0.768349399,0.971145094,0.032139837,0.113699524,0.207163355,-0.014995732,0.112246768,0.146825690,0.664196224,-0.293982486,-0.044664654,-0.205008177,-0.117798283,-0.276899883,0.104623042,0.091876928,0.038858888,0.073510072,-0.115051367,0.000000000,0.000000000,0.000000000,0.000000000,0.000000000,0.000000000,0.000000000,0.000000000,0.000000000,0.000000000,0.000000000,0.000000000,0.000000000,0.000000000,0.000000000,0.000000000
0.187960096,-0.366325700,0.761228139,0.968670319,0.029225192,0.095817010,0.227250528,-0.151659190,0.115540128,0.110589160,0.904054091,-0.234913195,0.020596682,-0.148846274,-0.108596919,-0.331242418,0.109549351,0.028681110,0.038301152,0.040251736,-0.073762928,0.000000000,0.000000000,0.000000000,0.000000000,0.000000000,0.000000000,0.000000000,0.000000000,0.000000000,0.000000000,0.000000000,0.000000000,0.000000000,0.000000000,0.000000000,0.000000000
0.183012722,-0.357821020,0.753886521,0.965817831,0.035270935,0.076337176,0.245203006,-0.269029675,0.110395451,0.109529771,1.048238711,-0.237459540,0.073659371,-0.095239264,-0.098261740,-0.369936566,0.102795471,-0.012581392,0.048339998,0.032781582,-0.027666762,0.000000000,0.000000000,0.000000000,0.000000000,0.000000000,0.000000000,0.000000000,0.000000000,0.000000000,0.000000000,0.000000000,0.000000000,0.000000000,0.000000000,0.000000000,0.000000000
0.170148674,-0.347610006,0.746574166,0.962982779,0.039471423,0.059365234,0.259965272,-0.366942795,0.107138491,0.130049082,1.109890381,-0.264019168,0.113867984,-0.042262415,-0.091463444,-0.387479587,0.089353195,-0.038790732,0.062105624,0.024753758,0.017423186,0.000000000,0.000000000,0.000000000,0.000000000,0.000000000,0.000000000,0.000000000,0.000000000,0.000000000,0.000000000,0.000000000,0.000000000,0.000000000,0.000000000,0.000000000,0.000000000
0.150679811,-0.335062072,0.740915266,0.960565422,0.040174436,0.044309814,0.271545070,-0.451210849,0.108932440,0.159212339,1.122263895,-0.279315864,0.139238485,0.009563320,-0.086688211,-0.387828218,0.067860010,-0.049599066,0.075948411,0.017200346,0.051361458,0.000000000,0.000000000,0.000000000,0.000000000,0.000000000,0.000000000,0.000000000,0.000000000,0.000000000,0.000000000,0.000000000,0.000000000,0.000000000,0.000000000,0.000000000,0.000000000
0.131877504,-0.333559661,0.735483463,0.958085817,0.039118850,0.030374237,0.282167839,-0.521762475,0.110498481,0.188704666,1.106419975,-0.278454567,0.153898552,0.047333651,-0.089782533,-0.411469236,0.066666800,-0.062769200,0.082624284,0.008553397,0.082619584,0.000000000,0.000000000,0.000000000,0.000000000,0.000000000,0.000000000,0.000000000,0.000000000,0.000000000,0.000000000,0.000000000,0.000000000,0.000000000,0.000000000,0.000000000,0.000000000
0.116052787,-0.340151780,0.725983705,0.955238990,0.042965299,0.002082531,0.292691164,-0.528232131,0.100713259,0.238743268,0.913167722,-0.243627970,0.161049706,0.097243709,-0.091855274,-0.414162787,0.048255594,-0.059965466,0.097149065,-0.012346128,0.149781716,0.000000000,0.000000000,0.000000000,0.000000000,0.000000000,0.000000000,0.000000000,0.000000000,0.000000000,0.000000000,0.000000000,0.000000000,0.000000000,0.000000000,0.000000000,0.000000000
0.110266273,-0.337035379,0.720746770,0.950387828,0.039816382,-0.002854319,0.308495519,-0.474197747,0.072925915,0.361750623,0.599647444,-0.191139307,0.163144968,0.151554571,-0.091085755,-0.417452165,0.036049167,-0.074621460,0.112947362,-0.024411543,0.171159196,0.000000000,0.000000000,0.000000000,0.000000000,0.000000000,0.000000000,0.000000000,0.000000000,0.000000000,0.000000000,0.000000000,0.000000000,0.000000000,0.000000000,0.000000000,0.000000000
0.115087962,-0.326584774,0.715536169,0.945470884,0.039715434,-0.001832455,0.323270991,-0.457248257,0.059304423,0.523414434,0.400978546,-0.152581353,0.159422654,0.187002242,-0.094796433,-0.428062960,0.057608419,-0.109223590,0.106067897,-0.037560557,0.180649376,0.000000000,0.000000000,0.000000000,0.000000000,0.000000000,0.000000000,0.000000000,0.000000000,0.000000000,0.000000000,0.000000000,0.000000000,0.000000000,0.000000000,0.000000000,0.000000000
0.126379531,-0.310133658,0.709016798,0.942497107,0.037357288,-0.000309439,0.332119768,-0.478419770,0.049083359,0.648869434,0.298576256,-0.128307450,0.153866613,0.214905809,-0.100844798,-0.443547341,0.082346590,-0.132322625,0.095469001,-0.042555511,0.190905082,0.000000000,0.000000000,0.000000000,0.000000000,0.000000000,0.000000000,0.000000000,0.000000000,0.000000000,0.000000000,0.000000000,0.000000000,0.000000000,0.000000000,0.000000000,0.000000000
0.140401344,-0.291932235,0.702475324,0.941903316,0.034497503,-0.001445667,0.334104738,-0.527374542,0.050498350,0.706271096,0.249975859,-0.098434675,0.153426947,0.243674754,-0.112917640,-0.452349241,0.112648337,-0.152959973,0.088175639,-0.044893037,0.198030073,0.000000000,0.000000000,0.000000000,0.000000000,0.000000000,0.000000000,0.000000000,0.000000000,0.000000000,0.000000000,0.000000000,0.000000000,0.000000000,0.000000000,0.000000000,0.000000000
0.152255870,-0.277369226,0.694197837,0.946332721,0.032490809,-0.012435736,0.321316169,-0.579986854,0.050858350,0.743171956,0.224459783,-0.072489132,0.158084703,0.263519989,-0.126862552,-0.448287335,0.157689962,-0.173359220,0.080017306,-0.011889869,0.227835393,0.000000000,0.000000000,0.000000000,0.000000000,0.000000000,0.000000000,0.000000000,0.000000000,0.000000000,0.000000000,0.000000000,0.000000000,0.000000000,0.000000000,0.000000000,0.000000000
0.161446392,-0.268052871,0.688887938,0.946638205,0.034551549,-0.016896002,0.319995039,-0.628693835,0.047046260,0.773643038,0.213498444,-0.051424040,0.163580663,0.280216587,-0.134603977,-0.420025123,0.198647487,-0.189002878,0.069377703,0.002957635,0.238329847,0.000000000,0.000000000,0.000000000,0.000000000,0.000000000,0.000000000,0.000000000,0.000000000,0.000000000,0.000000000,0.000000000,0.000000000,0.000000000,0.000000000,0.000000000,0.000000000
0.167620877,-0.266127286,0.697544674,0.937035293,0.030663710,-0.006622198,0.347822862,-0.657538841,0.044753841,0.804046900,0.209491791,-0.034235363,0.167950866,0.291796690,-0.140414871,-0.392130148,0.239467464,-0.202605153,0.064094232,-0.050182174,0.210701318,0.000000000,0.000000000,0.000000000,0.000000000,0.000000000,0.000000000,0.000000000,0.000000000,0.000000000,0.000000000,0.000000000,0.000000000,0.000000000,0.000000000,0.000000000,0.000000000
0.174086773,-0.258020220,0.716658929,0.912768203,0.033082887,0.037414253,0.405413250,-0.674074146,0.047016388,0.795189005,0.225906383,-0.019621630,0.173050406,0.293469036,-0.146454463,-0.361784741,0.291872129,-0.215457753,0.059172385,-0.179825010,0.109261400,0.000000000,0.000000000,0.000000000,0.000000000,0.000000000,0.000000000,0.000000000,0.000000000,0.000000000,0.000000000,0.000000000,0.000000000,0.000000000,0.000000000,0.000000000,0.000000000
0.176297142,-0.244717908,0.714320849,0.918766356,0.033158765,0.048318842,0.390428186,-0.672598397,0.055527157,0.743788152,0.266186799,-0.009531822,0.175401088,0.293350230,-0.155074181,-0.328722373,0.351529291,-0.228548538,0.057962351,-0.143811724,0.083013798,0.000000000,0.000000000,0.000000000,0.000000000,0.000000000,0.000000000,0.000000000,0.000000000,0.000000000,0.000000000,0.000000000,0.000000000,0.000000000,0.000000000,0.000000000,0.000000000
0.176274444,-0.228270597,0.705621094,0.928726542,0.028886804,0.052542793,0.365884979,-0.693114179,0.064048584,0.603247272,0.357582677,-0.013463409,0.173554393,0.272914936,-0.164311660,-0.281070062,0.447948629,-0.235677556,0.053874591,-0.107264405,0.065074003,0.000000000,0.000000000,0.000000000,0.000000000,0.000000000,0.000000000,0.000000000,0.000000000,0.000000000,0.000000000,0.000000000,0.000000000,0.000000000,0.000000000,0.000000000,0.000000000
0.176563484,-0.216914418,0.693849859,0.936776726,0.031006071,0.045331036,0.345590922,-0.764271399,0.067129145,0.425936811,0.506635508,-0.040492476,0.168971789,0.204525267,-0.176324555,-0.234459396,0.595039052,-0.240945524,0.050635042,-0.083597655,0.084381624,0.000000000,0.000000000,0.000000000,0.000000000,0.000000000,0.000000000,0.000000000,0.000000000,0.000000000,0.000000000,0.000000000,0.000000000,0.000000000,0.000000000,0.000000000,0.000000000
0.183131124,-0.207973483,0.681590859,0.946807916,0.035695340,0.033836284,0.318018426,-0.866214886,0.072937525,0.299648510,0.725652786,-0.106157599,0.176391165,0.128252392,-0.184922171,-0.196816947,0.736302006,-0.263054590,0.043263458,-0.053258166,0.117160291,0.000000000,0.000000000,0.000000000,0.000000000,0.000000000,0.000000000,0.000000000,0.000000000,0.000000000,0.000000000,0.000000000,0.000000000,0.000000000,0.000000000,0.000000000,0.000000000
0.188514435,-0.205737810,0.666633235,0.954596155,0.042128752,0.021386349,0.294132579,-0.985550733,0.080518383,0.241583793,0.916336712,-0.153534124,0.182910449,0.039301914,-0.189786726,-0.163299982,0.865234375,-0.303691963,0.031949296,-0.020334717,0.172144965,0.000000000,0.000000000,0.000000000,0.000000000,0.000000000,0.000000000,0.000000000,0.000000000,0.000000000,0.000000000,0.000000000,0.000000000,0.000000000,0.000000000,0.000000000,0.000000000
0.182422477,-0.212001249,0.651304982,0.958448211,0.048478445,0.010002708,0.280939163,-1.080571380,0.091635779,0.217652955,1.038887588,-0.173418693,0.176590017,-0.011623918,-0.191948254,-0.144661496,0.931710992,-0.350314722,0.024825338,-0.007723489,0.219321778,0.000000000,0.000000000,0.000000000,0.000000000,0.000000000,0.000000000,0.000000000,0.000000000,0.000000000,0.000000000,0.000000000,0.000000000,0.000000000,0.000000000,0.000000000,0.000000000
0.157272648,-0.229469717,0.639198385,0.958905870,0.055912430,0.008146083,0.278041318,-1.134789507,0.101348078,0.216238642,1.074662212,-0.164404862,0.165301714,-0.038066868,-0.197611559,-0.132946611,0.970287846,-0.388131781,0.026885840,0.005310166,0.238140684,0.000000000,0.000000000,0.000000000,0.000000000,0.000000000,0.000000000,0.000000000,0.000000000,0.000000000,0.000000000,0.000000000,0.000000000,0.000000000,0.000000000,0.000000000,0.000000000
0.123566303,-0.254657490,0.631937569,0.958336930,0.059185526,0.010554187,0.279241850,-1.197150766,0.109538496,0.218379131,1.103111161,-0.154455474,0.155586830,-0.066720366,-0.201327916,-0.120595304,1.003300219,-0.420034011,0.019118660,0.019157672,0.259525325,0.000000000,0.000000000,0.000000000,0.000000000,0.000000000,0.000000000,0.000000000,0.000000000,0.000000000,0.000000000,0.000000000,0.000000000,0.000000000,0.000000000,0.000000000,0.000000000
0.095844962,-0.278070838,0.624631729,0.958516751,0.064079200,0.008613292,0.277606385,-1.268375874,0.117512292,0.215348361,1.163962729,-0.153374502,0.144525560,-0.092038174,-0.207114727,-0.107186683,1.045557140,-0.448240006,0.014581495,0.020430305,0.289537744,0.000000000,0.000000000,0.000000000,0.000000000,0.000000000,0.000000000,0.000000000,0.000000000,0.000000000,0.000000000,0.000000000,0.000000000,0.000000000,0.000000000,0.000000000,0.000000000
0.072688517,-0.301435908,0.623349184,0.958259964,0.069983341,0.011640175,0.276956096,-1.339330464,0.125738660,0.211487560,1.232953402,-0.159812552,0.132660277,-0.110338524,-0.215804258,-0.097016922,1.081074949,-0.473605676,0.018216084,0.022466879,0.307665916,0.000000000,0.000000000,0.000000000,0.000000000,0.000000000,0.000000000,0.000000000,0.000000000,0.000000000,0.000000000,0.000000000,0.000000000,0.000000000,0.000000000,0.000000000,0.000000000
0.055657083,-0.323002181,0.626994189,0.957881825,0.075702084,0.008186846,0.276883693,-1.403837454,0.131543189,0.207650740,1.307876103,-0.172734704,0.124258926,-0.113982699,-0.224917298,-0.086433679,1.119437626,-0.494591455,0.024778470,0.018998008,0.325567456,0.000000000,0.000000000,0.000000000,0.000000000,0.000000000,0.000000000,0.000000000,0.000000000,0.000000000,0.000000000,0.000000000,0.000000000,0.000000000,0.000000000,0.000000000,0.000000000
0.042153990,-0.342886545,0.634679546,0.957894846,0.080263238,0.005158379,0.275624143,-1.466565757,0.136077225,0.202705133,1.387883760,-0.194792939,0.119215200,-0.122668085,-0.234540021,-0.077099901,1.163292893,-0.513467408,0.035323085,0.011356355,0.343662677,0.000000000,0.000000000,0.000000000,0.000000000,0.000000000,0.000000000,0.000000000,0.000000000,0.000000000,0.000000000,0.000000000,0.000000000,0.000000000,0.000000000,0.000000000,0.000000000
0.033700597,-0.358379262,0.640850456,0.957989400,0.084180103,0.002859406,0.274156604,-1.509764872,0.139580221,0.199224708,1.438948893,-0.210122044,0.112180269,-0.122415343,-0.244247549,-0.069254245,1.203336410,-0.523242622,0.049490761,0.003978421,0.354902636,0.000000000,0.000000000,0.000000000,0.000000000,0.000000000,0.000000000,0.000000000,0.000000000,0.000000000,0.000000000,0.000000000,0.000000000,0.000000000,0.000000000,0.000000000,0.000000000
0.030910068,-0.366576002,0.643757312,0.957893426,0.085904509,0.002803441,0.273957553,-1.534231374,0.140910588,0.196246862,1.454908941,-0.216850696,0.105290448,-0.122033252,-0.252689616,-0.061488770,1.233489074,-0.526969471,0.062879406,-0.002144610,0.367469646,0.000000000,0.000000000,0.000000000,0.000000000,0.000000000,0.000000000,0.000000000,0.000000000,0.000000000,0.000000000,0.000000000,0.000000000,0.000000000,0.000000000,0.000000000,0.000000000
0.033923887,-0.366247181,0.644238271,0.958616514,0.084759261,0.005089686,0.271743154,-1.553972969,0.139982493,0.192023800,1.460057610,-0.220132697,0.102064117,-0.118171383,-0.259454890,-0.053923162,1.252218805,-0.528887073,0.073346132,-0.004975671,0.374390224,0.000000000,0.000000000,0.000000000,0.000000000,0.000000000,0.000000000,0.000000000,0.000000000,0.000000000,0.000000000,0.000000000,0.000000000,0.000000000,0.000000000,0.000000000,0.000000000
0.041232844,-0.361650694,0.642588095,0.959863853,0.081007829,0.009031321,0.268360860,-1.578052996,0.138372966,0.185062223,1.469140919,-0.221487606,0.101393554,-0.121115976,-0.265018069,-0.046373424,1.276154851,-0.531131802,0.076699690,-0.002866662,0.380384313,0.000000000,0.000000000,0.000000000,0.000000000,0.000000000,0.000000000,0.000000000,0.000000000,0.000000000,0.000000000,0.000000000,0.000000000,0.000000000,0.000000000,0.000000000,0.000000000
0.046838571,-0.358649915,0.642683654,0.961137924,0.079205662,0.011510020,0.264211795,-1.576021365,0.135640842,0.177564857,1.465649025,-0.224856469,0.099598262,-0.109405129,-0.268708822,-0.042757227,1.280084189,-0.530836229,0.080379142,-0.001786394,0.377289667,0.000000000,0.000000000,0.000000000,0.000000000,0.000000000,0.000000000,0.000000000,0.000000000,0.000000000,0.000000000,0.000000000,0.000000000,0.000000000,0.000000000,0.000000000,0.000000000
0.049907747,-0.357201296,0.643887706,0.961867982,0.075941673,0.013339410,0.262421242,-1.562670636,0.134650576,0.171368485,1.447208282,-0.220458929,0.096658992,-0.094677957,-0.272372372,-0.043257425,1.270384216,-0.526202498,0.082349060,0.003399936,0.372207041,0.000000000,0.000000000,0.000000000,0.000000000,0.000000000,0.000000000,0.000000000,0.000000000,0.000000000,0.000000000,0.000000000,0.000000000,0.000000000,0.000000000,0.000000000,0.000000000
0.050941060,-0.358004937,0.646842230,0.963421364,0.071131979,0.014633608,0.257963903,-1.547476972,0.134786237,0.164853616,1.435856933,-0.215338316,0.095559395,-0.077916498,-0.274222543,-0.044684556,1.256948411,-0.522736016,0.078114077,0.009113244,0.365219642,0.000000000,0.000000000,0.000000000,0.000000000,0.000000000,0.000000000,0.000000000,0.000000000,0.000000000,0.000000000,0.000000000,0.000000000,0.000000000,0.000000000,0.000000000,0.000000000
0.046557842,-0.361919710,0.649767359,0.965174999,0.066080190,0.016566756,0.252579040,-1.521257439,0.133492959,0.157868159,1.415499324,-0.212295096,0.093134132,-0.066516344,-0.274592752,-0.048410522,1.239268989,-0.516311125,0.072402600,0.011594875,0.358873441,0.000000000,0.000000000,0.000000000,0.000000000,0.000000000,0.000000000,0.000000000,0.000000000,0.000000000,0.000000000,0.000000000,0.000000000,0.000000000,0.000000000,0.000000000,0.000000000
0.035540083,-0.369240171,0.654075020,0.967152720,0.060442576,0.017714953,0.246269143,-1.510410823,0.131235427,0.152834255,1.398866985,-0.212661392,0.091068397,-0.063226709,-0.271689060,-0.054505560,1.210466832,-0.511679742,0.064409485,0.021866991,0.364366041,0.000000000,0.000000000,0.000000000,0.000000000,0.000000000,0.000000000,0.000000000,0.000000000,0.000000000,0.000000000,0.000000000,0.000000000,0.000000000,0.000000000,0.000000000,0.000000000
0.026844228,-0.376470603,0.660412235,0.968864919,0.056843512,0.020136574,0.240133508,-1.485330930,0.129114634,0.151859699,1.365731555,-0.208730053,0.087438454,-0.056446837,-0.266800965,-0.062140428,1.164981201,-0.503329025,0.055769707,0.031468045,0.362214405,0.000000000,0.000000000,0.000000000,0.000000000,0.000000000,0.000000000,0.000000000,0.000000000,0.000000000,0.000000000,0.000000000,0.000000000,0.000000000,0.000000000,0.000000000,0.000000000
0.021973548,-0.381401882,0.669923569,0.970609249,0.051175529,0.024884919,0.233836463,-1.447877693,0.125139910,0.152551908,1.327104917,-0.208294078,0.084055992,-0.036469398,-0.260412628,-0.074648660,1.091332648,-0.487024788,0.050231471,0.038880799,0.354327525,0.000000000,0.000000000,0.000000000,0.000000000,0.000000000,0.000000000,0.000000000,0.000000000,0.000000000,0.000000000,0.000000000,0.000000000,0.000000000,0.000000000,0.000000000,0.000000000
0.020360205,-0.383817240,0.681429912,0.973363299,0.046838215,0.026965902,0.222806890,-1.399220372,0.120420351,0.156605771,1.274153717,-0.206237665,0.081435175,-0.011982324,-0.254273783,-0.090988107,0.993025018,-0.461959429,0.049446953,0.057486243,0.356979244,0.000000000,0.000000000,0.000000000,0.000000000,0.000000000,0.000000000,0.000000000,0.000000000,0.000000000,0.000000000,0.000000000,0.000000000,0.000000000,0.000000000,0.000000000,0.000000000
0.019614190,-0.385310162,0.696984825,0.975102038,0.041176774,0.035951211,0.214913932,-1.338335134,0.118756482,0.166996971,1.191773181,-0.193118584,0.074247405,0.003297474,-0.249017931,-0.108591931,0.888827449,-0.429112732,0.046615079,0.067416393,0.350131555,0.000000000,0.000000000,0.000000000,0.000000000,0.000000000,0.000000000,0.000000000,0.000000000,0.000000000,0.000000000,0.000000000,0.000000000,0.000000000,0.000000000,0.000000000,0.000000000
0.014983853,-0.388215819,0.715653806,0.976919472,0.033448204,0.046879929,0.205698408,-1.259503765,0.116952974,0.180612880,1.089522107,-0.178004000,0.072476698,0.014639906,-0.243209135,-0.128786367,0.784931139,-0.388638475,0.047099705,0.068489976,0.335087164,0.000000000,0.000000000,0.000000000,0.000000000,0.000000000,0.000000000,0.000000000,0.000000000,0.000000000,0.000000000,0.000000000,0.000000000,0.000000000,0.000000000,0.000000000,0.000000000
0.009262636,-0.389593538,0.735177522,0.978117059,0.024325974,0.060751081,0.197495752,-1.155690534,0.114002815,0.199218012,0.970748406,-0.166639090,0.071542540,0.028115294,-0.234098881,-0.151683202,0.673836644,-0.338325601,0.049117469,0.062004640,0.305340603,0.000000000,0.000000000,0.000000000,0.000000000,0.000000000,0.000000000,0.000000000,0.000000000,0.000000000,0.000000000,0.000000000,0.000000000,0.000000000,0.000000000,0.000000000,0.000000000
0.007481772,-0.389159144,0.751762953,0.977502431,0.018964302,0.074926117,0.196253486,-1.046920620,0.109543555,0.227098435,0.845315231,-0.150223277,0.071194998,0.057781009,-0.225710083,-0.182193200,0.575360190,-0.283472116,0.061131305,0.080496370,0.260429795,0.000000000,0.000000000,0.000000000,0.000000000,0.000000000,0.000000000,0.000000000,0.000000000,0.000000000,0.000000000,0.000000000,0.000000000,0.000000000,0.000000000,0.000000000,0.000000000
0.010198787,-0.386836913,0.766623945,0.973774822,0.014299362,0.100228103,0.203746049,-0.944043035,0.100601657,0.257221195,0.730612665,-0.133211307,0.082586921,0.047215246,-0.222713822,-0.199388615,0.548406895,-0.239347680,0.074359742,0.078926915,0.195832344,0.000000000,0.000000000,0.000000000,0.000000000,0.000000000,0.000000000,0.000000000,0.000000000,0.000000000,0.000000000,0.000000000,0.000000000,0.000000000,0.000000000,0.000000000,0.000000000
0.018201177,-0.376338373,0.776435928,0.966337103,0.012071896,0.138227988,0.216656169,-0.821519754,0.092850819,0.298446791,0.624424458,-0.131669245,0.096729663,0.029267445,-0.231032016,-0.201955990,0.568982827,-0.196527923,0.092616036,0.066420268,0.087887842,0.000000000,0.000000000,0.000000000,0.000000000,0.000000000,0.000000000,0.000000000,0.000000000,0.000000000,0.000000000,0.000000000,0.000000000,0.000000000,0.000000000,0.000000000,0.000000000
0.036613948,-0.357036143,0.780702077,0.958765955,0.021552668,0.146900529,0.242329446,-0.676483857,0.078824192,0.355288233,0.514784146,-0.148559600,0.116121964,-0.026009914,-0.235623655,-0.169042348,0.682612138,-0.164297141,0.099651490,0.029244654,0.037764625,0.000000000,0.000000000,0.000000000,0.000000000,0.000000000,0.000000000,0.000000000,0.000000000,0.000000000,0.000000000,0.000000000,0.000000000,0.000000000,0.000000000,0.000000000,0.000000000
0.062997703,-0.331321568,0.782422042,0.949472612,0.029884152,0.146653315,0.275865006,-0.538991114,0.060099527,0.407834902,0.436891031,-0.187756497,0.129874930,-0.113615847,-0.229467067,-0.127468125,0.826068285,-0.141582184,0.097308546,-0.009323803,0.003519267,0.000000000,0.000000000,0.000000000,0.000000000,0.000000000,0.000000000,0.000000000,0.000000000,0.000000000,0.000000000,0.000000000,0.000000000,0.000000000,0.000000000,0.000000000,0.000000000
0.087091784,-0.305258071,0.780689942,0.937400146,0.038606800,0.142947056,0.315208853,-0.430053509,0.043935633,0.464386955,0.376778863,-0.227502981,0.124725828,-0.206424176,-0.211182134,-0.089433994,0.976161562,-0.142719419,0.092745320,-0.056576108,-0.013562165,0.000000000,0.000000000,0.000000000,0.000000000,0.000000000,0.000000000,0.000000000,0.000000000,0.000000000,0.000000000,0.000000000,0.000000000,0.000000000,0.000000000,0.000000000,0.000000000
0.102096953,-0.282998753,0.776775074,0.924859225,0.047410664,0.133078381,0.353097419,-0.330535093,0.029538785,0.486800839,0.351584959,-0.289148590,0.107995320,-0.345271095,-0.188850821,-0.059889718,1.086266368,-0.154709042,0.073168921,-0.115491142,-0.019538115,0.000000000,0.000000000,0.000000000,0.000000000,0.000000000,0.000000000,0.000000000,0.000000000,0.000000000,0.000000000,0.000000000,0.000000000,0.000000000,0.000000000,0.000000000,0.000000000
0.110373028,-0.265815364,0.771047375,0.913058536,0.051103657,0.124589513,0.384954517,-0.246326669,0.027021974,0.485369468,0.345965527,-0.348864363,0.069825494,-0.472017709,-0.179892526,-0.050588701,1.175278950,-0.176362838,0.060216067,-0.176586387,-0.024144799,0.000000000,0.000000000,0.000000000,0.000000000,0.000000000,0.000000000,0.000000000,0.000000000,0.000000000,0.000000000,0.000000000,0.000000000,0.000000000,0.000000000,0.000000000,0.000000000
0.116540352,-0.255002703,0.763500498,0.903755392,0.053952723,0.117381183,0.408089394,-0.171040295,0.030629632,0.453801516,0.355658463,-0.398266714,0.033455863,-0.600531820,-0.169787520,-0.050435110,1.196244029,-0.189838805,0.047116982,-0.211830689,-0.029673387,0.000000000,0.000000000,0.000000000,0.000000000,0.000000000,0.000000000,0.000000000,0.000000000,0.000000000,0.000000000,0.000000000,0.000000000,0.000000000,0.000000000,0.000000000,0.000000000
0.122521547,-0.248478867,0.754890072,0.896852503,0.053335011,0.118903565,0.422697180,-0.094410503,0.036778699,0.425798358,0.363469860,-0.430341995,-0.005243905,-0.680508557,-0.161332855,-0.064894074,1.107107712,-0.179884664,0.046128394,-0.230715694,-0.052629352,0.000000000,0.000000000,0.000000000,0.000000000,0.000000000,0.000000000,0.000000000,0.000000000,0.000000000,0.000000000,0.000000000,0.000000000,0.000000000,0.000000000,0.000000000,0.000000000
0.125489713,-0.244074674,0.747017899,0.893644583,0.050383493,0.126113782,0.427733770,-0.011607911,0.047060542,0.439229060,0.345509897,-0.433840191,-0.061265381,-0.692528938,-0.161197302,-0.114321105,0.831259817,-0.125292537,0.062176577,-0.211159593,-0.077517058,0.000000000,0.000000000,0.000000000,0.000000000,0.000000000,0.000000000,0.000000000,0.000000000,0.000000000,0.000000000,0.000000000,0.000000000,0.000000000,0.000000000,0.000000000,0.000000000
0.124859886,-0.244734996,0.740053013,0.894899832,0.044350281,0.132903595,0.423702701,0.060985027,0.060751089,0.443392309,0.336945735,-0.440473606,-0.106955625,-0.678845657,-0.165528441,-0.183937147,0.550132691,-0.041290241,0.072510101,-0.177237349,-0.102127968,0.000000000,0.000000000,0.000000000,0.000000000,0.000000000,0.000000000,0.000000000,0.000000000,0.000000000,0.000000000,0.000000000,0.000000000,0.000000000,0.000000000,0.000000000,0.000000000
0.118199206,-0.252079836,0.733366729,0.898065259,0.040665358,0.132303923,0.417517413,0.126153955,0.076258063,0.440122299,0.330232544,-0.450012511,-0.136539058,-0.650916450,-0.174959834,-0.304363735,0.319233127,0.052431722,0.064528222,-0.136664763,-0.114940734,0.000000000,0.000000000,0.000000000,0.000000000,0.000000000,0.000000000,0.000000000,0.000000000,0.000000000,0.000000000,0.000000000,0.000000000,0.000000000,0.000000000,0.000000000,0.000000000
0.109048380,-0.260554292,0.728062026,0.902786043,0.039335345,0.131238153,0.407684485,0.171521677,0.094021565,0.442114336,0.332231789,-0.456680443,-0.153403949,-0.641083507,-0.175838193,-0.392984962,0.198880869,0.108734491,0.041477901,-0.099308736,-0.120422119,0.000000000,0.000000000,0.000000000,0.000000000,0.000000000,0.000000000,0.000000000,0.000000000,0.000000000,0.000000000,0.000000000,0.000000000,0.000000000,0.000000000,0.000000000,0.000000000
0.102404408,-0.266247712,0.723015276,0.907256646,0.040873372,0.128730460,0.398300408,0.208202402,0.110855710,0.444189844,0.337952098,-0.454377459,-0.157898738,-0.643065148,-0.172948717,-0.406633531,0.157301577,0.133481311,0.025869385,-0.072013701,-0.125396093,0.000000000,0.000000000,0.000000000,0.000000000,0.000000000,0.000000000,0.000000000,0.000000000,0.000000000,0.000000000,0.000000000,0.000000000,0.000000000,0.000000000,0.000000000,0.000000000
0.100144879,-0.268722230,0.721905312,0.909472468,0.041785779,0.130475452,0.392542908,0.231194664,0.127966262,0.397128090,0.374000206,-0.460364882,-0.140823731,-0.644920364,-0.177669223,-0.385823077,0.180690086,0.139791173,0.007096747,-0.050055005,-0.144603310,0.000000000,0.000000000,0.000000000,0.000000000,0.000000000,0.000000000,0.000000000,0.000000000,0.000000000,0.000000000,0.000000000,0.000000000,0.000000000,0.000000000,0.000000000,0.000000000
0.102063685,-0.268707967,0.720238186,0.909823535,0.042362927,0.123370403,0.393962260,0.262203917,0.144030210,0.341827044,0.408782117,-0.452293136,-0.113021448,-0.632627725,-0.181870343,-0.331552403,0.250956510,0.121213705,-0.000009233,-0.041649154,-0.148532359,0.000000000,0.000000000,0.000000000,0.000000000,0.000000000,0.000000000,0.000000000,0.000000000,0.000000000,0.000000000,0.000000000,0.000000000,0.000000000,0.000000000,0.000000000,0.000000000
0.102100218,-0.270287788,0.719073492,0.911158085,0.046106338,0.110174862,0.394368673,0.278884137,0.158403527,0.280740524,0.456046000,-0.428481988,-0.072487215,-0.601882079,-0.187157147,-0.287662901,0.313012808,0.093718382,0.003977592,-0.021699961,-0.128686106,0.000000000,0.000000000,0.000000000,0.000000000,0.000000000,0.000000000,0.000000000,0.000000000,0.000000000,0.000000000,0.000000000,0.000000000,0.000000000,0.000000000,0.000000000,0.000000000
0.098302971,-0.271564308,0.716029134,0.911968159,0.052280323,0.095699489,0.395502785,0.266889686,0.167820503,0.213148391,0.535088679,-0.399777456,-0.018690167,-0.580600634,-0.186780399,-0.242646149,0.388913592,0.053977005,0.006848361,-0.013494467,-0.100357326,0.000000000,0.000000000,0.000000000,0.000000000,0.000000000,0.000000000,0.000000000,0.000000000,0.000000000,0.000000000,0.000000000,0.000000000,0.000000000,0.000000000,0.000000000,0.000000000
0.097853284,-0.265163308,0.712410957,0.911621974,0.061018460,0.087825210,0.396873854,0.250792041,0.173995614,0.176080480,0.592202062,-0.386419690,0.019536147,-0.581710377,-0.185444328,-0.205425437,0.469912849,0.005744156,0.010576548,-0.018569730,-0.069601317,0.000000000,0.000000000,0.000000000,0.000000000,0.000000000,0.000000000,0.000000000,0.000000000,0.000000000,0.000000000,0.000000000,0.000000000,0.000000000,0.000000000,0.000000000,0.000000000
0.096756079,-0.268622650,0.707157403,0.911792622,0.070446261,0.081296859,0.396310939,0.230090991,0.179550544,0.150415862,0.658557087,-0.386652444,0.052082094,-0.589574314,-0.184849800,-0.175912596,0.551912958,-0.034450708,0.010925120,-0.027258436,-0.048372726,0.000000000,0.000000000,0.000000000,0.000000000,0.000000000,0.000000000,0.000000000,0.000000000,0.000000000,0.000000000,0.000000000,0.000000000,0.000000000,0.000000000,0.000000000,0.000000000
0.089161732,-0.295327882,0.699511869,0.911389892,0.078214177,0.073913386,0.397225149,0.198029987,0.187604979,0.130285057,0.719798876,-0.401110200,0.085503661,-0.607083890,-0.191726579,-0.153846030,0.645331061,-0.080539960,0.011744580,-0.033153633,-0.025289803,0.000000000,0.000000000,0.000000000,0.000000000,0.000000000,0.000000000,0.000000000,0.000000000,0.000000000,0.000000000,0.000000000,0.000000000,0.000000000,0.000000000,0.000000000,0.000000000
0.069076560,-0.345189487,0.690169385,0.910010953,0.086493109,0.068247249,0.399676520,0.182825758,0.197202525,0.128146213,0.746583892,-0.438385985,0.119159729,-0.628712235,-0.201022872,-0.129595849,0.752789155,-0.136499605,0.005402891,-0.042540342,-0.008343273,0.000000000,0.000000000,0.000000000,0.000000000,0.000000000,0.000000000,0.000000000,0.000000000,0.000000000,0.000000000,0.000000000,0.000000000,0.000000000,0.000000000,0.000000000,0.000000000
0.046297788,-0.379555476,0.681791012,0.906500034,0.094753342,0.064213630,0.406394023,0.176915378,0.204910704,0.133106654,0.757762882,-0.473856500,0.142145108,-0.648108493,-0.211196758,-0.113717957,0.851415368,-0.182841005,-0.001779059,-0.054172753,0.000326457,0.000000000,0.000000000,0.000000000,0.000000000,0.000000000,0.000000000,0.000000000,0.000000000,0.000000000,0.000000000,0.000000000,0.000000000,0.000000000,0.000000000,0.000000000,0.000000000
0.023090018,-0.391138321,0.674627607,0.905203223,0.099926994,0.056281380,0.409211593,0.167849721,0.209379607,0.129627403,0.776990604,-0.501205331,0.153984474,-0.692480599,-0.214017508,-0.102612597,0.940738305,-0.212334808,-0.006599822,-0.075181943,0.022182606,0.000000000,0.000000000,0.000000000,0.000000000,0.000000000,0.000000000,0.000000000,0.000000000,0.000000000,0.000000000,0.000000000,0.000000000,0.000000000,0.000000000,0.000000000,0.000000000
-0.004016649,-0.393418780,0.668811825,0.904645837,0.105296802,0.053831242,0.409427272,0.171550649,0.211820514,0.125425881,0.786766446,-0.523627948,0.161518882,-0.745730386,-0.213862501,-0.090669564,1.029026331,-0.235742207,-0.007632104,-0.087480792,0.037251780,0.000000000,0.000000000,0.000000000,0.000000000,0.000000000,0.000000000,0.000000000,0.000000000,0.000000000,0.000000000,0.000000000,0.000000000,0.000000000,0.000000000,0.000000000,0.000000000
-0.023557924,-0.390296940,0.664409924,0.903945557,0.109540566,0.052983875,0.409970734,0.179935750,0.210954959,0.122240136,0.794156007,-0.541407366,0.166778915,-0.803211999,-0.213928405,-0.083347361,1.095538230,-0.247915380,-0.003524515,-0.099884129,0.057391753,0.000000000,0.000000000,0.000000000,0.000000000,0.000000000,0.000000000,0.000000000,0.000000000,0.000000000,0.000000000,0.000000000,0.000000000,0.000000000,0.000000000,0.000000000,0.000000000
-0.030039646,-0.385194882,0.659782959,0.903982572,0.111309173,0.052000319,0.409538452,0.192417240,0.212563978,0.118804533,0.808008529,-0.559353207,0.166201839,-0.875615147,-0.214320624,-0.075248659,1.171759287,-0.261191495,-0.002890594,-0.104934671,0.076967098,0.000000000,0.000000000,0.000000000,0.000000000,0.000000000,0.000000000,0.000000000,0.000000000,0.000000000,0.000000000,0.000000000,0.000000000,0.000000000,0.000000000,0.000000000,0.000000000
-0.029836570,-0.379457179,0.653055215,0.906861318,0.111019730,0.051578576,0.403257758,0.201120099,0.215682773,0.112547629,0.828032087,-0.578343877,0.166784140,-0.964053600,-0.210920612,-0.061151657,1.261478687,-0.272923304,-0.003123124,-0.120568905,0.097870869,0.000000000,0.000000000,0.000000000,0.000000000,0.000000000,0.000000000,0.000000000,0.000000000,0.000000000,0.000000000,0.000000000,0.000000000,0.000000000,0.000000000,0.000000000,0.000000000
-0.027433344,-0.372741112,0.642142820,0.909767849,0.110768107,0.050880271,0.396817447,0.206996772,0.218342387,0.104585036,0.860966514,-0.596978867,0.173723856,-1.062217997,-0.206353410,-0.045440897,1.360271671,-0.280693603,-0.005065859,-0.132816092,0.115282104,0.000000000,0.000000000,0.000000000,0.000000000,0.000000000,0.000000000,0.000000000,0.000000000,0.000000000,0.000000000,0.000000000,0.000000000,0.000000000,0.000000000,0.000000000,0.000000000
-0.025056148,-0.365616501,0.626848238,0.911274108,0.110203280,0.050994865,0.393489849,0.210510051,0.222554976,0.093069129,0.911194303,-0.616068635,0.179958848,-1.162222057,-0.203729495,-0.032091133,1.460379147,-0.287446951,-0.006821908,-0.138613070,0.132286195,0.000000000,0.000000000,0.000000000,0.000000000,0.000000000,0.000000000,0.000000000,0.000000000,0.000000000,0.000000000,0.000000000,0.000000000,0.000000000,0.000000000,0.000000000,0.000000000
-0.021975354,-0.358872168,0.611930285,0.912468345,0.109117509,0.050160585,0.391125050,0.216383740,0.228267632,0.081399178,0.968098900,-0.626357486,0.184042160,-1.235045235,-0.204118000,-0.023557632,1.541209963,-0.298611568,-0.005441291,-0.142962546,0.141828994,0.000000000,0.000000000,0.000000000,0.000000000,0.000000000,0.000000000,0.000000000,0.000000000,0.000000000,0.000000000,0.000000000,0.000000000,0.000000000,0.000000000,0.000000000,0.000000000
-0.020721673,-0.354726216,0.597223232,0.912236951,0.106780355,0.041288578,0.393340762,0.205782252,0.236174518,0.069204371,1.043275655,-0.636373290,0.183950931,-1.309601411,-0.206535154,-0.014079165,1.624669102,-0.311097145,-0.007376323,-0.156516452,0.169503361,0.000000000,0.000000000,0.000000000,0.000000000,0.000000000,0.000000000,0.000000000,0.000000000,0.000000000,0.000000000,0.000000000,0.000000000,0.000000000,0.000000000,0.000000000,0.000000000
-0.024084299,-0.354990047,0.583021432,0.911841860,0.106294097,0.035965372,0.394908190,0.200125430,0.244608641,0.057222270,1.112140120,-0.650657517,0.183371009,-1.380791866,-0.207478477,-0.002567970,1.708649572,-0.325397926,-0.009407538,-0.161630216,0.190787474,0.000000000,0.000000000,0.000000000,0.000000000,0.000000000,0.000000000,0.000000000,0.000000000,0.000000000,0.000000000,0.000000000,0.000000000,0.000000000,0.000000000,0.000000000,0.000000000
-0.031182908,-0.360396230,0.570113698,0.911423066,0.105308849,0.032066747,0.396471644,0.188980810,0.252342395,0.045074326,1.175469352,-0.666440039,0.179489438,-1.446790579,-0.209173748,0.006643107,1.780223686,-0.342465725,-0.009850293,-0.163008602,0.211493995,0.000000000,0.000000000,0.000000000,0.000000000,0.000000000,0.000000000,0.000000000,0.000000000,0.000000000,0.000000000,0.000000000,0.000000000,0.000000000,0.000000000,0.000000000,0.000000000
-0.038275250,-0.367036892,0.562717014,0.911441084,0.105645682,0.029236471,0.396559414,0.184604031,0.258288751,0.035205098,1.223159980,-0.675824363,0.174841648,-1.494040514,-0.210970881,0.013288967,1.835135717,-0.358486396,-0.011693996,-0.163630549,0.225796045,0.000000000,0.000000000,0.000000000,0.000000000,0.000000000,0.000000000,0.000000000,0.000000000,0.000000000,0.000000000,0.000000000,0.000000000,0.000000000,0.000000000,0.000000000,0.000000000
-0.042442372,-0.371296730,0.563464334,0.912146855,0.105315040,0.027613954,0.395138365,0.179539678,0.261399272,0.029440734,1.256533157,-0.676802160,0.168978320,-1.516163254,-0.210145389,0.018281870,1.868920365,-0.375454727,-0.018308131,-0.167475796,0.238157568,0.000000000,0.000000000,0.000000000,0.000000000,0.000000000,0.000000000,0.000000000,0.000000000,0.000000000,0.000000000,0.000000000,0.000000000,0.000000000,0.000000000,0.000000000,0.000000000
-0.044444825,-0.372401820,0.568808529,0.912053762,0.106884898,0.028623139,0.394859811,0.176888809,0.262294774,0.030211078,1.265506417,-0.670615642,0.163127444,-1.518858870,-0.210205227,0.021795086,1.880162459,-0.389578621,-0.022511793,-0.165430403,0.249739758,0.000000000,0.000000000,0.000000000,0.000000000,0.000000000,0.000000000,0.000000000,0.000000000,0.000000000,0.000000000,0.000000000,0.000000000,0.000000000,0.000000000,0.000000000,0.000000000
-0.044799970,-0.370468698,0.577644690,0.912422120,0.108358329,0.032729468,0.393285048,0.172909289,0.260657575,0.034893102,1.251382043,-0.661513466,0.157889659,-1.506060296,-0.208461237,0.023560432,1.871699067,-0.400727564,-0.031442622,-0.170359686,0.263164481,0.000000000,0.000000000,0.000000000,0.000000000,0.000000000,0.000000000,0.000000000,0.000000000,0.000000000,0.000000000,0.000000000,0.000000000,0.000000000,0.000000000,0.000000000,0.000000000
-0.042558343,-0.367784991,0.590664233,0.912489848,0.113278509,0.040601160,0.391001026,0.168148628,0.258606375,0.043640039,1.215497156,-0.642546055,0.151953363,-1.489998874,-0.206214211,0.024072030,1.850510990,-0.404892025,-0.039912821,-0.175083466,0.276923581,0.000000000,0.000000000,0.000000000,0.000000000,0.000000000,0.000000000,0.000000000,0.000000000,0.000000000,0.000000000,0.000000000,0.000000000,0.000000000,0.000000000,0.000000000,0.000000000
-0.038240236,-0.365470232,0.609110494,0.909188479,0.117572157,0.038231517,0.397607154,0.172939352,0.253785193,0.059588766,1.135464473,-0.614140579,0.146307031,-1.451352823,-0.201996021,0.021893554,1.804396168,-0.409131811,-0.048999612,-0.206557620,0.313697768,0.000000000,0.000000000,0.000000000,0.000000000,0.000000000,0.000000000,0.000000000,0.000000000,0.000000000,0.000000000,0.000000000,0.000000000,0.000000000,0.000000000,0.000000000,0.000000000
-0.031668997,-0.361969262,0.631755795,0.908955981,0.117448428,0.050979160,0.396744272,0.167133195,0.245505193,0.082805031,1.030072037,-0.576216374,0.143122202,-1.368547897,-0.197733747,0.009331859,1.704770062,-0.411490337,-0.054167621,-0.210649408,0.317673998,0.000000000,0.000000000,0.000000000,0.000000000,0.000000000,0.000000000,0.000000000,0.000000000,0.000000000,0.000000000,0.000000000,0.000000000,0.000000000,0.000000000,0.000000000,0.000000000
-0.022958439,-0.356918504,0.658288732,0.907749300,0.114465807,0.067804981,0.397858357,0.154301154,0.234022885,0.116972381,0.908570147,-0.525264391,0.139175649,-1.250590674,-0.189085793,-0.010933609,1.562616206,-0.402181764,-0.056784181,-0.209888296,0.310472876,0.000000000,0.000000000,0.000000000,0.000000000,0.000000000,0.000000000,0.000000000,0.000000000,0.000000000,0.000000000,0.000000000,0.000000000,0.000000000,0.000000000,0.000000000,0.000000000
-0.015472152,-0.351382987,0.683042780,0.906792848,0.111580997,0.084300468,0.397705724,0.138850931,0.218275833,0.155226746,0.810070911,-0.472811192,0.130022499,-1.128759307,-0.178024321,-0.035916230,1.402580157,-0.380233754,-0.052624471,-0.215761078,0.299567741,0.000000000,0.000000000,0.000000000,0.000000000,0.000000000,0.000000000,0.000000000,0.000000000,0.000000000,0.000000000,0.000000000,0.000000000,0.000000000,0.000000000,0.000000000,0.000000000
-0.012103680,-0.343502764,0.702433604,0.910180450,0.107786632,0.122281455,0.380789753,0.047444137,0.192483510,0.166440052,0.846848765,-0.413381922,0.136548798,-0.986542311,-0.164410331,-0.063304898,1.237183957,-0.348480773,-0.047092916,-0.148868475,0.235452137,0.000000000,0.000000000,0.000000000,0.000000000,0.000000000,0.000000000,0.000000000,0.000000000,0.000000000,0.000000000,0.000000000,0.000000000,0.000000000,0.000000000,0.000000000,0.000000000
-0.014981855,-0.337328820,0.715762642,0.912673896,0.099512435,0.137119330,0.371916555,-0.061098272,0.163744209,0.165487332,0.933801023,-0.360359144,0.137077515,-0.848859454,-0.152421162,-0.094544661,1.058694128,-0.309291933,-0.033278107,-0.122242633,0.204522114,0.000000000,0.000000000,0.000000000,0.000000000,0.000000000,0.000000000,0.000000000,0.000000000,0.000000000,0.000000000,0.000000000,0.000000000,0.000000000,0.000000000,0.000000000,0.000000000
-0.019533673,-0.327135472,0.724295953,0.918818546,0.086850356,0.139329393,0.358910597,-0.190939877,0.133227358,0.158396407,1.054863435,-0.320479384,0.140663322,-0.717129867,-0.138519917,-0.118181136,0.908425497,-0.273088833,-0.022665920,-0.092246891,0.178442205,0.000000000,0.000000000,0.000000000,0.000000000,0.000000000,0.000000000,0.000000000,0.000000000,0.000000000,0.000000000,0.000000000,0.000000000,0.000000000,0.000000000,0.000000000,0.000000000
-0.022843779,-0.318021366,0.729416802,0.929280677,0.074302830,0.119427933,0.341545724,-0.332043534,0.104348455,0.150794919,1.166423110,-0.295136329,0.149711566,-0.572303760,-0.127245206,-0.146101460,0.757410310,-0.242115984,-0.009912752,-0.064361993,0.189993543,0.000000000,0.000000000,0.000000000,0.000000000,0.000000000,0.000000000,0.000000000,0.000000000,0.000000000,0.000000000,0.000000000,0.000000000,0.000000000,0.000000000,0.000000000,0.000000000
-0.022594583,-0.313415236,0.730976092,0.939831240,0.059288903,0.107067819,0.318964807,-0.441280645,0.084243958,0.150065532,1.202588335,-0.292495910,0.166342236,-0.445412493,-0.120172381,-0.178066237,0.625488673,-0.208143345,0.011057041,-0.024022089,0.181872026,0.000000000,0.000000000,0.000000000,0.000000000,0.000000000,0.000000000,0.000000000,0.000000000,0.000000000,0.000000000,0.000000000,0.000000000,0.000000000,0.000000000,0.000000000,0.000000000
-0.015603787,-0.311105247,0.730235651,0.948489685,0.047762187,0.096048241,0.298095330,-0.537927917,0.085082758,0.153824051,1.196713425,-0.287732615,0.173552588,-0.342751481,-0.121199489,-0.208418743,0.526161851,-0.177342845,0.031643845,0.000811851,0.169036016,0.000000000,0.000000000,0.000000000,0.000000000,0.000000000,0.000000000,0.000000000,0.000000000,0.000000000,0.000000000,0.000000000,0.000000000,0.000000000,0.000000000,0.000000000,0.000000000
-0.000957306,-0.304762353,0.728987914,0.953808037,0.040868538,0.088133298,0.284275419,-0.640850076,0.093020735,0.166573813,1.135436155,-0.273946348,0.181512937,-0.256174294,-0.128253372,-0.240684224,0.445954178,-0.154601545,0.052790871,0.016302621,0.161812389,0.000000000,0.000000000,0.000000000,0.000000000,0.000000000,0.000000000,0.000000000,0.000000000,0.000000000,0.000000000,0.000000000,0.000000000,0.000000000,0.000000000,0.000000000,0.000000000
0.019355681,-0.291564768,0.729408035,0.956398651,0.032271493,0.092751919,0.275058636,-0.677637766,0.108014990,0.193099481,0.990110023,-0.247471449,0.183804278,-0.180123482,-0.138775442,-0.265176496,0.401548832,-0.152349724,0.067619547,0.026813050,0.123959124,0.000000000,0.000000000,0.000000000,0.000000000,0.000000000,0.000000000,0.000000000,0.000000000,0.000000000,0.000000000,0.000000000,0.000000000,0.000000000,0.000000000,0.000000000,0.000000000
0.043437875,-0.273416000,0.728192873,0.955957313,0.026126302,0.091774919,0.277561518,-0.613952894,0.096217786,0.295988213,0.657431973,-0.195250404,0.181086298,-0.075288055,-0.144697653,-0.300500714,0.354197128,-0.165373523,0.084345309,0.004509854,0.106524863,0.000000000,0.000000000,0.000000000,0.000000000,0.000000000,0.000000000,0.000000000,0.000000000,0.000000000,0.000000000,0.000000000,0.000000000,0.000000000,0.000000000,0.000000000,0.000000000
0.070930898,-0.261526023,0.721986200,0.957767841,0.019204067,0.086930506,0.273413703,-0.671085115,0.085393252,0.364105660,0.536149804,-0.150620224,0.177112506,0.004238317,-0.148034021,-0.302554788,0.352089168,-0.195559076,0.074346802,-0.018270292,0.088141453,0.000000000,0.000000000,0.000000000,0.000000000,0.000000000,0.000000000,0.000000000,0.000000000,0.000000000,0.000000000,0.000000000,0.000000000,0.000000000,0.000000000,0.000000000,0.000000000
0.099973095,-0.259776201,0.713705235,0.961211440,0.016417878,0.079811290,0.263501765,-0.725659358,0.082841605,0.408539684,0.470246678,-0.109591245,0.174448640,0.076198032,-0.149796997,-0.288971448,0.354285173,-0.216812575,0.065280715,-0.025512901,0.075580108,0.000000000,0.000000000,0.000000000,0.000000000,0.000000000,0.000000000,0.000000000,0.000000000,0.000000000,0.000000000,0.000000000,0.000000000,0.000000000,0.000000000,0.000000000,0.000000000
0.120729570,-0.263085830,0.705389623,0.963876109,0.015071062,0.072616720,0.255817358,-0.743187752,0.088276367,0.517229565,0.366885649,-0.066365525,0.175783797,0.141071867,-0.153515228,-0.280147234,0.354831838,-0.227561258,0.061219762,-0.042856913,0.072075370,0.000000000,0.000000000,0.000000000,0.000000000,0.000000000,0.000000000,0.000000000,0.000000000,0.000000000,0.000000000,0.000000000,0.000000000,0.000000000,0.000000000,0.000000000,0.000000000
0.133318988,-0.265923384,0.698717791,0.963424780,0.015187843,0.075270158,0.256741945,-0.756468811,0.088349237,0.642350685,0.276826869,-0.030716627,0.178032224,0.199849105,-0.156041697,-0.274432748,0.350662497,-0.233323822,0.054680577,-0.062456963,0.047769229,0.000000000,0.000000000,0.000000000,0.000000000,0.000000000,0.000000000,0.000000000,0.000000000,0.000000000,0.000000000,0.000000000,0.000000000,0.000000000,0.000000000,0.000000000,0.000000000
0.145500403,-0.265194484,0.694962061,0.961724403,0.013690568,0.080924227,0.261438351,-0.778511771,0.078225772,0.718450520,0.230378722,-0.003549961,0.181353645,0.241372955,-0.155166090,-0.258533067,0.368686849,-0.243442108,0.045939486,-0.084165903,0.021456688,0.000000000,0.000000000,0.000000000,0.000000000,0.000000000,0.000000000,0.000000000,0.000000000,0.000000000,0.000000000,0.000000000,0.000000000,0.000000000,0.000000000,0.000000000,0.000000000
0.155965694,-0.264051432,0.690583817,0.959934703,0.013435885,0.079042208,0.268509165,-0.796742742,0.072987544,0.770572829,0.205808503,0.022119131,0.182018681,0.291123485,-0.156755353,-0.256757960,0.372042329,-0.250643151,0.041941864,-0.100530884,0.010562152,0.000000000,0.000000000,0.000000000,0.000000000,0.000000000,0.000000000,0.000000000,0.000000000,0.000000000,0.000000000,0.000000000,0.000000000,0.000000000,0.000000000,0.000000000,0.000000000
0.173010141,-0.258922962,0.689152259,0.956880767,0.016099656,0.076743227,0.279697113,-0.809575324,0.073475381,0.764666762,0.228590133,0.036671456,0.185525780,0.337263513,-0.163648393,-0.245585128,0.395747215,-0.267601647,0.041492888,-0.116489900,0.005525465,0.000000000,0.000000000,0.000000000,0.000000000,0.000000000,0.000000000,0.000000000,0.000000000,0.000000000,0.000000000,0.000000000,0.000000000,0.000000000,0.000000000,0.000000000,0.000000000
0.191992845,-0.249715211,0.684930169,0.955365224,0.017662299,0.065615343,0.287506451,-0.797188918,0.078823355,0.735813178,0.260730646,0.054969324,0.180599009,0.382556674,-0.169798662,-0.233861163,0.417320555,-0.270419587,0.040486208,-0.128208662,0.014285408,0.000000000,0.000000000,0.000000000,0.000000000,0.000000000,0.000000000,0.000000000,0.000000000,0.000000000,0.000000000,0.000000000,0.000000000,0.000000000,0.000000000,0.000000000,0.000000000
0.210055410,-0.234749596,0.679942016,0.956666615,0.019597405,0.051916946,0.285848842,-0.776145646,0.086620065,0.696196190,0.293437878,0.069006508,0.171050637,0.423261665,-0.180178376,-0.230866550,0.438530092,-0.268614431,0.042223988,-0.140167933,0.024382453,0.000000000,0.000000000,0.000000000,0.000000000,0.000000000,0.000000000,0.000000000,0.000000000,0.000000000,0.000000000,0.000000000,0.000000000,0.000000000,0.000000000,0.000000000,0.000000000
0.231884543,-0.214142217,0.675087825,0.958312600,0.019344635,0.036681199,0.282696366,-0.764473006,0.092029385,0.634066196,0.333861951,0.071193946,0.162346778,0.454848434,-0.190642809,-0.231442539,0.457652037,-0.272191356,0.044077668,-0.139145072,0.042021076,0.000000000,0.000000000,0.000000000,0.000000000,0.000000000,0.000000000,0.000000000,0.000000000,0.000000000,0.000000000,0.000000000,0.000000000,0.000000000,0.000000000,0.000000000,0.000000000
0.259488537,-0.198736143,0.670054461,0.961398376,0.021921368,0.013617521,0.273947401,-0.791209047,0.097604430,0.500715846,0.420510327,0.057436070,0.147275551,0.461609437,-0.201279956,-0.222916049,0.501593840,-0.280384385,0.046250013,-0.137333106,0.086395781,0.000000000,0.000000000,0.000000000,0.000000000,0.000000000,0.000000000,0.000000000,0.000000000,0.000000000,0.000000000,0.000000000,0.000000000,0.000000000,0.000000000,0.000000000,0.000000000
0.282342199,-0.191468460,0.666769316,0.966333106,0.019288308,0.000915233,0.256568610,-0.858107797,0.104470976,0.381115594,0.549842694,0.020011319,0.138241921,0.472677850,-0.209836480,-0.222231693,0.520468270,-0.293361391,0.053551022,-0.109405906,0.121023480,0.000000000,0.000000000,0.000000000,0.000000000,0.000000000,0.000000000,0.000000000,0.000000000,0.000000000,0.000000000,0.000000000,0.000000000,0.000000000,0.000000000,0.000000000,0.000000000
0.288636509,-0.189664238,0.663352313,0.969614010,0.019148955,-0.008917788,0.243726205,-0.929043007,0.111721399,0.310271381,0.677489429,-0.017213373,0.138632480,0.471998391,-0.216803777,-0.213923691,0.550221277,-0.305064790,0.057526049,-0.070762838,0.153070180,0.000000000,0.000000000,0.000000000,0.000000000,0.000000000,0.000000000,0.000000000,0.000000000,0.000000000,0.000000000,0.000000000,0.000000000,0.000000000,0.000000000,0.000000000,0.000000000
0.282732596,-0.192338208,0.657897752,0.973132727,0.018107158,-0.017095399,0.228894241,-1.010119675,0.119589834,0.266864256,0.798220627,-0.057932662,0.141587663,0.450261265,-0.215914831,-0.204846364,0.577365423,-0.325477987,0.053735354,-0.039720296,0.197997704,0.000000000,0.000000000,0.000000000,0.000000000,0.000000000,0.000000000,0.000000000,0.000000000,0.000000000,0.000000000,0.000000000,0.000000000,0.000000000,0.000000000,0.000000000,0.000000000
0.268983713,-0.208711402,0.653601675,0.974395191,0.019178109,-0.017931283,0.223304011,-1.063066220,0.130135026,0.253033548,0.859234970,-0.072202142,0.136289271,0.417106789,-0.217401730,-0.196566299,0.612876972,-0.342689698,0.054806774,-0.023797245,0.226421979,0.000000000,0.000000000,0.000000000,0.000000000,0.000000000,0.000000000,0.000000000,0.000000000,0.000000000,0.000000000,0.000000000,0.000000000,0.000000000,0.000000000,0.000000000,0.000000000
0.255130084,-0.237285598,0.649809600,0.974881793,0.020307128,-0.012982193,0.221414932,-1.136398595,0.134866759,0.234712801,0.942636474,-0.097091525,0.136330189,0.380408806,-0.216093700,-0.190985989,0.633612128,-0.363980111,0.058287020,-0.015617671,0.257122341,0.000000000,0.000000000,0.000000000,0.000000000,0.000000000,0.000000000,0.000000000,0.000000000,0.000000000,0.000000000,0.000000000,0.000000000,0.000000000,0.000000000,0.000000000,0.000000000
0.235114743,-0.269671706,0.644644999,0.974904997,0.022956337,-0.007105231,0.221320511,-1.212923346,0.136497023,0.217344434,1.036196377,-0.119587984,0.129837842,0.361198317,-0.215076155,-0.188342105,0.641662789,-0.382036805,0.065381500,-0.008092874,0.278064209,0.000000000,0.000000000,0.000000000,0.000000000,0.000000000,0.000000000,0.000000000,0.000000000,0.000000000,0.000000000,0.000000000,0.000000000,0.000000000,0.000000000,0.000000000,0.000000000
0.207096155,-0.302568751,0.638631746,0.974969599,0.024162455,-0.001842408,0.221013714,-1.280174123,0.138415353,0.206162705,1.118579551,-0.138966366,0.121264237,0.354305298,-0.215611142,-0.187880060,0.647407456,-0.396843421,0.078216458,-0.002826253,0.290134745,0.000000000,0.000000000,0.000000000,0.000000000,0.000000000,0.000000000,0.000000000,0.000000000,0.000000000,0.000000000,0.000000000,0.000000000,0.000000000,0.000000000,0.000000000,0.000000000
0.163355319,-0.335528885,0.632846708,0.974769467,0.026235056,0.005636000,0.221595226,-1.359802352,0.140443628,0.195369885,1.204134307,-0.158633979,0.117871614,0.332176570,-0.219090212,-0.182561602,0.677683102,-0.415096648,0.090060377,-0.005557151,0.301655494,0.000000000,0.000000000,0.000000000,0.000000000,0.000000000,0.000000000,0.000000000,0.000000000,0.000000000,0.000000000,0.000000000,0.000000000,0.000000000,0.000000000,0.000000000,0.000000000
0.113469369,-0.362859788,0.629378679,0.975814386,0.027357039,0.017355173,0.216186666,-1.436634613,0.140379958,0.184218188,1.284143606,-0.181558746,0.117030905,0.313321235,-0.223566826,-0.176111240,0.704784407,-0.427857859,0.096917864,-0.003370837,0.301770722,0.000000000,0.000000000,0.000000000,0.000000000,0.000000000,0.000000000,0.000000000,0.000000000,0.000000000,0.000000000,0.000000000,0.000000000,0.000000000,0.000000000,0.000000000,0.000000000
0.076807784,-0.381620054,0.627492219,0.977994276,0.031631489,0.022924725,0.204941703,-1.504715839,0.141643271,0.175769600,1.351713654,-0.202671687,0.118630685,0.294106004,-0.230582332,-0.167857522,0.746714149,-0.441888221,0.107732686,0.000511632,0.310921872,0.000000000,0.000000000,0.000000000,0.000000000,0.000000000,0.000000000,0.000000000,0.000000000,0.000000000,0.000000000,0.000000000,0.000000000,0.000000000,0.000000000,0.000000000,0.000000000
0.058286666,-0.395035199,0.625905990,0.981158155,0.036080833,0.025617787,0.188070671,-1.574740660,0.145032683,0.171145416,1.400042566,-0.219373057,0.119949549,0.257469626,-0.239059752,-0.159127856,0.795936368,-0.457307320,0.117152773,0.012890821,0.346293874,0.000000000,0.000000000,0.000000000,0.000000000,0.000000000,0.000000000,0.000000000,0.000000000,0.000000000,0.000000000,0.000000000,0.000000000,0.000000000,0.000000000,0.000000000,0.000000000
0.050089149,-0.404349163,0.623921514,0.984219317,0.040437395,0.026596814,0.170205060,-1.626290069,0.150738236,0.169257111,1.431029832,-0.228416363,0.118233354,0.241018098,-0.248522925,-0.151617646,0.836855342,-0.469709975,0.124632383,0.024401564,0.366705766,0.000000000,0.000000000,0.000000000,0.000000000,0.000000000,0.000000000,0.000000000,0.000000000,0.000000000,0.000000000,0.000000000,0.000000000,0.000000000,0.000000000,0.000000000,0.000000000
0.050787742,-0.409229318,0.622445508,0.985677306,0.043107044,0.031294183,0.160008455,-1.679106408,0.155290860,0.165531457,1.470115940,-0.235191733,0.121196239,0.241841794,-0.259150515,-0.148036666,0.869384767,-0.480118638,0.129250670,0.032342471,0.371887723,0.000000000,0.000000000,0.000000000,0.000000000,0.000000000,0.000000000,0.000000000,0.000000000,0.000000000,0.000000000,0.000000000,0.000000000,0.000000000,0.000000000,0.000000000,0.000000000
0.053202286,-0.410812856,0.621294129,0.987049784,0.044523427,0.036995065,0.149605326,-1.734141396,0.158609011,0.160266643,1.505891805,-0.235697815,0.118182235,0.250957159,-0.267338336,-0.144710391,0.881101050,-0.488639769,0.132786439,0.033853595,0.381572361,0.000000000,0.000000000,0.000000000,0.000000000,0.000000000,0.000000000,0.000000000,0.000000000,0.000000000,0.000000000,0.000000000,0.000000000,0.000000000,0.000000000,0.000000000,0.000000000
0.055251834,-0.411123202,0.620738775,0.988725220,0.043510476,0.041568408,0.137117996,-1.774375894,0.164715935,0.155037096,1.529457992,-0.232466743,0.114758413,0.262458246,-0.275223435,-0.141771360,0.885565428,-0.491664336,0.132562423,0.030482395,0.391273970,0.000000000,0.000000000,0.000000000,0.000000000,0.000000000,0.000000000,0.000000000,0.000000000,0.000000000,0.000000000,0.000000000,0.000000000,0.000000000,0.000000000,0.000000000,0.000000000
0.056564187,-0.411094694,0.620875923,0.990507151,0.042516581,0.046036749,0.122345992,-1.798294573,0.171435544,0.150052606,1.533905282,-0.228207398,0.111728189,0.263163135,-0.283338149,-0.138958766,0.886480230,-0.493921151,0.128201045,0.030798020,0.405000650,0.000000000,0.000000000,0.000000000,0.000000000,0.000000000,0.000000000,0.000000000,0.000000000,0.000000000,0.000000000,0.000000000,0.000000000,0.000000000,0.000000000,0.000000000,0.000000000
0.056476943,-0.412029514,0.620756944,0.991936198,0.041028529,0.050231651,0.108885358,-1.826871144,0.178822089,0.144428478,1.545048619,-0.223613700,0.106549745,0.265413980,-0.291968814,-0.139656561,0.885721658,-0.495876676,0.122520781,0.036106908,0.418172509,0.000000000,0.000000000,0.000000000,0.000000000,0.000000000,0.000000000,0.000000000,0.000000000,0.000000000,0.000000000,0.000000000,0.000000000,0.000000000,0.000000000,0.000000000,0.000000000
0.055030386,-0.414174553,0.621476634,0.993057603,0.043312578,0.054941616,0.094562342,-1.842601401,0.185311093,0.141151595,1.547278036,-0.223146454,0.105671627,0.255770354,-0.300417304,-0.139554694,0.883052317,-0.498749379,0.117789129,0.039506128,0.432542142,0.000000000,0.000000000,0.000000000,0.000000000,0.000000000,0.000000000,0.000000000,0.000000000,0.000000000,0.000000000,0.000000000,0.000000000,0.000000000,0.000000000,0.000000000,0.000000000
0.053241788,-0.417644342,0.624967510,0.995014403,0.045827527,0.059165098,0.065921670,-1.838121927,0.188623195,0.142303609,1.532698963,-0.219466797,0.098922475,0.251272084,-0.304519357,-0.139702740,0.851068416,-0.492429123,0.104084757,0.075552264,0.445416383,0.000000000,0.000000000,0.000000000,0.000000000,0.000000000,0.000000000,0.000000000,0.000000000,0.000000000,0.000000000,0.000000000,0.000000000,0.000000000,0.000000000,0.000000000,0.000000000
0.056456323,-0.418657979,0.634892381,0.995071616,0.043415413,0.067369961,0.058385521,-1.811095188,0.188854320,0.147021535,1.497244524,-0.214349526,0.090833412,0.251448110,-0.303231825,-0.141678455,0.787142729,-0.469190262,0.089142849,0.073295085,0.444634443,0.000000000,0.000000000,0.000000000,0.000000000,0.000000000,0.000000000,0.000000000,0.000000000,0.000000000,0.000000000,0.000000000,0.000000000,0.000000000,0.000000000,0.000000000,0.000000000
0.060366329,-0.418401893,0.650828958,0.995155748,0.041623977,0.076025483,0.046396213,-1.762215940,0.188471708,0.154031065,1.441205744,-0.205943675,0.084855305,0.236550798,-0.301968347,-0.143653685,0.715746038,-0.426307955,0.079442722,0.070639635,0.444800206,0.000000000,0.000000000,0.000000000,0.000000000,0.000000000,0.000000000,0.000000000,0.000000000,0.000000000,0.000000000,0.000000000,0.000000000,0.000000000,0.000000000,0.000000000,0.000000000
0.065864740,-0.417306604,0.671071603,0.995059539,0.037346569,0.084497848,0.036357403,-1.676589623,0.187466628,0.166686199,1.350706852,-0.190364238,0.075332814,0.242297727,-0.298401515,-0.151445569,0.620112690,-0.364804877,0.073611160,0.068003337,0.426211771,0.000000000,0.000000000,0.000000000,0.000000000,0.000000000,0.000000000,0.000000000,0.000000000,0.000000000,0.000000000,0.000000000,0.000000000,0.000000000,0.000000000,0.000000000,0.000000000
0.073902852,-0.414101258,0.690071321,0.994413281,0.031249150,0.095441692,0.032505382,-1.559803472,0.181586206,0.181570095,1.243945335,-0.175565189,0.074784038,0.246888098,-0.292682774,-0.164592838,0.526154056,-0.288551604,0.078034428,0.069776823,0.398686337,0.000000000,0.000000000,0.000000000,0.000000000,0.000000000,0.000000000,0.000000000,0.000000000,0.000000000,0.000000000,0.000000000,0.000000000,0.000000000,0.000000000,0.000000000,0.000000000
0.083902914,-0.411241453,0.712816532,0.993824902,0.024696768,0.104512900,0.027913923,-1.432671431,0.172679819,0.196490767,1.129721432,-0.160164928,0.074032695,0.216562779,-0.286582065,-0.176897576,0.490663710,-0.214421710,0.080816049,0.083882821,0.377528931,0.000000000,0.000000000,0.000000000,0.000000000,0.000000000,0.000000000,0.000000000,0.000000000,0.000000000,0.000000000,0.000000000,0.000000000,0.000000000,0.000000000,0.000000000,0.000000000
0.092836978,-0.411747251,0.742279051,0.993254254,0.023875441,0.111388166,0.021647778,-1.276186073,0.158386011,0.213026088,1.001893346,-0.152543959,0.079712121,0.180950637,-0.278660333,-0.190416874,0.472086009,-0.155036403,0.086236734,0.082068395,0.341202952,0.000000000,0.000000000,0.000000000,0.000000000,0.000000000,0.000000000,0.000000000,0.000000000,0.000000000,0.000000000,0.000000000,0.000000000,0.000000000,0.000000000,0.000000000,0.000000000
0.101092688,-0.414749880,0.771947167,0.993165384,0.026515142,0.112994915,0.012313237,-1.147666100,0.142176928,0.223450951,0.905927558,-0.160624692,0.090488317,0.091594891,-0.271609844,-0.192730694,0.527760090,-0.123613125,0.091643491,0.087531534,0.323041663,0.000000000,0.000000000,0.000000000,0.000000000,0.000000000,0.000000000,0.000000000,0.000000000,0.000000000,0.000000000,0.000000000,0.000000000,0.000000000,0.000000000,0.000000000,0.000000000
0.112239129,-0.414320946,0.794844902,0.985424124,0.028995724,0.164012441,0.034618812,-1.017670895,0.125518833,0.242241952,0.795817361,-0.169462542,0.098131141,-0.022070509,-0.265516502,-0.179380619,0.630499438,-0.111295133,0.092422163,0.051180228,0.186401884,0.000000000,0.000000000,0.000000000,0.000000000,0.000000000,0.000000000,0.000000000,0.000000000,0.000000000,0.000000000,0.000000000,0.000000000,0.000000000,0.000000000,0.000000000,0.000000000
0.123689164,-0.414930148,0.806679858,0.984560019,0.033526086,0.166362663,0.042907292,-0.879538767,0.104595578,0.259568479,0.697538537,-0.194851715,0.115914144,-0.147216709,-0.253824875,-0.150498047,0.767082038,-0.119543829,0.090017815,0.038940975,0.142915070,0.000000000,0.000000000,0.000000000,0.000000000,0.000000000,0.000000000,0.000000000,0.000000000,0.000000000,0.000000000,0.000000000,0.000000000,0.000000000,0.000000000,0.000000000,0.000000000
0.137239213,-0.415440739,0.813422869,0.985090011,0.041365808,0.159224774,0.050338960,-0.764238414,0.085547471,0.272624113,0.629202312,-0.230865724,0.125246613,-0.277940000,-0.243973697,-0.131055089,0.861144061,-0.138891864,0.081490666,0.011728543,0.134733590,0.000000000,0.000000000,0.000000000,0.000000000,0.000000000,0.000000000,0.000000000,0.000000000,0.000000000,0.000000000,0.000000000,0.000000000,0.000000000,0.000000000,0.000000000,0.000000000
0.148307598,-0.416052597,0.817027531,0.985087805,0.049317068,0.153463286,0.060156985,-0.639374601,0.072741458,0.314716479,0.529306658,-0.241751396,0.113384767,-0.346708545,-0.231275634,-0.124353353,0.899006249,-0.155655493,0.077146845,-0.006857183,0.110790258,0.000000000,0.000000000,0.000000000,0.000000000,0.000000000,0.000000000,0.000000000,0.000000000,0.000000000,0.000000000,0.000000000,0.000000000,0.000000000,0.000000000,0.000000000,0.000000000
0.159093857,-0.413905449,0.817826448,0.982181178,0.063661469,0.150955369,0.092085976,-0.497762970,0.052714859,0.394794422,0.409579516,-0.254181737,0.098319013,-0.460319775,-0.198319211,-0.089976157,0.954559248,-0.163163334,0.073013700,-0.032300038,0.085510881,0.000000000,0.000000000,0.000000000,0.000000000,0.000000000,0.000000000,0.000000000,0.000000000,0.000000000,0.000000000,0.000000000,0.000000000,0.000000000,0.000000000,0.000000000,0.000000000
0.167867722,-0.409324019,0.814940552,0.980133710,0.073846633,0.131408557,0.128904527,-0.397589401,0.030657053,0.409891314,0.380981517,-0.312491231,0.080202519,-0.588868713,-0.157843551,-0.062715341,0.965422589,-0.169719908,0.068306650,-0.064334500,0.106402384,0.000000000,0.000000000,0.000000000,0.000000000,0.000000000,0.000000000,0.000000000,0.000000000,0.000000000,0.000000000,0.000000000,0.000000000,0.000000000,0.000000000,0.000000000,0.000000000
0.173915259,-0.401616208,0.809091377,0.972807596,0.078380227,0.134101022,0.171810465,-0.324000576,0.019907852,0.375752409,0.404778565,-0.371620566,0.049969525,-0.642157000,-0.151094955,-0.050449018,0.929201807,-0.161497518,0.074325326,-0.087215703,0.071555997,0.000000000,0.000000000,0.000000000,0.000000000,0.000000000,0.000000000,0.000000000,0.000000000,0.000000000,0.000000000,0.000000000,0.000000000,0.000000000,0.000000000,0.000000000,0.000000000
0.179082737,-0.392369767,0.799707994,0.963589589,0.076678270,0.139159647,0.215058455,-0.258952979,0.020629182,0.335660856,0.432507190,-0.422437734,0.016496994,-0.707079890,-0.150563832,-0.040609070,0.889141790,-0.144897811,0.072699454,-0.116224596,0.036107402,0.000000000,0.000000000,0.000000000,0.000000000,0.000000000,0.000000000,0.000000000,0.000000000,0.000000000,0.000000000,0.000000000,0.000000000,0.000000000,0.000000000,0.000000000,0.000000000
0.181480303,-0.383923319,0.791446323,0.958767274,0.070667978,0.135604888,0.239546791,-0.172928755,0.028273166,0.310435945,0.437726482,-0.457118527,-0.031219252,-0.736525962,-0.148263735,-0.070298013,0.709890560,-0.085106143,0.082636887,-0.120521241,0.024186824,0.000000000,0.000000000,0.000000000,0.000000000,0.000000000,0.000000000,0.000000000,0.000000000,0.000000000,0.000000000,0.000000000,0.000000000,0.000000000,0.000000000,0.000000000,0.000000000
0.180156781,-0.369617771,0.781612614,0.953381689,0.063212757,0.145744324,0.256565964,-0.084495239,0.043183775,0.301991476,0.429169268,-0.475907416,-0.081179092,-0.724868328,-0.163025849,-0.146483865,0.463920890,0.014614201,0.093506187,-0.104108713,-0.017124238,0.000000000,0.000000000,0.000000000,0.000000000,0.000000000,0.000000000,0.000000000,0.000000000,0.000000000,0.000000000,0.000000000,0.000000000,0.000000000,0.000000000,0.000000000,0.000000000
0.176531305,-0.354350453,0.769920110,0.949569644,0.053566458,0.149438428,0.270400224,-0.014994014,0.059984549,0.289242940,0.432495075,-0.497137670,-0.112678017,-0.728470344,-0.169513904,-0.252386184,0.285291655,0.108187719,0.075560132,-0.094102800,-0.042903445,0.000000000,0.000000000,0.000000000,0.000000000,0.000000000,0.000000000,0.000000000,0.000000000,0.000000000,0.000000000,0.000000000,0.000000000,0.000000000,0.000000000,0.000000000,0.000000000
0.168957000,-0.342666282,0.757382944,0.948940906,0.051411019,0.146701205,0.274493754,0.053879330,0.081236334,0.300132086,0.421924257,-0.494059805,-0.140538120,-0.722767720,-0.176080565,-0.319736568,0.180388170,0.161099128,0.052877694,-0.079717184,-0.059789635,0.000000000,0.000000000,0.000000000,0.000000000,0.000000000,0.000000000,0.000000000,0.000000000,0.000000000,0.000000000,0.000000000,0.000000000,0.000000000,0.000000000,0.000000000,0.000000000
0.160907220,-0.333601119,0.746554141,0.948593835,0.052617894,0.144587924,0.276578065,0.111593881,0.100654958,0.315295134,0.407472202,-0.481505880,-0.150637254,-0.732907626,-0.177523478,-0.344359354,0.149280763,0.175321430,0.031465473,-0.066931723,-0.072983433,0.000000000,0.000000000,0.000000000,0.000000000,0.000000000,0.000000000,0.000000000,0.000000000,0.000000000,0.000000000,0.000000000,0.000000000,0.000000000,0.000000000,0.000000000,0.000000000
0.147036994,-0.332069790,0.737561329,0.949423889,0.053740499,0.138965485,0.276396148,0.160032380,0.121913926,0.317803689,0.412159684,-0.468132791,-0.149570610,-0.733517696,-0.183769862,-0.368229876,0.157926674,0.177818914,0.012740560,-0.062049245,-0.087040073,0.000000000,0.000000000,0.000000000,0.000000000,0.000000000,0.000000000,0.000000000,0.000000000,0.000000000,0.000000000,0.000000000,0.000000000,0.000000000,0.000000000,0.000000000,0.000000000
0.124523996,-0.337119308,0.730754522,0.949754030,0.058877859,0.133121813,0.277090712,0.202903105,0.145337503,0.292653598,0.445485157,-0.463121356,-0.126471483,-0.730244773,-0.200728450,-0.352446282,0.232519108,0.154388335,-0.003340067,-0.061781977,-0.108227469,0.000000000,0.000000000,0.000000000,0.000000000,0.000000000,0.000000000,0.000000000,0.000000000,0.000000000,0.000000000,0.000000000,0.000000000,0.000000000,0.000000000,0.000000000,0.000000000
0.101409899,-0.346077105,0.722148527,0.951500064,0.067999292,0.118804228,0.275516388,0.233611929,0.171986879,0.249545769,0.493903187,-0.443124625,-0.087466780,-0.715461751,-0.219751872,-0.297467561,0.321543242,0.122186594,-0.004225695,-0.052510067,-0.105090940,0.000000000,0.000000000,0.000000000,0.000000000,0.000000000,0.000000000,0.000000000,0.000000000,0.000000000,0.000000000,0.000000000,0.000000000,0.000000000,0.000000000,0.000000000,0.000000000
0.085619126,-0.350103791,0.711888499,0.954343259,0.079051097,0.104535433,0.268425429,0.252603443,0.196966433,0.213022037,0.531813735,-0.416485516,-0.046924901,-0.695212190,-0.231236405,-0.244092747,0.400059762,0.076932154,-0.001371198,-0.039749904,-0.076987145,0.000000000,0.000000000,0.000000000,0.000000000,0.000000000,0.000000000,0.000000000,0.000000000,0.000000000,0.000000000,0.000000000,0.000000000,0.000000000,0.000000000,0.000000000,0.000000000
0.083832574,-0.344382519,0.700272410,0.955271237,0.086683448,0.095185577,0.266237770,0.262036408,0.218990811,0.181804483,0.579747762,-0.393471575,-0.006432838,-0.673297164,-0.241253000,-0.209102694,0.483718754,0.023778165,-0.001677125,-0.029351713,-0.059794346,0.000000000,0.000000000,0.000000000,0.000000000,0.000000000,0.000000000,0.000000000,0.000000000,0.000000000,0.000000000,0.000000000,0.000000000,0.000000000,0.000000000,0.000000000,0.000000000
0.092734804,-0.336861192,0.684857309,0.955206601,0.101159261,0.086675119,0.264262328,0.273591159,0.239313919,0.163449888,0.635843800,-0.396593107,0.030900976,-0.710101405,-0.252203855,-0.157818145,0.633627543,-0.052448968,-0.007003733,-0.033800859,-0.035471372,0.000000000,0.000000000,0.000000000,0.000000000,0.000000000,0.000000000,0.000000000,0.000000000,0.000000000,0.000000000,0.000000000,0.000000000,0.000000000,0.000000000,0.000000000,0.000000000
0.101327728,-0.333201658,0.663193274,0.954690876,0.112507900,0.073921455,0.265410857,0.277961354,0.258760369,0.146830279,0.693475896,-0.432291302,0.071798805,-0.802042349,-0.267948170,-0.114631184,0.822718524,-0.120820698,-0.017643574,-0.051110793,0.002121010,0.000000000,0.000000000,0.000000000,0.000000000,0.000000000,0.000000000,0.000000000,0.000000000,0.000000000,0.000000000,0.000000000,0.000000000,0.000000000,0.000000000,0.000000000,0.000000000
0.098125559,-0.341449551,0.637496676,0.952289576,0.121480423,0.059318867,0.273620800,0.266417061,0.279112506,0.125966583,0.771142056,-0.472933136,0.110140120,-0.906681034,-0.284215230,-0.073682125,1.015387711,-0.179425724,-0.030630347,-0.072056962,0.038123912,0.000000000,0.000000000,0.000000000,0.000000000,0.000000000,0.000000000,0.000000000,0.000000000,0.000000000,0.000000000,0.000000000,0.000000000,0.000000000,0.000000000,0.000000000,0.000000000
0.071929715,-0.357125223,0.616671584,0.949913843,0.129601227,0.049053609,0.280108828,0.279510738,0.291901506,0.116000142,0.796561550,-0.515891702,0.135840214,-1.003888676,-0.297851220,-0.042899242,1.175341844,-0.223337230,-0.033813214,-0.093354225,0.071957284,0.000000000,0.000000000,0.000000000,0.000000000,0.000000000,0.000000000,0.000000000,0.000000000,0.000000000,0.000000000,0.000000000,0.000000000,0.000000000,0.000000000,0.000000000,0.000000000
0.035288044,-0.364688361,0.604811726,0.949126394,0.134395389,0.041501041,0.281735037,0.273275286,0.295667530,0.098425822,0.845322969,-0.540580178,0.156616011,-1.079872015,-0.296010769,-0.019365501,1.303062338,-0.260902837,-0.037068751,-0.112460693,0.096767798,0.000000000,0.000000000,0.000000000,0.000000000,0.000000000,0.000000000,0.000000000,0.000000000,0.000000000,0.000000000,0.000000000,0.000000000,0.000000000,0.000000000,0.000000000,0.000000000
-0.005740480,-0.365275539,0.599537944,0.948802048,0.135981196,0.040031209,0.282278747,0.281846424,0.294840416,0.092416606,0.862557716,-0.557980094,0.160710096,-1.131295840,-0.284436638,-0.008209331,1.385886179,-0.285350924,-0.034632864,-0.137042575,0.115467845,0.000000000,0.000000000,0.000000000,0.000000000,0.000000000,0.000000000,0.000000000,0.000000000,0.000000000,0.000000000,0.000000000,0.000000000,0.000000000,0.000000000,0.000000000,0.000000000
-0.034614362,-0.366824125,0.595328291,0.947726272,0.136499614,0.041005680,0.285484331,0.296629884,0.294441272,0.095914590,0.862399296,-0.563690540,0.155855831,-1.174405854,-0.275267590,-0.005881665,1.446245389,-0.301607397,-0.029490043,-0.152166029,0.133852692,0.000000000,0.000000000,0.000000000,0.000000000,0.000000000,0.000000000,0.000000000,0.000000000,0.000000000,0.000000000,0.000000000,0.000000000,0.000000000,0.000000000,0.000000000,0.000000000
-0.045248832,-0.372503208,0.592833814,0.947168462,0.134557295,0.039786117,0.288415160,0.300483348,0.292788558,0.093280084,0.875608227,-0.568786674,0.156403197,-1.226364722,-0.266308288,-0.005344657,1.501044166,-0.307626954,-0.024777255,-0.173734943,0.163195363,0.000000000,0.000000000,0.000000000,0.000000000,0.000000000,0.000000000,0.000000000,0.000000000,0.000000000,0.000000000,0.000000000,0.000000000,0.000000000,0.000000000,0.000000000,0.000000000
-0.046375114,-0.376483691,0.593580046,0.947762030,0.132001657,0.038715550,0.287791250,0.310113020,0.291064471,0.090264092,0.891870195,-0.573106425,0.157266179,-1.269192356,-0.258106836,-0.005297702,1.549491306,-0.314707298,-0.021362616,-0.188191623,0.180391522,0.000000000,0.000000000,0.000000000,0.000000000,0.000000000,0.000000000,0.000000000,0.000000000,0.000000000,0.000000000,0.000000000,0.000000000,0.000000000,0.000000000,0.000000000,0.000000000
-0.044435199,-0.376195259,0.595317682,0.949014013,0.128888351,0.039935305,0.284895361,0.318178026,0.290964806,0.088916416,0.905275624,-0.580966082,0.156002128,-1.312260604,-0.253464218,-0.004371905,1.593888811,-0.322764966,-0.020013832,-0.196338531,0.194959137,0.000000000,0.000000000,0.000000000,0.000000000,0.000000000,0.000000000,0.000000000,0.000000000,0.000000000,0.000000000,0.000000000,0.000000000,0.000000000,0.000000000,0.000000000,0.000000000
-0.046538307,-0.372724017,0.594610049,0.951259540,0.124371066,0.042025338,0.279053752,0.326105690,0.291038114,0.087410488,0.917660417,-0.589006842,0.156259216,-1.348693016,-0.250988443,-0.004762801,1.630247195,-0.328175726,-0.019588768,-0.200734474,0.204697531,0.000000000,0.000000000,0.000000000,0.000000000,0.000000000,0.000000000,0.000000000,0.000000000,0.000000000,0.000000000,0.000000000,0.000000000,0.000000000,0.000000000,0.000000000,0.000000000
-0.051405096,-0.368610574,0.591431952,0.953448519,0.119021412,0.044398175,0.273493378,0.323936382,0.290914208,0.083474248,0.936987007,-0.599381303,0.156152299,-1.387355400,-0.248648937,-0.004808239,1.664264850,-0.336458359,-0.022243128,-0.204063669,0.217162099,0.000000000,0.000000000,0.000000000,0.000000000,0.000000000,0.000000000,0.000000000,0.000000000,0.000000000,0.000000000,0.000000000,0.000000000,0.000000000,0.000000000,0.000000000,0.000000000
-0.056410636,-0.366484151,0.586733004,0.955421419,0.113537826,0.046933722,0.268470296,0.320793821,0.291192044,0.079813893,0.956936904,-0.607502702,0.154898779,-1.424699872,-0.247345846,-0.004007784,1.699945560,-0.345914051,-0.024494832,-0.206650981,0.225401177,0.000000000,0.000000000,0.000000000,0.000000000,0.000000000,0.000000000,0.000000000,0.000000000,0.000000000,0.000000000,0.000000000,0.000000000,0.000000000,0.000000000,0.000000000,0.000000000
-0.065131912,-0.366223944,0.582326990,0.956451411,0.109775890,0.048997503,0.265987212,0.319447886,0.291965876,0.077600225,0.968894186,-0.615971962,0.152368348,-1.466033323,-0.245521150,-0.001903711,1.733417558,-0.353941367,-0.026915410,-0.207262908,0.233709600,0.000000000,0.000000000,0.000000000,0.000000000,0.000000000,0.000000000,0.000000000,0.000000000,0.000000000,0.000000000,0.000000000,0.000000000,0.000000000,0.000000000,0.000000000,0.000000000
-0.071712026,-0.364652729,0.579950233,0.957052433,0.106058543,0.048644581,0.265397684,0.310498590,0.293828750,0.074089113,0.986543007,-0.626201661,0.149300741,-1.512734792,-0.245202497,0.001149152,1.770464812,-0.358144802,-0.027727498,-0.209545754,0.245725989,0.000000000,0.000000000,0.000000000,0.000000000,0.000000000,0.000000000,0.000000000,0.000000000,0.000000000,0.000000000,0.000000000,0.000000000,0.000000000,0.000000000,0.000000000,0.000000000
-0.077568724,-0.362465266,0.579500385,0.957215278,0.103583276,0.048355991,0.265840395,0.304424176,0.295872687,0.071723464,0.996255512,-0.638184058,0.151390005,-1.544185443,-0.248016422,0.003785202,1.801246439,-0.366134993,-0.025659214,-0.210983422,0.252954811,0.000000000,0.000000000,0.000000000,0.000000000,0.000000000,0.000000000,0.000000000,0.000000000,0.000000000,0.000000000,0.000000000,0.000000000,0.000000000,0.000000000,0.000000000,0.000000000
-0.082943718,-0.361020056,0.580005919,0.956485772,0.103972641,0.050190922,0.267965536,0.308568920,0.297049925,0.071357203,0.985884786,-0.645321690,0.149779405,-1.565067898,-0.248378832,0.007238784,1.823842348,-0.374953353,-0.026773077,-0.210608044,0.256486647,0.000000000,0.000000000,0.000000000,0.000000000,0.000000000,0.000000000,0.000000000,0.000000000,0.000000000,0.000000000,0.000000000,0.000000000,0.000000000,0.000000000,0.000000000,0.000000000
-0.089903709,-0.362500421,0.582236993,0.956005193,0.102853775,0.053175958,0.269531983,0.299720712,0.297703979,0.072542956,0.970220947,-0.645626446,0.145495085,-1.588154426,-0.248413844,0.009541107,1.834152304,-0.377557547,-0.028516073,-0.211337427,0.268765086,0.000000000,0.000000000,0.000000000,0.000000000,0.000000000,0.000000000,0.000000000,0.000000000,0.000000000,0.000000000,0.000000000,0.000000000,0.000000000,0.000000000,0.000000000,0.000000000
-0.093099764,-0.363761460,0.587109524,0.954514255,0.103486038,0.058061882,0.273536092,0.291303444,0.298282725,0.078781886,0.943742476,-0.637018163,0.139126441,-1.603182898,-0.246304739,0.011681291,1.836757632,-0.385193725,-0.033748752,-0.217115949,0.283988113,0.000000000,0.000000000,0.000000000,0.000000000,0.000000000,0.000000000,0.000000000,0.000000000,0.000000000,0.000000000,0.000000000,0.000000000,0.000000000,0.000000000,0.000000000,0.000000000
-0.092318358,-0.362591726,0.595162066,0.953342585,0.105359930,0.065075320,0.275322364,0.285065140,0.294405541,0.089213546,0.896661877,-0.617293154,0.136851101,-1.590612265,-0.241521329,0.010194683,1.813764592,-0.393996230,-0.042214907,-0.225314248,0.290664130,0.000000000,0.000000000,0.000000000,0.000000000,0.000000000,0.000000000,0.000000000,0.000000000,0.000000000,0.000000000,0.000000000,0.000000000,0.000000000,0.000000000,0.000000000,0.000000000
-0.088770141,-0.360154736,0.607263436,0.952517222,0.108525584,0.075095552,0.274397151,0.282762153,0.289281396,0.108992906,0.831534640,-0.587558686,0.130646536,-1.551921985,-0.234921413,0.006420119,1.762876256,-0.404355367,-0.051594656,-0.229727347,0.288103303,0.000000000,0.000000000,0.000000000,0.000000000,0.000000000,0.000000000,0.000000000,0.000000000,0.000000000,0.000000000,0.000000000,0.000000000,0.000000000,0.000000000,0.000000000,0.000000000
-0.083883849,-0.359900401,0.625679268,0.947963502,0.112545850,0.074142853,0.288446645,0.264880461,0.282269429,0.139826731,0.749982998,-0.555972400,0.116798294,-1.503014491,-0.226363684,-0.001604307,1.680296828,-0.409321849,-0.060725915,-0.269142630,0.330778531,0.000000000,0.000000000,0.000000000,0.000000000,0.000000000,0.000000000,0.000000000,0.000000000,0.000000000,0.000000000,0.000000000,0.000000000,0.000000000,0.000000000,0.000000000,0.000000000
-0.080662324,-0.360047510,0.648767590,0.945119566,0.117871214,0.086768291,0.292107252,0.230886455,0.268573818,0.173094624,0.683243661,-0.508575126,0.114664397,-1.399819279,-0.216824135,-0.019280936,1.539859214,-0.399259865,-0.063373567,-0.263476523,0.328865715,0.000000000,0.000000000,0.000000000,0.000000000,0.000000000,0.000000000,0.000000000,0.000000000,0.000000000,0.000000000,0.000000000,0.000000000,0.000000000,0.000000000,0.000000000,0.000000000
-0.078970795,-0.360331653,0.672573023,0.941823947,0.122815180,0.096935870,0.297468521,0.186424561,0.250395023,0.208107932,0.638212822,-0.447083535,0.106686138,-1.271493274,-0.203411770,-0.040706267,1.377352418,-0.378294460,-0.060043827,-0.266409183,0.329029220,0.000000000,0.000000000,0.000000000,0.000000000,0.000000000,0.000000000,0.000000000,0.000000000,0.000000000,0.000000000,0.000000000,0.000000000,0.000000000,0.000000000,0.000000000,0.000000000
-0.078210303,-0.356886688,0.693164325,0.942635986,0.126976965,0.137137223,0.276600126,0.112059879,0.221928099,0.220813095,0.651538526,-0.392313597,0.108193300,-1.142631775,-0.186619772,-0.066272880,1.212887697,-0.346390021,-0.052485589,-0.199144881,0.266158651,0.000000000,0.000000000,0.000000000,0.000000000,0.000000000,0.000000000,0.000000000,0.000000000,0.000000000,0.000000000,0.000000000,0.000000000,0.000000000,0.000000000,0.000000000,0.000000000
-0.083975693,-0.354119541,0.706979285,0.941878823,0.112520496,0.110294447,0.296712918,-0.047214946,0.184222203,0.194195517,0.809456201,-0.345946467,0.125304724,-1.002925306,-0.164321795,-0.088416714,1.070877308,-0.313066975,-0.053165944,-0.224479793,0.309697470,0.000000000,0.000000000,0.000000000,0.000000000,0.000000000,0.000000000,0.000000000,0.000000000,0.000000000,0.000000000,0.000000000,0.000000000,0.000000000,0.000000000,0.000000000,0.000000000
-0.099636473,-0.345292149,0.717611781,0.945947126,0.107791208,0.140350991,0.271784269,-0.156455287,0.151061895,0.188413531,0.904064399,-0.319978689,0.127743117,-0.869454389,-0.148383909,-0.120770853,0.915308733,-0.269455736,-0.033606551,-0.147015381,0.238768397,0.000000000,0.000000000,0.000000000,0.000000000,0.000000000,0.000000000,0.000000000,0.000000000,0.000000000,0.000000000,0.000000000,0.000000000,0.000000000,0.000000000,0.000000000,0.000000000
-0.118966004,-0.338344878,0.722902850,0.949194093,0.091230986,0.148095158,0.262250464,-0.247179181,0.124799711,0.183836943,0.970659799,-0.316657893,0.135608083,-0.757017193,-0.140321049,-0.150506535,0.786509630,-0.231328580,-0.015753037,-0.107535079,0.200680542,0.000000000,0.000000000,0.000000000,0.000000000,0.000000000,0.000000000,0.000000000,0.000000000,0.000000000,0.000000000,0.000000000,0.000000000,0.000000000,0.000000000,0.000000000,0.000000000
-0.126632389,-0.335495815,0.725795245,0.954318783,0.081416983,0.148617806,0.246088770,-0.322397164,0.101908013,0.180232557,1.042308517,-0.321316225,0.145485127,-0.643443121,-0.132035311,-0.181112982,0.660953046,-0.187768095,0.002452120,-0.076889035,0.174684356,0.000000000,0.000000000,0.000000000,0.000000000,0.000000000,0.000000000,0.000000000,0.000000000,0.000000000,0.000000000,0.000000000,0.000000000,0.000000000,0.000000000,0.000000000,0.000000000
-0.110485114,-0.335195734,0.727424082,0.958699154,0.066009842,0.147206430,0.234241114,-0.415271962,0.082606092,0.172894212,1.104694247,-0.315738092,0.161461008,-0.525514867,-0.122996732,-0.211227485,0.557943908,-0.157484315,0.012873281,-0.029116495,0.140237458,0.000000000,0.000000000,0.000000000,0.000000000,0.000000000,0.000000000,0.000000000,0.000000000,0.000000000,0.000000000,0.000000000,0.000000000,0.000000000,0.000000000,0.000000000,0.000000000
-0.077140417,-0.328255151,0.727528068,0.965370903,0.054866531,0.121454710,0.224270901,-0.521412939,0.079228445,0.172208126,1.129626748,-0.306254268,0.175562519,-0.415964420,-0.120201168,-0.236913277,0.482048142,-0.138954670,0.029142997,-0.019390320,0.156968280,0.000000000,0.000000000,0.000000000,0.000000000,0.000000000,0.000000000,0.000000000,0.000000000,0.000000000,0.000000000,0.000000000,0.000000000,0.000000000,0.000000000,0.000000000,0.000000000
-0.044854971,-0.325268660,0.727552402,0.971243532,0.045951276,0.104940778,0.208714911,-0.623222877,0.082512449,0.171576437,1.110467993,-0.298019050,0.188356365,-0.340180255,-0.120118281,-0.246336352,0.441618366,-0.134142417,0.037609987,-0.008320954,0.164736131,0.000000000,0.000000000,0.000000000,0.000000000,0.000000000,0.000000000,0.000000000,0.000000000,0.000000000,0.000000000,0.000000000,0.000000000,0.000000000,0.000000000,0.000000000,0.000000000
-0.015599663,-0.319552332,0.729752035,0.973376822,0.038974793,0.104655669,0.200164230,-0.677431611,0.100814994,0.193814201,0.985928900,-0.272885030,0.194190859,-0.259774169,-0.128786399,-0.261946634,0.413294126,-0.140040368,0.058069687,0.013910413,0.133557219,0.000000000,0.000000000,0.000000000,0.000000000,0.000000000,0.000000000,0.000000000,0.000000000,0.000000000,0.000000000,0.000000000,0.000000000,0.000000000,0.000000000,0.000000000,0.000000000
0.011806990,-0.308697671,0.732409484,0.974374716,0.031078552,0.107671080,0.195025576,-0.576553528,0.104672264,0.250015959,0.703392479,-0.240304453,0.196114340,-0.145318316,-0.133574124,-0.302153365,0.354031735,-0.145514991,0.077359320,-0.009614754,0.085298978,0.000000000,0.000000000,0.000000000,0.000000000,0.000000000,0.000000000,0.000000000,0.000000000,0.000000000,0.000000000,0.000000000,0.000000000,0.000000000,0.000000000,0.000000000,0.000000000
0.041558292,-0.300998474,0.725827210,0.978657004,0.024208212,0.095549499,0.180318397,-0.622709321,0.082089973,0.304364235,0.580784042,-0.192905967,0.185742181,-0.043782375,-0.130730175,-0.316507202,0.326279217,-0.166601589,0.073659093,-0.034203531,0.075794513,0.000000000,0.000000000,0.000000000,0.000000000,0.000000000,0.000000000,0.000000000,0.000000000,0.000000000,0.000000000,0.000000000,0.000000000,0.000000000,0.000000000,0.000000000,0.000000000
0.072192638,-0.298309207,0.717611025,0.983268808,0.022111597,0.085453342,0.159346339,-0.673078521,0.088318207,0.363635192,0.494207026,-0.136864386,0.171388248,0.029905997,-0.136059277,-0.302200345,0.333685991,-0.199498216,0.073590055,-0.046319853,0.073142784,0.000000000,0.000000000,0.000000000,0.000000000,0.000000000,0.000000000,0.000000000,0.000000000,0.000000000,0.000000000,0.000000000,0.000000000,0.000000000,0.000000000,0.000000000,0.000000000
0.094629998,-0.296952349,0.709731725,0.985426621,0.020447052,0.079058740,0.149217989,-0.687312387,0.098682205,0.479219625,0.367721070,-0.083585170,0.170558353,0.097933483,-0.140702413,-0.294152661,0.322186748,-0.215444096,0.070521465,-0.059470979,0.071356820,0.000000000,0.000000000,0.000000000,0.000000000,0.000000000,0.000000000,0.000000000,0.000000000,0.000000000,0.000000000,0.000000000,0.000000000,0.000000000,0.000000000,0.000000000,0.000000000
0.113508995,-0.292213185,0.702781537,0.984750350,0.020710460,0.083909217,0.150986980,-0.707800500,0.099388742,0.590017956,0.276122244,-0.044757654,0.172837112,0.148093506,-0.145754507,-0.284889133,0.321910022,-0.228040410,0.064539993,-0.068789890,0.046898084,0.000000000,0.000000000,0.000000000,0.000000000,0.000000000,0.000000000,0.000000000,0.000000000,0.000000000,0.000000000,0.000000000,0.000000000,0.000000000,0.000000000,0.000000000,0.000000000
0.128396693,-0.286880274,0.696061706,0.983937175,0.018851686,0.085183535,0.155743428,-0.743943675,0.092656162,0.659728284,0.226471479,-0.015123004,0.174730055,0.187471530,-0.150712574,-0.278070343,0.328898989,-0.240358895,0.055814601,-0.073490686,0.035873533,0.000000000,0.000000000,0.000000000,0.000000000,0.000000000,0.000000000,0.000000000,0.000000000,0.000000000,0.000000000,0.000000000,0.000000000,0.000000000,0.000000000,0.000000000,0.000000000
0.141559424,-0.284221996,0.690507313,0.983105573,0.017086782,0.083218052,0.162130286,-0.779202941,0.082585026,0.703867243,0.216034931,0.004344074,0.176653056,0.227470211,-0.152770609,-0.272938771,0.335309989,-0.247614459,0.046026027,-0.076838272,0.034184910,0.000000000,0.000000000,0.000000000,0.000000000,0.000000000,0.000000000,0.000000000,0.000000000,0.000000000,0.000000000,0.000000000,0.000000000,0.000000000,0.000000000,0.000000000,0.000000000
0.158936206,-0.283829610,0.687874098,0.981508248,0.013005762,0.083502995,0.171754650,-0.794184448,0.076197492,0.745918931,0.207036677,0.024544996,0.175549549,0.277517193,-0.155014209,-0.277071060,0.332338119,-0.246853613,0.041996272,-0.091651497,0.022471144,0.000000000,0.000000000,0.000000000,0.000000000,0.000000000,0.000000000,0.000000000,0.000000000,0.000000000,0.000000000,0.000000000,0.000000000,0.000000000,0.000000000,0.000000000,0.000000000
0.177311554,-0.282768104,0.685426807,0.980122590,0.014421050,0.080367906,0.180811342,-0.786569813,0.076497794,0.762400973,0.213716781,0.045511783,0.176562264,0.317932733,-0.160091747,-0.271221268,0.349827875,-0.254752633,0.040088547,-0.107895919,0.017583117,0.000000000,0.000000000,0.000000000,0.000000000,0.000000000,0.000000000,0.000000000,0.000000000,0.000000000,0.000000000,0.000000000,0.000000000,0.000000000,0.000000000,0.000000000,0.000000000
0.195925374,-0.273592840,0.682412843,0.980935417,0.018000458,0.071303376,0.179881959,-0.765698748,0.081420950,0.743078133,0.240159591,0.061273462,0.174477201,0.350658795,-0.166407562,-0.263434368,0.370003808,-0.264297599,0.038048061,-0.122499815,0.027935151,0.000000000,0.000000000,0.000000000,0.000000000,0.000000000,0.000000000,0.000000000,0.000000000,0.000000000,0.000000000,0.000000000,0.000000000,0.000000000,0.000000000,0.000000000,0.000000000
0.219888697,-0.254442739,0.678141869,0.982769549,0.018732769,0.057472682,0.174671086,-0.744408116,0.088471121,0.697473898,0.278058911,0.069430935,0.167953046,0.389277171,-0.176019457,-0.261345396,0.387430247,-0.265350862,0.040722510,-0.134934535,0.044145053,0.000000000,0.000000000,0.000000000,0.000000000,0.000000000,0.000000000,0.000000000,0.000000000,0.000000000,0.000000000,0.000000000,0.000000000,0.000000000,0.000000000,0.000000000,0.000000000
0.248199497,-0.233029015,0.662745976,0.994141577,0.014111965,-0.018336839,0.105580007,-0.735637953,0.104309036,0.614669055,0.339262663,0.063836441,0.155694396,0.421776521,-0.190050775,-0.264227056,0.401389083,-0.270019893,0.040980386,-0.041632244,0.204521824,0.000000000,0.000000000,0.000000000,0.000000000,0.000000000,0.000000000,0.000000000,0.000000000,0.000000000,0.000000000,0.000000000,0.000000000,0.000000000,0.000000000,0.000000000,0.000000000
0.277456450,-0.227476472,0.664478859,0.993751329,0.009402379,-0.001875383,0.111204203,-0.775006510,0.115233079,0.477795041,0.437896624,0.043942559,0.141559456,0.444397674,-0.206172579,-0.264763429,0.422240651,-0.268041715,0.048514076,-0.089634405,0.169692754,0.000000000,0.000000000,0.000000000,0.000000000,0.000000000,0.000000000,0.000000000,0.000000000,0.000000000,0.000000000,0.000000000,0.000000000,0.000000000,0.000000000,0.000000000,0.000000000
0.288034256,-0.224687658,0.659391027,0.997739795,0.006908207,-0.026171393,0.061503149,-0.862511493,0.134803701,0.368691339,0.587595097,0.007395694,0.135823194,0.425961106,-0.221975963,-0.246456332,0.482071305,-0.276138175,0.053953011,-0.021709934,0.245449804,0.000000000,0.000000000,0.000000000,0.000000000,0.000000000,0.000000000,0.000000000,0.000000000,0.000000000,0.000000000,0.000000000,0.000000000,0.000000000,0.000000000,0.000000000,0.000000000
0.295193394,-0.221589800,0.659107841,0.994468343,0.011191975,-0.010994614,0.103858426,-0.972184839,0.148665604,0.297814161,0.749675109,-0.041384909,0.141421805,0.393220624,-0.235866635,-0.223061962,0.540887622,-0.288408630,0.061741177,-0.124227519,0.240236549,0.000000000,0.000000000,0.000000000,0.000000000,0.000000000,0.000000000,0.000000000,0.000000000,0.000000000,0.000000000,0.000000000,0.000000000,0.000000000,0.000000000,0.000000000,0.000000000
0.288153546,-0.229770093,0.647356514,0.998967892,0.018581118,-0.019513453,0.036566628,-1.076151784,0.158825622,0.262962343,0.886322111,-0.077465380,0.145725038,0.355393989,-0.246433094,-0.198035492,0.607549838,-0.305851461,0.071774865,0.014103126,0.300972772,0.000000000,0.000000000,0.000000000,0.000000000,0.000000000,0.000000000,0.000000000,0.000000000,0.000000000,0.000000000,0.000000000,0.000000000,0.000000000,0.000000000,0.000000000,0.000000000
0.283908559,-0.248803290,0.639865778,0.998374341,0.023787381,-0.008729919,0.051055102,-1.167485243,0.162431642,0.239245234,1.007515276,-0.111419714,0.142616623,0.339723031,-0.250012271,-0.185820104,0.640475216,-0.324611388,0.079024820,-0.018730307,0.307331778,0.000000000,0.000000000,0.000000000,0.000000000,0.000000000,0.000000000,0.000000000,0.000000000,0.000000000,0.000000000,0.000000000,0.000000000,0.000000000,0.000000000,0.000000000,0.000000000
0.275824349,-0.271948825,0.630071166,0.996508556,0.031769112,-0.001641530,0.077192784,-1.260084557,0.163635262,0.224401122,1.119560573,-0.139530397,0.136769149,0.316127044,-0.252671960,-0.175138404,0.679753613,-0.348423368,0.090804064,-0.074598061,0.328724613,0.000000000,0.000000000,0.000000000,0.000000000,0.000000000,0.000000000,0.000000000,0.000000000,0.000000000,0.000000000,0.000000000,0.000000000,0.000000000,0.000000000,0.000000000,0.000000000
0.253748224,-0.302725841,0.618612430,0.996368704,0.041826882,-0.001987121,0.074134805,-1.335297794,0.161404174,0.216498541,1.209515558,-0.165876093,0.129337673,0.290063258,-0.256407217,-0.166588083,0.711765104,-0.368074314,0.108429470,-0.069490310,0.367575419,0.000000000,0.000000000,0.000000000,0.000000000,0.000000000,0.000000000,0.000000000,0.000000000,0.000000000,0.000000000,0.000000000,0.000000000,0.000000000,0.000000000,0.000000000,0.000000000
0.214581679,-0.332283736,0.610866110,0.996425203,0.048155552,-0.000446477,0.069409353,-1.391409338,0.157339417,0.210768241,1.275445231,-0.183357783,0.119882083,0.273160823,-0.257618071,-0.158837414,0.730792329,-0.382621105,0.113930580,-0.054163038,0.389235004,0.000000000,0.000000000,0.000000000,0.000000000,0.000000000,0.000000000,0.000000000,0.000000000,0.000000000,0.000000000,0.000000000,0.000000000,0.000000000,0.000000000,0.000000000,0.000000000
0.171306898,-0.355037657,0.608098872,0.996607209,0.053204778,0.001415506,0.062779930,-1.440481825,0.152470304,0.203181269,1.335202591,-0.202311930,0.112409945,0.268881194,-0.258113184,-0.151759850,0.743822866,-0.394616451,0.120535519,-0.039359816,0.406120838,0.000000000,0.000000000,0.000000000,0.000000000,0.000000000,0.000000000,0.000000000,0.000000000,0.000000000,0.000000000,0.000000000,0.000000000,0.000000000,0.000000000,0.000000000,0.000000000
0.143020162,-0.373760576,0.609248875,0.997061192,0.056794075,0.003698460,0.051280931,-1.490491565,0.148586820,0.194180509,1.386379552,-0.216885362,0.106489817,0.266286720,-0.261510200,-0.146741994,0.765628735,-0.403922125,0.127142765,-0.023168788,0.417486126,0.000000000,0.000000000,0.000000000,0.000000000,0.000000000,0.000000000,0.000000000,0.000000000,0.000000000,0.000000000,0.000000000,0.000000000,0.000000000,0.000000000,0.000000000,0.000000000
0.128488264,-0.389964981,0.611504742,0.997592172,0.057620938,0.006892358,0.037976053,-1.540279683,0.147248322,0.184488374,1.434810328,-0.227303090,0.102916928,0.261033638,-0.266846333,-0.140599747,0.800700520,-0.411615196,0.131385975,-0.001419216,0.422049203,0.000000000,0.000000000,0.000000000,0.000000000,0.000000000,0.000000000,0.000000000,0.000000000,0.000000000,0.000000000,0.000000000,0.000000000,0.000000000,0.000000000,0.000000000,0.000000000
0.119320382,-0.403032978,0.612911989,0.997875650,0.058352377,0.012905961,0.025934987,-1.578236708,0.146853341,0.174252554,1.472219958,-0.236922370,0.101328521,0.258805528,-0.272839029,-0.135312251,0.830278935,-0.416098415,0.134504500,0.019784822,0.418828520,0.000000000,0.000000000,0.000000000,0.000000000,0.000000000,0.000000000,0.000000000,0.000000000,0.000000000,0.000000000,0.000000000,0.000000000,0.000000000,0.000000000,0.000000000,0.000000000
0.110984100,-0.412404866,0.613732788,0.997981092,0.058890425,0.018026010,0.015515203,-1.614494793,0.148045053,0.164539107,1.505022439,-0.238372152,0.097647061,0.257076351,-0.281691938,-0.129324177,0.859151297,-0.420510728,0.135537769,0.039539372,0.413852371,0.000000000,0.000000000,0.000000000,0.000000000,0.000000000,0.000000000,0.000000000,0.000000000,0.000000000,0.000000000,0.000000000,0.000000000,0.000000000,0.000000000,0.000000000,0.000000000
0.104076570,-0.418865525,0.614528289,0.997990471,0.058645712,0.022786776,0.007514210,-1.648315423,0.148995404,0.155550444,1.537447914,-0.239731907,0.094999874,0.261495981,-0.289657023,-0.124505021,0.874820900,-0.427311185,0.130928456,0.056179868,0.409258848,0.000000000,0.000000000,0.000000000,0.000000000,0.000000000,0.000000000,0.000000000,0.000000000,0.000000000,0.000000000,0.000000000,0.000000000,0.000000000,0.000000000,0.000000000,0.000000000
0.094963837,-0.425466128,0.614273718,0.998087444,0.056482526,0.025118525,-0.000488040,-1.676855236,0.151328182,0.146346221,1.559263031,-0.239552837,0.091949876,0.256983357,-0.297249514,-0.121723342,0.894737366,-0.435908117,0.126165506,0.067948778,0.410865745,0.000000000,0.000000000,0.000000000,0.000000000,0.000000000,0.000000000,0.000000000,0.000000000,0.000000000,0.000000000,0.000000000,0.000000000,0.000000000,0.000000000,0.000000000,0.000000000
0.082552440,-0.430918719,0.614770764,0.998078576,0.055701940,0.026507543,-0.005813874,-1.698364042,0.155909093,0.140021413,1.569708012,-0.237099432,0.088083606,0.249538315,-0.304572181,-0.119345529,0.908225941,-0.443302878,0.121930273,0.072268404,0.413943034,0.000000000,0.000000000,0.000000000,0.000000000,0.000000000,0.000000000,0.000000000,0.000000000,0.000000000,0.000000000,0.000000000,0.000000000,0.000000000,0.000000000,0.000000000,0.000000000
0.068792636,-0.435490249,0.616907384,0.998140210,0.053743883,0.027323055,-0.009009249,-1.712523377,0.161887519,0.137285166,1.570871860,-0.233596716,0.084421886,0.248825840,-0.309436621,-0.118005560,0.905872493,-0.446942346,0.114731282,0.071838934,0.417975057,0.000000000,0.000000000,0.000000000,0.000000000,0.000000000,0.000000000,0.000000000,0.000000000,0.000000000,0.000000000,0.000000000,0.000000000,0.000000000,0.000000000,0.000000000,0.000000000
0.056469615,-0.438408017,0.621262579,0.998163558,0.051144438,0.028252888,-0.015985398,-1.718588917,0.166557435,0.137448852,1.556468108,-0.229308984,0.080456733,0.247302652,-0.312816209,-0.119903287,0.886538681,-0.446446059,0.108213086,0.071918567,0.425441666,0.000000000,0.000000000,0.000000000,0.000000000,0.000000000,0.000000000,0.000000000,0.000000000,0.000000000,0.000000000,0.000000000,0.000000000,0.000000000,0.000000000,0.000000000,0.000000000
0.045126472,-0.440910913,0.626173840,0.997832498,0.045467186,0.027038059,-0.039140579,-1.721664147,0.171034803,0.138965429,1.539273296,-0.222694545,0.078075143,0.241093313,-0.316546307,-0.123480680,0.860745798,-0.436417715,0.102295983,0.098438866,0.443041062,0.000000000,0.000000000,0.000000000,0.000000000,0.000000000,0.000000000,0.000000000,0.000000000,0.000000000,0.000000000,0.000000000,0.000000000,0.000000000,0.000000000,0.000000000,0.000000000
0.036950830,-0.441737578,0.632399744,0.997499352,0.041773173,0.029974119,-0.048493267,-1.708850973,0.173292978,0.142788787,1.507405928,-0.218980290,0.074833134,0.240256183,-0.316510135,-0.126897436,0.808463575,-0.416761345,0.095626616,0.088502864,0.448260678,0.000000000,0.000000000,0.000000000,0.000000000,0.000000000,0.000000000,0.000000000,0.000000000,0.000000000,0.000000000,0.000000000,0.000000000,0.000000000,0.000000000,0.000000000,0.000000000
0.032898436,-0.441584428,0.641515445,0.996850995,0.039283735,0.035201718,-0.059209124,-1.671302991,0.175239984,0.151829369,1.449900873,-0.211265462,0.070152515,0.241696554,-0.313847498,-0.130374644,0.742168325,-0.385134184,0.093049913,0.078836794,0.451743739,0.000000000,0.000000000,0.000000000,0.000000000,0.000000000,0.000000000,0.000000000,0.000000000,0.000000000,0.000000000,0.000000000,0.000000000,0.000000000,0.000000000,0.000000000,0.000000000
0.033605059,-0.439508579,0.654201373,0.995858818,0.034776579,0.044474660,-0.071258750,-1.617134696,0.177853958,0.164509434,1.368914051,-0.195900870,0.065503714,0.235601628,-0.310539679,-0.138712714,0.673464695,-0.345644193,0.091038562,0.066082825,0.457905892,0.000000000,0.000000000,0.000000000,0.000000000,0.000000000,0.000000000,0.000000000,0.000000000,0.000000000,0.000000000,0.000000000,0.000000000,0.000000000,0.000000000,0.000000000,0.000000000
0.039261477,-0.434974826,0.671303352,0.994048576,0.027987974,0.056909064,-0.088574600,-1.548113972,0.177622910,0.175634029,1.285545975,-0.182154576,0.068962417,0.223595661,-0.306193874,-0.151224387,0.596516604,-0.297677302,0.088515956,0.067757339,0.456373138,0.000000000,0.000000000,0.000000000,0.000000000,0.000000000,0.000000000,0.000000000,0.000000000,0.000000000,0.000000000,0.000000000,0.000000000,0.000000000,0.000000000,0.000000000,0.000000000
0.050450766,-0.427618782,0.693628174,0.991291602,0.020727954,0.072178758,-0.108173654,-1.439403516,0.178836390,0.189967589,1.177597255,-0.171580992,0.073346512,0.175274327,-0.304979221,-0.168740358,0.554541592,-0.233931730,0.098661405,0.061377115,0.446705198,0.000000000,0.000000000,0.000000000,0.000000000,0.000000000,0.000000000,0.000000000,0.000000000,0.000000000,0.000000000,0.000000000,0.000000000,0.000000000,0.000000000,0.000000000,0.000000000
0.062309379,-0.421132696,0.720558241,0.987510259,0.011775841,0.089272204,-0.129287627,-1.313744070,0.177741664,0.210300529,1.037702699,-0.151588212,0.068813446,0.132607036,-0.297152500,-0.192465773,0.505218343,-0.180459530,0.091657843,0.063686926,0.431047928,0.000000000,0.000000000,0.000000000,0.000000000,0.000000000,0.000000000,0.000000000,0.000000000,0.000000000,0.000000000,0.000000000,0.000000000,0.000000000,0.000000000,0.000000000,0.000000000
0.072925683,-0.419553551,0.748790114,0.982776667,0.012894161,0.101933810,-0.153600984,-1.171595461,0.172220135,0.233790650,0.890793180,-0.134014141,0.071317461,0.059568309,-0.290201679,-0.207577009,0.513813079,-0.137702283,0.093211031,0.070161344,0.408746027,0.000000000,0.000000000,0.000000000,0.000000000,0.000000000,0.000000000,0.000000000,0.000000000,0.000000000,0.000000000,0.000000000,0.000000000,0.000000000,0.000000000,0.000000000,0.000000000
0.085840911,-0.420622340,0.774530675,0.978899955,0.017084341,0.111519287,-0.170371511,-1.042800263,0.159253018,0.260199033,0.762270806,-0.128967044,0.082444367,-0.026730376,-0.279419261,-0.208951631,0.564929036,-0.118277998,0.092592549,0.078254750,0.387189690,0.000000000,0.000000000,0.000000000,0.000000000,0.000000000,0.000000000,0.000000000,0.000000000,0.000000000,0.000000000,0.000000000,0.000000000,0.000000000,0.000000000,0.000000000,0.000000000
0.103449680,-0.424436508,0.798235599,0.976349684,0.028975541,0.131858924,-0.168863666,-0.889819672,0.140747845,0.299107078,0.623219382,-0.130951039,0.090811681,-0.114655532,-0.260887303,-0.199839234,0.644854097,-0.114035192,0.094581657,0.040819226,0.317784719,0.000000000,0.000000000,0.000000000,0.000000000,0.000000000,0.000000000,0.000000000,0.000000000,0.000000000,0.000000000,0.000000000,0.000000000,0.000000000,0.000000000,0.000000000,0.000000000
0.124607713,-0.428258121,0.812967504,0.970077624,0.050302308,0.179454021,-0.155612774,-0.746133791,0.119381684,0.358333474,0.491791371,-0.135200863,0.097902327,-0.230821776,-0.230944102,-0.180618978,0.747882270,-0.119850519,0.095403061,-0.004445703,0.188135152,0.000000000,0.000000000,0.000000000,0.000000000,0.000000000,0.000000000,0.000000000,0.000000000,0.000000000,0.000000000,0.000000000,0.000000000,0.000000000,0.000000000,0.000000000,0.000000000
0.146081837,-0.433020958,0.820041002,0.971126686,0.058094878,0.174561904,-0.151875235,-0.647074147,0.099682771,0.397179993,0.423794077,-0.155518664,0.103243865,-0.378025945,-0.208556942,-0.152956157,0.872521700,-0.136370220,0.091325875,-0.023459318,0.177740542,0.000000000,0.000000000,0.000000000,0.000000000,0.000000000,0.000000000,0.000000000,0.000000000,0.000000000,0.000000000,0.000000000,0.000000000,0.000000000,0.000000000,0.000000000,0.000000000
0.166355248,-0.437207431,0.823308659,0.973910316,0.061915457,0.165238309,-0.142693636,-0.563359490,0.086937145,0.444389669,0.370258744,-0.175683759,0.096474470,-0.478911469,-0.200690776,-0.137100058,0.949938393,-0.151120823,0.090796804,-0.042155093,0.170988447,0.000000000,0.000000000,0.000000000,0.000000000,0.000000000,0.000000000,0.000000000,0.000000000,0.000000000,0.000000000,0.000000000,0.000000000,0.000000000,0.000000000,0.000000000,0.000000000
0.182573917,-0.440369783,0.824676355,0.976277092,0.068335223,0.157539003,-0.131889347,-0.471830866,0.070871113,0.491167802,0.319075201,-0.188917386,0.085554926,-0.494512536,-0.183860516,-0.132400132,0.937168919,-0.158559864,0.090144621,-0.046750859,0.143602740,0.000000000,0.000000000,0.000000000,0.000000000,0.000000000,0.000000000,0.000000000,0.000000000,0.000000000,0.000000000,0.000000000,0.000000000,0.000000000,0.000000000,0.000000000,0.000000000
0.193850110,-0.442179401,0.824721492,0.983241170,0.071735869,0.138073600,-0.095007621,-0.392218226,0.048855442,0.520712915,0.266493119,-0.208159150,0.064094731,-0.608599432,-0.154689402,-0.096533441,0.960505533,-0.162160744,0.090249386,-0.050736447,0.166327467,0.000000000,0.000000000,0.000000000,0.000000000,0.000000000,0.000000000,0.000000000,0.000000000,0.000000000,0.000000000,0.000000000,0.000000000,0.000000000,0.000000000,0.000000000,0.000000000
0.201784702,-0.443339152,0.820068622,0.988346225,0.075709487,0.125843968,-0.040038832,-0.342547668,0.034283574,0.492662976,0.274143017,-0.265612506,0.038648359,-0.706564493,-0.130099095,-0.063845095,0.948596823,-0.160375461,0.090584439,-0.055321425,0.181145474,0.000000000,0.000000000,0.000000000,0.000000000,0.000000000,0.000000000,0.000000000,0.000000000,0.000000000,0.000000000,0.000000000,0.000000000,0.000000000,0.000000000,0.000000000,0.000000000
0.208174071,-0.442817744,0.813069874,0.989509191,0.078751490,0.120128029,0.015460300,-0.280111701,0.026996897,0.451175855,0.309023401,-0.335856624,0.009414988,-0.745353373,-0.121020456,-0.049291238,0.903053853,-0.141659550,0.092039570,-0.076291464,0.157147350,0.000000000,0.000000000,0.000000000,0.000000000,0.000000000,0.000000000,0.000000000,0.000000000,0.000000000,0.000000000,0.000000000,0.000000000,0.000000000,0.000000000,0.000000000,0.000000000
0.213414490,-0.439185137,0.805151099,0.987160511,0.076945539,0.121144953,0.070124251,-0.201354396,0.028228245,0.421945343,0.331250713,-0.385912998,-0.031496801,-0.762399664,-0.123346171,-0.047924769,0.837374673,-0.109238356,0.094864096,-0.101302235,0.112475579,0.000000000,0.000000000,0.000000000,0.000000000,0.000000000,0.000000000,0.000000000,0.000000000,0.000000000,0.000000000,0.000000000,0.000000000,0.000000000,0.000000000,0.000000000,0.000000000
0.216067771,-0.432271858,0.796440334,0.981787201,0.071345124,0.132372214,0.116109267,-0.126753506,0.036002754,0.390570538,0.341480360,-0.416857330,-0.079644200,-0.763620075,-0.131663987,-0.077002511,0.677012070,-0.048519346,0.100528680,-0.113625234,0.070321015,0.000000000,0.000000000,0.000000000,0.000000000,0.000000000,0.000000000,0.000000000,0.000000000,0.000000000,0.000000000,0.000000000,0.000000000,0.000000000,0.000000000,0.000000000,0.000000000
0.215543397,-0.422809333,0.788122309,0.977810697,0.066712656,0.141478587,0.139353765,-0.047556525,0.048255344,0.378015427,0.337802407,-0.432478452,-0.126183138,-0.747982485,-0.145487963,-0.149822388,0.468397873,0.037595635,0.099864416,-0.101493128,0.032907415,0.000000000,0.000000000,0.000000000,0.000000000,0.000000000,0.000000000,0.000000000,0.000000000,0.000000000,0.000000000,0.000000000,0.000000000,0.000000000,0.000000000,0.000000000,0.000000000
0.213122234,-0.409419091,0.779240652,0.973519628,0.059641898,0.154463253,0.157618148,0.020120412,0.064241166,0.367269709,0.339052356,-0.445788044,-0.160897490,-0.730078802,-0.158001605,-0.249717598,0.303458471,0.116430155,0.077679620,-0.087632611,-0.012892338,0.000000000,0.000000000,0.000000000,0.000000000,0.000000000,0.000000000,0.000000000,0.000000000,0.000000000,0.000000000,0.000000000,0.000000000,0.000000000,0.000000000,0.000000000,0.000000000
0.206772190,-0.395247681,0.768910138,0.971778766,0.057223295,0.153072327,0.170118747,0.090754678,0.086094943,0.376259130,0.332593013,-0.442211777,-0.188364695,-0.712623960,-0.166184351,-0.306726551,0.198809758,0.167986574,0.058288960,-0.069239952,-0.037422837,0.000000000,0.000000000,0.000000000,0.000000000,0.000000000,0.000000000,0.000000000,0.000000000,0.000000000,0.000000000,0.000000000,0.000000000,0.000000000,0.000000000,0.000000000,0.000000000
0.191585817,-0.383800542,0.758332620,0.971210600,0.056814368,0.147461141,0.178261912,0.139127175,0.109460630,0.377774165,0.339976932,-0.441802941,-0.195531999,-0.712687104,-0.176187891,-0.326650627,0.154489662,0.191871331,0.041348154,-0.052281686,-0.047180897,0.000000000,0.000000000,0.000000000,0.000000000,0.000000000,0.000000000,0.000000000,0.000000000,0.000000000,0.000000000,0.000000000,0.000000000,0.000000000,0.000000000,0.000000000,0.000000000
0.165026324,-0.375079165,0.747981282,0.969910869,0.060783002,0.144225969,0.186486469,0.172648536,0.136966416,0.368344204,0.357889789,-0.439186138,-0.187826681,-0.726490219,-0.197540817,-0.345360604,0.162436009,0.196091268,0.018227552,-0.044444024,-0.053647181,0.000000000,0.000000000,0.000000000,0.000000000,0.000000000,0.000000000,0.000000000,0.000000000,0.000000000,0.000000000,0.000000000,0.000000000,0.000000000,0.000000000,0.000000000,0.000000000
0.135839781,-0.372666691,0.734467920,0.969332560,0.065190162,0.138081869,0.192556561,0.199727811,0.169363875,0.336345587,0.391656952,-0.445226932,-0.158325081,-0.741097289,-0.229243623,-0.342633182,0.220515929,0.179341293,-0.005268158,-0.035637817,-0.055142308,0.000000000,0.000000000,0.000000000,0.000000000,0.000000000,0.000000000,0.000000000,0.000000000,0.000000000,0.000000000,0.000000000,0.000000000,0.000000000,0.000000000,0.000000000,0.000000000
0.115536637,-0.373781540,0.720294463,0.968489884,0.070720911,0.130840211,0.199766706,0.216310921,0.201182203,0.294631284,0.422017021,-0.437727401,-0.118116362,-0.755285025,-0.256229907,-0.307743825,0.294621124,0.152500644,-0.017198763,-0.035407811,-0.044615302,0.000000000,0.000000000,0.000000000,0.000000000,0.000000000,0.000000000,0.000000000,0.000000000,0.000000000,0.000000000,0.000000000,0.000000000,0.000000000,0.000000000,0.000000000,0.000000000
0.099589793,-0.365603445,0.705979090,0.967919861,0.078948411,0.124223304,0.203634139,0.241771869,0.229960663,0.267480731,0.441154934,-0.421154984,-0.082437195,-0.770893406,-0.272345456,-0.257049935,0.381689607,0.107765116,-0.015517245,-0.032193619,-0.027259701,0.000000000,0.000000000,0.000000000,0.000000000,0.000000000,0.000000000,0.000000000,0.000000000,0.000000000,0.000000000,0.000000000,0.000000000,0.000000000,0.000000000,0.000000000,0.000000000
0.094808467,-0.353689581,0.689854865,0.968045467,0.089765439,0.112534084,0.205344149,0.266076945,0.253658188,0.234396321,0.475338483,-0.413863923,-0.043392174,-0.811042302,-0.281958127,-0.187948303,0.514315245,0.041032818,-0.012360319,-0.030505937,0.002146367,0.000000000,0.000000000,0.000000000,0.000000000,0.000000000,0.000000000,0.000000000,0.000000000,0.000000000,0.000000000,0.000000000,0.000000000,0.000000000,0.000000000,0.000000000,0.000000000
0.095848871,-0.346206856,0.670225410,0.967409198,0.102226056,0.102321960,0.207844878,0.278851916,0.269410441,0.201047256,0.521813252,-0.426013560,0.003863434,-0.893713581,-0.285989810,-0.124688344,0.692387210,-0.040866220,-0.018184527,-0.045466381,0.039755180,0.000000000,0.000000000,0.000000000,0.000000000,0.000000000,0.000000000,0.000000000,0.000000000,0.000000000,0.000000000,0.000000000,0.000000000,0.000000000,0.000000000,0.000000000,0.000000000
0.096289006,-0.335799431,0.649208505,0.966120666,0.114838464,0.090548528,0.212659235,0.298189722,0.285661338,0.187000385,0.561549221,-0.452922445,0.044391203,-0.997160402,-0.298358747,-0.080291184,0.882357273,-0.115389923,-0.027254966,-0.061063691,0.078801485,0.000000000,0.000000000,0.000000000,0.000000000,0.000000000,0.000000000,0.000000000,0.000000000,0.000000000,0.000000000,0.000000000,0.000000000,0.000000000,0.000000000,0.000000000,0.000000000
0.094702671,-0.331714143,0.630525346,0.963524705,0.126449812,0.080042002,0.221864523,0.314804069,0.300037636,0.186022924,0.581836804,-0.485947813,0.076297887,-1.098770665,-0.312910895,-0.045411260,1.051347185,-0.167840713,-0.032560371,-0.082923895,0.118293364,0.000000000,0.000000000,0.000000000,0.000000000,0.000000000,0.000000000,0.000000000,0.000000000,0.000000000,0.000000000,0.000000000,0.000000000,0.000000000,0.000000000,0.000000000,0.000000000
0.087435025,-0.329718251,0.613832669,0.960739518,0.130545200,0.069995586,0.234602104,0.317756169,0.312840595,0.177794701,0.614527873,-0.515688093,0.100618536,-1.194182655,-0.324648045,-0.019730825,1.192600772,-0.200424670,-0.033444831,-0.106254446,0.158860854,0.000000000,0.000000000,0.000000000,0.000000000,0.000000000,0.000000000,0.000000000,0.000000000,0.000000000,0.000000000,0.000000000,0.000000000,0.000000000,0.000000000,0.000000000,0.000000000
0.066476487,-0.331733113,0.601982185,0.958260657,0.136066631,0.067940394,0.242087770,0.326578960,0.320698066,0.169119451,0.637854215,-0.529900742,0.119024112,-1.248029302,-0.329791099,-0.004544219,1.285845803,-0.222969066,-0.031209328,-0.118107939,0.179279836,0.000000000,0.000000000,0.000000000,0.000000000,0.000000000,0.000000000,0.000000000,0.000000000,0.000000000,0.000000000,0.000000000,0.000000000,0.000000000,0.000000000,0.000000000,0.000000000
0.026667211,-0.336504092,0.593658037,0.956221936,0.141020186,0.070924597,0.246419597,0.317874999,0.326381177,0.157123405,0.669214334,-0.540345980,0.129943111,-1.303091953,-0.330644047,0.008461902,1.372074735,-0.247803222,-0.033758935,-0.119853890,0.198762159,0.000000000,0.000000000,0.000000000,0.000000000,0.000000000,0.000000000,0.000000000,0.000000000,0.000000000,0.000000000,0.000000000,0.000000000,0.000000000,0.000000000,0.000000000,0.000000000
-0.017891693,-0.345168043,0.588247221,0.954009936,0.144073805,0.075895225,0.251689680,0.314254955,0.332133385,0.152413497,0.690302006,-0.550285294,0.129722321,-1.354905577,-0.329348201,0.018567441,1.448578657,-0.270736413,-0.033890421,-0.120760969,0.219036118,0.000000000,0.000000000,0.000000000,0.000000000,0.000000000,0.000000000,0.000000000,0.000000000,0.000000000,0.000000000,0.000000000,0.000000000,0.000000000,0.000000000,0.000000000,0.000000000
-0.042199094,-0.356905320,0.585121585,0.951629864,0.143221473,0.078442124,0.260259571,0.311083169,0.336043420,0.147061212,0.705860902,-0.557023421,0.129997120,-1.398708382,-0.326971658,0.024308107,1.507108332,-0.287917882,-0.033903134,-0.129507286,0.239851734,0.000000000,0.000000000,0.000000000,0.000000000,0.000000000,0.000000000,0.000000000,0.000000000,0.000000000,0.000000000,0.000000000,0.000000000,0.000000000,0.000000000,0.000000000,0.000000000
-0.051143407,-0.364987091,0.584982368,0.950392286,0.138964383,0.078073769,0.267110257,0.317812156,0.338633663,0.144404281,0.714082533,-0.562980768,0.131479356,-1.421375682,-0.325833212,0.024961840,1.546782370,-0.300429199,-0.032401531,-0.152033160,0.250794291,0.000000000,0.000000000,0.000000000,0.000000000,0.000000000,0.000000000,0.000000000,0.000000000,0.000000000,0.000000000,0.000000000,0.000000000,0.000000000,0.000000000,0.000000000,0.000000000
-0.054102666,-0.367162661,0.586567756,0.950443601,0.133414349,0.078506742,0.269618738,0.319976761,0.340677523,0.143227588,0.719844020,-0.568394246,0.131398920,-1.445215996,-0.323928484,0.025748770,1.581425254,-0.311244036,-0.033430665,-0.174758754,0.262922548,0.000000000,0.000000000,0.000000000,0.000000000,0.000000000,0.000000000,0.000000000,0.000000000,0.000000000,0.000000000,0.000000000,0.000000000,0.000000000,0.000000000,0.000000000,0.000000000
-0.057561041,-0.364774036,0.588270389,0.951391693,0.129738077,0.080191929,0.267565193,0.321677289,0.342591832,0.143272847,0.723553164,-0.573738532,0.132763499,-1.471985388,-0.323968748,0.027418316,1.612366073,-0.317267402,-0.034085660,-0.186334241,0.272811556,0.000000000,0.000000000,0.000000000,0.000000000,0.000000000,0.000000000,0.000000000,0.000000000,0.000000000,0.000000000,0.000000000,0.000000000,0.000000000,0.000000000,0.000000000,0.000000000
-0.063073973,-0.360849965,0.589330201,0.953070521,0.126714099,0.082536578,0.262274346,0.321534543,0.343651223,0.144791162,0.720044517,-0.579246916,0.132207571,-1.499693405,-0.325556724,0.029560619,1.641976324,-0.326613273,-0.037391298,-0.196744484,0.280401989,0.000000000,0.000000000,0.000000000,0.000000000,0.000000000,0.000000000,0.000000000,0.000000000,0.000000000,0.000000000,0.000000000,0.000000000,0.000000000,0.000000000,0.000000000,0.000000000
-0.070448543,-0.358617824,0.589983194,0.953875365,0.126235896,0.086090954,0.258407883,0.317002575,0.343810520,0.149378540,0.713730389,-0.582235289,0.130452441,-1.516550417,-0.324145986,0.030994947,1.660633038,-0.338448427,-0.043191137,-0.209063167,0.286459588,0.000000000,0.000000000,0.000000000,0.000000000,0.000000000,0.000000000,0.000000000,0.000000000,0.000000000,0.000000000,0.000000000,0.000000000,0.000000000,0.000000000,0.000000000,0.000000000
-0.078991858,-0.357641408,0.591865858,0.953547080,0.128957104,0.089967963,0.256950963,0.300849565,0.344943308,0.156800164,0.702081347,-0.574282533,0.124274257,-1.543278558,-0.321781932,0.033342050,1.676843009,-0.346977482,-0.049957523,-0.213041975,0.301477166,0.000000000,0.000000000,0.000000000,0.000000000,0.000000000,0.000000000,0.000000000,0.000000000,0.000000000,0.000000000,0.000000000,0.000000000,0.000000000,0.000000000,0.000000000,0.000000000
-0.087441835,-0.358028937,0.597568533,0.952753721,0.133481728,0.095600084,0.255545691,0.290358942,0.341566666,0.168197362,0.669728363,-0.557731036,0.122332857,-1.553354154,-0.317840907,0.034358253,1.677745735,-0.353723124,-0.057090744,-0.223352044,0.314101507,0.000000000,0.000000000,0.000000000,0.000000000,0.000000000,0.000000000,0.000000000,0.000000000,0.000000000,0.000000000,0.000000000,0.000000000,0.000000000,0.000000000,0.000000000,0.000000000
-0.092345055,-0.357434635,0.607766735,0.950538908,0.140144992,0.102329619,0.257611751,0.282469373,0.334784585,0.190782344,0.622570003,-0.534386663,0.118878733,-1.529473107,-0.313294718,0.032358938,1.650356995,-0.368138225,-0.066178689,-0.233368806,0.319809077,0.000000000,0.000000000,0.000000000,0.000000000,0.000000000,0.000000000,0.000000000,0.000000000,0.000000000,0.000000000,0.000000000,0.000000000,0.000000000,0.000000000,0.000000000,0.000000000
-0.096805216,-0.355953983,0.620546975,0.950166874,0.145051305,0.112427085,0.251998377,0.264123616,0.322789916,0.224111684,0.566128397,-0.502927258,0.111915728,-1.495748510,-0.306288934,0.024372524,1.595196073,-0.383068000,-0.077388035,-0.246545968,0.328168337,0.000000000,0.000000000,0.000000000,0.000000000,0.000000000,0.000000000,0.000000000,0.000000000,0.000000000,0.000000000,0.000000000,0.000000000,0.000000000,0.000000000,0.000000000,0.000000000
-0.099297934,-0.355050547,0.633648486,0.949645538,0.151666006,0.124835566,0.244104190,0.237409337,0.309046869,0.265646993,0.515634779,-0.462369613,0.097782054,-1.447685779,-0.295435974,0.015669579,1.526793105,-0.394798039,-0.087434186,-0.257861773,0.337399509,0.000000000,0.000000000,0.000000000,0.000000000,0.000000000,0.000000000,0.000000000,0.000000000,0.000000000,0.000000000,0.000000000,0.000000000,0.000000000,0.000000000,0.000000000,0.000000000
-0.099225215,-0.353408045,0.647920746,0.948682589,0.156618875,0.137473590,0.237850552,0.181715483,0.286998961,0.286526259,0.513585073,-0.422237249,0.098269992,-1.378500848,-0.275418828,0.001750774,1.443591190,-0.396561357,-0.097382573,-0.265606141,0.336706015,0.000000000,0.000000000,0.000000000,0.000000000,0.000000000,0.000000000,0.000000000,0.000000000,0.000000000,0.000000000,0.000000000,0.000000000,0.000000000,0.000000000,0.000000000,0.000000000
-0.101098042,-0.351551656,0.663263971,0.946320299,0.166873108,0.159534994,0.226229624,0.109192218,0.260502783,0.293419724,0.547261773,-0.378821545,0.098234685,-1.286312756,-0.251034560,-0.013673144,1.343024374,-0.388482126,-0.101347651,-0.247530097,0.309732770,0.000000000,0.000000000,0.000000000,0.000000000,0.000000000,0.000000000,0.000000000,0.000000000,0.000000000,0.000000000,0.000000000,0.000000000,0.000000000,0.000000000,0.000000000,0.000000000
-0.115332194,-0.352122989,0.676942576,0.948371198,0.155032235,0.118616433,0.249974437,0.019877070,0.220702548,0.279377698,0.636323700,-0.356942792,0.103320226,-1.178298468,-0.222781715,-0.031668734,1.221049138,-0.369221140,-0.100155443,-0.318578333,0.398316051,0.000000000,0.000000000,0.000000000,0.000000000,0.000000000,0.000000000,0.000000000,0.000000000,0.000000000,0.000000000,0.000000000,0.000000000,0.000000000,0.000000000,0.000000000,0.000000000
-0.129749634,-0.337371172,0.688370777,0.949373963,0.157910217,0.153540116,0.224006415,-0.126304312,0.176228811,0.253598627,0.783828330,-0.337069713,0.102477685,-1.077667599,-0.196010582,-0.056257379,1.092018730,-0.333139190,-0.090032086,-0.248546341,0.339132023,0.000000000,0.000000000,0.000000000,0.000000000,0.000000000,0.000000000,0.000000000,0.000000000,0.000000000,0.000000000,0.000000000,0.000000000,0.000000000,0.000000000,0.000000000,0.000000000
-0.145782009,-0.326557799,0.692870248,0.953254292,0.142705912,0.161597878,0.211724828,-0.278048047,0.142008625,0.228602082,0.967241256,-0.326910065,0.097084476,-0.998642353,-0.172925829,-0.078655577,0.990366247,-0.293191985,-0.078011232,-0.215883150,0.320521932,0.000000000,0.000000000,0.000000000,0.000000000,0.000000000,0.000000000,0.000000000,0.000000000,0.000000000,0.000000000,0.000000000,0.000000000,0.000000000,0.000000000,0.000000000,0.000000000
-0.151633311,-0.321211814,0.691472432,0.960270839,0.129817562,0.156422759,0.191204699,-0.412367929,0.117218948,0.208552746,1.147137721,-0.325302284,0.098516305,-0.930350047,-0.153047264,-0.091803112,0.927418008,-0.261417953,-0.070897627,-0.177824632,0.308322534,0.000000000,0.000000000,0.000000000,0.000000000,0.000000000,0.000000000,0.000000000,0.000000000,0.000000000,0.000000000,0.000000000,0.000000000,0.000000000,0.000000000,0.000000000,0.000000000
-0.145158404,-0.322944415,0.689689555,0.968611197,0.117257962,0.149654573,0.160145020,-0.511979353,0.100163855,0.199609296,1.225182318,-0.329745981,0.107571771,-0.858822525,-0.139851272,-0.104578510,0.855524973,-0.229866205,-0.051531474,-0.150000952,0.298698938,0.000000000,0.000000000,0.000000000,0.000000000,0.000000000,0.000000000,0.000000000,0.000000000,0.000000000,0.000000000,0.000000000,0.000000000,0.000000000,0.000000000,0.000000000,0.000000000
-0.129124314,-0.329493276,0.689050730,0.977512548,0.105417431,0.120847701,0.136938730,-0.638395112,0.096017791,0.186029099,1.281671098,-0.324687210,0.123787924,-0.787925424,-0.132848951,-0.112229716,0.793905914,-0.206277728,-0.035408111,-0.135526521,0.335164447,0.000000000,0.000000000,0.000000000,0.000000000,0.000000000,0.000000000,0.000000000,0.000000000,0.000000000,0.000000000,0.000000000,0.000000000,0.000000000,0.000000000,0.000000000,0.000000000
-0.109678816,-0.328665087,0.690670178,0.983116108,0.096711815,0.108729919,0.110938485,-0.693271483,0.094367294,0.181513392,1.205010617,-0.336692190,0.147997198,-0.712366302,-0.133982156,-0.120813315,0.721968437,-0.184084568,-0.008603339,-0.115888010,0.339840442,0.000000000,0.000000000,0.000000000,0.000000000,0.000000000,0.000000000,0.000000000,0.000000000,0.000000000,0.000000000,0.000000000,0.000000000,0.000000000,0.000000000,0.000000000,0.000000000
-0.086987044,-0.321413162,0.696619338,0.987612694,0.089700525,0.105651053,0.073571985,-0.718323774,0.098766238,0.178455504,1.038140094,-0.335226913,0.161478990,-0.635040939,-0.141175298,-0.136728925,0.628868799,-0.150030744,0.020307845,-0.110989302,0.329410654,0.000000000,0.000000000,0.000000000,0.000000000,0.000000000,0.000000000,0.000000000,0.000000000,0.000000000,0.000000000,0.000000000,0.000000000,0.000000000,0.000000000,0.000000000,0.000000000
-0.061813656,-0.303533820,0.704129357,0.988924226,0.084568214,0.118801684,0.027627037,-0.704429374,0.115280945,0.173687567,0.844890217,-0.326631104,0.165812282,-0.569893167,-0.154611970,-0.146060663,0.571310757,-0.132130022,0.045535577,-0.097421470,0.272828623,0.000000000,0.000000000,0.000000000,0.000000000,0.000000000,0.000000000,0.000000000,0.000000000,0.000000000,0.000000000,0.000000000,0.000000000,0.000000000,0.000000000,0.000000000,0.000000000
-0.035590816,-0.276230211,0.708354280,0.988678470,0.079020279,0.120025835,-0.043179602,-0.673019415,0.123380975,0.144004708,0.760113829,-0.323505611,0.161270621,-0.469686188,-0.162529476,-0.146362089,0.526815266,-0.129184486,0.050232669,-0.089016431,0.195209949,0.000000000,0.000000000,0.000000000,0.000000000,0.000000000,0.000000000,0.000000000,0.000000000,0.000000000,0.000000000,0.000000000,0.000000000,0.000000000,0.000000000,0.000000000,0.000000000
-0.010504050,-0.248638250,0.712616952,0.980468570,0.080102085,0.128386122,-0.125626599,-0.637210364,0.146026572,0.123923285,0.658804140,-0.304486658,0.143240236,-0.413107866,-0.174992937,-0.139693778,0.519906533,-0.129554691,0.058267445,-0.068047796,0.126475432,0.000000000,0.000000000,0.000000000,0.000000000,0.000000000,0.000000000,0.000000000,0.000000000,0.000000000,0.000000000,0.000000000,0.000000000,0.000000000,0.000000000,0.000000000,0.000000000
0.014635540,-0.222432033,0.716774402,0.966606060,0.086136351,0.130829273,-0.202822471,-0.577692222,0.167044319,0.117979616,0.571077843,-0.283826789,0.125341813,-0.372890737,-0.186754289,-0.138579944,0.508597875,-0.136856225,0.060207032,-0.045316844,0.082850959,0.000000000,0.000000000,0.000000000,0.000000000,0.000000000,0.000000000,0.000000000,0.000000000,0.000000000,0.000000000,0.000000000,0.000000000,0.000000000,0.000000000,0.000000000,0.000000000
0.034452369,-0.199108886,0.720261821,0.948068272,0.096314491,0.132668261,-0.272560457,-0.519205109,0.179793268,0.150603756,0.470426744,-0.252123021,0.110158787,-0.348095688,-0.193613696,-0.146637664,0.500771435,-0.154511466,0.051465085,-0.028048530,0.052909177,0.000000000,0.000000000,0.000000000,0.000000000,0.000000000,0.000000000,0.000000000,0.000000000,0.000000000,0.000000000,0.000000000,0.000000000,0.000000000,0.000000000,0.000000000,0.000000000
0.047182080,-0.184545711,0.721171109,0.925339187,0.108178550,0.142314640,-0.334352109,-0.504391790,0.184321808,0.175352778,0.438556984,-0.230665066,0.110413712,-0.314547653,-0.195919672,-0.170082037,0.492124255,-0.178702841,0.036808526,-0.012238740,0.006237289,0.000000000,0.000000000,0.000000000,0.000000000,0.000000000,0.000000000,0.000000000,0.000000000,0.000000000,0.000000000,0.000000000,0.000000000,0.000000000,0.000000000,0.000000000,0.000000000
0.055617660,-0.175872637,0.720641432,0.900141854,0.122616478,0.144191704,-0.392324604,-0.479768152,0.182856523,0.216558486,0.407124285,-0.218007593,0.109406796,-0.288854982,-0.196660655,-0.187605907,0.489967832,-0.196501167,0.035223519,0.001114720,-0.016189095,0.000000000,0.000000000,0.000000000,0.000000000,0.000000000,0.000000000,0.000000000,0.000000000,0.000000000,0.000000000,0.000000000,0.000000000,0.000000000,0.000000000,0.000000000,0.000000000
0.064895858,-0.173950251,0.720113236,0.872854491,0.133129613,0.144705767,-0.446611447,-0.439756247,0.182795142,0.244370129,0.380487970,-0.207059681,0.101148110,-0.253718546,-0.206857003,-0.214899115,0.474739464,-0.202171680,0.036489333,0.011999856,-0.037681882,0.000000000,0.000000000,0.000000000,0.000000000,0.000000000,0.000000000,0.000000000,0.000000000,0.000000000,0.000000000,0.000000000,0.000000000,0.000000000,0.000000000,0.000000000,0.000000000
0.082731414,-0.178598197,0.720742476,0.842422892,0.145483479,0.144081719,-0.498396114,-0.427016249,0.180702561,0.272202130,0.368396774,-0.200573351,0.093016109,-0.238744370,-0.220275162,-0.227286514,0.466721689,-0.207932332,0.035753032,0.023475318,-0.048548441,0.000000000,0.000000000,0.000000000,0.000000000,0.000000000,0.000000000,0.000000000,0.000000000,0.000000000,0.000000000,0.000000000,0.000000000,0.000000000,0.000000000,0.000000000,0.000000000
0.115869269,-0.189802987,0.721024202,0.805134286,0.158260692,0.134127385,-0.555627734,-0.376511960,0.173500154,0.284665611,0.365060006,-0.211861779,0.081979048,-0.233320079,-0.239273682,-0.226169798,0.463491244,-0.198435553,0.042329887,0.023740799,-0.063590144,0.000000000,0.000000000,0.000000000,0.000000000,0.000000000,0.000000000,0.000000000,0.000000000,0.000000000,0.000000000,0.000000000,0.000000000,0.000000000,0.000000000,0.000000000,0.000000000
0.150231564,-0.211416841,0.721792579,0.760697309,0.169334171,0.121476009,-0.614743135,-0.328859981,0.165173016,0.272731961,0.384009914,-0.240507871,0.075102757,-0.219650805,-0.259853227,-0.226288068,0.443417509,-0.174766149,0.040630344,0.035706430,-0.084626271,0.000000000,0.000000000,0.000000000,0.000000000,0.000000000,0.000000000,0.000000000,0.000000000,0.000000000,0.000000000,0.000000000,0.000000000,0.000000000,0.000000000,0.000000000,0.000000000
0.178371220,-0.237821325,0.718436420,0.720066586,0.174315227,0.104732645,-0.663437552,-0.330185513,0.157552319,0.246518819,0.431272798,-0.275494415,0.074002686,-0.258347992,-0.275534020,-0.191730443,0.465045511,-0.159305664,0.028587383,0.051485596,-0.073545611,0.000000000,0.000000000,0.000000000,0.000000000,0.000000000,0.000000000,0.000000000,0.000000000,0.000000000,0.000000000,0.000000000,0.000000000,0.000000000,0.000000000,0.000000000,0.000000000
0.210790609,-0.277814256,0.711697689,0.687087081,0.167738433,0.090335823,-0.701152337,-0.362286300,0.145920227,0.218948354,0.486020197,-0.302811649,0.079338856,-0.264475237,-0.279606648,-0.161345386,0.470232422,-0.142469251,0.015087177,0.073441710,-0.059669816,0.000000000,0.000000000,0.000000000,0.000000000,0.000000000,0.000000000,0.000000000,0.000000000,0.000000000,0.000000000,0.000000000,0.000000000,0.000000000,0.000000000,0.000000000,0.000000000
0.226940512,-0.320324067,0.711198572,0.674943750,0.160374896,0.078183386,-0.715973593,-0.345081970,0.137534074,0.238966586,0.471101559,-0.310441988,0.077344820,-0.271724052,-0.274233992,-0.150635712,0.470367866,-0.131707882,0.003949187,0.058877855,-0.044304866,0.000000000,0.000000000,0.000000000,0.000000000,0.000000000,0.000000000,0.000000000,0.000000000,0.000000000,0.000000000,0.000000000,0.000000000,0.000000000,0.000000000,0.000000000,0.000000000
0.242899830,-0.348070312,0.712080989,0.669754378,0.147532275,0.064449184,-0.724920412,-0.306091334,0.129584871,0.266636909,0.441733102,-0.313796495,0.072127447,-0.307710785,-0.259491616,-0.147538553,0.483610178,-0.113809687,-0.004715638,0.034150865,-0.028041967,0.000000000,0.000000000,0.000000000,0.000000000,0.000000000,0.000000000,0.000000000,0.000000000,0.000000000,0.000000000,0.000000000,0.000000000,0.000000000,0.000000000,0.000000000,0.000000000
0.252720993,-0.381639754,0.712441698,0.666586889,0.134106465,0.054372439,-0.731246205,-0.281597402,0.121429948,0.283774163,0.425583416,-0.319872747,0.072926835,-0.343444412,-0.239027222,-0.157788835,0.491741373,-0.099887921,-0.010374202,0.025893871,-0.014333091,0.000000000,0.000000000,0.000000000,0.000000000,0.000000000,0.000000000,0.000000000,0.000000000,0.000000000,0.000000000,0.000000000,0.000000000,0.000000000,0.000000000,0.000000000,0.000000000
0.238685332,-0.404281878,0.710239253,0.662259658,0.118044821,0.043813647,-0.738618934,-0.267848180,0.116578134,0.295847115,0.421032041,-0.325635968,0.075142083,-0.354614446,-0.222913818,-0.182926722,0.482853611,-0.085323440,-0.009628600,0.015909370,0.000548925,0.000000000,0.000000000,0.000000000,0.000000000,0.000000000,0.000000000,0.000000000,0.000000000,0.000000000,0.000000000,0.000000000,0.000000000,0.000000000,0.000000000,0.000000000,0.000000000
0.200914641,-0.412922724,0.711727895,0.657610022,0.104833734,0.035777103,-0.745170414,-0.266708381,0.111339017,0.294364303,0.437297260,-0.339005942,0.084587441,-0.369011692,-0.212441851,-0.200952161,0.498949347,-0.077900701,-0.009087069,-0.001775035,0.010946681,0.000000000,0.000000000,0.000000000,0.000000000,0.000000000,0.000000000,0.000000000,0.000000000,0.000000000,0.000000000,0.000000000,0.000000000,0.000000000,0.000000000,0.000000000,0.000000000
0.152124435,-0.412172369,0.712997907,0.656286115,0.095069687,0.028468358,-0.747957113,-0.255289133,0.109352300,0.310989081,0.438935827,-0.345906989,0.089512922,-0.365784920,-0.209274657,-0.215667592,0.506427561,-0.070698122,-0.003947844,-0.015939666,0.011713624,0.000000000,0.000000000,0.000000000,0.000000000,0.000000000,0.000000000,0.000000000,0.000000000,0.000000000,0.000000000,0.000000000,0.000000000,0.000000000,0.000000000,0.000000000,0.000000000
0.113514561,-0.404949681,0.714736363,0.658755124,0.085438041,0.020664248,-0.747204802,-0.241396722,0.108215706,0.340419852,0.431106568,-0.346623842,0.088886033,-0.350661842,-0.209393101,-0.231258158,0.500860623,-0.063636174,-0.002766119,-0.027155505,0.015729037,0.000000000,0.000000000,0.000000000,0.000000000,0.000000000,0.000000000,0.000000000,0.000000000,0.000000000,0.000000000,0.000000000,0.000000000,0.000000000,0.000000000,0.000000000,0.000000000
0.090792284,-0.394682940,0.716098356,0.667411040,0.077904692,0.010394425,-0.740530430,-0.236480368,0.106751479,0.362301094,0.430215706,-0.350695448,0.093843796,-0.377769879,-0.210955351,-0.222127220,0.536544274,-0.063098896,-0.006356072,-0.043298940,0.029007768,0.000000000,0.000000000,0.000000000,0.000000000,0.000000000,0.000000000,0.000000000,0.000000000,0.000000000,0.000000000,0.000000000,0.000000000,0.000000000,0.000000000,0.000000000,0.000000000
0.076618459,-0.387094550,0.719484153,0.677740752,0.075167756,0.004425649,-0.731435366,-0.236734406,0.107693893,0.372910267,0.437370305,-0.356565790,0.089416424,-0.392681996,-0.210964323,-0.217586691,0.546174816,-0.064159321,-0.011397467,-0.050725518,0.040923326,0.000000000,0.000000000,0.000000000,0.000000000,0.000000000,0.000000000,0.000000000,0.000000000,0.000000000,0.000000000,0.000000000,0.000000000,0.000000000,0.000000000,0.000000000,0.000000000
0.066105093,-0.381719274,0.726932442,0.685345753,0.070116371,-0.000016861,-0.724834390,-0.218995793,0.108718349,0.393031219,0.424039930,-0.353018638,0.078100057,-0.377384086,-0.209665901,-0.220925904,0.524723938,-0.060268536,-0.012390870,-0.060313704,0.052719116,0.000000000,0.000000000,0.000000000,0.000000000,0.000000000,0.000000000,0.000000000,0.000000000,0.000000000,0.000000000,0.000000000,0.000000000,0.000000000,0.000000000,0.000000000,0.000000000
0.057825917,-0.380270258,0.735232439,0.692839487,0.066115365,0.000075137,-0.718054454,-0.188521379,0.108465184,0.428977403,0.392221971,-0.342502478,0.065602120,-0.360204288,-0.205135340,-0.217156271,0.513493091,-0.058667527,-0.011870560,-0.074531120,0.059244760,0.000000000,0.000000000,0.000000000,0.000000000,0.000000000,0.000000000,0.000000000,0.000000000,0.000000000,0.000000000,0.000000000,0.000000000,0.000000000,0.000000000,0.000000000,0.000000000
0.049727392,-0.379781162,0.745934157,0.701282676,0.063555179,0.008910432,-0.709988699,-0.193268448,0.112405276,0.450962763,0.381991170,-0.329647155,0.050972133,-0.340562439,-0.199144312,-0.224215974,0.485508671,-0.058344052,-0.010280144,-0.083904598,0.071502803,0.000000000,0.000000000,0.000000000,0.000000000,0.000000000,0.000000000,0.000000000,0.000000000,0.000000000,0.000000000,0.000000000,0.000000000,0.000000000,0.000000000,0.000000000,0.000000000
0.040784853,-0.380292887,0.754522769,0.707353202,0.061010214,0.019085376,-0.703963742,-0.195431067,0.116517279,0.461685901,0.375870264,-0.305116432,0.038733032,-0.299933744,-0.193826506,-0.235164045,0.444831893,-0.053323388,-0.010273006,-0.090356083,0.064145408,0.000000000,0.000000000,0.000000000,0.000000000,0.000000000,0.000000000,0.000000000,0.000000000,0.000000000,0.000000000,0.000000000,0.000000000,0.000000000,0.000000000,0.000000000,0.000000000
0.032792151,-0.383634392,0.759611061,0.710303212,0.061653584,0.023703308,-0.700789794,-0.186585347,0.118038418,0.462704770,0.372627617,-0.285228858,0.036559335,-0.272546649,-0.192539700,-0.229388225,0.445218921,-0.059721209,-0.012453744,-0.093464915,0.043518320,0.000000000,0.000000000,0.000000000,0.000000000,0.000000000,0.000000000,0.000000000,0.000000000,0.000000000,0.000000000,0.000000000,0.000000000,0.000000000,0.000000000,0.000000000,0.000000000
0.027102197,-0.386316490,0.762362264,0.712750616,0.061191449,0.026222420,-0.698251065,-0.187703927,0.120281746,0.451690023,0.378477319,-0.266645406,0.033594366,-0.237199677,-0.191131002,-0.232577648,0.428929166,-0.068543099,-0.016924335,-0.083849165,0.026274631,0.000000000,0.000000000,0.000000000,0.000000000,0.000000000,0.000000000,0.000000000,0.000000000,0.000000000,0.000000000,0.000000000,0.000000000,0.000000000,0.000000000,0.000000000,0.000000000
0.023227515,-0.388926850,0.765506918,0.715557282,0.064696026,0.032236344,-0.694804302,-0.223835337,0.122854485,0.400245654,0.423915746,-0.264592888,0.046750922,-0.250964221,-0.191171594,-0.210020262,0.463912425,-0.091138958,-0.029891896,-0.088821281,0.013122161,0.000000000,0.000000000,0.000000000,0.000000000,0.000000000,0.000000000,0.000000000,0.000000000,0.000000000,0.000000000,0.000000000,0.000000000,0.000000000,0.000000000,0.000000000,0.000000000
0.020983835,-0.390135014,0.766273526,0.716484482,0.070998639,0.041386492,-0.692745508,-0.245411208,0.125720265,0.371684146,0.454604875,-0.259652555,0.052438389,-0.252248779,-0.189809330,-0.198304260,0.475483046,-0.103997782,-0.037652914,-0.086852386,-0.008936881,0.000000000,0.000000000,0.000000000,0.000000000,0.000000000,0.000000000,0.000000000,0.000000000,0.000000000,0.000000000,0.000000000,0.000000000,0.000000000,0.000000000,0.000000000,0.000000000
0.021118581,-0.390294551,0.766432319,0.717291132,0.069434466,0.046184669,-0.691765324,-0.279212944,0.127562690,0.346054516,0.484965523,-0.258733010,0.061956381,-0.280594048,-0.188856580,-0.184752860,0.501866158,-0.119082661,-0.048064059,-0.098334327,0.002736244,0.000000000,0.000000000,0.000000000,0.000000000,0.000000000,0.000000000,0.000000000,0.000000000,0.000000000,0.000000000,0.000000000,0.000000000,0.000000000,0.000000000,0.000000000,0.000000000
0.022344532,-0.389334328,0.767055594,0.716766328,0.059975556,0.041367255,-0.693496730,-0.293699737,0.128978155,0.329731533,0.505103594,-0.257370051,0.067156009,-0.280375833,-0.187429154,-0.184341747,0.504493683,-0.126664346,-0.053826767,-0.099506255,0.024986287,0.000000000,0.000000000,0.000000000,0.000000000,0.000000000,0.000000000,0.000000000,0.000000000,0.000000000,0.000000000,0.000000000,0.000000000,0.000000000,0.000000000,0.000000000,0.000000000
0.023892669,-0.388206219,0.767985695,0.716388535,0.058399735,0.042787799,-0.693935258,-0.320126418,0.130507903,0.319075235,0.520389855,-0.248502007,0.074734541,-0.309371465,-0.187801387,-0.181800435,0.526098699,-0.133883717,-0.055710775,-0.095203619,0.036601564,0.000000000,0.000000000,0.000000000,0.000000000,0.000000000,0.000000000,0.000000000,0.000000000,0.000000000,0.000000000,0.000000000,0.000000000,0.000000000,0.000000000,0.000000000,0.000000000
0.025212350,-0.387592287,0.765798311,0.714366153,0.062401870,0.047211406,-0.695383411,-0.353632006,0.131899931,0.302401191,0.550888616,-0.251724481,0.086366536,-0.337332493,-0.188411071,-0.179028640,0.551065463,-0.145544848,-0.054709009,-0.091487370,0.036346584,0.000000000,0.000000000,0.000000000,0.000000000,0.000000000,0.000000000,0.000000000,0.000000000,0.000000000,0.000000000,0.000000000,0.000000000,0.000000000,0.000000000,0.000000000,0.000000000
0.026914452,-0.387511438,0.762896063,0.713071541,0.058518722,0.045827134,-0.697140165,-0.362735213,0.133777977,0.303438464,0.548999095,-0.248384978,0.087713342,-0.356687131,-0.190386841,-0.183978297,0.566298489,-0.147657956,-0.052245415,-0.089945053,0.053217833,0.000000000,0.000000000,0.000000000,0.000000000,0.000000000,0.000000000,0.000000000,0.000000000,0.000000000,0.000000000,0.000000000,0.000000000,0.000000000,0.000000000,0.000000000,0.000000000
0.029356079,-0.386877364,0.754306168,0.711542456,0.060076144,0.048098543,-0.698415865,-0.420852547,0.140615772,0.279129165,0.617995205,-0.263487560,0.094112050,-0.425371837,-0.195697443,-0.168480076,0.649453489,-0.165389611,-0.058045696,-0.086491603,0.061123317,0.000000000,0.000000000,0.000000000,0.000000000,0.000000000,0.000000000,0.000000000,0.000000000,0.000000000,0.000000000,0.000000000,0.000000000,0.000000000,0.000000000,0.000000000,0.000000000
0.030756812,-0.384187802,0.740364631,0.710135024,0.052079941,0.039761067,-0.701009975,-0.505231420,0.151742237,0.247098392,0.735362461,-0.290942072,0.100371434,-0.507681343,-0.203510596,-0.150501599,0.756352294,-0.190321222,-0.062152825,-0.075192154,0.098029599,0.000000000,0.000000000,0.000000000,0.000000000,0.000000000,0.000000000,0.000000000,0.000000000,0.000000000,0.000000000,0.000000000,0.000000000,0.000000000,0.000000000,0.000000000,0.000000000
0.030782854,-0.378859151,0.723481288,0.710307402,0.041383627,0.029676800,-0.702047062,-0.614256896,0.163587696,0.222404229,0.851701727,-0.316660620,0.106943686,-0.625064302,-0.212980046,-0.130714913,0.875057714,-0.212144357,-0.061375135,-0.064513196,0.171884699,0.000000000,0.000000000,0.000000000,0.000000000,0.000000000,0.000000000,0.000000000,0.000000000,0.000000000,0.000000000,0.000000000,0.000000000,0.000000000,0.000000000,0.000000000,0.000000000
0.029926922,-0.370645362,0.706001451,0.709432538,0.030648866,0.019510080,-0.703836257,-0.687916562,0.172590990,0.205849599,0.937758599,-0.331981731,0.107043134,-0.683453583,-0.219412586,-0.121059039,0.929851507,-0.219670194,-0.057444408,-0.055789971,0.214281133,0.000000000,0.000000000,0.000000000,0.000000000,0.000000000,0.000000000,0.000000000,0.000000000,0.000000000,0.000000000,0.000000000,0.000000000,0.000000000,0.000000000,0.000000000,0.000000000
0.028207535,-0.362235242,0.687391921,0.707032615,0.025103575,0.012007727,-0.706633219,-0.761021127,0.178598932,0.188854861,1.023079679,-0.353032217,0.112546778,-0.744387793,-0.225482959,-0.107591926,0.992729490,-0.234683772,-0.055899894,-0.046921026,0.244385083,0.000000000,0.000000000,0.000000000,0.000000000,0.000000000,0.000000000,0.000000000,0.000000000,0.000000000,0.000000000,0.000000000,0.000000000,0.000000000,0.000000000,0.000000000,0.000000000
0.025578244,-0.354847733,0.667240559,0.704266922,0.021234784,0.007054306,-0.709582570,-0.872288448,0.187388223,0.174447970,1.126230643,-0.377907865,0.114256051,-0.849279355,-0.233059726,-0.088783563,1.081269738,-0.253479146,-0.055604081,-0.044913985,0.299655917,0.000000000,0.000000000,0.000000000,0.000000000,0.000000000,0.000000000,0.000000000,0.000000000,0.000000000,0.000000000,0.000000000,0.000000000,0.000000000,0.000000000,0.000000000,0.000000000
0.023416658,-0.347258403,0.648779870,0.701245142,0.016553829,0.003874039,-0.712717485,-0.950501042,0.195277627,0.163162722,1.202822668,-0.399112398,0.112099125,-0.927721084,-0.241054933,-0.074206015,1.151861425,-0.266877583,-0.053004961,-0.046720774,0.330552047,0.000000000,0.000000000,0.000000000,0.000000000,0.000000000,0.000000000,0.000000000,0.000000000,0.000000000,0.000000000,0.000000000,0.000000000,0.000000000,0.000000000,0.000000000,0.000000000
0.021288816,-0.341762382,0.632601201,0.697659828,0.013561331,0.000840761,-0.716300320,-1.017459926,0.201797364,0.152693605,1.267280189,-0.419066188,0.110872005,-1.001809904,-0.248698243,-0.060304507,1.219186605,-0.281408463,-0.052780196,-0.044954211,0.361475229,0.000000000,0.000000000,0.000000000,0.000000000,0.000000000,0.000000000,0.000000000,0.000000000,0.000000000,0.000000000,0.000000000,0.000000000,0.000000000,0.000000000,0.000000000,0.000000000
0.020220090,-0.338247160,0.619249636,0.693568512,0.009036063,0.000213796,-0.720333967,-1.058361199,0.206407267,0.144075331,1.310762738,-0.436819170,0.109210658,-1.050562973,-0.255453469,-0.051207195,1.265821148,-0.289791659,-0.052884796,-0.052808880,0.381145704,0.000000000,0.000000000,0.000000000,0.000000000,0.000000000,0.000000000,0.000000000,0.000000000,0.000000000,0.000000000,0.000000000,0.000000000,0.000000000,0.000000000,0.000000000,0.000000000
0.020787944,-0.335432138,0.608201870,0.689508507,0.004110872,-0.001487567,-0.724264390,-1.095582944,0.211838436,0.135608326,1.354210572,-0.444843224,0.104465214,-1.090690417,-0.262345567,-0.044080578,1.309966806,-0.298103869,-0.058101958,-0.059040502,0.396727987,0.000000000,0.000000000,0.000000000,0.000000000,0.000000000,0.000000000,0.000000000,0.000000000,0.000000000,0.000000000,0.000000000,0.000000000,0.000000000,0.000000000,0.000000000,0.000000000
0.022175374,-0.331554541,0.598500434,0.686072932,-0.000373215,-0.004922878,-0.727516019,-1.156602973,0.218734562,0.128447377,1.404068565,-0.448460264,0.097527301,-1.156866707,-0.269360762,-0.035088070,1.365125617,-0.306211380,-0.061537777,-0.057308657,0.431804353,0.000000000,0.000000000,0.000000000,0.000000000,0.000000000,0.000000000,0.000000000,0.000000000,0.000000000,0.000000000,0.000000000,0.000000000,0.000000000,0.000000000,0.000000000,0.000000000
0.023347823,-0.325797355,0.590901548,0.682829988,-0.011979155,-0.014902487,-0.730327066,-1.224505880,0.225011667,0.120222427,1.458508110,-0.454978993,0.092378532,-1.231750784,-0.276074560,-0.023156559,1.427119401,-0.311442063,-0.066201169,-0.058382555,0.487412411,0.000000000,0.000000000,0.000000000,0.000000000,0.000000000,0.000000000,0.000000000,0.000000000,0.000000000,0.000000000,0.000000000,0.000000000,0.000000000,0.000000000,0.000000000,0.000000000
0.024301912,-0.320097425,0.584343106,0.679545697,-0.012705517,-0.016230604,-0.733343565,-1.284950045,0.232728198,0.112881912,1.505056558,-0.455110129,0.083366973,-1.300399552,-0.283770580,-0.013065617,1.481565525,-0.310243262,-0.066829267,-0.056824461,0.506508748,0.000000000,0.000000000,0.000000000,0.000000000,0.000000000,0.000000000,0.000000000,0.000000000,0.000000000,0.000000000,0.000000000,0.000000000,0.000000000,0.000000000,0.000000000,0.000000000
0.025530667,-0.316326663,0.577325328,0.675607232,-0.008756627,-0.014509093,-0.737066941,-1.360631672,0.240182993,0.104419892,1.558474052,-0.459400754,0.077764290,-1.389310165,-0.290622082,0.000205281,1.545951428,-0.311692494,-0.066214742,-0.057171938,0.523596864,0.000000000,0.000000000,0.000000000,0.000000000,0.000000000,0.000000000,0.000000000,0.000000000,0.000000000,0.000000000,0.000000000,0.000000000,0.000000000,0.000000000,0.000000000,0.000000000
0.026619157,-0.313529704,0.571494864,0.672539290,-0.001823433,-0.008416376,-0.740011313,-1.442868598,0.247209725,0.094523059,1.617101464,-0.466496497,0.071307525,-1.479439801,-0.295310817,0.015148541,1.611046817,-0.315651072,-0.066773818,-0.058744467,0.523599000,0.000000000,0.000000000,0.000000000,0.000000000,0.000000000,0.000000000,0.000000000,0.000000000,0.000000000,0.000000000,0.000000000,0.000000000,0.000000000,0.000000000,0.000000000,0.000000000
0.027185410,-0.311059809,0.568068273,0.670504165,0.002971877,-0.004604305,-0.741885525,-1.520786459,0.254194643,0.083742648,1.673584659,-0.472486990,0.065243633,-1.563478441,-0.298826114,0.028277842,1.671638269,-0.315737389,-0.064188424,-0.057269281,0.523599000,0.000000000,0.000000000,0.000000000,0.000000000,0.000000000,0.000000000,0.000000000,0.000000000,0.000000000,0.000000000,0.000000000,0.000000000,0.000000000,0.000000000,0.000000000,0.000000000
0.027167552,-0.308409897,0.566737835,0.669381556,0.007433783,-0.002501804,-0.742877387,-1.593374115,0.260000111,0.073802005,1.728065231,-0.482556083,0.062453504,-1.645047070,-0.299893403,0.041339858,1.729927106,-0.321023259,-0.064798119,-0.055446951,0.523599000,0.000000000,0.000000000,0.000000000,0.000000000,0.000000000,0.000000000,0.000000000,0.000000000,0.000000000,0.000000000,0.000000000,0.000000000,0.000000000,0.000000000,0.000000000,0.000000000
0.026332378,-0.305353643,0.567799468,0.668924328,0.008881625,-0.001352253,-0.743276215,-1.656648289,0.266190055,0.064263697,1.777270157,-0.493801513,0.059402056,-1.717424458,-0.299794854,0.052979587,1.781965838,-0.324780620,-0.064574692,-0.056951184,0.523599000,0.000000000,0.000000000,0.000000000,0.000000000,0.000000000,0.000000000,0.000000000,0.000000000,0.000000000,0.000000000,0.000000000,0.000000000,0.000000000,0.000000000,0.000000000,0.000000000
0.025702376,-0.302235019,0.569859110,0.668568447,0.008314580,-0.003372842,-0.743596479,-1.705277927,0.270043791,0.054450083,1.821383310,-0.505998551,0.056928114,-1.773402998,-0.298785293,0.063842320,1.830833698,-0.331862581,-0.064294947,-0.056166348,0.523599000,0.000000000,0.000000000,0.000000000,0.000000000,0.000000000,0.000000000,0.000000000,0.000000000,0.000000000,0.000000000,0.000000000,0.000000000,0.000000000,0.000000000,0.000000000,0.000000000
0.025665540,-0.299321694,0.573382675,0.669138424,0.007260037,-0.005223022,-0.743083967,-1.737890052,0.271989457,0.046196399,1.850163808,-0.511659469,0.053885782,-1.812061803,-0.298040722,0.071466027,1.863170223,-0.336971921,-0.063757600,-0.057008068,0.523599000,0.000000000,0.000000000,0.000000000,0.000000000,0.000000000,0.000000000,0.000000000,0.000000000,0.000000000,0.000000000,0.000000000,0.000000000,0.000000000,0.000000000,0.000000000,0.000000000
0.026127413,-0.296517252,0.578974359,0.670013766,0.005077155,-0.008014258,-0.742288049,-1.753175909,0.271389654,0.041043557,1.863463909,-0.512926857,0.053655955,-1.831167590,-0.296356750,0.075674420,1.881170008,-0.337291651,-0.062168032,-0.059820311,0.523599000,0.000000000,0.000000000,0.000000000,0.000000000,0.000000000,0.000000000,0.000000000,0.000000000,0.000000000,0.000000000,0.000000000,0.000000000,0.000000000,0.000000000,0.000000000,0.000000000
0.026571741,-0.294430773,0.583824470,0.670812685,0.004422088,-0.009765681,-0.741549336,-1.761858956,0.269245953,0.038775381,1.867359922,-0.510530297,0.054301059,-1.842504078,-0.293337897,0.078855014,1.891122430,-0.338405264,-0.062230341,-0.061649329,0.523599000,0.000000000,0.000000000,0.000000000,0.000000000,0.000000000,0.000000000,0.000000000,0.000000000,0.000000000,0.000000000,0.000000000,0.000000000,0.000000000,0.000000000,0.000000000,0.000000000
0.027085710,-0.292058504,0.589564667,0.670478466,0.001946750,-0.012717991,-0.741817423,-1.759883877,0.265331643,0.039191779,1.856860613,-0.504598376,0.056620026,-1.843129025,-0.289962958,0.077728389,1.885714977,-0.334369064,-0.062019193,-0.059422321,0.523599000,0.000000000,0.000000000,0.000000000,0.000000000,0.000000000,0.000000000,0.000000000,0.000000000,0.000000000,0.000000000,0.000000000,0.000000000,0.000000000,0.000000000,0.000000000,0.000000000
0.027760273,-0.290302027,0.595984823,0.668427125,0.000200500,-0.013245252,-0.743659668,-1.741765717,0.260576265,0.044280863,1.829592749,-0.494543722,0.059838922,-1.827400340,-0.285052324,0.073447862,1.865491513,-0.327888364,-0.064269915,-0.059892170,0.523599000,0.000000000,0.000000000,0.000000000,0.000000000,0.000000000,0.000000000,0.000000000,0.000000000,0.000000000,0.000000000,0.000000000,0.000000000,0.000000000,0.000000000,0.000000000,0.000000000
0.028322972,-0.289111869,0.603984223,0.667835602,-0.000295676,-0.015119634,-0.744155171,-1.706216975,0.253311862,0.053086646,1.783904750,-0.479594304,0.065072420,-1.794386761,-0.278772710,0.064521090,1.827602039,-0.319486793,-0.070785106,-0.062583567,0.523599000,0.000000000,0.000000000,0.000000000,0.000000000,0.000000000,0.000000000,0.000000000,0.000000000,0.000000000,0.000000000,0.000000000,0.000000000,0.000000000,0.000000000,0.000000000,0.000000000
0.028478388,-0.288609845,0.612144043,0.667813146,-0.001528970,-0.017306338,-0.744126168,-1.658193675,0.244652322,0.066379032,1.723970369,-0.461158106,0.070540348,-1.744157720,-0.271260357,0.050758027,1.773988753,-0.311932901,-0.076727713,-0.065872018,0.523599000,0.000000000,0.000000000,0.000000000,0.000000000,0.000000000,0.000000000,0.000000000,0.000000000,0.000000000,0.000000000,0.000000000,0.000000000,0.000000000,0.000000000,0.000000000,0.000000000
0.028559123,-0.288416707,0.621180321,0.667617367,-0.005206937,-0.021664313,-0.744171081,-1.592963764,0.234297384,0.084278118,1.646838409,-0.444619966,0.077642747,-1.673461889,-0.262978264,0.031612608,1.699769175,-0.306225912,-0.080111739,-0.070095808,0.523599000,0.000000000,0.000000000,0.000000000,0.000000000,0.000000000,0.000000000,0.000000000,0.000000000,0.000000000,0.000000000,0.000000000,0.000000000,0.000000000,0.000000000,0.000000000,0.000000000
0.028995762,-0.287715767,0.631834708,0.666581723,-0.013110969,-0.029643874,-0.744726896,-1.487875347,0.220506711,0.108846506,1.535741572,-0.430206788,0.085920611,-1.553931505,-0.253078968,0.005018504,1.582519778,-0.308200335,-0.081194658,-0.076410281,0.523599000,0.000000000,0.000000000,0.000000000,0.000000000,0.000000000,0.000000000,0.000000000,0.000000000,0.000000000,0.000000000,0.000000000,0.000000000,0.000000000,0.000000000,0.000000000,0.000000000
0.029294490,-0.286963262,0.646513838,0.665129417,-0.021065251,-0.038864809,-0.745418433,-1.352600461,0.203794062,0.135473555,1.400153166,-0.412070928,0.093681598,-1.414494403,-0.241817664,-0.021303512,1.450252589,-0.306998559,-0.080594422,-0.082998747,0.523599000,0.000000000,0.000000000,0.000000000,0.000000000,0.000000000,0.000000000,0.000000000,0.000000000,0.000000000,0.000000000,0.000000000,0.000000000,0.000000000,0.000000000,0.000000000,0.000000000
0.028992341,-0.287774881,0.668677192,0.664995665,-0.026281320,-0.045477799,-0.744997871,-1.216040475,0.186498583,0.159521204,1.259494156,-0.387084247,0.094674571,-1.282395687,-0.230887797,-0.042458179,1.330758044,-0.301722191,-0.077213633,-0.086153765,0.523599000,0.000000000,0.000000000,0.000000000,0.000000000,0.000000000,0.000000000,0.000000000,0.000000000,0.000000000,0.000000000,0.000000000,0.000000000,0.000000000,0.000000000,0.000000000,0.000000000
0.028658603,-0.292912317,0.700292309,0.665298402,-0.025868861,-0.044815915,-0.744782097,-1.096506771,0.169688563,0.178036768,1.135142113,-0.363939570,0.095044458,-1.171091484,-0.220593441,-0.055947470,1.231157114,-0.287401183,-0.071694928,-0.092945009,0.515250513,0.000000000,0.000000000,0.000000000,0.000000000,0.000000000,0.000000000,0.000000000,0.000000000,0.000000000,0.000000000,0.000000000,0.000000000,0.000000000,0.000000000,0.000000000,0.000000000
0.028341238,-0.305264814,0.735129046,0.666847699,-0.012283660,-0.032077257,-0.744401980,-0.977900342,0.155528798,0.192919804,1.024506521,-0.341029045,0.092293569,-1.047820316,-0.214507083,-0.072247143,1.121561436,-0.270843333,-0.061987495,-0.093725740,0.460797207,0.000000000,0.000000000,0.000000000,0.000000000,0.000000000,0.000000000,0.000000000,0.000000000,0.000000000,0.000000000,0.000000000,0.000000000,0.000000000,0.000000000,0.000000000,0.000000000
0.028363488,-0.322688189,0.765632171,0.667563870,0.007817019,-0.014946538,-0.744361454,-0.884933349,0.145674356,0.203607554,0.952336147,-0.323570576,0.089426881,-0.943169444,-0.208702376,-0.083563848,1.036367270,-0.259285854,-0.057461592,-0.096282121,0.384926312,0.000000000,0.000000000,0.000000000,0.000000000,0.000000000,0.000000000,0.000000000,0.000000000,0.000000000,0.000000000,0.000000000,0.000000000,0.000000000,0.000000000,0.000000000,0.000000000
0.028392492,-0.341171673,0.786308231,0.667456051,0.021246310,-0.004411211,-0.744332960,-0.774634972,0.137016218,0.215905281,0.877261897,-0.310377698,0.087477664,-0.812357455,-0.203734908,-0.098738609,0.936520725,-0.246740998,-0.049899900,-0.095395175,0.309164184,0.000000000,0.000000000,0.000000000,0.000000000,0.000000000,0.000000000,0.000000000,0.000000000,0.000000000,0.000000000,0.000000000,0.000000000,0.000000000,0.000000000,0.000000000,0.000000000
0.028909961,-0.358930258,0.798858976,0.665850468,0.031028440,0.004639286,-0.745425293,-0.666459926,0.129143756,0.229242340,0.805147569,-0.295431917,0.085224850,-0.682368534,-0.200065058,-0.115606644,0.834335441,-0.230381936,-0.041694367,-0.096839387,0.239012144,0.000000000,0.000000000,0.000000000,0.000000000,0.000000000,0.000000000,0.000000000,0.000000000,0.000000000,0.000000000,0.000000000,0.000000000,0.000000000,0.000000000,0.000000000,0.000000000
0.029389096,-0.374508909,0.804140720,0.665354024,0.038033298,0.009572288,-0.745497057,-0.576720424,0.124285786,0.241187797,0.751558446,-0.282458826,0.082116586,-0.583714108,-0.196169805,-0.123280401,0.767002374,-0.221646734,-0.039035363,-0.092317061,0.178664908,0.000000000,0.000000000,0.000000000,0.000000000,0.000000000,0.000000000,0.000000000,0.000000000,0.000000000,0.000000000,0.000000000,0.000000000,0.000000000,0.000000000,0.000000000,0.000000000
0.029963582,-0.386535989,0.804329448,0.665398916,0.042032356,0.013517058,-0.745181087,-0.511941829,0.120976942,0.250332830,0.718099580,-0.276889349,0.081473804,-0.507080009,-0.193954036,-0.129172028,0.714874966,-0.212256230,-0.036420458,-0.092044501,0.138282612,0.000000000,0.000000000,0.000000000,0.000000000,0.000000000,0.000000000,0.000000000,0.000000000,0.000000000,0.000000000,0.000000000,0.000000000,0.000000000,0.000000000,0.000000000,0.000000000
0.030467092,-0.394832293,0.801432223,0.667656125,0.043611634,0.016621729,-0.743005412,-0.463062987,0.118947077,0.258209174,0.692119352,-0.273959089,0.080187751,-0.452857282,-0.191336713,-0.131272891,0.678392020,-0.204123737,-0.037347952,-0.093336284,0.111391729,0.000000000,0.000000000,0.000000000,0.000000000,0.000000000,0.000000000,0.000000000,0.000000000,0.000000000,0.000000000,0.000000000,0.000000000,0.000000000,0.000000000,0.000000000,0.000000000
0.030553853,-0.399482632,0.796631417,0.671373760,0.044433137,0.020191560,-0.739510157,-0.411018825,0.116498326,0.272123424,0.649801804,-0.267313526,0.076174125,-0.401164871,-0.188740863,-0.137468323,0.632723478,-0.190582116,-0.036026237,-0.103859656,0.084932203,0.000000000,0.000000000,0.000000000,0.000000000,0.000000000,0.000000000,0.000000000,0.000000000,0.000000000,0.000000000,0.000000000,0.000000000,0.000000000,0.000000000,0.000000000,0.000000000
0.030676118,-0.400657068,0.790291753,0.676156907,0.043727501,0.022992606,-0.735099369,-0.384590720,0.115266808,0.282066209,0.625364120,-0.266820179,0.073819565,-0.374755561,-0.186905999,-0.141275105,0.602297660,-0.177514220,-0.037623042,-0.120896483,0.079957673,0.000000000,0.000000000,0.000000000,0.000000000,0.000000000,0.000000000,0.000000000,0.000000000,0.000000000,0.000000000,0.000000000,0.000000000,0.000000000,0.000000000,0.000000000,0.000000000
0.030788028,-0.399250700,0.785010242,0.682118475,0.045921101,0.025302371,-0.729359602,-0.326687841,0.111611193,0.310649239,0.556749260,-0.246372848,0.062296065,-0.322174022,-0.184573057,-0.154075471,0.541591703,-0.154057833,-0.032237706,-0.125107735,0.051165561,0.000000000,0.000000000,0.000000000,0.000000000,0.000000000,0.000000000,0.000000000,0.000000000,0.000000000,0.000000000,0.000000000,0.000000000,0.000000000,0.000000000,0.000000000,0.000000000
0.031294483,-0.396372516,0.779570522,0.688007383,0.046040219,0.028539182,-0.723679249,-0.308968898,0.109160499,0.332249116,0.515461996,-0.230531474,0.055816345,-0.311981230,-0.181913407,-0.157456717,0.514610097,-0.141638848,-0.035943760,-0.133752058,0.050615386,0.000000000,0.000000000,0.000000000,0.000000000,0.000000000,0.000000000,0.000000000,0.000000000,0.000000000,0.000000000,0.000000000,0.000000000,0.000000000,0.000000000,0.000000000,0.000000000
0.031941451,-0.392296214,0.774011477,0.693085450,0.045605171,0.030612520,-0.718759766,-0.295524177,0.108784392,0.351027203,0.489019373,-0.219325364,0.050569152,-0.302704529,-0.178990292,-0.159118047,0.493802835,-0.128617999,-0.042234150,-0.143855371,0.044871973,0.000000000,0.000000000,0.000000000,0.000000000,0.000000000,0.000000000,0.000000000,0.000000000,0.000000000,0.000000000,0.000000000,0.000000000,0.000000000,0.000000000,0.000000000,0.000000000
0.031978478,-0.388065124,0.768105924,0.698318073,0.044272600,0.033831906,-0.713615588,-0.289476848,0.109581925,0.362267223,0.474420124,-0.215678478,0.047907256,-0.293184882,-0.176717085,-0.164280790,0.475242068,-0.120296158,-0.048180325,-0.150067908,0.038902770,0.000000000,0.000000000,0.000000000,0.000000000,0.000000000,0.000000000,0.000000000,0.000000000,0.000000000,0.000000000,0.000000000,0.000000000,0.000000000,0.000000000,0.000000000,0.000000000
0.031547568,-0.383157945,0.763007037,0.703743991,0.043759206,0.036581633,-0.708160513,-0.280054184,0.109738691,0.379128733,0.452422593,-0.209318485,0.043616041,-0.284852553,-0.173876719,-0.170725990,0.452316984,-0.111530512,-0.055115500,-0.154369835,0.032997431,0.000000000,0.000000000,0.000000000,0.000000000,0.000000000,0.000000000,0.000000000,0.000000000,0.000000000,0.000000000,0.000000000,0.000000000,0.000000000,0.000000000,0.000000000,0.000000000
0.030801644,-0.380154960,0.759331983,0.709526916,0.043982283,0.038132852,-0.702269891,-0.274607522,0.110010681,0.392346270,0.439284071,-0.209095757,0.043169147,-0.283846383,-0.172291961,-0.171709907,0.444797347,-0.109025072,-0.063070431,-0.161251877,0.026858305,0.000000000,0.000000000,0.000000000,0.000000000,0.000000000,0.000000000,0.000000000,0.000000000,0.000000000,0.000000000,0.000000000,0.000000000,0.000000000,0.000000000,0.000000000,0.000000000
0.030006552,-0.377325855,0.757194254,0.714409231,0.044048740,0.040384957,-0.697171582,-0.274076857,0.111112897,0.404451663,0.430095624,-0.209682946,0.040372049,-0.284018826,-0.171136799,-0.177737796,0.434444388,-0.103077287,-0.069605133,-0.168552332,0.028361398,0.000000000,0.000000000,0.000000000,0.000000000,0.000000000,0.000000000,0.000000000,0.000000000,0.000000000,0.000000000,0.000000000,0.000000000,0.000000000,0.000000000,0.000000000,0.000000000
0.028796690,-0.374493739,0.756032981,0.718667163,0.044690457,0.041853912,-0.692653248,-0.262184842,0.111689795,0.422783762,0.414135309,-0.211252935,0.038995681,-0.275278103,-0.170629671,-0.187349785,0.417773408,-0.095047741,-0.070484112,-0.179284350,0.021547386,0.000000000,0.000000000,0.000000000,0.000000000,0.000000000,0.000000000,0.000000000,0.000000000,0.000000000,0.000000000,0.000000000,0.000000000,0.000000000,0.000000000,0.000000000,0.000000000
0.027275011,-0.372218693,0.754510279,0.721912653,0.044217315,0.043416032,-0.689203888,-0.275520665,0.113926261,0.417697673,0.424368918,-0.219245446,0.041051205,-0.283723972,-0.170402408,-0.190142426,0.418070849,-0.092614787,-0.074131775,-0.188289721,0.028891050,0.000000000,0.000000000,0.000000000,0.000000000,0.000000000,0.000000000,0.000000000,0.000000000,0.000000000,0.000000000,0.000000000,0.000000000,0.000000000,0.000000000,0.000000000,0.000000000
0.025823951,-0.370110024,0.754482958,0.723615969,0.048881194,0.047074964,-0.686858433,-0.288341437,0.116028712,0.410218267,0.435882395,-0.223837717,0.045330109,-0.292979871,-0.170615341,-0.185683417,0.428320808,-0.096506061,-0.077785660,-0.195932945,0.019306058,0.000000000,0.000000000,0.000000000,0.000000000,0.000000000,0.000000000,0.000000000,0.000000000,0.000000000,0.000000000,0.000000000,0.000000000,0.000000000,0.000000000,0.000000000,0.000000000
0.024606749,-0.367673722,0.752431228,0.723073347,0.051697052,0.046163205,-0.687285464,-0.285944498,0.116964795,0.412118655,0.438737997,-0.228646903,0.048862310,-0.286569251,-0.171281554,-0.184317342,0.426660849,-0.096429346,-0.077914128,-0.202543872,0.008752131,0.000000000,0.000000000,0.000000000,0.000000000,0.000000000,0.000000000,0.000000000,0.000000000,0.000000000,0.000000000,0.000000000,0.000000000,0.000000000,0.000000000,0.000000000,0.000000000
0.024355390,-0.366750489,0.750211040,0.722001796,0.053642612,0.045174455,-0.688327790,-0.292301380,0.116768336,0.408123768,0.446986879,-0.237252505,0.056129837,-0.290065405,-0.172474727,-0.178120682,0.435633888,-0.101085635,-0.080334247,-0.208730318,0.009790578,0.000000000,0.000000000,0.000000000,0.000000000,0.000000000,0.000000000,0.000000000,0.000000000,0.000000000,0.000000000,0.000000000,0.000000000,0.000000000,0.000000000,0.000000000,0.000000000
0.025594534,-0.365830589,0.748777098,0.718895862,0.070990548,0.049702076,-0.689694705,-0.297750145,0.116280249,0.403326249,0.459778853,-0.250792080,0.064190345,-0.306440706,-0.175141354,-0.162295806,0.470152486,-0.111741912,-0.082517665,-0.221972459,-0.023011965,0.000000000,0.000000000,0.000000000,0.000000000,0.000000000,0.000000000,0.000000000,0.000000000,0.000000000,0.000000000,0.000000000,0.000000000,0.000000000,0.000000000,0.000000000,0.000000000
0.026546958,-0.363883020,0.746197593,0.716992787,0.068958204,0.046697871,-0.692087724,-0.303599342,0.116028983,0.400200714,0.470322313,-0.261790504,0.069579630,-0.314083533,-0.177210337,-0.157199384,0.483133450,-0.112225020,-0.082087819,-0.226578742,-0.005924846,0.000000000,0.000000000,0.000000000,0.000000000,0.000000000,0.000000000,0.000000000,0.000000000,0.000000000,0.000000000,0.000000000,0.000000000,0.000000000,0.000000000,0.000000000,0.000000000
0.028012165,-0.361875994,0.742597216,0.713639652,0.070854380,0.045385038,-0.695441084,-0.320746660,0.113838358,0.388487060,0.488823424,-0.274299813,0.077616874,-0.334559576,-0.179909237,-0.149600809,0.504243990,-0.115829031,-0.081724249,-0.228315210,0.009489291,0.000000000,0.000000000,0.000000000,0.000000000,0.000000000,0.000000000,0.000000000,0.000000000,0.000000000,0.000000000,0.000000000,0.000000000,0.000000000,0.000000000,0.000000000,0.000000000
0.030382181,-0.359656994,0.736139064,0.708717539,0.077372277,0.044865629,-0.699800012,-0.347690670,0.112931859,0.371920997,0.519477188,-0.292217085,0.086564976,-0.384068044,-0.184751823,-0.131756306,0.561964970,-0.124281756,-0.080779626,-0.236352806,0.024412236,0.000000000,0.000000000,0.000000000,0.000000000,0.000000000,0.000000000,0.000000000,0.000000000,0.000000000,0.000000000,0.000000000,0.000000000,0.000000000,0.000000000,0.000000000,0.000000000
0.033557282,-0.357837943,0.728467025,0.700499632,0.074412718,0.042644849,-0.708480367,-0.379514471,0.112243301,0.351512492,0.555891740,-0.316900119,0.098795721,-0.432494822,-0.191248851,-0.124632623,0.612265733,-0.128747930,-0.079070449,-0.242939444,0.057227900,0.000000000,0.000000000,0.000000000,0.000000000,0.000000000,0.000000000,0.000000000,0.000000000,0.000000000,0.000000000,0.000000000,0.000000000,0.000000000,0.000000000,0.000000000,0.000000000
0.037676604,-0.357292535,0.715928321,0.689165560,0.070208827,0.041530146,-0.719997777,-0.437358311,0.113456186,0.314880129,0.636032213,-0.355083897,0.121903005,-0.527271916,-0.198197966,-0.107016422,0.724540920,-0.146057810,-0.081424459,-0.248391968,0.091043646,0.000000000,0.000000000,0.000000000,0.000000000,0.000000000,0.000000000,0.000000000,0.000000000,0.000000000,0.000000000,0.000000000,0.000000000,0.000000000,0.000000000,0.000000000,0.000000000
0.041129624,-0.357328248,0.701065640,0.676513223,0.060725438,0.038773365,-0.732897610,-0.505005714,0.116572677,0.280551053,0.733860916,-0.397000594,0.141809414,-0.634529781,-0.201680605,-0.094248346,0.838257793,-0.162533198,-0.086730780,-0.245325359,0.140080093,0.000000000,0.000000000,0.000000000,0.000000000,0.000000000,0.000000000,0.000000000,0.000000000,0.000000000,0.000000000,0.000000000,0.000000000,0.000000000,0.000000000,0.000000000,0.000000000
0.043739055,-0.356991681,0.688495185,0.662111228,0.052032105,0.035863498,-0.746736360,-0.556139676,0.119686885,0.256151788,0.811906295,-0.427960116,0.149730714,-0.694751632,-0.199868263,-0.095421512,0.885715551,-0.173882539,-0.090387332,-0.226856693,0.176338642,0.000000000,0.000000000,0.000000000,0.000000000,0.000000000,0.000000000,0.000000000,0.000000000,0.000000000,0.000000000,0.000000000,0.000000000,0.000000000,0.000000000,0.000000000,0.000000000
0.046484671,-0.355325654,0.677296878,0.647873581,0.042592081,0.032176024,-0.759875280,-0.614164176,0.122995799,0.241061316,0.871998945,-0.444162952,0.152612056,-0.758656505,-0.199609758,-0.093884212,0.924237017,-0.179416506,-0.084217491,-0.214730676,0.231911311,0.000000000,0.000000000,0.000000000,0.000000000,0.000000000,0.000000000,0.000000000,0.000000000,0.000000000,0.000000000,0.000000000,0.000000000,0.000000000,0.000000000,0.000000000,0.000000000
0.048920389,-0.352231466,0.666487767,0.635045382,0.035128589,0.031894823,-0.771016255,-0.706153764,0.130107801,0.224139129,0.956710476,-0.458998758,0.155434773,-0.843811936,-0.200993060,-0.085294376,0.983434287,-0.189338349,-0.079287084,-0.199161644,0.285960085,0.000000000,0.000000000,0.000000000,0.000000000,0.000000000,0.000000000,0.000000000,0.000000000,0.000000000,0.000000000,0.000000000,0.000000000,0.000000000,0.000000000,0.000000000,0.000000000
0.051739013,-0.347814644,0.655045063,0.621806271,0.030349462,0.031194700,-0.781960845,-0.815539965,0.136976070,0.204452536,1.050344757,-0.464108066,0.156036177,-0.926670797,-0.201266606,-0.075594439,1.033584444,-0.198831445,-0.079595524,-0.174576644,0.336723059,0.000000000,0.000000000,0.000000000,0.000000000,0.000000000,0.000000000,0.000000000,0.000000000,0.000000000,0.000000000,0.000000000,0.000000000,0.000000000,0.000000000,0.000000000,0.000000000
0.055000792,-0.342581680,0.643083195,0.609435336,0.027297039,0.030388182,-0.791782799,-0.921194240,0.145664720,0.189678178,1.129941686,-0.462071410,0.148550914,-1.005350448,-0.204477486,-0.065750848,1.086260752,-0.207966878,-0.078359951,-0.153697704,0.382029891,0.000000000,0.000000000,0.000000000,0.000000000,0.000000000,0.000000000,0.000000000,0.000000000,0.000000000,0.000000000,0.000000000,0.000000000,0.000000000,0.000000000,0.000000000,0.000000000
0.057773299,-0.336431876,0.630580961,0.599857539,0.016440375,0.025005117,-0.799546991,-1.034001303,0.155655185,0.175888909,1.204528939,-0.460402239,0.141508751,-1.099650258,-0.206802174,-0.053923628,1.154783770,-0.219686786,-0.079493111,-0.141258104,0.451007339,0.000000000,0.000000000,0.000000000,0.000000000,0.000000000,0.000000000,0.000000000,0.000000000,0.000000000,0.000000000,0.000000000,0.000000000,0.000000000,0.000000000,0.000000000,0.000000000
0.060310279,-0.331512375,0.617166206,0.591386851,0.012641655,0.022238480,-0.805982153,-1.148030383,0.164323412,0.159763549,1.282287082,-0.456979193,0.135116743,-1.197807115,-0.208905428,-0.039761942,1.233721690,-0.232691667,-0.083897549,-0.122545840,0.495582455,0.000000000,0.000000000,0.000000000,0.000000000,0.000000000,0.000000000,0.000000000,0.000000000,0.000000000,0.000000000,0.000000000,0.000000000,0.000000000,0.000000000,0.000000000,0.000000000
0.062892020,-0.327666156,0.601061182,0.583666493,0.016354226,0.024779243,-0.811450524,-1.250576137,0.172059601,0.143929421,1.358501618,-0.464394556,0.132143153,-1.293772960,-0.208898442,-0.024724153,1.316915220,-0.245442160,-0.086329450,-0.117518911,0.514685347,0.000000000,0.000000000,0.000000000,0.000000000,0.000000000,0.000000000,0.000000000,0.000000000,0.000000000,0.000000000,0.000000000,0.000000000,0.000000000,0.000000000,0.000000000,0.000000000
0.066271693,-0.324025028,0.586223425,0.576920122,0.022433613,0.027025948,-0.816045038,-1.342813962,0.176746967,0.129086579,1.428225321,-0.472970819,0.131272093,-1.392937750,-0.207849542,-0.008988643,1.405717143,-0.258208048,-0.093181984,-0.112357203,0.523597886,0.000000000,0.000000000,0.000000000,0.000000000,0.000000000,0.000000000,0.000000000,0.000000000,0.000000000,0.000000000,0.000000000,0.000000000,0.000000000,0.000000000,0.000000000,0.000000000
0.067426412,-0.319731712,0.575914837,0.571861189,0.028874372,0.030381236,-0.819278971,-1.418262274,0.178776140,0.115990400,1.486614808,-0.483357998,0.130658707,-1.475968199,-0.203881100,0.004857668,1.479430776,-0.265178339,-0.096159391,-0.113058215,0.523599000,0.000000000,0.000000000,0.000000000,0.000000000,0.000000000,0.000000000,0.000000000,0.000000000,0.000000000,0.000000000,0.000000000,0.000000000,0.000000000,0.000000000,0.000000000,0.000000000
0.069015916,-0.316954105,0.568860528,0.567255677,0.034684597,0.031553071,-0.822205801,-1.485301010,0.180188171,0.105192086,1.537882367,-0.493759711,0.127361385,-1.550697810,-0.199137931,0.017805877,1.546328932,-0.271072301,-0.098464273,-0.114583581,0.523599000,0.000000000,0.000000000,0.000000000,0.000000000,0.000000000,0.000000000,0.000000000,0.000000000,0.000000000,0.000000000,0.000000000,0.000000000,0.000000000,0.000000000,0.000000000,0.000000000
0.069323334,-0.314111000,0.564050083,0.563053817,0.037959458,0.032416971,-0.824911279,-1.548662238,0.183405241,0.096485222,1.586075204,-0.501918692,0.123000419,-1.619928886,-0.196775623,0.026651128,1.603786732,-0.271803410,-0.095594410,-0.116833114,0.523599000,0.000000000,0.000000000,0.000000000,0.000000000,0.000000000,0.000000000,0.000000000,0.000000000,0.000000000,0.000000000,0.000000000,0.000000000,0.000000000,0.000000000,0.000000000,0.000000000
0.070170275,-0.313041259,0.560637855,0.559210094,0.038245806,0.030594578,-0.827577973,-1.600876871,0.186023900,0.088835398,1.625464013,-0.503493378,0.117347221,-1.677219159,-0.194913694,0.032741710,1.648962932,-0.271696480,-0.094894846,-0.113354283,0.523599000,0.000000000,0.000000000,0.000000000,0.000000000,0.000000000,0.000000000,0.000000000,0.000000000,0.000000000,0.000000000,0.000000000,0.000000000,0.000000000,0.000000000,0.000000000,0.000000000
0.070688540,-0.312355957,0.558539465,0.555620030,0.038804197,0.029978792,-0.829989089,-1.654688225,0.189423201,0.082067935,1.664247377,-0.504926668,0.112798034,-1.732795525,-0.194225876,0.037563167,1.688978597,-0.273284774,-0.092548219,-0.113273567,0.523599000,0.000000000,0.000000000,0.000000000,0.000000000,0.000000000,0.000000000,0.000000000,0.000000000,0.000000000,0.000000000,0.000000000,0.000000000,0.000000000,0.000000000,0.000000000,0.000000000
0.071242666,-0.312084952,0.559226149,0.552483494,0.026531130,0.019589154,-0.832871150,-1.696148133,0.193910748,0.075169804,1.701584905,-0.511024274,0.108665152,-1.780372199,-0.193122890,0.041943825,1.727236653,-0.275014706,-0.090318101,-0.113143735,0.523599000,0.000000000,0.000000000,0.000000000,0.000000000,0.000000000,0.000000000,0.000000000,0.000000000,0.000000000,0.000000000,0.000000000,0.000000000,0.000000000,0.000000000,0.000000000,0.000000000
0.072607650,-0.312469614,0.560540865,0.548511837,0.024852536,0.017062271,-0.835599184,-1.739252920,0.199160417,0.068110655,1.739146381,-0.516900754,0.102888174,-1.831875224,-0.192339180,0.046391587,1.766933649,-0.272769870,-0.086265195,-0.113825078,0.523599000,0.000000000,0.000000000,0.000000000,0.000000000,0.000000000,0.000000000,0.000000000,0.000000000,0.000000000,0.000000000,0.000000000,0.000000000,0.000000000,0.000000000,0.000000000,0.000000000
0.073814095,-0.313700151,0.561521832,0.544208737,0.024104054,0.015437236,-0.838461410,-1.770843742,0.202300395,0.062991972,1.764471782,-0.520027047,0.100607270,-1.867294179,-0.191934611,0.048699265,1.791729935,-0.269888759,-0.082217373,-0.114959885,0.523599000,0.000000000,0.000000000,0.000000000,0.000000000,0.000000000,0.000000000,0.000000000,0.000000000,0.000000000,0.000000000,0.000000000,0.000000000,0.000000000,0.000000000,0.000000000,0.000000000
0.074846055,-0.314788546,0.563321101,0.540016509,0.022125784,0.013898886,-0.841248739,-1.787527428,0.204979598,0.060550507,1.779248824,-0.520090335,0.099864053,-1.889518446,-0.192610104,0.049146039,1.808175958,-0.270875944,-0.079946085,-0.116121282,0.523599000,0.000000000,0.000000000,0.000000000,0.000000000,0.000000000,0.000000000,0.000000000,0.000000000,0.000000000,0.000000000,0.000000000,0.000000000,0.000000000,0.000000000,0.000000000,0.000000000
0.076109340,-0.315738464,0.567584194,0.536589899,0.021169327,0.012596618,-0.843483530,-1.793888763,0.205134108,0.058487835,1.787719746,-0.521202447,0.098902648,-1.901086019,-0.191115597,0.049538398,1.815817229,-0.274573926,-0.081862560,-0.117375027,0.523599000,0.000000000,0.000000000,0.000000000,0.000000000,0.000000000,0.000000000,0.000000000,0.000000000,0.000000000,0.000000000,0.000000000,0.000000000,0.000000000,0.000000000,0.000000000,0.000000000
0.077751540,-0.317237545,0.572609893,0.533215534,0.032883276,0.019813179,-0.845107876,-1.789627375,0.204382780,0.058590084,1.784885169,-0.518223258,0.097569704,-1.899438589,-0.189914884,0.049734348,1.813722500,-0.275854299,-0.083529897,-0.119938994,0.523599000,0.000000000,0.000000000,0.000000000,0.000000000,0.000000000,0.000000000,0.000000000,0.000000000,0.000000000,0.000000000,0.000000000,0.000000000,0.000000000,0.000000000,0.000000000,0.000000000
0.079074761,-0.319291838,0.579357747,0.531103905,0.031450175,0.018798815,-0.846514107,-1.771155288,0.202689876,0.061250551,1.768893754,-0.512468523,0.096714071,-1.881436846,-0.188539554,0.048332994,1.798481156,-0.274852559,-0.085827705,-0.125212860,0.523599000,0.000000000,0.000000000,0.000000000,0.000000000,0.000000000,0.000000000,0.000000000,0.000000000,0.000000000,0.000000000,0.000000000,0.000000000,0.000000000,0.000000000,0.000000000,0.000000000
0.080214682,-0.321634100,0.587217522,0.530520008,0.027707894,0.015140071,-0.847084159,-1.730909760,0.199104769,0.066863407,1.740664022,-0.506903391,0.097481562,-1.838791578,-0.188085625,0.044794023,1.769064599,-0.277341534,-0.085620842,-0.130337658,0.523599000,0.000000000,0.000000000,0.000000000,0.000000000,0.000000000,0.000000000,0.000000000,0.000000000,0.000000000,0.000000000,0.000000000,0.000000000,0.000000000,0.000000000,0.000000000,0.000000000
0.080785754,-0.324132103,0.595733102,0.531082310,0.025541444,0.012789903,-0.846838611,-1.685099208,0.194866252,0.074361125,1.702777958,-0.496368185,0.097280936,-1.792470362,-0.185995414,0.041360150,1.730680635,-0.273359923,-0.088496388,-0.136603502,0.523599000,0.000000000,0.000000000,0.000000000,0.000000000,0.000000000,0.000000000,0.000000000,0.000000000,0.000000000,0.000000000,0.000000000,0.000000000,0.000000000,0.000000000,0.000000000,0.000000000
0.081701869,-0.326600202,0.605572626,0.531033539,0.022750091,0.011389105,-0.846968773,-1.633798035,0.191305248,0.083423093,1.657645189,-0.488245204,0.096217434,-1.737958359,-0.185645976,0.034731277,1.682858485,-0.270085641,-0.087002973,-0.143983021,0.523599000,0.000000000,0.000000000,0.000000000,0.000000000,0.000000000,0.000000000,0.000000000,0.000000000,0.000000000,0.000000000,0.000000000,0.000000000,0.000000000,0.000000000,0.000000000,0.000000000
0.082864539,-0.329220012,0.617946737,0.530593932,0.019451461,0.009364818,-0.847351179,-1.578071755,0.186288958,0.092411960,1.607950257,-0.477641757,0.095894824,-1.679176551,-0.184942483,0.028570090,1.631195673,-0.264776026,-0.085986795,-0.147837894,0.523599000,0.000000000,0.000000000,0.000000000,0.000000000,0.000000000,0.000000000,0.000000000,0.000000000,0.000000000,0.000000000,0.000000000,0.000000000,0.000000000,0.000000000,0.000000000,0.000000000
0.083804112,-0.332645029,0.634338702,0.530038766,0.015196026,0.008272133,-0.847796885,-1.509038467,0.179109800,0.102671488,1.546961805,-0.470285465,0.099433592,-1.601809624,-0.183560070,0.019191149,1.564719642,-0.264345359,-0.084021375,-0.149920716,0.523599000,0.000000000,0.000000000,0.000000000,0.000000000,0.000000000,0.000000000,0.000000000,0.000000000,0.000000000,0.000000000,0.000000000,0.000000000,0.000000000,0.000000000,0.000000000,0.000000000
0.084772569,-0.336796626,0.657012170,0.530168067,0.010029057,0.007770692,-0.847797650,-1.427838778,0.172474883,0.115455073,1.469047100,-0.458057368,0.099585037,-1.509150878,-0.183724105,0.006663310,1.484265128,-0.263073232,-0.078852121,-0.150865713,0.523599000,0.000000000,0.000000000,0.000000000,0.000000000,0.000000000,0.000000000,0.000000000,0.000000000,0.000000000,0.000000000,0.000000000,0.000000000,0.000000000,0.000000000,0.000000000,0.000000000
0.085074993,-0.342372260,0.686046686,0.530374313,0.003633063,0.008380080,-0.847714376,-1.333149808,0.164192083,0.128527154,1.377658094,-0.444875753,0.101552839,-1.402031681,-0.184681546,-0.009605311,1.389653595,-0.261718326,-0.070208090,-0.150685913,0.523599000,0.000000000,0.000000000,0.000000000,0.000000000,0.000000000,0.000000000,0.000000000,0.000000000,0.000000000,0.000000000,0.000000000,0.000000000,0.000000000,0.000000000,0.000000000,0.000000000
0.084192588,-0.350200978,0.718275535,0.530328630,-0.003561681,0.008403960,-0.847743023,-1.223369781,0.155603730,0.142816553,1.270701300,-0.426613239,0.100976875,-1.285638397,-0.184921445,-0.024791768,1.287705409,-0.253655400,-0.060596255,-0.154579892,0.521730317,0.000000000,0.000000000,0.000000000,0.000000000,0.000000000,0.000000000,0.000000000,0.000000000,0.000000000,0.000000000,0.000000000,0.000000000,0.000000000,0.000000000,0.000000000,0.000000000
0.082082986,-0.360027610,0.749538155,0.530062477,-0.006630117,0.008058909,-0.847894372,-1.100253802,0.147676869,0.159487893,1.157116178,-0.409737421,0.100976106,-1.159068155,-0.184672585,-0.039816686,1.181152518,-0.242682374,-0.049918018,-0.163148414,0.495705564,0.000000000,0.000000000,0.000000000,0.000000000,0.000000000,0.000000000,0.000000000,0.000000000,0.000000000,0.000000000,0.000000000,0.000000000,0.000000000,0.000000000,0.000000000,0.000000000
0.079043320,-0.371634676,0.776967916,0.530711885,0.015964943,0.020032411,-0.847165107,-0.961272960,0.138140358,0.179780246,1.030025845,-0.391410902,0.100919013,-1.018046518,-0.183978547,-0.058219293,1.058669646,-0.223307268,-0.038187686,-0.174662265,0.403909969,0.000000000,0.000000000,0.000000000,0.000000000,0.000000000,0.000000000,0.000000000,0.000000000,0.000000000,0.000000000,0.000000000,0.000000000,0.000000000,0.000000000,0.000000000,0.000000000
0.076346351,-0.382705496,0.799788150,0.529192958,0.028397733,0.024499856,-0.847672188,-0.829000006,0.129019394,0.202351705,0.911963458,-0.371653369,0.097867953,-0.885637893,-0.183753049,-0.075862300,0.943793142,-0.199961660,-0.028587065,-0.181157795,0.334516743,0.000000000,0.000000000,0.000000000,0.000000000,0.000000000,0.000000000,0.000000000,0.000000000,0.000000000,0.000000000,0.000000000,0.000000000,0.000000000,0.000000000,0.000000000,0.000000000
0.073457138,-0.392651758,0.816856709,0.526959362,0.037613929,0.027757674,-0.848603874,-0.722155692,0.121280895,0.225493085,0.817822922,-0.350805430,0.092771907,-0.772102122,-0.182924963,-0.091412846,0.840975214,-0.175858964,-0.021794476,-0.181674757,0.281995393,0.000000000,0.000000000,0.000000000,0.000000000,0.000000000,0.000000000,0.000000000,0.000000000,0.000000000,0.000000000,0.000000000,0.000000000,0.000000000,0.000000000,0.000000000,0.000000000
0.070141840,-0.402417679,0.828030844,0.526693366,0.044605370,0.030966172,-0.848319253,-0.635082166,0.116524274,0.248252002,0.752041304,-0.338541390,0.091326485,-0.673912382,-0.183387347,-0.102070935,0.758845115,-0.156172632,-0.019952478,-0.184395873,0.235037459,0.000000000,0.000000000,0.000000000,0.000000000,0.000000000,0.000000000,0.000000000,0.000000000,0.000000000,0.000000000,0.000000000,0.000000000,0.000000000,0.000000000,0.000000000,0.000000000
0.066613201,-0.411270875,0.835168613,0.526905146,0.051629976,0.034743071,-0.847642750,-0.546572306,0.112287589,0.278515786,0.676020888,-0.323106308,0.082990676,-0.575565348,-0.183616922,-0.117534521,0.669692933,-0.133324474,-0.017670093,-0.188335272,0.186970335,0.000000000,0.000000000,0.000000000,0.000000000,0.000000000,0.000000000,0.000000000,0.000000000,0.000000000,0.000000000,0.000000000,0.000000000,0.000000000,0.000000000,0.000000000,0.000000000
0.061623784,-0.418778970,0.837289887,0.530731088,0.056699327,0.038075635,-0.844783963,-0.488798111,0.109023717,0.301105164,0.633104533,-0.314206649,0.082937488,-0.507710895,-0.183920111,-0.126346921,0.609658351,-0.114446728,-0.016303695,-0.188530322,0.152543090,0.000000000,0.000000000,0.000000000,0.000000000,0.000000000,0.000000000,0.000000000,0.000000000,0.000000000,0.000000000,0.000000000,0.000000000,0.000000000,0.000000000,0.000000000,0.000000000
0.056852442,-0.424409657,0.836472770,0.538849135,0.062530811,0.039594363,-0.839144680,-0.410530239,0.104187557,0.342704706,0.558844950,-0.296609409,0.072969676,-0.441682458,-0.182253817,-0.131340435,0.554265759,-0.098597597,-0.020673753,-0.197813916,0.114592915,0.000000000,0.000000000,0.000000000,0.000000000,0.000000000,0.000000000,0.000000000,0.000000000,0.000000000,0.000000000,0.000000000,0.000000000,0.000000000,0.000000000,0.000000000,0.000000000
0.052760808,-0.428306618,0.829854511,0.548782780,0.057958075,0.037979608,-0.833088153,-0.351565369,0.102053101,0.387388492,0.501879887,-0.280482856,0.059787717,-0.388965823,-0.180547338,-0.134454069,0.514528684,-0.086748003,-0.027189247,-0.205711648,0.105840730,0.000000000,0.000000000,0.000000000,0.000000000,0.000000000,0.000000000,0.000000000,0.000000000,0.000000000,0.000000000,0.000000000,0.000000000,0.000000000,0.000000000,0.000000000,0.000000000
0.048439625,-0.431015036,0.824595824,0.560262107,0.056873463,0.039582898,-0.825412003,-0.304645232,0.099019682,0.428909347,0.455023218,-0.268555400,0.053754507,-0.339032487,-0.177822568,-0.141857225,0.470630636,-0.077503386,-0.034832022,-0.224556302,0.091889204,0.000000000,0.000000000,0.000000000,0.000000000,0.000000000,0.000000000,0.000000000,0.000000000,0.000000000,0.000000000,0.000000000,0.000000000,0.000000000,0.000000000,0.000000000,0.000000000
0.043557322,-0.432133722,0.818527896,0.574614774,0.056599183,0.039704722,-0.815498577,-0.253972013,0.097103492,0.482469305,0.408633490,-0.253552660,0.042847323,-0.298651960,-0.174501859,-0.146238238,0.444911666,-0.072252506,-0.042004844,-0.239457839,0.067986207,0.000000000,0.000000000,0.000000000,0.000000000,0.000000000,0.000000000,0.000000000,0.000000000,0.000000000,0.000000000,0.000000000,0.000000000,0.000000000,0.000000000,0.000000000,0.000000000
0.038902369,-0.433706786,0.811559295,0.590091978,0.057866031,0.039534170,-0.804288523,-0.206298577,0.094580736,0.544232386,0.364339334,-0.240966059,0.032835879,-0.267329995,-0.172727646,-0.152938796,0.424846947,-0.063845643,-0.042818192,-0.255427527,0.044244808,0.000000000,0.000000000,0.000000000,0.000000000,0.000000000,0.000000000,0.000000000,0.000000000,0.000000000,0.000000000,0.000000000,0.000000000,0.000000000,0.000000000,0.000000000,0.000000000
0.035599608,-0.434604989,0.804784091,0.604808842,0.057757428,0.040435526,-0.793243539,-0.175553384,0.091326305,0.588057651,0.336464834,-0.234751854,0.028318379,-0.247008452,-0.170245799,-0.155841643,0.411904416,-0.063339786,-0.049762272,-0.278109640,0.028446790,0.000000000,0.000000000,0.000000000,0.000000000,0.000000000,0.000000000,0.000000000,0.000000000,0.000000000,0.000000000,0.000000000,0.000000000,0.000000000,0.000000000,0.000000000,0.000000000
0.033617622,-0.434081388,0.798390777,0.617991208,0.055610752,0.041428724,-0.783120662,-0.164240890,0.088703683,0.605275809,0.323790793,-0.229643824,0.023429884,-0.243936790,-0.166497665,-0.158297078,0.412729304,-0.065122503,-0.058628101,-0.291178653,0.023540044,0.000000000,0.000000000,0.000000000,0.000000000,0.000000000,0.000000000,0.000000000,0.000000000,0.000000000,0.000000000,0.000000000,0.000000000,0.000000000,0.000000000,0.000000000,0.000000000
0.032441267,-0.432714622,0.792471765,0.627245385,0.053623985,0.041919172,-0.775841787,-0.150929670,0.086349173,0.621503468,0.309143905,-0.222154311,0.017913320,-0.237102559,-0.164042258,-0.165753965,0.408386706,-0.065123256,-0.063356729,-0.298589098,0.017221550,0.000000000,0.000000000,0.000000000,0.000000000,0.000000000,0.000000000,0.000000000,0.000000000,0.000000000,0.000000000,0.000000000,0.000000000,0.000000000,0.000000000,0.000000000,0.000000000
0.033760571,-0.429544199,0.786812100,0.632933896,0.052544039,0.040832482,-0.771340726,-0.134008380,0.082744998,0.640949083,0.292125254,-0.221224838,0.017528129,-0.223924582,-0.164841625,-0.178118188,0.395518150,-0.061294133,-0.061026320,-0.310052242,0.010793252,0.000000000,0.000000000,0.000000000,0.000000000,0.000000000,0.000000000,0.000000000,0.000000000,0.000000000,0.000000000,0.000000000,0.000000000,0.000000000,0.000000000,0.000000000,0.000000000
0.037506477,-0.424519958,0.781420815,0.635443139,0.050937205,0.039170452,-0.769469358,-0.125499790,0.080978136,0.654243001,0.284365624,-0.226741565,0.021807083,-0.225027554,-0.167362533,-0.182266937,0.401188486,-0.060760476,-0.061149529,-0.323768202,0.009002730,0.000000000,0.000000000,0.000000000,0.000000000,0.000000000,0.000000000,0.000000000,0.000000000,0.000000000,0.000000000,0.000000000,0.000000000,0.000000000,0.000000000,0.000000000,0.000000000
0.041797001,-0.418158760,0.776026344,0.632159405,0.049900973,0.038071839,-0.772291988,-0.124295062,0.079951624,0.660923665,0.279876127,-0.230773739,0.024484475,-0.225187243,-0.169240209,-0.185383700,0.399369260,-0.058900227,-0.062928499,-0.335291713,0.012078946,0.000000000,0.000000000,0.000000000,0.000000000,0.000000000,0.000000000,0.000000000,0.000000000,0.000000000,0.000000000,0.000000000,0.000000000,0.000000000,0.000000000,0.000000000,0.000000000
0.046047610,-0.412078276,0.775434151,0.628107993,0.060172670,0.042285864,-0.774642824,-0.137377210,0.083272105,0.660173412,0.287294842,-0.238205577,0.029371156,-0.235364520,-0.172228213,-0.180543000,0.410962316,-0.062556484,-0.064451421,-0.341691403,-0.002652014,0.000000000,0.000000000,0.000000000,0.000000000,0.000000000,0.000000000,0.000000000,0.000000000,0.000000000,0.000000000,0.000000000,0.000000000,0.000000000,0.000000000,0.000000000,0.000000000
0.050342785,-0.407000017,0.771008622,0.619978618,0.066072192,0.043312760,-0.780631144,-0.142155199,0.083704938,0.673778686,0.282330056,-0.241489207,0.035160257,-0.243494313,-0.175796773,-0.181870701,0.415153140,-0.058648260,-0.064904734,-0.343993856,-0.005414656,0.000000000,0.000000000,0.000000000,0.000000000,0.000000000,0.000000000,0.000000000,0.000000000,0.000000000,0.000000000,0.000000000,0.000000000,0.000000000,0.000000000,0.000000000,0.000000000
0.055253377,-0.402550944,0.766091653,0.607365309,0.068593972,0.045576616,-0.790142406,-0.175852298,0.088185848,0.647402629,0.304916711,-0.251516654,0.052471299,-0.258159709,-0.180091232,-0.179732150,0.424630039,-0.063160936,-0.068847339,-0.337344311,0.008161938,0.000000000,0.000000000,0.000000000,0.000000000,0.000000000,0.000000000,0.000000000,0.000000000,0.000000000,0.000000000,0.000000000,0.000000000,0.000000000,0.000000000,0.000000000,0.000000000
0.060802247,-0.396856945,0.762359649,0.587750766,0.091170500,0.053531777,-0.802104311,-0.238825873,0.092161078,0.573460797,0.355029531,-0.264081784,0.087057880,-0.303831235,-0.185100796,-0.166876696,0.470894666,-0.075445428,-0.075082959,-0.332005253,-0.015453807,0.000000000,0.000000000,0.000000000,0.000000000,0.000000000,0.000000000,0.000000000,0.000000000,0.000000000,0.000000000,0.000000000,0.000000000,0.000000000,0.000000000,0.000000000,0.000000000
0.066199411,-0.386069290,0.754649567,0.563048392,0.092013314,0.055875495,-0.819382687,-0.304520271,0.096487555,0.515790060,0.403757818,-0.271552839,0.107429438,-0.352188430,-0.189321316,-0.162229252,0.513233801,-0.087762188,-0.079945147,-0.317125934,0.015173465,0.000000000,0.000000000,0.000000000,0.000000000,0.000000000,0.000000000,0.000000000,0.000000000,0.000000000,0.000000000,0.000000000,0.000000000,0.000000000,0.000000000,0.000000000,0.000000000
0.072082381,-0.374653733,0.745215128,0.538900633,0.088248954,0.058842817,-0.835664856,-0.389919595,0.101558960,0.451939176,0.472501970,-0.283807233,0.133044474,-0.442235782,-0.195958632,-0.150075291,0.597382557,-0.100248834,-0.079738690,-0.292682653,0.060782651,0.000000000,0.000000000,0.000000000,0.000000000,0.000000000,0.000000000,0.000000000,0.000000000,0.000000000,0.000000000,0.000000000,0.000000000,0.000000000,0.000000000,0.000000000,0.000000000
0.078248657,-0.365258740,0.731623502,0.516157860,0.079002030,0.065087132,-0.850354872,-0.519056145,0.109604298,0.373337013,0.595644778,-0.312024333,0.166664820,-0.576333529,-0.201868450,-0.124926051,0.728749816,-0.121624434,-0.083125180,-0.269033776,0.130364586,0.000000000,0.000000000,0.000000000,0.000000000,0.000000000,0.000000000,0.000000000,0.000000000,0.000000000,0.000000000,0.000000000,0.000000000,0.000000000,0.000000000,0.000000000,0.000000000
0.085278020,-0.358438949,0.714790110,0.498438322,0.061555217,0.067872886,-0.862069293,-0.651821246,0.115157980,0.306556887,0.743426983,-0.358018005,0.200005704,-0.762956257,-0.207379884,-0.095821997,0.912518662,-0.132481987,-0.080923444,-0.247702728,0.209616670,0.000000000,0.000000000,0.000000000,0.000000000,0.000000000,0.000000000,0.000000000,0.000000000,0.000000000,0.000000000,0.000000000,0.000000000,0.000000000,0.000000000,0.000000000,0.000000000
0.092582269,-0.350931197,0.699517272,0.476933845,0.040638086,0.067312264,-0.875415166,-0.755273231,0.119640608,0.266833002,0.858399030,-0.400294499,0.212659356,-0.878365049,-0.206695102,-0.093921612,0.987319672,-0.137201790,-0.083787519,-0.212885830,0.282285303,0.000000000,0.000000000,0.000000000,0.000000000,0.000000000,0.000000000,0.000000000,0.000000000,0.000000000,0.000000000,0.000000000,0.000000000,0.000000000,0.000000000,0.000000000,0.000000000
0.095480735,-0.342547234,0.688742260,0.463718732,0.031030186,0.062796212,-0.883209319,-0.814090123,0.120000642,0.245405852,0.915846593,-0.421240162,0.209255740,-0.939738598,-0.202435872,-0.095410991,1.017481448,-0.144439350,-0.090864002,-0.169159653,0.313223549,0.000000000,0.000000000,0.000000000,0.000000000,0.000000000,0.000000000,0.000000000,0.000000000,0.000000000,0.000000000,0.000000000,0.000000000,0.000000000,0.000000000,0.000000000,0.000000000
0.098436108,-0.339808961,0.676847793,0.448433599,0.024682506,0.061597739,-0.891349427,-0.916789696,0.126045522,0.222408432,1.020969781,-0.451339146,0.205485751,-1.021437261,-0.201490966,-0.088382396,1.080408810,-0.162276364,-0.086830602,-0.146629881,0.356533024,0.000000000,0.000000000,0.000000000,0.000000000,0.000000000,0.000000000,0.000000000,0.000000000,0.000000000,0.000000000,0.000000000,0.000000000,0.000000000,0.000000000,0.000000000,0.000000000
0.103330801,-0.340418836,0.659813039,0.431233420,0.010408620,0.055585006,-0.900466382,-1.037793187,0.129282885,0.192501991,1.152967411,-0.486870073,0.210279380,-1.131676630,-0.196992626,-0.067176981,1.184382777,-0.189030908,-0.088740889,-0.126902791,0.418539272,0.000000000,0.000000000,0.000000000,0.000000000,0.000000000,0.000000000,0.000000000,0.000000000,0.000000000,0.000000000,0.000000000,0.000000000,0.000000000,0.000000000,0.000000000,0.000000000
0.107708615,-0.340140359,0.646752820,0.415777930,0.002561531,0.049039083,-0.908139483,-1.123703743,0.128897343,0.172047496,1.240453447,-0.509585532,0.205024828,-1.203715012,-0.189639675,-0.056496707,1.240094144,-0.209002948,-0.087957738,-0.109537635,0.463818437,0.000000000,0.000000000,0.000000000,0.000000000,0.000000000,0.000000000,0.000000000,0.000000000,0.000000000,0.000000000,0.000000000,0.000000000,0.000000000,0.000000000,0.000000000,0.000000000
0.110935552,-0.341472711,0.636982851,0.402077886,0.000653347,0.044417360,-0.914527225,-1.196085158,0.128050131,0.157029920,1.307302834,-0.521352231,0.197794287,-1.281970120,-0.183331923,-0.046913195,1.296790733,-0.215442354,-0.086866557,-0.099821011,0.497632293,0.000000000,0.000000000,0.000000000,0.000000000,0.000000000,0.000000000,0.000000000,0.000000000,0.000000000,0.000000000,0.000000000,0.000000000,0.000000000,0.000000000,0.000000000,0.000000000
0.113370878,-0.346498831,0.628099565,0.389102229,0.003488799,0.042034580,-0.920228438,-1.260092063,0.127647257,0.143686093,1.365633919,-0.528579347,0.186617103,-1.342485760,-0.177170398,-0.037131640,1.349356681,-0.228403338,-0.087082142,-0.092643413,0.511475280,0.000000000,0.000000000,0.000000000,0.000000000,0.000000000,0.000000000,0.000000000,0.000000000,0.000000000,0.000000000,0.000000000,0.000000000,0.000000000,0.000000000,0.000000000,0.000000000
0.114336309,-0.353057901,0.617323523,0.376134309,0.008646104,0.041015126,-0.925616544,-1.335726530,0.128748712,0.132386185,1.431379803,-0.533611020,0.175136896,-1.421508744,-0.170236794,-0.026058968,1.414797466,-0.240044793,-0.091374780,-0.089806999,0.523597485,0.000000000,0.000000000,0.000000000,0.000000000,0.000000000,0.000000000,0.000000000,0.000000000,0.000000000,0.000000000,0.000000000,0.000000000,0.000000000,0.000000000,0.000000000,0.000000000
0.117718549,-0.352639768,0.603732393,0.369383436,0.016446456,0.041859838,-0.928188098,-1.417829014,0.130441266,0.121167466,1.504239660,-0.540915037,0.165930263,-1.508968420,-0.163074925,-0.016630986,1.486889928,-0.253095263,-0.095175330,-0.088703517,0.523599000,0.000000000,0.000000000,0.000000000,0.000000000,0.000000000,0.000000000,0.000000000,0.000000000,0.000000000,0.000000000,0.000000000,0.000000000,0.000000000,0.000000000,0.000000000,0.000000000
0.119321513,-0.352945581,0.595816413,0.361850811,0.022535504,0.041976573,-0.931017781,-1.487169401,0.130953093,0.110960888,1.560110212,-0.540027739,0.155531590,-1.581370388,-0.158001760,-0.008838010,1.538941678,-0.250726205,-0.096167363,-0.088235755,0.523599000,0.000000000,0.000000000,0.000000000,0.000000000,0.000000000,0.000000000,0.000000000,0.000000000,0.000000000,0.000000000,0.000000000,0.000000000,0.000000000,0.000000000,0.000000000,0.000000000
0.119617726,-0.353583055,0.590747066,0.347908347,0.027022549,0.039738905,-0.936296098,-1.549938725,0.134326057,0.103126810,1.615998625,-0.542996329,0.147929981,-1.662995575,-0.156468870,-0.002995005,1.593980216,-0.246538056,-0.092502945,-0.086784968,0.523599000,0.000000000,0.000000000,0.000000000,0.000000000,0.000000000,0.000000000,0.000000000,0.000000000,0.000000000,0.000000000,0.000000000,0.000000000,0.000000000,0.000000000,0.000000000,0.000000000
0.126050774,-0.353002047,0.591034082,0.325552499,0.027671491,0.036464480,-0.944415269,-1.590993428,0.141007507,0.096277006,1.652794958,-0.543260865,0.141695405,-1.721584060,-0.156699197,0.008537266,1.639880869,-0.240361805,-0.095480254,-0.086371246,0.523599000,0.000000000,0.000000000,0.000000000,0.000000000,0.000000000,0.000000000,0.000000000,0.000000000,0.000000000,0.000000000,0.000000000,0.000000000,0.000000000,0.000000000,0.000000000,0.000000000
0.124618410,-0.357844927,0.579580768,0.329870917,0.036486001,0.036617072,-0.942609749,-1.655678869,0.137997785,0.089359347,1.708871195,-0.550699068,0.132785968,-1.786366052,-0.149929379,0.007945028,1.688357816,-0.248749054,-0.093039487,-0.080224657,0.523599000,0.000000000,0.000000000,0.000000000,0.000000000,0.000000000,0.000000000,0.000000000,0.000000000,0.000000000,0.000000000,0.000000000,0.000000000,0.000000000,0.000000000,0.000000000,0.000000000
0.130005108,-0.358680802,0.582527719,0.323305853,0.037198855,0.035932383,-0.944880116,-1.691935684,0.140119007,0.084587474,1.742002376,-0.553030538,0.127477491,-1.826577622,-0.150260133,0.009336787,1.715752018,-0.252066335,-0.091991112,-0.077255821,0.523599000,0.000000000,0.000000000,0.000000000,0.000000000,0.000000000,0.000000000,0.000000000,0.000000000,0.000000000,0.000000000,0.000000000,0.000000000,0.000000000,0.000000000,0.000000000,0.000000000
0.127846781,-0.359908601,0.584078735,0.314370741,0.033340660,0.032977783,-0.948141289,-1.714781589,0.140899722,0.082610382,1.763304848,-0.554767311,0.125778196,-1.853828851,-0.150171762,0.009978355,1.733884492,-0.256448158,-0.091705877,-0.074824625,0.523599000,0.000000000,0.000000000,0.000000000,0.000000000,0.000000000,0.000000000,0.000000000,0.000000000,0.000000000,0.000000000,0.000000000,0.000000000,0.000000000,0.000000000,0.000000000,0.000000000
0.124893571,-0.361055809,0.584425416,0.306899232,0.031372492,0.031817679,-0.950692518,-1.729083923,0.140775104,0.078797745,1.782010948,-0.555495792,0.119801188,-1.871150823,-0.149715073,0.010756849,1.745186703,-0.255970975,-0.089038308,-0.073401848,0.523599000,0.000000000,0.000000000,0.000000000,0.000000000,0.000000000,0.000000000,0.000000000,0.000000000,0.000000000,0.000000000,0.000000000,0.000000000,0.000000000,0.000000000,0.000000000,0.000000000
0.129352481,-0.367542110,0.584060065,0.300526101,0.032661936,0.031956242,-0.952678361,-1.732917661,0.141682850,0.078506388,1.791802979,-0.553175159,0.110709290,-1.873683114,-0.150874061,0.009596479,1.749983449,-0.260969841,-0.084167957,-0.072257448,0.523599000,0.000000000,0.000000000,0.000000000,0.000000000,0.000000000,0.000000000,0.000000000,0.000000000,0.000000000,0.000000000,0.000000000,0.000000000,0.000000000,0.000000000,0.000000000,0.000000000
0.130903276,-0.369614978,0.588200700,0.295405435,0.028958314,0.031652130,-0.954408292,-1.721265163,0.143425592,0.080343876,1.785823555,-0.544874989,0.104222484,-1.863241266,-0.154030969,0.007109833,1.740314837,-0.258933031,-0.079404317,-0.071836571,0.523599000,0.000000000,0.000000000,0.000000000,0.000000000,0.000000000,0.000000000,0.000000000,0.000000000,0.000000000,0.000000000,0.000000000,0.000000000,0.000000000,0.000000000,0.000000000,0.000000000
0.133402461,-0.372151259,0.594048423,0.288446975,0.025167125,0.031143054,-0.956658282,-1.700658772,0.143659235,0.083827265,1.767556947,-0.537040813,0.100217255,-1.840426512,-0.157177989,0.001708357,1.719054511,-0.259694953,-0.075173739,-0.069336641,0.523599000,0.000000000,0.000000000,0.000000000,0.000000000,0.000000000,0.000000000,0.000000000,0.000000000,0.000000000,0.000000000,0.000000000,0.000000000,0.000000000,0.000000000,0.000000000,0.000000000
0.135763835,-0.374346586,0.601114887,0.280950214,0.020630571,0.030906030,-0.959002698,-1.677726890,0.146310950,0.088465275,1.746733365,-0.525541305,0.093238795,-1.814845719,-0.159605037,-0.002740281,1.693706415,-0.255611981,-0.072734961,-0.070490758,0.523599000,0.000000000,0.000000000,0.000000000,0.000000000,0.000000000,0.000000000,0.000000000,0.000000000,0.000000000,0.000000000,0.000000000,0.000000000,0.000000000,0.000000000,0.000000000,0.000000000
0.137275600,-0.376633719,0.610247405,0.274865528,0.016290039,0.029923458,-0.960878849,-1.648497327,0.147791588,0.095169289,1.716781362,-0.515693333,0.089783098,-1.778671361,-0.163062450,-0.007296590,1.658498376,-0.251760270,-0.070133199,-0.069748571,0.523599000,0.000000000,0.000000000,0.000000000,0.000000000,0.000000000,0.000000000,0.000000000,0.000000000,0.000000000,0.000000000,0.000000000,0.000000000,0.000000000,0.000000000,0.000000000,0.000000000
0.137117261,-0.378753489,0.620508600,0.270985516,0.013040827,0.028893715,-0.962061298,-1.609917778,0.146598747,0.102882697,1.681845800,-0.509802178,0.090044181,-1.735574870,-0.164059336,-0.011875044,1.618441790,-0.250702102,-0.069341981,-0.073022837,0.523599000,0.000000000,0.000000000,0.000000000,0.000000000,0.000000000,0.000000000,0.000000000,0.000000000,0.000000000,0.000000000,0.000000000,0.000000000,0.000000000,0.000000000,0.000000000,0.000000000
0.136168647,-0.380648523,0.631980499,0.269035735,0.008427194,0.027146601,-0.962710662,-1.561195925,0.142965539,0.112296503,1.635341543,-0.504839923,0.092591151,-1.675497374,-0.165998756,-0.019948687,1.563504587,-0.251019597,-0.064839540,-0.073399874,0.523599000,0.000000000,0.000000000,0.000000000,0.000000000,0.000000000,0.000000000,0.000000000,0.000000000,0.000000000,0.000000000,0.000000000,0.000000000,0.000000000,0.000000000,0.000000000,0.000000000
0.134993795,-0.382994663,0.645058139,0.267809173,0.004539878,0.026779027,-0.963089051,-1.505572029,0.139601985,0.123977259,1.576380700,-0.497708267,0.093858430,-1.603209917,-0.168026772,-0.030025737,1.499625182,-0.252609262,-0.060004013,-0.072285325,0.523599000,0.000000000,0.000000000,0.000000000,0.000000000,0.000000000,0.000000000,0.000000000,0.000000000,0.000000000,0.000000000,0.000000000,0.000000000,0.000000000,0.000000000,0.000000000,0.000000000
0.134776321,-0.385968205,0.660977855,0.266971317,0.001003553,0.026644127,-0.963335559,-1.438137293,0.134595134,0.136775244,1.501353729,-0.487860616,0.096700984,-1.515192937,-0.170537502,-0.043015329,1.417055480,-0.250572470,-0.052220113,-0.069341530,0.523599000,0.000000000,0.000000000,0.000000000,0.000000000,0.000000000,0.000000000,0.000000000,0.000000000,0.000000000,0.000000000,0.000000000,0.000000000,0.000000000,0.000000000,0.000000000,0.000000000
0.134508436,-0.389302961,0.679816807,0.263597816,-0.003813919,0.027083007,-0.964244863,-1.360254081,0.129633940,0.150226147,1.419256405,-0.477507913,0.099370838,-1.417428248,-0.172926969,-0.055348856,1.331356994,-0.248354461,-0.046988165,-0.070775314,0.523599000,0.000000000,0.000000000,0.000000000,0.000000000,0.000000000,0.000000000,0.000000000,0.000000000,0.000000000,0.000000000,0.000000000,0.000000000,0.000000000,0.000000000,0.000000000,0.000000000
0.132616927,-0.392859021,0.701449657,0.259375909,-0.009288316,0.027500221,-0.965340149,-1.272389407,0.125316225,0.162913005,1.328523690,-0.463700378,0.100923678,-1.312744560,-0.176733099,-0.068587152,1.238537672,-0.240057810,-0.038527037,-0.070170648,0.523305271,0.000000000,0.000000000,0.000000000,0.000000000,0.000000000,0.000000000,0.000000000,0.000000000,0.000000000,0.000000000,0.000000000,0.000000000,0.000000000,0.000000000,0.000000000,0.000000000
0.128534564,-0.397817818,0.725890524,0.255219233,0.005744154,0.033327886,-0.966291571,-1.176397420,0.121838830,0.177749044,1.229251584,-0.446578600,0.102017851,-1.200292316,-0.182050020,-0.083819865,1.136213402,-0.222908771,-0.028279373,-0.068671508,0.470595452,0.000000000,0.000000000,0.000000000,0.000000000,0.000000000,0.000000000,0.000000000,0.000000000,0.000000000,0.000000000,0.000000000,0.000000000,0.000000000,0.000000000,0.000000000,0.000000000
0.122811157,-0.402321272,0.751442541,0.252307636,0.016962782,0.036626769,-0.966804841,-1.074022956,0.118338989,0.193791333,1.126089862,-0.427026849,0.102368088,-1.070186728,-0.187436237,-0.101374653,1.020111663,-0.203066594,-0.021779647,-0.063679198,0.418356030,0.000000000,0.000000000,0.000000000,0.000000000,0.000000000,0.000000000,0.000000000,0.000000000,0.000000000,0.000000000,0.000000000,0.000000000,0.000000000,0.000000000,0.000000000,0.000000000
0.115943286,-0.406111441,0.776167193,0.248237367,0.029589495,0.040206254,-0.967412078,-0.963316334,0.115758712,0.213486586,1.016818297,-0.403240217,0.101737015,-0.927404235,-0.192314795,-0.122757106,0.893705421,-0.177399789,-0.014624484,-0.063270043,0.358992204,0.000000000,0.000000000,0.000000000,0.000000000,0.000000000,0.000000000,0.000000000,0.000000000,0.000000000,0.000000000,0.000000000,0.000000000,0.000000000,0.000000000,0.000000000,0.000000000
0.108741808,-0.410004366,0.797198837,0.242930665,0.040851809,0.044860081,-0.968144305,-0.867332035,0.114252334,0.232532410,0.926318715,-0.380631696,0.101147356,-0.805376109,-0.196241349,-0.141085431,0.790021221,-0.156433755,-0.015332709,-0.063517633,0.305428008,0.000000000,0.000000000,0.000000000,0.000000000,0.000000000,0.000000000,0.000000000,0.000000000,0.000000000,0.000000000,0.000000000,0.000000000,0.000000000,0.000000000,0.000000000,0.000000000
0.101926198,-0.412955445,0.813750196,0.237897102,0.050981947,0.050228322,-0.968650053,-0.776124884,0.113345822,0.253981074,0.840264751,-0.359294705,0.097976085,-0.694268649,-0.199071041,-0.161762330,0.693554495,-0.134318355,-0.017076821,-0.065639511,0.254812436,0.000000000,0.000000000,0.000000000,0.000000000,0.000000000,0.000000000,0.000000000,0.000000000,0.000000000,0.000000000,0.000000000,0.000000000,0.000000000,0.000000000,0.000000000,0.000000000
0.094945622,-0.414348503,0.826917321,0.234688043,0.061812926,0.055627025,-0.968507263,-0.693694009,0.114454264,0.280073342,0.760026842,-0.335454077,0.092285717,-0.589091245,-0.201014354,-0.185125599,0.602946792,-0.114223369,-0.020122224,-0.065821042,0.206520393,0.000000000,0.000000000,0.000000000,0.000000000,0.000000000,0.000000000,0.000000000,0.000000000,0.000000000,0.000000000,0.000000000,0.000000000,0.000000000,0.000000000,0.000000000,0.000000000
0.089729180,-0.414351500,0.833033436,0.230462842,0.062676943,0.057953868,-0.969329577,-0.602337170,0.114410739,0.315005830,0.669524830,-0.305355929,0.082358917,-0.480530988,-0.203464719,-0.218597838,0.505980656,-0.088053718,-0.020200842,-0.066527650,0.174594781,0.000000000,0.000000000,0.000000000,0.000000000,0.000000000,0.000000000,0.000000000,0.000000000,0.000000000,0.000000000,0.000000000,0.000000000,0.000000000,0.000000000,0.000000000,0.000000000
0.086169397,-0.416424696,0.838488655,0.226931915,0.069466177,0.059911663,-0.969580811,-0.502804750,0.113768332,0.363017647,0.579436506,-0.278490720,0.074414563,-0.375230457,-0.206075577,-0.252659867,0.424736147,-0.067808707,-0.023062645,-0.067638623,0.123112872,0.000000000,0.000000000,0.000000000,0.000000000,0.000000000,0.000000000,0.000000000,0.000000000,0.000000000,0.000000000,0.000000000,0.000000000,0.000000000,0.000000000,0.000000000,0.000000000
0.084222387,-0.418767684,0.841060595,0.222589608,0.077395501,0.060878742,-0.969926586,-0.403641164,0.112235796,0.437115133,0.480328227,-0.247916273,0.059699801,-0.276030723,-0.205671490,-0.305122554,0.334664479,-0.044454726,-0.030333583,-0.077129472,0.073455393,0.000000000,0.000000000,0.000000000,0.000000000,0.000000000,0.000000000,0.000000000,0.000000000,0.000000000,0.000000000,0.000000000,0.000000000,0.000000000,0.000000000,0.000000000,0.000000000
0.081085265,-0.420789870,0.840675801,0.222994119,0.084047551,0.061341005,-0.969250697,-0.317096948,0.110226907,0.528677094,0.401021932,-0.224209173,0.048365198,-0.200833967,-0.201235788,-0.321790158,0.277081091,-0.026344832,-0.037972151,-0.098280518,0.029526749,0.000000000,0.000000000,0.000000000,0.000000000,0.000000000,0.000000000,0.000000000,0.000000000,0.000000000,0.000000000,0.000000000,0.000000000,0.000000000,0.000000000,0.000000000,0.000000000
0.079587121,-0.420919689,0.829966765,0.224463975,0.069331744,0.058949347,-0.970223689,-0.239655161,0.107577187,0.633224617,0.335873923,-0.205198266,0.035236057,-0.126647928,-0.196303878,-0.357142497,0.215974063,-0.008442739,-0.040641072,-0.105907687,0.022008685,0.000000000,0.000000000,0.000000000,0.000000000,0.000000000,0.000000000,0.000000000,0.000000000,0.000000000,0.000000000,0.000000000,0.000000000,0.000000000,0.000000000,0.000000000,0.000000000
0.075687658,-0.422825293,0.832938507,0.230750602,0.085713526,0.063902089,-0.967121437,-0.179013594,0.102048744,0.704269044,0.288386173,-0.189058789,0.024933334,-0.059351640,-0.190630610,-0.385276856,0.163130641,0.004116746,-0.038939307,-0.122378149,-0.038052370,0.000000000,0.000000000,0.000000000,0.000000000,0.000000000,0.000000000,0.000000000,0.000000000,0.000000000,0.000000000,0.000000000,0.000000000,0.000000000,0.000000000,0.000000000,0.000000000
0.073960340,-0.422823236,0.822926572,0.225145575,0.075661329,0.060847600,-0.969475324,-0.125822495,0.098113449,0.770400189,0.250137029,-0.173132951,0.013834675,0.002438704,-0.184907137,-0.398644080,0.119002761,0.010693032,-0.035195500,-0.120456706,-0.057009401,0.000000000,0.000000000,0.000000000,0.000000000,0.000000000,0.000000000,0.000000000,0.000000000,0.000000000,0.000000000,0.000000000,0.000000000,0.000000000,0.000000000,0.000000000,0.000000000
0.071950142,-0.422282295,0.815550850,0.213084615,0.071234727,0.062579808,-0.972421888,-0.085965988,0.094559928,0.816833541,0.222364754,-0.165641257,0.011138635,0.046724630,-0.180069784,-0.392513014,0.087488900,0.016490607,-0.029820203,-0.124820839,-0.073677183,0.000000000,0.000000000,0.000000000,0.000000000,0.000000000,0.000000000,0.000000000,0.000000000,0.000000000,0.000000000,0.000000000,0.000000000,0.000000000,0.000000000,0.000000000,0.000000000
0.071888336,-0.420310419,0.807593975,0.199730356,0.066846884,0.064599436,-0.975431285,-0.051098650,0.091284757,0.856778278,0.201464368,-0.162834975,0.007424663,0.075125278,-0.176650512,-0.385257578,0.071262775,0.016300480,-0.025541353,-0.129217227,-0.091104220,0.000000000,0.000000000,0.000000000,0.000000000,0.000000000,0.000000000,0.000000000,0.000000000,0.000000000,0.000000000,0.000000000,0.000000000,0.000000000,0.000000000,0.000000000,0.000000000
0.071664290,-0.418418945,0.799754942,0.190500725,0.062472959,0.067057081,-0.977399586,-0.025791554,0.089509294,0.883413976,0.190366536,-0.167809494,0.007127246,0.091919566,-0.175753044,-0.396855847,0.072424817,0.008446141,-0.026213131,-0.123467587,-0.104059093,0.000000000,0.000000000,0.000000000,0.000000000,0.000000000,0.000000000,0.000000000,0.000000000,0.000000000,0.000000000,0.000000000,0.000000000,0.000000000,0.000000000,0.000000000,0.000000000
0.072949901,-0.418066973,0.792717641,0.177014515,0.059031379,0.070940848,-0.979871703,-0.019575864,0.091539333,0.882586245,0.194480326,-0.178360115,0.013919165,0.111993731,-0.170106175,-0.394908427,0.059338588,0.002994984,-0.024288140,-0.120353064,-0.108925287,0.000000000,0.000000000,0.000000000,0.000000000,0.000000000,0.000000000,0.000000000,0.000000000,0.000000000,0.000000000,0.000000000,0.000000000,0.000000000,0.000000000,0.000000000,0.000000000
0.075373336,-0.416500807,0.785853711,0.152633869,0.056345260,0.073587922,-0.983927300,-0.028787341,0.092788098,0.872725899,0.202273562,-0.191883062,0.032025416,0.099583774,-0.169164668,-0.429780045,0.073268891,-0.009436090,-0.022531126,-0.127970714,-0.098755400,0.000000000,0.000000000,0.000000000,0.000000000,0.000000000,0.000000000,0.000000000,0.000000000,0.000000000,0.000000000,0.000000000,0.000000000,0.000000000,0.000000000,0.000000000,0.000000000
0.078197432,-0.413987759,0.779249218,0.131996944,0.052191539,0.077257061,-0.986855712,-0.027011927,0.093280931,0.880849837,0.204239072,-0.203072997,0.042339913,0.106007001,-0.163557276,-0.430615323,0.058141353,0.000954605,-0.006227556,-0.124449333,-0.088923169,0.000000000,0.000000000,0.000000000,0.000000000,0.000000000,0.000000000,0.000000000,0.000000000,0.000000000,0.000000000,0.000000000,0.000000000,0.000000000,0.000000000,0.000000000,0.000000000
0.080093770,-0.410608669,0.774204304,0.117782830,0.048802541,0.080876469,-0.988536551,-0.032414846,0.093187234,0.892974751,0.204312836,-0.212611033,0.048932970,0.101046030,-0.156441080,-0.436035135,0.053290833,-0.008625366,0.000515550,-0.113290750,-0.074009427,0.000000000,0.000000000,0.000000000,0.000000000,0.000000000,0.000000000,0.000000000,0.000000000,0.000000000,0.000000000,0.000000000,0.000000000,0.000000000,0.000000000,0.000000000,0.000000000
0.085147564,-0.401929761,0.769926105,0.102296551,0.044268084,0.079748251,-0.990563460,-0.032923658,0.090420290,0.893238847,0.207668214,-0.214531101,0.062881961,0.099276275,-0.151426452,-0.415144817,0.038706800,0.013075467,0.017559949,-0.112481983,-0.057582247,0.000000000,0.000000000,0.000000000,0.000000000,0.000000000,0.000000000,0.000000000,0.000000000,0.000000000,0.000000000,0.000000000,0.000000000,0.000000000,0.000000000,0.000000000,0.000000000
0.090787259,-0.392069111,0.763206632,0.066277619,0.021739363,0.079396256,-0.994399775,-0.031952185,0.087677858,0.900900379,0.205152906,-0.215970840,0.066594770,0.096273345,-0.146466807,-0.422690752,0.019979066,0.027858204,0.025680230,-0.087620814,-0.004168230,0.000000000,0.000000000,0.000000000,0.000000000,0.000000000,0.000000000,0.000000000,0.000000000,0.000000000,0.000000000,0.000000000,0.000000000,0.000000000,0.000000000,0.000000000,0.000000000
0.090900635,-0.384098856,0.765478329,0.047497216,0.030438540,0.080791190,-0.995133304,-0.044067089,0.082701101,0.894919039,0.202782216,-0.217608145,0.066834555,0.063426278,-0.151023372,-0.437542026,0.052038756,0.014550910,0.024188073,-0.099309736,0.001515783,0.000000000,0.000000000,0.000000000,0.000000000,0.000000000,0.000000000,0.000000000,0.000000000,0.000000000,0.000000000,0.000000000,0.000000000,0.000000000,0.000000000,0.000000000,0.000000000
0.089670280,-0.373592394,0.761362509,0.013277441,0.018950420,0.078728862,-0.996627492,-0.061000266,0.081690655,0.881755441,0.206072072,-0.217647545,0.062797215,0.046199475,-0.151303856,-0.449330128,0.056740194,0.008103539,0.021979057,-0.054533985,0.051901273,0.000000000,0.000000000,0.000000000,0.000000000,0.000000000,0.000000000,0.000000000,0.000000000,0.000000000,0.000000000,0.000000000,0.000000000,0.000000000,0.000000000,0.000000000,0.000000000
0.086579424,-0.361868386,0.764434255,0.015244151,0.030320255,0.078800403,-0.996312599,-0.080522175,0.085887970,0.873044637,0.213197837,-0.226158852,0.053885938,0.040028724,-0.151126766,-0.453459164,0.045482290,0.000015465,0.026237478,-0.044036841,0.057887795,0.000000000,0.000000000,0.000000000,0.000000000,0.000000000,0.000000000,0.000000000,0.000000000,0.000000000,0.000000000,0.000000000,0.000000000,0.000000000,0.000000000,0.000000000,0.000000000
0.087114017,-0.351453900,0.764233932,0.009870316,0.035789172,0.078927435,-0.996188823,-0.113990410,0.094375463,0.844847094,0.230963383,-0.231796196,0.053325593,0.006277726,-0.156983802,-0.471817139,0.057336033,-0.004224479,0.018057401,-0.047277211,0.078906286,0.000000000,0.000000000,0.000000000,0.000000000,0.000000000,0.000000000,0.000000000,0.000000000,0.000000000,0.000000000,0.000000000,0.000000000,0.000000000,0.000000000,0.000000000,0.000000000
0.090175715,-0.344948235,0.764057891,0.004009183,0.038468825,0.079084835,-0.996117295,-0.130962195,0.101896149,0.839509720,0.236785036,-0.239454985,0.043689889,-0.017736177,-0.166709178,-0.484023880,0.063602976,0.004326038,0.017747378,-0.045498977,0.097778325,0.000000000,0.000000000,0.000000000,0.000000000,0.000000000,0.000000000,0.000000000,0.000000000,0.000000000,0.000000000,0.000000000,0.000000000,0.000000000,0.000000000,0.000000000,0.000000000
0.092987694,-0.344484907,0.759875147,-0.025407715,0.026295078,0.079789828,-0.996140854,-0.133560339,0.106505431,0.845833218,0.232540889,-0.245877823,0.038533751,-0.035604854,-0.178399502,-0.499369854,0.080527021,0.008019238,0.012507009,-0.018163455,0.135637314,0.000000000,0.000000000,0.000000000,0.000000000,0.000000000,0.000000000,0.000000000,0.000000000,0.000000000,0.000000000,0.000000000,0.000000000,0.000000000,0.000000000,0.000000000,0.000000000
0.094115725,-0.342505393,0.757841051,-0.048370699,0.022601219,0.079891018,-0.995372737,-0.131044086,0.110889949,0.853068315,0.227288929,-0.250556636,0.035964444,-0.050081602,-0.189967559,-0.511786715,0.099832619,0.009216258,0.005020755,-0.018019947,0.147607012,0.000000000,0.000000000,0.000000000,0.000000000,0.000000000,0.000000000,0.000000000,0.000000000,0.000000000,0.000000000,0.000000000,0.000000000,0.000000000,0.000000000,0.000000000,0.000000000
0.094548888,-0.338881732,0.759562564,-0.050494175,0.030312088,0.080467609,-0.995015819,-0.123129267,0.111879209,0.862500309,0.218151514,-0.254310276,0.036564805,-0.059455124,-0.200068532,-0.523675633,0.118478428,0.008057128,0.000689883,-0.030619127,0.132171421,0.000000000,0.000000000,0.000000000,0.000000000,0.000000000,0.000000000,0.000000000,0.000000000,0.000000000,0.000000000,0.000000000,0.000000000,0.000000000,0.000000000,0.000000000,0.000000000
0.095429645,-0.340666756,0.772268229,-0.042680044,0.052190255,0.079560233,-0.994547515,-0.120806696,0.116718502,0.866475287,0.218441567,-0.255853271,0.035772929,-0.065757911,-0.209382168,-0.528462138,0.130806530,0.004647658,-0.001353263,-0.062214471,0.093877319,0.000000000,0.000000000,0.000000000,0.000000000,0.000000000,0.000000000,0.000000000,0.000000000,0.000000000,0.000000000,0.000000000,0.000000000,0.000000000,0.000000000,0.000000000,0.000000000
0.097891189,-0.341792702,0.771217028,-0.061754178,0.054296832,0.078813392,-0.993492187,-0.120217677,0.119922553,0.858263225,0.219989001,-0.253390245,0.037070791,-0.062489606,-0.214815012,-0.521119444,0.133047236,0.001308351,-0.005771197,-0.042578154,0.090366440,0.000000000,0.000000000,0.000000000,0.000000000,0.000000000,0.000000000,0.000000000,0.000000000,0.000000000,0.000000000,0.000000000,0.000000000,0.000000000,0.000000000,0.000000000,0.000000000
0.098153013,-0.339977934,0.774112195,-0.053958008,0.067129723,0.078451118,-0.993190594,-0.123470167,0.122452409,0.847649170,0.225095023,-0.254408362,0.044950675,-0.071098494,-0.218905390,-0.514809417,0.146891304,-0.005537093,-0.011728303,-0.050561897,0.065131475,0.000000000,0.000000000,0.000000000,0.000000000,0.000000000,0.000000000,0.000000000,0.000000000,0.000000000,0.000000000,0.000000000,0.000000000,0.000000000,0.000000000,0.000000000,0.000000000
0.102831024,-0.342512221,0.768279004,-0.047861022,0.059670841,0.083600086,-0.993559127,-0.125466817,0.125350183,0.838758250,0.231486232,-0.254351379,0.048113920,-0.066370821,-0.218623453,-0.516046174,0.144479258,-0.006121192,-0.011249805,-0.021800038,0.071901898,0.000000000,0.000000000,0.000000000,0.000000000,0.000000000,0.000000000,0.000000000,0.000000000,0.000000000,0.000000000,0.000000000,0.000000000,0.000000000,0.000000000,0.000000000,0.000000000
0.107339518,-0.338513077,0.777864500,-0.014891101,0.067035405,0.085685445,-0.993952974,-0.122348246,0.127518635,0.836181746,0.234616221,-0.257004373,0.045807967,-0.064635114,-0.222660466,-0.514836786,0.153193694,-0.012000873,-0.009117997,-0.023669666,0.058121981,0.000000000,0.000000000,0.000000000,0.000000000,0.000000000,0.000000000,0.000000000,0.000000000,0.000000000,0.000000000,0.000000000,0.000000000,0.000000000,0.000000000,0.000000000,0.000000000
0.107916848,-0.329230116,0.782278315,0.011206048,0.072873909,0.085754882,-0.993584379,-0.117818232,0.129232654,0.838198984,0.232439276,-0.256995186,0.034813007,-0.054293198,-0.223671967,-0.518283926,0.152100616,-0.016240971,-0.005746862,-0.022462380,0.043387127,0.000000000,0.000000000,0.000000000,0.000000000,0.000000000,0.000000000,0.000000000,0.000000000,0.000000000,0.000000000,0.000000000,0.000000000,0.000000000,0.000000000,0.000000000,0.000000000
0.100402603,-0.314538755,0.785021350,0.021771155,0.081015645,0.085045107,-0.992839268,-0.118253724,0.132867137,0.840485725,0.232773143,-0.255006774,0.028142060,-0.043200437,-0.224467867,-0.525401663,0.151607683,-0.022823755,-0.002613985,-0.026456112,0.032675592,0.000000000,0.000000000,0.000000000,0.000000000,0.000000000,0.000000000,0.000000000,0.000000000,0.000000000,0.000000000,0.000000000,0.000000000,0.000000000,0.000000000,0.000000000,0.000000000
0.092614072,-0.301291684,0.779120561,0.016136884,0.076813315,0.084096149,-0.993361542,-0.133830912,0.134270873,0.825810516,0.236417269,-0.248938302,0.029173235,-0.028352358,-0.214061118,-0.523687309,0.120507354,-0.018692679,0.003421999,-0.011013070,0.048630034,0.000000000,0.000000000,0.000000000,0.000000000,0.000000000,0.000000000,0.000000000,0.000000000,0.000000000,0.000000000,0.000000000,0.000000000,0.000000000,0.000000000,0.000000000,0.000000000
0.090937834,-0.297717952,0.781023202,0.003669043,0.052536500,0.085194444,-0.994971538,-0.139977698,0.133016107,0.827306503,0.234174166,-0.246161292,0.033440208,-0.021531346,-0.208428006,-0.533034868,0.115544079,-0.019664485,0.007823365,0.012235022,0.112072879,0.000000000,0.000000000,0.000000000,0.000000000,0.000000000,0.000000000,0.000000000,0.000000000,0.000000000,0.000000000,0.000000000,0.000000000,0.000000000,0.000000000,0.000000000,0.000000000
0.085073560,-0.295652708,0.775226612,-0.007268959,0.053329992,0.084371568,-0.994979654,-0.144143230,0.134118179,0.817130771,0.241518480,-0.245679463,0.046023629,-0.010533790,-0.206689040,-0.543426633,0.111891296,-0.017550060,0.014267464,0.009407404,0.100154773,0.000000000,0.000000000,0.000000000,0.000000000,0.000000000,0.000000000,0.000000000,0.000000000,0.000000000,0.000000000,0.000000000,0.000000000,0.000000000,0.000000000,0.000000000,0.000000000
0.080192329,-0.294206276,0.773026713,-0.011106222,0.051614685,0.086425561,-0.994858381,-0.138189095,0.136491185,0.817855152,0.246082081,-0.243376457,0.052842759,-0.002752968,-0.211698664,-0.556022488,0.116806053,-0.010983357,0.019502662,0.014938842,0.091446470,0.000000000,0.000000000,0.000000000,0.000000000,0.000000000,0.000000000,0.000000000,0.000000000,0.000000000,0.000000000,0.000000000,0.000000000,0.000000000,0.000000000,0.000000000,0.000000000
0.075691476,-0.301990304,0.780943868,0.005094298,0.062908706,0.089657153,-0.993970894,-0.131134880,0.137261585,0.817368098,0.249790903,-0.245814162,0.060730208,0.002306322,-0.220870203,-0.564341924,0.137090069,-0.013845838,0.018464996,-0.002726847,0.061759625,0.000000000,0.000000000,0.000000000,0.000000000,0.000000000,0.000000000,0.000000000,0.000000000,0.000000000,0.000000000,0.000000000,0.000000000,0.000000000,0.000000000,0.000000000,0.000000000
0.076429274,-0.313074715,0.775935845,-0.008846498,0.033153849,0.088856743,-0.995453184,-0.126980259,0.137963349,0.805099898,0.257946243,-0.249674383,0.064354888,0.005065519,-0.228154550,-0.556169895,0.155222772,-0.017541210,0.017135260,0.029899403,0.113864455,0.000000000,0.000000000,0.000000000,0.000000000,0.000000000,0.000000000,0.000000000,0.000000000,0.000000000,0.000000000,0.000000000,0.000000000,0.000000000,0.000000000,0.000000000,0.000000000
0.068930677,-0.319932662,0.776313188,-0.002821585,0.050355056,0.086336152,-0.994988681,-0.122266303,0.135961845,0.782242146,0.269042517,-0.254878752,0.069021212,0.014318865,-0.234162784,-0.530000954,0.180389373,-0.027139478,0.015676033,0.004447123,0.067922919,0.000000000,0.000000000,0.000000000,0.000000000,0.000000000,0.000000000,0.000000000,0.000000000,0.000000000,0.000000000,0.000000000,0.000000000,0.000000000,0.000000000,0.000000000,0.000000000
0.066822420,-0.323306588,0.780037757,0.000957813,0.062350487,0.081983167,-0.994680984,-0.124718916,0.138558426,0.749595886,0.287270149,-0.259959498,0.074843926,0.006334741,-0.247075535,-0.483231796,0.233320111,-0.042883454,0.011781485,0.009410559,0.037499463,0.000000000,0.000000000,0.000000000,0.000000000,0.000000000,0.000000000,0.000000000,0.000000000,0.000000000,0.000000000,0.000000000,0.000000000,0.000000000,0.000000000,0.000000000,0.000000000
0.065626807,-0.329775369,0.783262052,0.032149878,0.114619035,0.078064901,-0.989815505,-0.121924173,0.144775476,0.737046252,0.301294150,-0.264945475,0.074545067,-0.004485814,-0.265983576,-0.424007221,0.292907795,-0.057640062,0.015020506,-0.021020426,-0.074169252,0.000000000,0.000000000,0.000000000,0.000000000,0.000000000,0.000000000,0.000000000,0.000000000,0.000000000,0.000000000,0.000000000,0.000000000,0.000000000,0.000000000,0.000000000,0.000000000
0.066638053,-0.346520998,0.777678378,0.057355193,0.134507060,0.072182051,-0.986614405,-0.107512442,0.145395899,0.746018501,0.302773064,-0.268710653,0.076186401,-0.008582533,-0.286023256,-0.337562678,0.362941099,-0.077961327,0.016112134,0.005425791,-0.131300790,0.000000000,0.000000000,0.000000000,0.000000000,0.000000000,0.000000000,0.000000000,0.000000000,0.000000000,0.000000000,0.000000000,0.000000000,0.000000000,0.000000000,0.000000000,0.000000000
0.058519828,-0.366939066,0.768163601,0.117888515,0.139393478,0.067143471,-0.980899338,-0.106465281,0.140528780,0.713487560,0.319014132,-0.288307871,0.085051197,-0.046019107,-0.302647063,-0.208615864,0.528262988,-0.113964677,0.009008809,0.001907858,-0.158078063,0.000000000,0.000000000,0.000000000,0.000000000,0.000000000,0.000000000,0.000000000,0.000000000,0.000000000,0.000000000,0.000000000,0.000000000,0.000000000,0.000000000,0.000000000,0.000000000
0.048790274,-0.369373604,0.761692422,0.176790221,0.114673342,0.069845925,-0.975047070,-0.111643989,0.134478412,0.671552276,0.324453947,-0.285485051,0.070226152,-0.030068427,-0.295794067,-0.166729862,0.557308117,-0.117160227,-0.001233105,0.010760471,-0.113711993,0.000000000,0.000000000,0.000000000,0.000000000,0.000000000,0.000000000,0.000000000,0.000000000,0.000000000,0.000000000,0.000000000,0.000000000,0.000000000,0.000000000,0.000000000,0.000000000
0.041929862,-0.366550021,0.760661167,0.209929236,0.098630113,0.071318311,-0.970111084,-0.112134408,0.123101402,0.640319312,0.301207997,-0.262131116,0.053243940,-0.041373707,-0.261515264,-0.167779327,0.524543424,-0.113912084,-0.014360664,-0.003682513,-0.073126500,0.000000000,0.000000000,0.000000000,0.000000000,0.000000000,0.000000000,0.000000000,0.000000000,0.000000000,0.000000000,0.000000000,0.000000000,0.000000000,0.000000000,0.000000000,0.000000000
0.032872157,-0.369580662,0.763608625,0.256493379,0.097134186,0.077780082,-0.958502141,-0.121521556,0.119984652,0.623772847,0.290258854,-0.244625599,0.033807421,-0.051792689,-0.246320624,-0.193481770,0.436115938,-0.103940961,-0.013869759,-0.014927287,-0.056892948,0.000000000,0.000000000,0.000000000,0.000000000,0.000000000,0.000000000,0.000000000,0.000000000,0.000000000,0.000000000,0.000000000,0.000000000,0.000000000,0.000000000,0.000000000,0.000000000
0.026937980,-0.363746217,0.760902226,0.309593374,0.083032441,0.083505678,-0.943548811,-0.149723117,0.135045718,0.615300562,0.305272580,-0.230096578,0.014871170,0.008628488,-0.253744146,-0.259751402,0.304184068,-0.096200563,-0.004809080,0.007570162,-0.018343227,0.000000000,0.000000000,0.000000000,0.000000000,0.000000000,0.000000000,0.000000000,0.000000000,0.000000000,0.000000000,0.000000000,0.000000000,0.000000000,0.000000000,0.000000000,0.000000000
0.015414405,-0.356784555,0.769463926,0.369078896,0.098037140,0.094855635,-0.919332310,-0.190793545,0.156239829,0.608493140,0.329863221,-0.210686923,0.010904996,0.076527075,-0.260562547,-0.302193717,0.215624063,-0.095589989,0.013097683,0.019926328,-0.054532556,0.000000000,0.000000000,0.000000000,0.000000000,0.000000000,0.000000000,0.000000000,0.000000000,0.000000000,0.000000000,0.000000000,0.000000000,0.000000000,0.000000000,0.000000000,0.000000000
-0.003186758,-0.341103766,0.764664265,0.413218744,0.090480757,0.091980139,-0.901445038,-0.251410808,0.175023460,0.564096509,0.361842368,-0.203338074,0.026407822,0.118199478,-0.266160352,-0.306056702,0.192844812,-0.112655556,0.028718160,0.041337670,-0.041142888,0.000000000,0.000000000,0.000000000,0.000000000,0.000000000,0.000000000,0.000000000,0.000000000,0.000000000,0.000000000,0.000000000,0.000000000,0.000000000,0.000000000,0.000000000,0.000000000
-0.026908913,-0.320696332,0.768162965,0.475996799,0.094829059,0.100236077,-0.868554676,-0.324689896,0.173047731,0.481141170,0.401062125,-0.205669873,0.061075509,0.128632292,-0.254075273,-0.280700728,0.202233363,-0.142987448,0.028337230,0.032450929,-0.043429707,0.000000000,0.000000000,0.000000000,0.000000000,0.000000000,0.000000000,0.000000000,0.000000000,0.000000000,0.000000000,0.000000000,0.000000000,0.000000000,0.000000000,0.000000000,0.000000000
-0.054532060,-0.304151863,0.761463892,0.525158419,0.082446377,0.088301310,-0.842385962,-0.390277095,0.146386648,0.396300255,0.444410121,-0.217145327,0.099974398,0.100817430,-0.228058296,-0.233795919,0.255145366,-0.178511586,0.033575637,0.042842591,-0.017527572,0.000000000,0.000000000,0.000000000,0.000000000,0.000000000,0.000000000,0.000000000,0.000000000,0.000000000,0.000000000,0.000000000,0.000000000,0.000000000,0.000000000,0.000000000,0.000000000
-0.087150497,-0.308220905,0.756090720,0.606463430,0.057745721,0.071331266,-0.789797056,-0.436511518,0.104144136,0.338359871,0.480567315,-0.225799816,0.122209909,0.031482914,-0.190806755,-0.171798212,0.335623549,-0.211000776,0.036295009,0.006610721,0.058335666,0.000000000,0.000000000,0.000000000,0.000000000,0.000000000,0.000000000,0.000000000,0.000000000,0.000000000,0.000000000,0.000000000,0.000000000,0.000000000,0.000000000,0.000000000,0.000000000
-0.088862965,-0.342260015,0.757588085,0.671269226,0.071512110,0.063754939,-0.734995886,-0.436412244,0.069526698,0.315331459,0.498513714,-0.235335411,0.129951793,-0.032183382,-0.160395853,-0.141134680,0.412869749,-0.227686265,0.041598073,-0.043705685,0.022893951,0.000000000,0.000000000,0.000000000,0.000000000,0.000000000,0.000000000,0.000000000,0.000000000,0.000000000,0.000000000,0.000000000,0.000000000,0.000000000,0.000000000,0.000000000,0.000000000
-0.054394169,-0.356691467,0.751360360,0.693973452,0.072509272,0.048802230,-0.714675868,-0.430945999,0.049627550,0.321900612,0.500503380,-0.238274437,0.142875533,-0.055363144,-0.147620689,-0.130650429,0.464822698,-0.235519948,0.054634090,-0.044432396,0.024225529,0.000000000,0.000000000,0.000000000,0.000000000,0.000000000,0.000000000,0.000000000,0.000000000,0.000000000,0.000000000,0.000000000,0.000000000,0.000000000,0.000000000,0.000000000,0.000000000
-0.017149083,-0.354980403,0.743930987,0.702243033,0.069857874,0.036054604,-0.707583681,-0.448144922,0.041019116,0.309444752,0.542351902,-0.254913466,0.156555198,-0.073637216,-0.143679713,-0.124070698,0.516710004,-0.240083656,0.059463024,-0.048294887,0.035187382,0.000000000,0.000000000,0.000000000,0.000000000,0.000000000,0.000000000,0.000000000,0.000000000,0.000000000,0.000000000,0.000000000,0.000000000,0.000000000,0.000000000,0.000000000,0.000000000
0.007827291,-0.353649251,0.734686039,0.710720975,0.070436064,0.028301927,-0.699366469,-0.464060348,0.036367442,0.299734901,0.576153192,-0.269667752,0.169016632,-0.103561666,-0.141763312,-0.115393156,0.579042124,-0.240352159,0.059213840,-0.048162773,0.035951963,0.000000000,0.000000000,0.000000000,0.000000000,0.000000000,0.000000000,0.000000000,0.000000000,0.000000000,0.000000000,0.000000000,0.000000000,0.000000000,0.000000000,0.000000000,0.000000000
0.018160164,-0.356714403,0.723283625,0.722703034,0.066839090,0.017588213,-0.687694348,-0.472952543,0.034676109,0.287035225,0.613749228,-0.290706435,0.178689077,-0.146700749,-0.142111528,-0.103372565,0.659116216,-0.240354118,0.051714189,-0.060941400,0.044182892,0.000000000,0.000000000,0.000000000,0.000000000,0.000000000,0.000000000,0.000000000,0.000000000,0.000000000,0.000000000,0.000000000,0.000000000,0.000000000,0.000000000,0.000000000,0.000000000
0.022146809,-0.367141202,0.710596405,0.732558041,0.060553687,0.011024169,-0.677916245,-0.478043363,0.035414086,0.278407805,0.633350786,-0.298944894,0.175582325,-0.162286360,-0.140725412,-0.097197469,0.698065446,-0.245436742,0.041709259,-0.066543760,0.055603730,0.000000000,0.000000000,0.000000000,0.000000000,0.000000000,0.000000000,0.000000000,0.000000000,0.000000000,0.000000000,0.000000000,0.000000000,0.000000000,0.000000000,0.000000000,0.000000000
0.025476153,-0.379929554,0.698286643,0.737913602,0.055114068,0.006620833,-0.672608445,-0.479911742,0.037711908,0.273734246,0.644145923,-0.303571997,0.169839406,-0.179614416,-0.140649966,-0.093522297,0.728991065,-0.250094623,0.032531996,-0.073854233,0.065291283,0.000000000,0.000000000,0.000000000,0.000000000,0.000000000,0.000000000,0.000000000,0.000000000,0.000000000,0.000000000,0.000000000,0.000000000,0.000000000,0.000000000,0.000000000,0.000000000
0.027635789,-0.388832397,0.688395783,0.739666919,0.050589563,0.002106113,-0.671065653,-0.469165704,0.038115352,0.278314981,0.624800839,-0.302502387,0.161673571,-0.197141229,-0.141517566,-0.091367289,0.757078149,-0.250439270,0.027449384,-0.076617910,0.078253942,0.000000000,0.000000000,0.000000000,0.000000000,0.000000000,0.000000000,0.000000000,0.000000000,0.000000000,0.000000000,0.000000000,0.000000000,0.000000000,0.000000000,0.000000000,0.000000000
0.028976169,-0.387083850,0.687836890,0.738510104,0.043650010,-0.005068013,-0.672808902,-0.437432673,0.034792602,0.295845002,0.573541571,-0.292224775,0.151392386,-0.199556180,-0.140681976,-0.097772738,0.752974791,-0.241565109,0.025472098,-0.065947189,0.092634278,0.000000000,0.000000000,0.000000000,0.000000000,0.000000000,0.000000000,0.000000000,0.000000000,0.000000000,0.000000000,0.000000000,0.000000000,0.000000000,0.000000000,0.000000000,0.000000000
0.030095971,-0.385192012,0.692560873,0.740858229,0.045213530,-0.007253419,-0.670098656,-0.417306793,0.031526544,0.313362815,0.533589925,-0.289056214,0.141000614,-0.229678650,-0.140033799,-0.097703793,0.785303639,-0.234988096,0.018543173,-0.068464083,0.091314650,0.000000000,0.000000000,0.000000000,0.000000000,0.000000000,0.000000000,0.000000000,0.000000000,0.000000000,0.000000000,0.000000000,0.000000000,0.000000000,0.000000000,0.000000000,0.000000000
0.031683958,-0.382666352,0.694686839,0.742157720,0.041453599,-0.013718588,-0.668801405,-0.398199295,0.028099738,0.331218028,0.498552775,-0.277653553,0.130973086,-0.223607218,-0.139323444,-0.103111648,0.792697371,-0.230951422,0.016941096,-0.058032128,0.097699416,0.000000000,0.000000000,0.000000000,0.000000000,0.000000000,0.000000000,0.000000000,0.000000000,0.000000000,0.000000000,0.000000000,0.000000000,0.000000000,0.000000000,0.000000000,0.000000000
0.030603211,-0.376369927,0.697444995,0.745802735,0.037279110,-0.017249014,-0.664899256,-0.388704754,0.025673190,0.348345970,0.473582413,-0.261557778,0.122919516,-0.209078829,-0.136820767,-0.110300266,0.780200566,-0.230697830,0.012077196,-0.057393112,0.100990812,0.000000000,0.000000000,0.000000000,0.000000000,0.000000000,0.000000000,0.000000000,0.000000000,0.000000000,0.000000000,0.000000000,0.000000000,0.000000000,0.000000000,0.000000000,0.000000000
