0.003237526000,-0.281545128000,0.661087725000,0.787211683000,0.002678079000,-0.061015008000,-0.613651173000,-1.387960165000,0.186795910000,0.106747559000,1.309548964000,-0.177241204000,0.053540933000,-1.397699547000,-0.218169587000,-0.049995820000,1.311079361000,-0.061811310000,-0.061815679000,-0.097687095146,0.119937000201,-0.004078454388,0.076112571189,0.112381183760,0.132159630435,-0.554379488514,0.247289304978,-0.243415721133,-0.414840931941,0.473069570400,-0.190965075239,-0.177836235014,0.708959759630,0.603329073816,0.442403944131,-0.612458971400,-0.489884083784
0.000513097000,-0.283408480000,0.658213996000,0.758109642000,0.011978489000,-0.051079008000,-0.650013247000,-1.385050046000,0.180119624000,0.094018142000,1.280118939000,-0.229950762000,0.109279625000,-1.408719441000,-0.218645463000,-0.046886893000,1.329773989000,-0.057704803000,-0.046594921000,-0.113408592711,0.130790866190,0.010833218734,-0.035827256633,0.063644781650,0.121535827959,-0.569605733801,0.268154687363,-0.240359743397,-0.414891721095,0.473115433176,-0.186549456510,-0.212882709941,0.714234244739,0.591697299634,0.442322446275,-0.612513791040,-0.489899573710
-0.000201460000,-0.283747465000,0.658309672000,0.749575530000,0.014730501000,-0.046780655000,-0.660099317000,-1.401298619000,0.186098113000,0.100717767000,1.294515338000,-0.251291825000,0.099362525000,-1.410922534000,-0.225468820000,-0.046700009000,1.323635392000,-0.076199750000,-0.050001604000,-0.109131937908,0.131840389205,0.022070677303,-0.043510769224,0.047774308621,0.107949010590,-0.584657336996,0.319935136207,-0.237999639458,-0.414962610620,0.473220076301,-0.190330707680,-0.194813831865,0.740646529658,0.622676066114,0.442113398202,-0.612594268973,-0.489955516077
-0.000422512000,-0.283673980000,0.658211375000,0.746268834000,0.015900029000,-0.047897507000,-0.663728744000,-1.402941815000,0.187761331000,0.102702489000,1.296805369000,-0.266743267000,0.096862085000,-1.409561852000,-0.228786084000,-0.045221744000,1.321107343000,-0.088322634000,-0.055178870000,-0.101792916208,0.131241702427,0.020009392436,-0.031646119485,0.040575995829,0.102319618997,-0.571825401171,0.319057307308,-0.236084381436,-0.415034837088,0.473371644016,-0.191689185767,-0.193082886250,0.744472944137,0.636637707816,0.441208640588,-0.623297032108,-0.490051923890
-0.000426915000,-0.283614158000,0.658239673000,0.744986815000,0.015860946000,-0.048279903000,-0.665140682000,-1.399666089000,0.187409111000,0.103137619000,1.295991647000,-0.275900800000,0.097705132000,-1.406340945000,-0.229795097000,-0.044283196000,1.317683274000,-0.095536521000,-0.063680567000,-0.101113643755,0.131213273501,0.014012966925,-0.021023747806,0.040741840254,0.098776601830,-0.558853853507,0.318070749423,-0.234461485414,-0.415096542950,0.473556212380,-0.190499222632,-0.191312025538,0.739686304795,0.644969103301,0.445925188974,-0.639635959327,-0.490176629153
-0.000376451000,-0.283595688000,0.658258363000,0.744465437000,0.015265711000,-0.049164225000,-0.665673381000,-1.397693198000,0.186601268000,0.103156223000,1.297301234000,-0.280639749000,0.098238694000,-1.404855803000,-0.229580548000,-0.042664481000,1.319347100000,-0.100091935000,-0.073718396000,-0.101074226858,0.129816993594,0.010201391138,-0.014772243527,0.039531043289,0.097049612980,-0.550119966814,0.323723503594,-0.233027819136,-0.415141137828,0.473762706666,-0.191989269273,-0.188379196725,0.738992810190,0.654574835834,0.453112340205,-0.658149619765,-0.490324659990
-0.000307056000,-0.283659469000,0.658316212000,0.744278099000,0.015457368000,-0.049061224000,-0.665886009000,-1.396242210000,0.185981025000,0.103132738000,1.297197377000,-0.283072883000,0.098010720000,-1.404689849000,-0.229579431000,-0.042202427000,1.319307089000,-0.102159959000,-0.079924031000,-0.101788979090,0.130641687510,0.007496274200,-0.009607194757,0.036871947190,0.096468732784,-0.546656662580,0.325742909727,-0.231718101696,-0.415166645179,0.473982282460,-0.192563225546,-0.186675243528,0.740009107912,0.658579966449,0.461404881713,-0.677969847945,-0.490481915797
-0.000224492000,-0.283757327000,0.658319809000,0.744208289000,0.015459112000,-0.048644940000,-0.665994526000,-1.397200052000,0.185293276000,0.102753685000,1.299315438000,-0.284765626000,0.098294344000,-1.407545202000,-0.229414244000,-0.041340486000,1.322672877000,-0.102653770000,-0.085858976000,-0.103315514283,0.131182694435,0.005475287788,-0.007486821327,0.033209001963,0.096736736900,-0.547031883358,0.327102150339,-0.230487633091,-0.415173605227,0.474208828854,-0.194509011180,-0.184922084387,0.742778584057,0.660896533283,0.469667625927,-0.698162854448,-0.490646965081
-0.000139426000,-0.283738526000,0.658316602000,0.744134254000,0.014170433000,-0.048960771000,-0.666082768000,-1.395267090000,0.184365295000,0.102314329000,1.301195841000,-0.286149145000,0.099413108000,-1.407405048000,-0.229363434000,-0.040747172000,1.325119425000,-0.102538638000,-0.089816720000,-0.104654361647,0.130041044495,0.003461712847,-0.004370923274,0.033741091199,0.098182114093,-0.546426364914,0.331424726459,-0.229302223223,-0.415163375171,0.474438384296,-0.191642775275,-0.184353600187,0.743806184450,0.662942431700,0.477673865606,-0.718723370012,-0.490829562314
-0.000058402000,-0.283848083000,0.658331030000,0.744186699000,0.014522681000,-0.048151945000,-0.666075551000,-1.396406889000,0.183883657000,0.102186340000,1.302805093000,-0.287120952000,0.099409244000,-1.410645371000,-0.229111826000,-0.040159217000,1.327947723000,-0.101778708000,-0.092590839000,-0.104817014451,0.131567118353,0.001927713728,-0.003239395435,0.030927103498,0.098329591395,-0.547371393327,0.331088084303,-0.228144448366,-0.415138258661,0.474668853708,-0.192938424453,-0.182263865244,0.744978220978,0.662978193873,0.484538990868,-0.738374724389,-0.491025236329
0.000025233000,-0.283899563000,0.658313052000,0.744205696000,0.014306006000,-0.047772132000,-0.666086363000,-1.396469857000,0.183268892000,0.102010552000,1.304794222000,-0.288373639000,0.100635098000,-1.412769422000,-0.228944635000,-0.039658766000,1.330891508000,-0.100917439000,-0.094408081000,-0.105650805100,0.132210126026,0.001177068130,-0.001210244916,0.028866607934,0.099678485180,-0.549374196922,0.332688012105,-0.226999403367,-0.415100246877,0.474898553157,-0.193659479497,-0.181401702016,0.746793604650,0.663871856278,0.489965314033,-0.756172307636,-0.491216854052
0.000105013000,-0.283952536000,0.658314157000,0.744263557000,0.014213587000,-0.047258380000,-0.666060340000,-1.396177266000,0.182759901000,0.102065983000,1.306041844000,-0.289654301000,0.101432657000,-1.414233963000,-0.228721628000,-0.039256668000,1.332901379000,-0.100084486000,-0.095453835000,-0.105721793195,0.133218507821,0.000011543828,0.000561762918,0.027927080046,0.101283174526,-0.551012102049,0.331778330302,-0.225859618897,-0.415051908293,0.475126648156,-0.193586844973,-0.181068874882,0.749119384696,0.662916898940,0.493804564762,-0.770595302069,-0.491409719999
0.000176639000,-0.283962439000,0.658315203000,0.744305692000,0.013879527000,-0.047218188000,-0.666023151000,-1.394895656000,0.182227010000,0.102147537000,1.307094857000,-0.290407180000,0.102439194000,-1.414637370000,-0.228493047000,-0.038843436000,1.334402606000,-0.099098345000,-0.096069734000,-0.105882682833,0.133547699278,-0.002014996823,0.003070958395,0.028259754134,0.101941927032,-0.550658401626,0.332715099199,-0.224719078039,-0.414994916205,0.475352681315,-0.192709872798,-0.180680364735,0.749918924244,0.662792083315,0.496208133100,-0.781069426672,-0.491599941463
0.000246574000,-0.284021702000,0.658332685000,0.744431652000,0.014061979000,-0.046587906000,-0.665922926000,-1.394499141000,0.181875169000,0.102388727000,1.307627145000,-0.291506081000,0.102827051000,-1.415821940000,-0.228299714000,-0.038604282000,1.335456740000,-0.097939518000,-0.096139689000,-0.105554435181,0.134940504310,-0.003125847211,0.004435669862,0.027297305148,0.102618609115,-0.551629460710,0.332414080242,-0.223574219802,-0.414930691269,0.475576607861,-0.193045203129,-0.179933428026,0.750593310114,0.661353086968,0.497541329754,-0.788508324411,-0.491786230389
0.000316500000,-0.284089212000,0.658337965000,0.744558680000,0.014360727000,-0.045804920000,-0.665828845000,-1.394686747000,0.181609587000,0.102627030000,1.308280589000,-0.292377204000,0.103311450000,-1.417530905000,-0.228057861000,-0.038367210000,1.336567870000,-0.096976781000,-0.096045081000,-0.105449130310,0.136417394465,-0.003861883628,0.005089077590,0.025440131907,0.103416940531,-0.553291251720,0.333319630007,-0.222421354435,-0.414860466437,0.475798604715,-0.193973158615,-0.179355652426,0.751006187624,0.659935179486,0.498205832301,-0.794823904963,-0.491973130123
0.000370716000,-0.284176781000,0.658335528000,0.744750380000,0.015160536000,-0.044981767000,-0.665652815000,-1.395795032000,0.181690173000,0.103299020000,1.308434226000,-0.293130098000,0.102696104000,-1.420130525000,-0.227794945000,-0.038167170000,1.337701017000,-0.095781526000,-0.095760133000,-0.104566596709,0.138260386494,-0.005472468269,0.005737694107,0.021754007334,0.104694293923,-0.556933112824,0.335658171585,-0.221254876969,-0.414784923660,0.476018750482,-0.198790588001,-0.179010454557,0.753243219960,0.661129363820,0.498400062577,-0.800605696353,-0.492163096322
0.000344635000,-0.284146599000,0.658308749000,0.744796223000,0.014991625000,-0.045220412000,-0.665589176000,-1.395687222000,0.181768941000,0.103306111000,1.307716440000,-0.292407852000,0.102927404000,-1.420252201000,-0.227783446000,-0.038325635000,1.336555854000,-0.095753680000,-0.095094617000,-0.105137661984,0.137907690415,-0.003067852742,0.005941933828,0.022599860969,0.104555362889,-0.557593166062,0.336787018746,-0.220079718541,-0.414706443872,0.476237783310,-0.197167860448,-0.179335541000,0.752631874696,0.661227688673,0.498417642913,-0.807488751998,-0.492362627636
0.000333152000,-0.284212028000,0.658302572000,0.744849596000,0.015819072000,-0.044504512000,-0.665558551000,-1.397784449000,0.181945759000,0.103467451000,1.306357170000,-0.292303770000,0.101740653000,-1.422456897000,-0.227703000000,-0.038478256000,1.335886518000,-0.094887641000,-0.096073896000,-0.105089312451,0.139277012651,-0.003902548030,0.006438891700,0.020062570560,0.104111454567,-0.557932200801,0.333819155053,-0.218903439181,-0.414625728146,0.476455612703,-0.201098632433,-0.178792600025,0.752937759483,0.662985559692,0.498092411275,-0.812817732051,-0.492559797061
0.000325169000,-0.284210476000,0.658258180000,0.744830900000,0.016265524000,-0.044555724000,-0.665565286000,-1.399186852000,0.182055862000,0.103313374000,1.306144916000,-0.292092174000,0.102094038000,-1.424030277000,-0.227737555000,-0.038602067000,1.335450577000,-0.095197516000,-0.096571575000,-0.105077263647,0.139528929912,-0.002774296101,0.006828264840,0.018503177144,0.103657973588,-0.558981331379,0.332545740940,-0.217730309783,-0.414543493378,0.476672231073,-0.204265783422,-0.178372397446,0.752793637074,0.664097271734,0.497466328010,-0.816275849582,-0.492753246522
0.000325600000,-0.284236944000,0.658219509000,0.744824033000,0.016643911000,-0.044341983000,-0.665577890000,-1.401212726000,0.182075899000,0.103462989000,1.306209322000,-0.291522667000,0.102010891000,-1.426009975000,-0.227598285000,-0.038425757000,1.336117906000,-0.095740525000,-0.097226699000,-0.104896236803,0.140003413662,-0.003078554495,0.005284116061,0.016719400374,0.102961830702,-0.558584533947,0.330689639297,-0.216563366444,-0.414460323893,0.476888369469,-0.207328073307,-0.177885195385,0.750959124970,0.663962487055,0.496631438528,-0.818422454292,-0.492944613801
0.000323259000,-0.284292656000,0.658186955000,0.744800162000,0.017286022000,-0.043810939000,-0.665623402000,-1.403396245000,0.182299923000,0.103362976000,1.306442707000,-0.291583615000,0.102305626000,-1.428763916000,-0.227627926000,-0.038319829000,1.336609619000,-0.095923043000,-0.097918644000,-0.105121919164,0.141090717345,-0.003518583504,0.004535432384,0.013873380583,0.102792756883,-0.557562576976,0.329649136139,-0.215403424942,-0.414376508333,0.477104741812,-0.209939380757,-0.177162181041,0.750256062468,0.661990917124,0.495651996483,-0.819649981931,-0.493134960634
0.000323358000,-0.284270280000,0.658148595000,0.744736215000,0.016986572000,-0.044111481000,-0.665682810000,-1.403670893000,0.182367816000,0.103322635000,1.306740655000,-0.291565927000,0.102487809000,-1.429329846000,-0.227770284000,-0.038126920000,1.337673544000,-0.096264664000,-0.097928336000,-0.105231073034,0.140530993438,-0.003452444204,0.004083040898,0.014671523955,0.103596019644,-0.558347196377,0.329109968753,-0.214250542860,-0.414293100623,0.477321133730,-0.209323773191,-0.177398245261,0.751136394092,0.660458647136,0.494574300632,-0.820234221258,-0.493323560856
0.000327902000,-0.284273214000,0.658140784000,0.744711561000,0.016890861000,-0.044012214000,-0.665719396000,-1.404017751000,0.182400923000,0.103313041000,1.306532939000,-0.291584172000,0.102423322000,-1.429911233000,-0.227912786000,-0.038044923000,1.337927265000,-0.096271663000,-0.098101999000,-0.105552138676,0.140494642928,-0.004412703106,0.004006692190,0.014476878663,0.104293265262,-0.559038446711,0.328935930814,-0.213107579282,-0.414210162739,0.477536955265,-0.209230634311,-0.177523871630,0.752842615091,0.658302699182,0.493432367486,-0.820368494210,-0.493510265679
0.000342428000,-0.284266640000,0.658134706000,0.744656194000,0.016835845000,-0.044043329000,-0.665780663000,-1.404350539000,0.182494720000,0.103318246000,1.306216703000,-0.291375811000,0.101981461000,-1.430113517000,-0.228197597000,-0.038143029000,1.337705388000,-0.096139203000,-0.097817736000,-0.105650668274,0.140386510599,-0.005260998690,0.004085459332,0.014981923755,0.104749149631,-0.559379869707,0.329222420474,-0.211972259285,-0.414127851018,0.477752322592,-0.208637292275,-0.177727856234,0.753593222397,0.657756434117,0.492248438459,-0.820188369165,-0.493695273059
0.000360971000,-0.284232091000,0.658132376000,0.744538321000,0.016446777000,-0.044312721000,-0.665904328000,-1.403749711000,0.182482488000,0.103316635000,1.305740420000,-0.291014542000,0.102296690000,-1.429520617000,-0.228401237000,-0.038104491000,1.337482322000,-0.095699330000,-0.097607938000,-0.106089056015,0.139774216572,-0.006555291243,0.005615933788,0.016119154028,0.105178491411,-0.558725215704,0.330987987789,-0.210845362733,-0.414045666441,0.477967054927,-0.207776546830,-0.177881864599,0.754339000947,0.657446564369,0.491040828434,-0.819788322827,-0.493877898399
0.000379145000,-0.284239677000,0.658130271000,0.744456110000,0.016541431000,-0.044072322000,-0.666009844000,-1.404209200000,0.182647533000,0.103179775000,1.305645745000,-0.290911387000,0.102421326000,-1.430321923000,-0.228462483000,-0.037966714000,1.337156644000,-0.095547334000,-0.097394160000,-0.106006206661,0.140136022171,-0.007750344259,0.006753710669,0.015899812784,0.105316183223,-0.557141379037,0.331040562782,-0.209728247079,-0.413963334983,0.478181291577,-0.207825107890,-0.178067066426,0.754441987995,0.656153432922,0.489821680516,-0.819235016106,-0.494058381167
0.000390119000,-0.284252241000,0.658123400000,0.744352360000,0.016961046000,-0.043944130000,-0.666123713000,-1.404942904000,0.182739567000,0.103188478000,1.305327736000,-0.290891912000,0.102069945000,-1.431212573000,-0.228545669000,-0.037921614000,1.336501472000,-0.095097396000,-0.097320979000,-0.105809923128,0.140482359818,-0.008448240065,0.006430481028,0.015095584664,0.104583284172,-0.556581836883,0.331620577376,-0.208620672707,-0.413880464986,0.478395025035,-0.209391659737,-0.177709860383,0.754717365088,0.657737662476,0.488596076627,-0.818574978958,-0.494237611361
0.000390870000,-0.284270132000,0.658111616000,0.744347383000,0.017342240000,-0.043744890000,-0.666132573000,-1.406045751000,0.182888712000,0.103279900000,1.304839220000,-0.290931009000,0.101951789000,-1.431962890000,-0.228650370000,-0.037955633000,1.335562432000,-0.095171624000,-0.097186490000,-0.105542299770,0.140957571172,-0.008471880319,0.005248831585,0.014009088868,0.104508408004,-0.555652546666,0.331167631731,-0.207521656943,-0.413797042527,0.478608350392,-0.211042581664,-0.177828678393,0.753907658583,0.657839755376,0.487368464872,-0.817841081180,-0.494416024155
0.000385364000,-0.284258992000,0.658085412000,0.744332087000,0.017435264000,-0.044036371000,-0.666128031000,-1.406750008000,0.183147154000,0.103447950000,1.304919352000,-0.290660626000,0.101544342000,-1.432611411000,-0.228665842000,-0.037754697000,1.335585025000,-0.095246826000,-0.097224161000,-0.105008295256,0.140658503130,-0.008658205235,0.005976827325,0.013520585563,0.104360670477,-0.555638183842,0.331498446055,-0.206428108143,-0.413712944222,0.478821526383,-0.212473474766,-0.177606917184,0.753423268614,0.659596900379,0.486139473953,-0.817056096333,-0.494594056344
0.000382959000,-0.284226430000,0.658085580000,0.744307768000,0.017156171000,-0.044394214000,-0.666138698000,-1.406108052000,0.183302270000,0.103595256000,1.304152489000,-0.290431929000,0.101427735000,-1.431542800000,-0.228818155000,-0.037610066000,1.334897116000,-0.095247181000,-0.096886993000,-0.104841619053,0.140189662250,-0.008863460644,0.006230022900,0.015698153676,0.104928293320,-0.555902859338,0.331932865243,-0.205339137595,-0.413628483248,0.479034319366,-0.210716648301,-0.178558973644,0.752744509202,0.658721049295,0.484914393310,-0.816236342992,-0.494770456776
0.000375215000,-0.284138241000,0.658109833000,0.744280027000,0.015972821000,-0.045025193000,-0.666156770000,-1.403385785000,0.183309862000,0.103737058000,1.303446603000,-0.289180291000,0.101092540000,-1.428336771000,-0.228925852000,-0.037956865000,1.333376502000,-0.094828875000,-0.096791576000,-0.106736139987,0.138668462656,-0.009330190210,0.010365980132,0.016880313362,0.104698985699,-0.554168806179,0.336331695376,-0.204253531442,-0.413542705360,0.479246277414,-0.207665054879,-0.178080047744,0.753274397680,0.660168773511,0.483696124602,-0.815393538741,-0.494944860038
0.000354963000,-0.284131557000,0.658137045000,0.744405007000,0.015691351000,-0.045078407000,-0.666020198000,-1.402501542000,0.183513913000,0.103746418000,1.302604741000,-0.289050782000,0.101199782000,-1.427258184000,-0.228982926000,-0.037996130000,1.332516911000,-0.094028184000,-0.096260324000,-0.106638416557,0.138626616157,-0.010764755165,0.012485482781,0.018316513254,0.106074840439,-0.553782147744,0.334481303560,-0.203174435155,-0.413456074895,0.479456926332,-0.205816279362,-0.180018763994,0.754178130632,0.657135755352,0.482490715534,-0.814535323124,-0.495115879007
0.000334487000,-0.284080536000,0.658160357000,0.744478156000,0.015239251000,-0.045429812000,-0.665925051000,-1.400399582000,0.183593650000,0.103909531000,1.300665310000,-0.288749199000,0.101796270000,-1.425283799000,-0.229087840000,-0.038013443000,1.330877862000,-0.093375569000,-0.095910309000,-0.105969152020,0.137983430141,-0.011611186763,0.014242660538,0.020571692976,0.107007385266,-0.553911618581,0.333525567568,-0.202105179753,-0.413368701684,0.479665692154,-0.203867204462,-0.182044905986,0.754028874769,0.656338394374,0.481300796632,-0.813666361109,-0.495282580799
0.000325916000,-0.284077529000,0.658187073000,0.744515306000,0.015149680000,-0.045202771000,-0.665901011000,-1.399603578000,0.183648866000,0.104086549000,1.299131488000,-0.287926546000,0.101762243000,-1.424630683000,-0.229108755000,-0.038267714000,1.329855845000,-0.093037097000,-0.095543489000,-0.106430786579,0.138297268969,-0.011514897996,0.016520848037,0.020621237828,0.107059632427,-0.551477130582,0.333048231524,-0.201044316735,-0.413280627159,0.479873455558,-0.202691607448,-0.182162885726,0.753645951100,0.654535665111,0.480124230289,-0.812790986401,-0.495446071193
0.000316710000,-0.284076989000,0.658206754000,0.744582525000,0.015260595000,-0.045059130000,-0.665833052000,-1.398498825000,0.183548156000,0.104212874000,1.297305247000,-0.287650642000,0.102044987000,-1.423736009000,-0.229061902000,-0.038515234000,1.328641021000,-0.092331388000,-0.094998945000,-0.105945082498,0.138887120064,-0.013044354540,0.018783732123,0.021450380882,0.107772250636,-0.551092085990,0.331899924747,-0.199992496334,-0.413192562052,0.480079930666,-0.202059564076,-0.183140189368,0.753269475342,0.653822589361,0.478959790608,-0.811911892721,-0.495606720510
0.000303201000,-0.284038331000,0.658237540000,0.744675754000,0.015186433000,-0.045349770000,-0.665710742000,-1.396207808000,0.183384140000,0.104497350000,1.295208178000,-0.286999002000,0.102204532000,-1.421223823000,-0.229188101000,-0.038767355000,1.326845881000,-0.091596004000,-0.094216506000,-0.105074350569,0.138908513307,-0.013942097240,0.022394288551,0.022764722660,0.107880549345,-0.552095260841,0.332140810717,-0.198952786771,-0.413104077412,0.480283636447,-0.202026307073,-0.183828456177,0.751822906071,0.655502534618,0.477808006012,-0.811030401850,-0.495764641622
0.000296972000,-0.284106169000,0.658259599000,0.744846387000,0.015811442000,-0.044601119000,-0.665555856000,-1.396924801000,0.183315522000,0.104640882000,1.294335370000,-0.286656527000,0.102176210000,-1.422050036000,-0.228988018000,-0.038771298000,1.326616917000,-0.091475153000,-0.094327291000,-0.104760456422,0.140409933076,-0.014315243928,0.024147110827,0.021126275632,0.108213183432,-0.552746365440,0.331518322649,-0.197924593611,-0.413015713920,0.480485152569,-0.203871472394,-0.183499164505,0.751889034713,0.655733218777,0.476667394637,-0.810148784030,-0.495921146238
0.000293355000,-0.284185888000,0.658269452000,0.744995008000,0.016604699000,-0.043687317000,-0.665430793000,-1.397630101000,0.183165769000,0.104779443000,1.293123116000,-0.287048955000,0.102643512000,-1.422876336000,-0.228811206000,-0.038697248000,1.326335384000,-0.091890663000,-0.094765987000,-0.105047054720,0.142323598931,-0.014508137305,0.025878342364,0.020088891392,0.108591680809,-0.554331161391,0.328408663451,-0.196910261935,-0.412928740440,0.480684507436,-0.204358397477,-0.184309071503,0.752025713390,0.653391998821,0.475537846206,-0.809269023831,-0.496076364056
0.000279036000,-0.284165632000,0.658268203000,0.745093091000,0.016646660000,-0.043851416000,-0.665309122000,-1.396815836000,0.183115480000,0.105287885000,1.291834940000,-0.286159668000,0.102134245000,-1.422158091000,-0.228698162000,-0.038871585000,1.326014382000,-0.091845060000,-0.094673902000,-0.104193008834,0.142108187434,-0.015096232064,0.028749836922,0.020161423239,0.108996163531,-0.555785209513,0.329057816479,-0.195906047449,-0.412842657514,0.480881677863,-0.206060831784,-0.184370295259,0.752225430480,0.655046012628,0.474417812619,-0.808391172417,-0.496230692829
0.000270826000,-0.284153159000,0.658269025000,0.745120240000,0.016606634000,-0.043768143000,-0.665285200000,-1.396377611000,0.183080783000,0.105621030000,1.290169561000,-0.285513294000,0.102218122000,-1.421830540000,-0.228517894000,-0.038992253000,1.325285665000,-0.091605530000,-0.094411900000,-0.104363153383,0.142376852170,-0.014712785080,0.030848378180,0.020652686361,0.109198284755,-0.555856763292,0.329341129705,-0.194908989521,-0.412757864566,0.481077624328,-0.205337959491,-0.184499323400,0.752592733618,0.654406029541,0.473306867785,-0.807516389579,-0.496384075547
0.000269028000,-0.284137857000,0.658281448000,0.745093538000,0.016759339000,-0.043982105000,-0.665297166000,-1.395891006000,0.182999640000,0.105995214000,1.288299974000,-0.284697545000,0.102324061000,-1.421054254000,-0.228571383000,-0.039350754000,1.324303814000,-0.090847724000,-0.093946435000,-0.103963850633,0.142351231553,-0.014882317470,0.032313214258,0.021634705454,0.109709265930,-0.556473647103,0.329353467394,-0.193918738627,-0.412674122546,0.481272241747,-0.205574627672,-0.185160984599,0.752752895429,0.654326882529,0.472205408829,-0.806644682393,-0.496536375951
0.000275685000,-0.284132458000,0.658284594000,0.745073187000,0.016707646000,-0.043970685000,-0.665322012000,-1.395831791000,0.183077704000,0.106137304000,1.287546799000,-0.283752435000,0.102228003000,-1.420632716000,-0.228682789000,-0.039653309000,1.324162233000,-0.090539398000,-0.093639018000,-0.104106050499,0.142583142689,-0.014279140946,0.034430993794,0.022257730507,0.109918569426,-0.557321132030,0.330360911417,-0.192935137418,-0.412591213728,0.481465722395,-0.205893679942,-0.184574551542,0.752709983138,0.655711464152,0.471112226877,-0.805776447895,-0.496688164357
0.000283108000,-0.284162594000,0.658285896000,0.745054071000,0.017064115000,-0.043633766000,-0.665356552000,-1.396566111000,0.183301058000,0.106190832000,1.287806912000,-0.283330152000,0.101979410000,-1.421282870000,-0.228884193000,-0.039893544000,1.325331101000,-0.090347304000,-0.093721274000,-0.104165516131,0.143338210352,-0.014948357358,0.036699350882,0.021571037476,0.110068779995,-0.558597318683,0.329306559776,-0.191962032246,-0.412508907384,0.481657387771,-0.207484354103,-0.184267196834,0.752240295121,0.656368974780,0.470027453957,-0.804911737867,-0.496839567589
0.000301517000,-0.284178069000,0.658275280000,0.745004016000,0.017113115000,-0.043215951000,-0.665438606000,-1.396851917000,0.183508538000,0.106191735000,1.288258996000,-0.283253495000,0.101943630000,-1.421435290000,-0.229190173000,-0.040178229000,1.326131649000,-0.090290360000,-0.093950639000,-0.104481672501,0.144181519618,-0.017095502663,0.040148423388,0.021280708453,0.110360988540,-0.559469509250,0.326784910747,-0.191005435008,-0.412427193068,0.481846119535,-0.207796827993,-0.184125049533,0.750406790400,0.654599839554,0.468952934173,-0.804050765660,-0.496990155569
0.000334599000,-0.284177962000,0.658263674000,0.744887432000,0.016628693000,-0.042601046000,-0.665621026000,-1.397062019000,0.183501560000,0.105916422000,1.289061922000,-0.283584927000,0.102324356000,-1.421840798000,-0.229480123000,-0.040544138000,1.327331007000,-0.090367892000,-0.094563965000,-0.105546760673,0.144384180543,-0.018826266719,0.042801889541,0.020951401968,0.111016841107,-0.557748618851,0.324294477389,-0.190067895479,-0.412346488529,0.482031887406,-0.206604249084,-0.183642065149,0.748237962245,0.651288214449,0.467889589509,-0.803194520844,-0.497139463429
0.000370519000,-0.284162774000,0.658248384000,0.744734125000,0.016076621000,-0.042420085000,-0.665817665000,-1.396480313000,0.183725884000,0.105685725000,1.289960078000,-0.283323912000,0.102015009000,-1.422350975000,-0.229553855000,-0.040715041000,1.329196387000,-0.090063046000,-0.093146002000,-0.105986989922,0.144258306545,-0.020228655767,0.045632692696,0.022667356910,0.111772449379,-0.557927847063,0.325951712673,-0.189144208719,-0.412266854145,0.482215362825,-0.204805853654,-0.183489718253,0.747850510580,0.651289377152,0.466836353893,-0.802343163696,-0.497287941084
0.000413099000,-0.284178946000,0.658238184000,0.744609021000,0.015722217000,-0.041856931000,-0.666001663000,-1.396872927000,0.183950189000,0.105421613000,1.290970802000,-0.283424251000,0.101850313000,-1.424075300000,-0.229559685000,-0.040551402000,1.331375099000,-0.090077649000,-0.093328366000,-0.106986765734,0.144302638877,-0.019460470831,0.046027924912,0.021882737331,0.111152110021,-0.557302337472,0.328116433578,-0.188230302187,-0.412187697934,0.482397814548,-0.204600292306,-0.182508857399,0.747482485783,0.652551686733,0.465791074810,-0.801496676707,-0.497436801510
0.000461946000,-0.284158879000,0.658225580000,0.744418209000,0.015172845000,-0.041733898000,-0.666235391000,-1.396050089000,0.184224680000,0.105195885000,1.291893321000,-0.284175415000,0.102397758000,-1.424865938000,-0.229806609000,-0.040516962000,1.333498831000,-0.090192192000,-0.093038323000,-0.107982985267,0.143938591174,-0.019829969181,0.047107429442,0.022524789538,0.111189636731,-0.556323986550,0.329205113281,-0.187323140488,-0.412109090848,0.482580115336,-0.203210278070,-0.182217257887,0.746457496487,0.650521214734,0.464755958073,-0.800654434452,-0.497585343001
0.000517519000,-0.284170423000,0.658210558000,0.744269723000,0.014775326000,-0.041310648000,-0.666436568000,-1.395785063000,0.184491936000,0.104948848000,1.292116885000,-0.284809428000,0.102970642000,-1.426591409000,-0.229689156000,-0.040274914000,1.336536681000,-0.090335901000,-0.093208817000,-0.107702732191,0.144080987090,-0.020766839194,0.048762884010,0.022669166850,0.111552059812,-0.555781202031,0.328381761235,-0.186424761350,-0.412030219957,0.482762379783,-0.203023616756,-0.182198955893,0.745509466715,0.648533933951,0.463733709443,-0.799815329544,-0.497733048340
0.000564277000,-0.284205330000,0.658193607000,0.744142333000,0.014421138000,-0.040847893000,-0.666615083000,-1.395785586000,0.184693448000,0.104599899000,1.293289193000,-0.285934405000,0.103735506000,-1.429000590000,-0.229378961000,-0.039754495000,1.341036079000,-0.090906922000,-0.093543478000,-0.108305686111,0.144073841049,-0.020190064083,0.049056260574,0.021964460608,0.111852151861,-0.556415023088,0.327101287334,-0.185535147825,-0.411951010496,0.482945002443,-0.202952423177,-0.182012413001,0.745787116924,0.647277100566,0.462723438155,-0.798979172845,-0.497879999371
0.000598757000,-0.284216528000,0.658167242000,0.744042651000,0.013643867000,-0.040722873000,-0.666750348000,-1.394998982000,0.184834865000,0.104425172000,1.294000536000,-0.286484277000,0.104388554000,-1.430848068000,-0.228935812000,-0.039218115000,1.346015292000,-0.091942136000,-0.093383923000,-0.109222844450,0.143572336639,-0.017946542241,0.050273681025,0.021941494663,0.111968312947,-0.556471324165,0.329487168441,-0.184648753863,-0.411871488430,0.483128690593,-0.201998524037,-0.181452797891,0.746447132076,0.647978444332,0.461721944175,-0.798146345244,-0.498026444047
0.000612182000,-0.284270111000,0.658166999000,0.744058674000,0.013141342000,-0.040388498000,-0.666762899000,-1.394192345000,0.185033144000,0.104307683000,1.294337454000,-0.286890642000,0.104263548000,-1.432767723000,-0.228386944000,-0.038534133000,1.351371199000,-0.093104469000,-0.093979821000,-0.110425366479,0.143431679122,-0.017647443569,0.051166493399,0.019369174422,0.111271499638,-0.556206609287,0.333127993344,-0.183764164197,-0.411790132042,0.483313385697,-0.202779555261,-0.180466670577,0.745816377618,0.648651218296,0.461190059112,-0.800235156618,-0.498176578483
0.000608150000,-0.284365365000,0.658157223000,0.744161326000,0.013076811000,-0.039836770000,-0.666682795000,-1.394277165000,0.185380312000,0.104262767000,1.294725307000,-0.288294990000,0.104651461000,-1.436488678000,-0.227844846000,-0.037539940000,1.358949399000,-0.094277321000,-0.094848942000,-0.111445216120,0.143713077681,-0.018238527224,0.052038796110,0.016898793458,0.111726240624,-0.557983877838,0.333791709901,-0.182884160795,-0.411707047826,0.483498387693,-0.204683682071,-0.180499772756,0.745791212828,0.648113061659,0.461251077281,-0.806180542729,-0.498329409757
0.000578119000,-0.284417002000,0.658114936000,0.744320453000,0.012505005000,-0.040027865000,-0.666504657000,-1.393540753000,0.186021942000,0.104507807000,1.295947392000,-0.288971386000,0.104270158000,-1.440287607000,-0.227254053000,-0.036311722000,1.369409561000,-0.096039428000,-0.095467767000,-0.112608883900,0.142885389762,-0.018385624253,0.055350349403,0.015895143452,0.112950663085,-0.561282800481,0.334936751321,-0.182007972936,-0.411622936600,0.483683067766,-0.205768700056,-0.180971952275,0.747252129830,0.648167571545,0.461905449448,-0.816067246449,-0.498484158677
0.000535153000,-0.284454765000,0.658086503000,0.744512010000,0.011816289000,-0.040456793000,-0.666277338000,-1.392071438000,0.186622052000,0.104676845000,1.296465940000,-0.289428871000,0.103894260000,-1.443200776000,-0.226751798000,-0.035079679000,1.379735175000,-0.097440059000,-0.095721754000,-0.113443615812,0.141906318482,-0.018247258437,0.059359388954,0.016174200545,0.113631105788,-0.564070659978,0.335686806420,-0.181136825167,-0.411537914335,0.483866857853,-0.205385856454,-0.182227727257,0.747230497365,0.649061994869,0.463301715080,-0.829936425648,-0.498655753074
0.000493204000,-0.284560124000,0.658077583000,0.744701612000,0.011724544000,-0.040309025000,-0.666075991000,-1.391622240000,0.187237969000,0.104775970000,1.296517565000,-0.290126750000,0.103150100000,-1.447379513000,-0.226264771000,-0.033985262000,1.391013881000,-0.099508925000,-0.096564853000,-0.114048823318,0.141892839181,-0.018952979280,0.061515778005,0.015201764012,0.113375500676,-0.566526822856,0.334648254921,-0.180274331754,-0.411452236294,0.484049738625,-0.208040837584,-0.182127345771,0.746309595122,0.651964433463,0.465205173324,-0.846602287631,-0.498840707326
0.000446324000,-0.284626047000,0.658059824000,0.744850359000,0.011123836000,-0.040503131000,-0.665908176000,-1.390360713000,0.187821301000,0.104931004000,1.296459846000,-0.290393328000,0.102470496000,-1.450397527000,-0.225863608000,-0.032694759000,1.402752603000,-0.101669654000,-0.097549819000,-0.115377996739,0.141015775160,-0.019441716943,0.065426652128,0.015892754505,0.112590662930,-0.567199556544,0.335379975679,-0.179420544879,-0.411366091547,0.484231791600,-0.207485819988,-0.181388527601,0.745932327923,0.653451874597,0.467246272092,-0.864707857377,-0.499019997029
0.000385905000,-0.284665951000,0.658050473000,0.744954188000,0.010631379000,-0.041421490000,-0.665743563000,-1.389063059000,0.188191432000,0.105083474000,1.296755860000,-0.290386721000,0.101113183000,-1.451835194000,-0.225551767000,-0.031569872000,1.413038659000,-0.103683562000,-0.098189376000,-0.115995360544,0.139459644128,-0.019120359229,0.066547054372,0.014953824860,0.110948920414,-0.567185959830,0.339606788207,-0.178573706268,-0.411277499018,0.484412457786,-0.209252962362,-0.180363028387,0.745741612756,0.660444509051,0.469326774103,-0.883086799811,-0.499203811389
0.000310530000,-0.284713133000,0.658072991000,0.745090362000,0.010623655000,-0.042106443000,-0.665548299000,-1.387623048000,0.188443444000,0.105427888000,1.295945746000,-0.290452576000,0.099656279000,-1.451778530000,-0.225248048000,-0.030565318000,1.421137151000,-0.106714842000,-0.098982625000,-0.116324505076,0.138790241597,-0.015098350916,0.069704592466,0.014154894540,0.108983362774,-0.568080828834,0.342940979565,-0.177732132688,-0.411186004997,0.484591689328,-0.209740026492,-0.179242809654,0.745070395649,0.666569477613,0.471401047380,-0.901348982993,-0.499395664792
0.000234393000,-0.284752338000,0.658101325000,0.745201256000,0.010645116000,-0.042734656000,-0.665383738000,-1.386700547000,0.188599302000,0.105533159000,1.295736947000,-0.291018091000,0.098437040000,-1.450407996000,-0.225073048000,-0.029948994000,1.426892834000,-0.109703672000,-0.099832974000,-0.116991014465,0.138290141817,-0.010355625997,0.070418970213,0.013296232452,0.107741322369,-0.569700808974,0.342999275787,-0.176896466167,-0.411091295183,0.484769149994,-0.209338336043,-0.179296850178,0.745521495902,0.671567596656,0.472906265441,-0.915890619776,-0.499575380323
0.000144914000,-0.284823869000,0.658136270000,0.745391026000,0.011293212000,-0.043180042000,-0.665131690000,-1.386809841000,0.188956784000,0.106081420000,1.294910571000,-0.290674687000,0.097088300000,-1.449628676000,-0.224723163000,-0.029381018000,1.431923994000,-0.113512366000,-0.101188276000,-0.115989474875,0.138423768800,-0.004684497179,0.071375928564,0.011168684808,0.106570039904,-0.571677586044,0.345011762755,-0.176063561819,-0.410993404886,0.484945276823,-0.210787690982,-0.179402643055,0.746476358412,0.676431983454,0.473960304462,-0.927533415994,-0.499739657631
0.000056076000,-0.284805555000,0.658166843000,0.745542913000,0.011017216000,-0.044163911000,-0.664901448000,-1.385705489000,0.188990052000,0.106374247000,1.294485014000,-0.290258274000,0.096281670000,-1.446056633000,-0.224897247000,-0.029346068000,1.434757496000,-0.117454018000,-0.101731367000,-0.115600742839,0.137069275497,0.003628055967,0.071655508893,0.010772633102,0.105441867370,-0.571920454935,0.348121460984,-0.175232816085,-0.410891740847,0.485119581650,-0.209943810355,-0.179409599410,0.747823202938,0.682461957938,0.474384468977,-0.935396693367,-0.499892616300
-0.000039977000,-0.284847023000,0.658218430000,0.745837454000,0.011748761000,-0.044442144000,-0.664539957000,-1.385805018000,0.188990980000,0.106894082000,1.292655883000,-0.290123755000,0.095593949000,-1.443431078000,-0.224923720000,-0.029630691000,1.435777779000,-0.120808683000,-0.101964383000,-0.114004992680,0.137561720669,0.013998992561,0.069168814599,0.012630720147,0.104440003755,-0.573115856400,0.342738102211,-0.174409366834,-0.410789095959,0.485291274115,-0.206578308182,-0.182181887246,0.745209799226,0.680244232866,0.474344899331,-0.940472622897,-0.500036397834
-0.000133086000,-0.284842982000,0.658243448000,0.746159255000,0.012324141000,-0.045008839000,-0.664130022000,-1.386588737000,0.189072029000,0.107607522000,1.291444755000,-0.288956491000,0.095015686000,-1.440873754000,-0.225253067000,-0.029926971000,1.435712428000,-0.123729229000,-0.102280233000,-0.112883350276,0.137130707514,0.025711355248,0.065033195105,0.012264172103,0.102892335621,-0.574066399606,0.341836074966,-0.173592412394,-0.410685438548,0.485460020234,-0.205567412962,-0.183422458675,0.742597227916,0.678952260192,0.473982957991,-0.943593490151,-0.500172355522
-0.000227173000,-0.284844200000,0.658252026000,0.746565049000,0.012877668000,-0.045532455000,-0.663627598000,-1.387878424000,0.188976730000,0.107951936000,1.292310665000,-0.288941227000,0.095890949000,-1.438474383000,-0.225665410000,-0.030119835000,1.435271325000,-0.127151495000,-0.102253457000,-0.111769454429,0.136940464170,0.040685919014,0.060384529220,0.012160069836,0.101608681318,-0.575353542168,0.340010326293,-0.172781156395,-0.410581715801,0.485626205697,-0.203187139730,-0.184647523339,0.742093629889,0.677533884335,0.473396663065,-0.945344544199,-0.500301702612
-0.000313417000,-0.284874206000,0.658258867000,0.746980847000,0.013610472000,-0.045859631000,-0.663122360000,-1.390409946000,0.188922063000,0.108380463000,1.293059332000,-0.288968293000,0.095682063000,-1.436828682000,-0.226359344000,-0.030138653000,1.434899336000,-0.130156914000,-0.102195522000,-0.111306666775,0.136923472840,0.055090152279,0.053240065122,0.012310335735,0.100445566365,-0.577864787196,0.337174406867,-0.171972726710,-0.410479443897,0.485790334203,-0.202074691196,-0.186041200911,0.743029388722,0.676318357957,0.472653608832,-0.946136597315,-0.500425377273
-0.000386711000,-0.284903975000,0.658262942000,0.747404617000,0.014544527000,-0.046352059000,-0.662590584000,-1.393129096000,0.188715715000,0.108553229000,1.294909735000,-0.288691095000,0.095535556000,-1.435155955000,-0.227053598000,-0.029968497000,1.434980325000,-0.133299199000,-0.102041040000,-0.110853327006,0.136847015250,0.070724267081,0.047851055118,0.012015816154,0.098950196302,-0.579371732534,0.334126855517,-0.171165162841,-0.410379337020,0.485952795263,-0.202232610813,-0.187109452709,0.743149634640,0.676101179200,0.471798883022,-0.946257676850,-0.500545084949
-0.000432419000,-0.284960441000,0.658274963000,0.747819785000,0.015743880000,-0.046255134000,-0.662101323000,-1.396101514000,0.188336419000,0.108623114000,1.296157410000,-0.288800422000,0.096057864000,-1.434413405000,-0.227799262000,-0.029856139000,1.433659304000,-0.135292198000,-0.101646188000,-0.110719535761,0.137655705821,0.084927618993,0.042756165694,0.010534568979,0.098652710794,-0.580148518772,0.333037611024,-0.168698425392,-0.410282394524,0.486114060888,-0.201901475820,-0.187900082016,0.744176755253,0.673087941560,0.470865655044,-0.945910337516,-0.500661918094
-0.000458891000,-0.285010307000,0.658266824000,0.748105783000,0.017210809000,-0.046637496000,-0.661714795000,-1.399020671000,0.187904504000,0.108878272000,1.297568883000,-0.288852465000,0.095980854000,-1.434155224000,-0.228606704000,-0.029294089000,1.433644865000,-0.136768505000,-0.101099916000,-0.110420728014,0.138456728614,0.099070120613,0.042110923911,0.010292349017,0.098738793126,-0.580659131125,0.332611408571,-0.162521629924,-0.410190001822,0.486274471730,-0.201445754393,-0.190185045651,0.744959502555,0.669866217265,0.469878176758,-0.945236797076,-0.500776637994
-0.000444107000,-0.285049227000,0.658239842000,0.748269793000,0.018439566000,-0.046894009000,-0.661478081000,-1.402132655000,0.187270027000,0.109145838000,1.298810102000,-0.288902401000,0.096836911000,-1.434201005000,-0.229639238000,-0.028779775000,1.434209287000,-0.138592974000,-0.099377789000,-0.110023834782,0.139487224950,0.112694239380,0.043593084175,0.011034830550,0.100545386776,-0.583472637986,0.329491107516,-0.152121700935,-0.410103741529,0.486435067923,-0.200638664815,-0.193199644185,0.748364138248,0.663896523349,0.468856320017,-0.944337083891,-0.500889207960
-0.000400828000,-0.285158952000,0.658194031000,0.748411258000,0.020624000000,-0.046589322000,-0.661275037000,-1.407917350000,0.186527039000,0.109503358000,1.301159274000,-0.289236160000,0.097603997000,-1.436453548000,-0.230383098000,-0.027561603000,1.435303137000,-0.140869954000,-0.099006207000,-0.109742672880,0.141969154873,0.124597134194,0.042937050864,0.009983324384,0.102000277840,-0.585654520595,0.327156764559,-0.134367645406,-0.410024546617,0.486596511186,-0.201634393262,-0.197488584111,0.750717536395,0.656041413726,0.467816340747,-0.943281689174,-0.501000096319
-0.000329232000,-0.285324815000,0.658111899000,0.748544761000,0.023081641000,-0.045402497000,-0.661125246000,-1.416458772000,0.185702429000,0.110369066000,1.304393595000,-0.290250889000,0.099092272000,-1.441340723000,-0.230952323000,-0.025891514000,1.438120085000,-0.143565324000,-0.097938021000,-0.109663283040,0.145124087881,0.133029313149,0.036699481154,0.009979612643,0.103904742198,-0.587707413853,0.322537835933,-0.106620088031,-0.409955724155,0.486761030264,-0.199543303188,-0.202076773875,0.756475918471,0.639329197073,0.466772749062,-0.942122200711,-0.501108238379
-0.000230218000,-0.285594199000,0.657974018000,0.748659482000,0.026464254000,-0.043710242000,-0.660982631000,-1.428482102000,0.184941468000,0.110926495000,1.310965896000,-0.293411507000,0.101734654000,-1.449638431000,-0.231353801000,-0.023568718000,1.443057351000,-0.146522013000,-0.095563403000,-0.109497595715,0.149941172639,0.142596629558,0.026916064523,0.011295813795,0.108520246991,-0.594335329490,0.313606940780,-0.068170787054,-0.409900969869,0.486930126491,-0.197006315836,-0.211327901329,0.763563240185,0.620146347461,0.465735963305,-0.940894813562,-0.501213517855
-0.000074272000,-0.285959193000,0.657793492000,0.748812640000,0.030247532000,-0.040847261000,-0.660829947000,-1.444725294000,0.184447796000,0.111895483000,1.320144549000,-0.297803002000,0.105025648000,-1.461548178000,-0.232610428000,-0.021258781000,1.450445034000,-0.149188966000,-0.090121049000,-0.106947625156,0.155901425333,0.147292945555,0.017666588136,0.013711084517,0.118670851125,-0.604734663402,0.295052157768,-0.015449502286,-0.409864993962,0.487104796046,-0.194641905855,-0.223635111084,0.774675336280,0.591385679686,0.464716137339,-0.939625022129,-0.501314539216
0.000094307000,-0.286419884000,0.657595864000,0.749014401000,0.035087012000,-0.037676953000,-0.660550359000,-1.462930244000,0.184714352000,0.113782868000,1.329830511000,-0.303076488000,0.107661876000,-1.475941811000,-0.233999546000,-0.018610343000,1.459112274000,-0.153186192000,-0.080030597000,-0.103744405634,0.163247960187,0.162531347474,0.007950222197,0.017645840192,0.132233264868,-0.626933277879,0.272345541966,0.054622896019,-0.409855602769,0.487286960221,-0.190976405883,-0.240493091830,0.793758164119,0.560103876174,0.463713199212,-0.938334034869,-0.501412018674
0.000302950000,-0.287182257000,0.657354904000,0.749320789000,0.041953348000,-0.031874250000,-0.660107797000,-1.490219865000,0.186073256000,0.116573665000,1.342523327000,-0.310835178000,0.108993320000,-1.500311453000,-0.235236191000,-0.014943068000,1.473586894000,-0.158993035000,-0.069451863000,-0.103196011511,0.174298604103,0.181452907566,-0.006959746756,0.013021092896,0.153713407784,-0.657351747239,0.243243345802,0.140704964860,-0.409881601180,0.487480306349,-0.198093214988,-0.265765631169,0.822109522039,0.520884390676,0.462726871693,-0.937037892519,-0.501509799077
0.000598000000,-0.288356406000,0.657062881000,0.749738135000,0.051268604000,-0.021639862000,-0.659390609000,-1.530470089000,0.187862426000,0.120380575000,1.354617318000,-0.319550511000,0.109468242000,-1.537251706000,-0.236374922000,-0.010892452000,1.490870314000,-0.166603377000,-0.055774751000,-0.100461883978,0.190069769524,0.207119678489,-0.032022059108,0.001181711394,0.178877945273,-0.688676083041,0.209532203313,0.240704964860,-0.409958530362,0.487694168141,-0.209121089666,-0.293797352491,0.853724626098,0.463308097940,0.461742691342,-0.939207281256,-0.501625380984
0.000847147000,-0.289621602000,0.657356941000,0.749378882000,0.058207373000,-0.012268471000,-0.659463932000,-1.576673588000,0.189708817000,0.125688486000,1.364372299000,-0.327964047000,0.112225960000,-1.578834882000,-0.237856715000,-0.007130125000,1.507751726000,-0.175751506000,-0.037941549000,-0.096493156106,0.205454396183,0.240548603267,-0.060441861323,-0.004954791910,0.204696973833,-0.714773948604,0.174066953490,0.339805588079,-0.410106889577,0.487942149744,-0.215509596936,-0.327780917799,0.884295995890,0.391805400018,0.457920308587,-0.957641025034,-0.501750680895
0.001417668000,-0.291366280000,0.657169932000,0.749265828000,0.067399594000,0.001728475000,-0.658828526000,-1.631002899000,0.191600725000,0.130773666000,1.372304896000,-0.334713450000,0.113631172000,-1.626200028000,-0.238473170000,-0.004148299000,1.520323066000,-0.187349534000,-0.023989109000,-0.092011343226,0.220492199203,0.265678546942,-0.096005363658,-0.013506565021,0.223967183967,-0.723109167693,0.147684985205,0.439805588079,-0.410344741916,0.488243320349,-0.216716217338,-0.354436141225,0.903249243106,0.322415906236,0.440671383672,-1.014627428292,-0.501697978261
0.002310826000,-0.293898895000,0.657256818000,0.749042775000,0.076817234000,0.016086080000,-0.657856574000,-1.687520489000,0.192658792000,0.135878733000,1.374145163000,-0.338748009000,0.112831008000,-1.673918814000,-0.238310370000,-0.000567481000,1.529006223000,-0.200198691000,-0.016387025000,-0.086443230607,0.231382906983,0.279694587303,-0.137952975331,-0.020949119435,0.240973178614,-0.700489421895,0.101655950959,0.539805588078,-0.410676074686,0.488610775803,-0.227298461879,-0.369008192241,0.912320153438,0.275694661827,0.415897533284,-1.103816279629,-0.502258154480
0.003687998000,-0.297586752000,0.657871530000,0.748961335000,0.083525958000,0.026691358000,-0.656786042000,-1.729724140000,0.192586679000,0.140128666000,1.376342336000,-0.341702444000,0.112739667000,-1.704206188000,-0.238930238000,0.003309721000,1.534347630000,-0.213280335000,-0.014053285000,-0.081383222676,0.233840286937,0.286709984212,-0.166932793722,-0.002710532835,0.254467526466,-0.653873480608,0.032932917914,0.639805526001,-0.433124364925,0.489013766234,-0.214648566754,-0.385191634096,0.896893929502,0.233326478228,0.410783785592,-1.165105869057,-0.502762358436
0.005422974000,-0.302977715000,0.659307285000,0.749304695000,0.088971825000,0.038747176000,-0.655076442000,-1.760426022000,0.192513735000,0.142275323000,1.377826455000,-0.345060881000,0.111064816000,-1.721869552000,-0.240141276000,0.005830792000,1.535052542000,-0.228347775000,-0.015792404000,-0.077650565974,0.234245857778,0.285204866919,-0.183992625825,0.012032991486,0.256409392151,-0.618223107202,-0.014134557696,0.739805525319,-0.456533884343,0.489521272712,-0.201327358398,-0.392034512358,0.877564573223,0.208928009993,0.410803971765,-1.209122335395,-0.503244760119
0.007137803000,-0.308784357000,0.661186036000,0.750274943000,0.090556341000,0.046639488000,-0.653231825000,-1.774604542000,0.189888104000,0.141475197000,1.381800273000,-0.347708567000,0.111008319000,-1.720994247000,-0.241534948000,0.008018842000,1.535709427000,-0.244937058000,-0.023619499000,-0.072237950868,0.225881869755,0.290319581125,-0.184786973535,0.028719916822,0.241591129205,-0.586273149888,-0.029004025964,0.839805525319,-0.480496586187,0.490091720193,-0.187852776568,-0.386319586780,0.847796885043,0.222137389304,0.432144593146,-1.237603372003,-0.503723895431
0.008622349000,-0.314088552000,0.663140151000,0.751573249000,0.090394836000,0.053126739000,-0.651263368000,-1.780954909000,0.185746042000,0.138779675000,1.386729046000,-0.352220449000,0.111997387000,-1.710612113000,-0.242979304000,0.009426938000,1.533621243000,-0.263060234000,-0.034406826000,-0.067362341934,0.216653714270,0.288462671323,-0.184782870900,0.031231274290,0.221451211377,-0.561091972937,-0.028792070118,0.939774619821,-0.497338551853,0.490689854138,-0.191420431796,-0.370655808953,0.805861554983,0.257742218663,0.480789606277,-1.255383217010,-0.504206752718
0.009685822000,-0.317754832000,0.664694229000,0.753252155000,0.085696096000,0.053711277000,-0.649909585000,-1.774050761000,0.180912860000,0.134912382000,1.393968940000,-0.355723227000,0.114155309000,-1.688896820000,-0.244662338000,0.010558850000,1.535111876000,-0.281597485000,-0.043851105000,-0.062236598097,0.201738525437,0.291737853480,-0.185943643133,0.038732521181,0.201420794447,-0.544820554427,-0.005952275440,1.012490494136,-0.519377454519,0.491332088589,-0.199705416057,-0.349045769880,0.763247614792,0.323898091501,0.560919521335,-1.263741032861,-0.504691394538
0.010480159000,-0.320020811000,0.666172934000,0.755276000000,0.078104281000,0.051470638000,-0.648697663000,-1.753463319000,0.175189782000,0.130646156000,1.397083708000,-0.359370251000,0.116479231000,-1.653770214000,-0.245361546000,0.010546990000,1.528809127000,-0.300403874000,-0.055007361000,-0.059604870782,0.186527538632,0.285343092690,-0.182271940090,0.036925938163,0.177527614459,-0.529459536691,0.036473220428,1.026384198675,-0.534784253716,0.491965247660,-0.212451961872,-0.319441836281,0.730251782966,0.413898091500,0.652617782283,-1.266702244417,-0.505172605683
0.011081923000,-0.321141176000,0.667968983000,0.757711640000,0.068353682000,0.045116789000,-0.647429780000,-1.711522769000,0.168782347000,0.128620691000,1.387888894000,-0.363121076000,0.120036324000,-1.598356962000,-0.246128501000,0.006832916000,1.507163153000,-0.315562501000,-0.060099928000,-0.058191964307,0.169454777240,0.284446032995,-0.176475837575,0.042411031199,0.156737519847,-0.532483046947,0.105228464921,0.975656187475,-0.545511114618,0.492580781205,-0.223834899560,-0.292282210034,0.752787795166,0.503898091500,0.715676151342,-1.268040841075,-0.505643502629
0.011863847000,-0.322450348000,0.670728463000,0.760361077000,0.059217113000,0.039826101000,-0.645568158000,-1.665640169000,0.160657061000,0.127984933000,1.368821689000,-0.362932309000,0.123019820000,-1.534359187000,-0.245574254000,0.000803947000,1.474287605000,-0.331440690000,-0.066841944000,-0.054984278050,0.153988537295,0.283954880349,-0.177625409449,0.028925791556,0.131698591466,-0.544796327395,0.183100564293,0.875656209486,-0.552780711479,0.493173918878,-0.251535307084,-0.271265348971,0.747463339038,0.593898091500,0.758621877242,-1.268224171960,-0.506102687957
0.013020845000,-0.324535118000,0.675344495000,0.763151813000,0.051514952000,0.034189894000,-0.643254670000,-1.607447655000,0.151629600000,0.130255515000,1.339823989000,-0.364815729000,0.128529472000,-1.461894574000,-0.244395995000,-0.007196492000,1.429844461000,-0.343080005000,-0.068372147000,-0.052313858937,0.139643931692,0.277799953199,-0.180201257726,0.020075046339,0.107830876766,-0.545068556151,0.268851222846,0.787685833691,-0.557752486415,0.493738678248,-0.263578293097,-0.248913985172,0.718522986106,0.683898091500,0.787444986490,-1.267585076445,-0.506548708730
0.015144432000,-0.328610811000,0.682602288000,0.765884125000,0.046557017000,0.033313496000,-0.640424985000,-1.539251663000,0.142195802000,0.135881240000,1.295076307000,-0.367066290000,0.130367665000,-1.375788195000,-0.243075536000,-0.019842530000,1.365790579000,-0.351229661000,-0.066353127000,-0.052872358561,0.125962298447,0.272534944294,-0.182132002961,0.012044600833,0.094529659064,-0.533453056348,0.354144264208,0.704794023138,-0.561096504404,0.494272184431,-0.264870657772,-0.225429916370,0.695440875085,0.773898091500,0.806355333389,-1.266358023702,-0.506978710055
0.018766997000,-0.335548260000,0.696813406000,0.768943181000,0.037485398000,0.028094836000,-0.637598549000,-1.454481174000,0.130934926000,0.142026824000,1.240214429000,-0.368610803000,0.138118718000,-1.280326127000,-0.240086461000,-0.033510207000,1.296423918000,-0.352832468000,-0.063879015000,-0.055333446155,0.106553688923,0.270601743417,-0.188558550748,0.010533606596,0.086450540683,-0.498896619947,0.440928943966,0.635449455851,-0.578046303411,0.494755932997,-0.255894303991,-0.214259976780,0.670004992244,0.863898091500,0.818333449837,-1.264707734988,-0.507386178321
0.024927496000,-0.346649804000,0.721041889000,0.771666315000,0.030516684000,0.022100719000,-0.634910536000,-1.341165085000,0.119320462000,0.152917917000,1.160682343000,-0.374092264000,0.146208957000,-1.158492756000,-0.235722217000,-0.051788158000,1.205516577000,-0.353289109000,-0.056315497000,-0.056399459047,0.087686479552,0.259358480245,-0.175369330673,0.025511852029,0.077766349938,-0.467937249100,0.508918870746,0.585687698207,-0.589701187602,0.495202533385,-0.231189832897,-0.207706090027,0.640603669288,0.953898091500,0.825494275557,-1.262745099373,-0.507761713284
0.033723585000,-0.363468196000,0.751691051000,0.772836485000,0.029219274000,0.024226480000,-0.633469083000,-1.221239385000,0.107471999000,0.161870522000,1.087773600000,-0.378939894000,0.156595890000,-1.042203599000,-0.231571841000,-0.068135291000,1.129404813000,-0.343545373000,-0.046740644000,-0.052408972557,0.066258217864,0.228595380427,-0.163287931894,0.049388091003,0.080946120738,-0.429834993388,0.537398860712,0.549637178321,-0.597627283572,0.495603098036,-0.206250556613,-0.207532848049,0.607689671157,1.043898091500,0.829348438901,-1.260548988502,-0.508093285821
0.044725011000,-0.386355166000,0.784345704000,0.772745054000,0.033672282000,0.032283052000,-0.633000050000,-1.069272143000,0.095275384000,0.172819250000,0.996348238000,-0.386446904000,0.166045610000,-0.883387930000,-0.225705490000,-0.090871267000,1.027015623000,-0.331510851000,-0.031466767000,-0.042823397498,0.041868486755,0.191268932472,-0.129699543973,0.093645505977,0.089117222241,-0.385174856281,0.555540085944,0.523149714224,-0.602919544411,0.495942695054,-0.163474571394,-0.215140682592,0.568025561043,1.133898091500,0.830972084652,-1.258171973671,-0.508368627302
0.056020737000,-0.414873362000,0.813430844000,0.772611154000,0.045291402000,0.036334177000,-0.632218728000,-0.879720027000,0.083657559000,0.189893556000,0.891241423000,-0.393496500000,0.175972617000,-0.733119418000,-0.222242644000,-0.104994118000,0.953947430000,-0.305321523000,-0.007670214000,-0.032567744883,0.016272060145,0.161136209999,-0.082714319885,0.158750247512,0.097679154547,-0.354130179596,0.573432129995,0.503280812780,-0.606346154691,0.496201908731,-0.109428847328,-0.231372714519,0.531001647076,1.223898091500,0.831136373746,-1.255649550932,-0.508572565773
0.066163707000,-0.445980462000,0.835737271000,0.773686255000,0.054572251000,0.040370885000,-0.629921932000,-0.689633026000,0.074068929000,0.209460393000,0.783169566000,-0.398664573000,0.177517583000,-0.572026631000,-0.217098003000,-0.119193110000,0.869220297000,-0.278129516000,0.008357236000,-0.023937424484,-0.009791275284,0.136986110891,-0.046154913427,0.227739623157,0.132032971289,-0.264130179633,0.531064701534,0.600138575663,-0.608445082439,0.496368789065,-0.054792771617,-0.232254416552,0.502486039908,1.313898091500,0.830369900482,-1.253014160317,-0.508698607711
0.074391505000,-0.476616900000,0.850413163000,0.775334407000,0.061815126000,0.041341355000,-0.627157348000,-0.546231982000,0.066451638000,0.228389559000,0.695766955000,-0.397676299000,0.171934172000,-0.475506536000,-0.210985566000,-0.121521907000,0.825078695000,-0.249452995000,0.016943307000,-0.020774026907,-0.025979645663,0.105309081517,-0.010677028595,0.285992267337,0.135864563961,-0.174130179755,0.532403871212,0.634369594055,-0.609598974404,0.496444757854,-0.029372759883,-0.231310061865,0.480530946873,1.403898091500,0.829043709592,-1.250296025028,-0.508748513716
0.081080573000,-0.504714964000,0.858596057000,0.777757670000,0.068514547000,0.038543085000,-0.623629051000,-0.455433265000,0.061663045000,0.241592540000,0.641655208000,-0.402900860000,0.163200134000,-0.437139469000,-0.206433034000,-0.113176577000,0.823733410000,-0.225467744000,0.023789243000,-0.026030615349,-0.035381655941,0.103600565311,0.008345304680,0.299331407846,0.113484555145,-0.084130179757,0.581327531510,0.586367038781,-0.610080679513,0.496433881950,-0.036613168666,-0.229069140929,0.467022730576,1.493898091500,0.827404451193,-1.247519599524,-0.508725133258
0.086142931000,-0.526953067000,0.859652757000,0.781140413000,0.071119694000,0.035056865000,-0.619300137000,-0.368639486000,0.056535849000,0.254102394000,0.586380694000,-0.408069251000,0.154929966000,-0.406314642000,-0.201016362000,-0.107691208000,0.829237946000,-0.202694671000,0.029663787000,-0.029891413991,-0.045544928698,0.094697621478,0.044082089367,0.329504564909,0.116689328776,-0.039573329893,0.645441369619,0.486376720637,-0.610085040241,0.496342906487,-0.016029594977,-0.229846867892,0.458675495568,1.520672932593,0.825622244639,-1.244708280829,-0.508627371039
0.089506858000,-0.542511811000,0.855020191000,0.784998432000,0.074636319000,0.029040462000,-0.614299221000,-0.308124248000,0.051728813000,0.267176937000,0.541375311000,-0.413621307000,0.144158351000,-0.411104196000,-0.189084526000,-0.096307762000,0.854594940000,-0.192243071000,0.031767607000,-0.043847409743,-0.048098982338,0.108561796983,0.068716499677,0.329007594509,0.133391275617,-0.079161250829,0.658332481900,0.386376720637,-0.609751839271,0.496181400733,0.002908554311,-0.242092722470,0.454072726654,1.512046242275,0.823812959312,-1.241877574829,-0.508457899169
0.090800862000,-0.549229492000,0.844946981000,0.787362988000,0.078104884000,0.020732748000,-0.611170439000,-0.255199401000,0.045977600000,0.276806068000,0.505518010000,-0.424087906000,0.133015173000,-0.447532818000,-0.177006870000,-0.088576396000,0.876572636000,-0.179276204000,0.030597748000,-0.059668549423,-0.051409032337,0.120270842540,0.084294050362,0.331298117148,0.151086929918,-0.120099893297,0.671619523981,0.295593556470,-0.609182548081,0.495961199720,0.028221615585,-0.249634390911,0.450005337719,1.505476905316,0.822032338215,-1.239040817786,-0.508220494456
0.090686754000,-0.548603872000,0.831323770000,0.787930817000,0.080164268000,0.014368940000,-0.610354201000,-0.219409020000,0.041128253000,0.277572693000,0.486840242000,-0.439269141000,0.114719653000,-0.489181624000,-0.162897428000,-0.088709739000,0.864339773000,-0.166722563000,0.027555904000,-0.081480449396,-0.052858068794,0.142847730503,0.098172003249,0.303508155436,0.169098918962,-0.151066099772,0.677796567252,0.230989022610,-0.608453583108,0.495699182117,0.041810050684,-0.248481288832,0.446526140230,1.498528927217,0.820303435437,-1.236208644326,-0.507924329355
0.089640961000,-0.541462769000,0.815916099000,0.787954549000,0.083231559000,0.010038143000,-0.609999485000,-0.185029815000,0.037797181000,0.281921571000,0.464432967000,-0.447826897000,0.089687746000,-0.519407467000,-0.149772463000,-0.097077571000,0.806492455000,-0.144790017000,0.032871879000,-0.090362832434,-0.049451750445,0.135077864402,0.125359480143,0.286981550075,0.191606058664,-0.129880975668,0.687940160253,0.184784797924,-0.607619093933,0.495403353129,0.035876183009,-0.259611689434,0.444357019214,1.481154548023,0.818658051100,-1.233388332053,-0.507574147996
0.087742413000,-0.527798655000,0.800723194000,0.788502214000,0.087001544000,0.009727887000,-0.608769545000,-0.180719468000,0.036395062000,0.263107911000,0.483542551000,-0.458895151000,0.065082837000,-0.525453589000,-0.140568011000,-0.108636220000,0.710373582000,-0.109516011000,0.040346372000,-0.087497686502,-0.043618160519,0.139380414074,0.150739351214,0.275566448652,0.197494566912,-0.082195372751,0.677290650013,0.151489115190,-0.606722803394,0.495080349572,0.041540332271,-0.272869437934,0.439651778144,1.470681336703,0.817098736532,-1.230586651193,-0.507180951713
0.085488818000,-0.509807777000,0.788060192000,0.789452755000,0.091396022000,0.009241862000,-0.606898429000,-0.163474385000,0.035231620000,0.262313542000,0.471707293000,-0.457908040000,0.036068366000,-0.522746677000,-0.134589629000,-0.122610408000,0.594361772000,-0.064400446000,0.051749751000,-0.092025007005,-0.038301148110,0.147823052815,0.164173942119,0.243683195150,0.192737614826,-0.061073590259,0.676697865365,0.127267765105,-0.605792012671,0.494734837809,0.033728052556,-0.283884783946,0.433367010742,1.479982934594,0.815602752326,-1.227801365876,-0.506757771402
0.083791763000,-0.491397467000,0.778986644000,0.788750107000,0.094092321000,0.012764222000,-0.607335969000,-0.172628321000,0.034199642000,0.225430010000,0.523302753000,-0.472178297000,0.022809629000,-0.509039635000,-0.128728118000,-0.149339420000,0.483944279000,-0.009532203000,0.053705279000,-0.096224083910,-0.034196978981,0.158879069309,0.172102424117,0.233817197148,0.190674155882,-0.044172234247,0.681149824980,0.109426609465,-0.604844872563,0.494371944047,0.032011400990,-0.301432620325,0.423974524939,1.490453127824,0.814148721875,-1.225034369881,-0.506319321939
0.082085447000,-0.468574243000,0.774173112000,0.789135467000,0.094315509000,0.012157478000,-0.606812983000,-0.159933838000,0.032031113000,0.205507006000,0.546361292000,-0.480172416000,0.009230466000,-0.494805987000,-0.124625498000,-0.181365921000,0.400310394000,0.037925314000,0.056197508000,-0.094030781672,-0.030117269968,0.175070436437,0.186826335166,0.226908945710,0.183562406998,-0.046800342380,0.649239361162,0.096039230215,-0.603898260096,0.493998073344,0.035457088561,-0.315605087381,0.410458438018,1.493352938926,0.812712094560,-1.222288498798,-0.505878216141
0.079241927000,-0.442146619000,0.772005578000,0.790495049000,0.092382123000,0.009355272000,-0.605388801000,-0.127660343000,0.028463741000,0.194815675000,0.542642093000,-0.478633061000,0.000247705000,-0.470381371000,-0.122005924000,-0.226011959000,0.338939459000,0.081141293000,0.054943014000,-0.097746549205,-0.031365170502,0.209214994060,0.208542412223,0.244869094292,0.168886342178,-0.032052679658,0.650871883891,0.085801016330,-0.602955416288,0.493616828299,0.058338319219,-0.320242065059,0.392531035719,1.513001117554,0.811244907445,-1.219562799561,-0.505448045841
0.074567316000,-0.415379959000,0.771739062000,0.791240004000,0.093260837000,0.007239625000,-0.604308911000,-0.118118492000,0.023585938000,0.183784260000,0.562443362000,-0.474372621000,0.002475683000,-0.455149020000,-0.117587725000,-0.262666125000,0.303837450000,0.101285829000,0.046777110000,-0.106779336411,-0.030729405909,0.251666868068,0.220603093468,0.261539666936,0.153354399325,-0.017898295672,0.653705488114,0.077794873714,-0.602016396403,0.493231781776,0.079841680700,-0.324626765296,0.371412517067,1.522911424878,0.809717889086,-1.216856377394,-0.505037822926
0.069836481000,-0.392259782000,0.770205663000,0.791564131000,0.096063575000,0.004988684000,-0.603467588000,-0.104156823000,0.021575213000,0.177124972000,0.593490987000,-0.464293410000,0.004297616000,-0.445736185000,-0.115266308000,-0.299919841000,0.279977989000,0.116024961000,0.043616340000,-0.114357116339,-0.032352313251,0.308110086925,0.228341157690,0.274894290693,0.139418064568,-0.027396930563,0.645113719198,0.071373139182,-0.601081172592,0.492842898100,0.097260943560,-0.329035242625,0.349137825624,1.531218922881,0.808114829162,-1.214168360731,-0.504653152563
0.062743727000,-0.373859733000,0.767825105000,0.792679895000,0.097555871000,0.004504803000,-0.601765023000,-0.110702918000,0.024596981000,0.170974761000,0.655791625000,-0.441432060000,0.004334505000,-0.424886080000,-0.115384964000,-0.338105469000,0.254125459000,0.113988977000,0.035970948000,-0.117361813168,-0.034306512263,0.403045516337,0.242960986543,0.289590220895,0.131534989461,-0.043831712872,0.638593703884,0.066092488337,-0.600148858103,0.492449374966,0.121418136290,-0.331922828317,0.327307296684,1.537440483962,0.806428073804,-1.211496139263,-0.504296483247
0.053664897000,-0.363158857000,0.765173301000,0.796194445000,0.099242675000,0.004771868000,-0.596827049000,-0.103920682000,0.032213485000,0.173986838000,0.697142767000,-0.410467829000,0.007605621000,-0.397277191000,-0.119497268000,-0.383504570000,0.222888436000,0.112594645000,0.033391052000,-0.124371732365,-0.037993180403,0.469149747370,0.257474111616,0.303032013718,0.118220564653,-0.066024356842,0.639608850705,0.061649972424,-0.599217407687,0.492050201978,0.140671067177,-0.328988280206,0.307033989081,1.542061218880,0.804649377908,-1.208834440208,-0.503967895440
0.041848491000,-0.357834858000,0.758135085000,0.802423479000,0.093212997000,-0.001547152000,-0.589428115000,-0.111992567000,0.039456303000,0.173684980000,0.757427325000,-0.379260066000,0.017754645000,-0.366417568000,-0.124182759000,-0.428563019000,0.196310894000,0.106646584000,0.024657247000,-0.127691922247,-0.045730319798,0.529941406713,0.275997852314,0.319636398403,0.105911011237,-0.036892243553,0.633852630385,0.086945715001,-0.598282503541,0.491646086879,0.156320195148,-0.322302842886,0.288593148027,1.546063884344,0.802757088877,-1.206177471262,-0.503670323842
0.030733957000,-0.359132855000,0.751838176000,0.805852968000,0.091487978000,-0.005049644000,-0.584983285000,-0.120777422000,0.043977814000,0.168212726000,0.816892944000,-0.349425879000,0.034825939000,-0.332321826000,-0.125241279000,-0.463551794000,0.183795853000,0.084822849000,0.013186715000,-0.123159605479,-0.052157429240,0.585038587331,0.291191484266,0.351243594704,0.090206932312,0.007607290644,0.640604984289,0.112461425294,-0.597334402235,0.491233769667,0.164183903674,-0.311773873424,0.271905157975,1.547497842500,0.800745523377,-1.203518000165,-0.503399561265
0.022141892000,-0.365510761000,0.744467184000,0.808688309000,0.087398693000,-0.007368321000,-0.581661754000,-0.182664059000,0.046444128000,0.149546634000,0.954473937000,-0.305465426000,0.051880585000,-0.287492474000,-0.121686877000,-0.480089173000,0.186666541000,0.041210834000,-0.004360844000,-0.101451404108,-0.062905885084,0.638284052903,0.308630548012,0.395804760718,0.071170317865,0.054931356996,0.685459382502,0.072213367554,-0.596362927924,0.490813627302,0.168160206223,-0.302706020699,0.257216529695,1.549301830805,0.798648596645,-1.200851815839,-0.503149790434
0.016964709000,-0.373383420000,0.737590399000,0.810779092000,0.083268353000,-0.009116845000,-0.579327652000,-0.241108884000,0.045416620000,0.141611925000,1.051837628000,-0.275017066000,0.070637581000,-0.246289152000,-0.118165103000,-0.487656681000,0.198488828000,-0.001552374000,-0.004530358000,-0.076940463740,-0.064993922615,0.660058449524,0.318577474374,0.439817679454,0.060739526697,0.061382487025,0.753680401375,-0.011431593654,-0.595361464007,0.490388204033,0.142069417293,-0.296062400844,0.244530328359,1.546940515611,0.796527532859,-1.198184496200,-0.502912801419
0.016064372000,-0.380329461000,0.731974940000,0.812519725000,0.078318670000,-0.010346899000,-0.577555906000,-0.287380080000,0.044088998000,0.139809419000,1.122745428000,-0.256933495000,0.088136409000,-0.202501327000,-0.115276861000,-0.494078506000,0.202797446000,-0.029835296000,0.006564026000,-0.046736608650,-0.065966524833,0.631757749318,0.318342240440,0.495159129290,0.048948938985,0.072182702260,0.843680401375,-0.066186537225,-0.594323074453,0.489957371294,0.124111149542,-0.288778954673,0.234277476593,1.546954136192,0.794432401106,-1.195520614765,-0.502681556984
0.017974911000,-0.386915210000,0.727642446000,0.816304910000,0.075481318000,-0.010510783000,-0.572571731000,-0.388009684000,0.047380350000,0.140699824000,1.231585149000,-0.254720194000,0.103130809000,-0.167671671000,-0.114437909000,-0.492152733000,0.209950469000,-0.059349072000,0.018639907000,-0.010027592195,-0.061071312877,0.620057122647,0.315131642510,0.505795449169,0.046434805359,0.072318105355,0.933680401113,-0.114228078271,-0.593257209223,0.489523632927,0.079600890151,-0.289118135813,0.227512540787,1.540109125306,0.792417479737,-1.192870293453,-0.502456866069
0.021867937000,-0.393969206000,0.724079207000,0.822467266000,0.071595395000,-0.004269639000,-0.564272511000,-0.475701893000,0.044872592000,0.152017913000,1.258232966000,-0.251489384000,0.122144342000,-0.112935178000,-0.111040503000,-0.500997806000,0.201589712000,-0.078210698000,0.034426522000,0.035699188953,-0.058697755801,0.579554640617,0.313997445056,0.512529519139,0.037219398599,0.046773187104,1.023680401113,-0.148324697631,-0.592494891684,0.489083854089,0.053725789577,-0.284964801211,0.225257442755,1.538215804014,0.790504263462,-1.190239545266,-0.502238330299
0.025025798000,-0.402750220000,0.719727272000,0.832330528000,0.066704886000,0.003681246000,-0.550238856000,-0.539138567000,0.053667314000,0.169915579000,1.212748680000,-0.241881964000,0.132293262000,-0.073382163000,-0.113313418000,-0.505612306000,0.203017830000,-0.094445251000,0.052467018000,0.061243845626,-0.052889401517,0.527641413859,0.303483147619,0.502220602687,0.035999445669,0.038136928307,1.113680401113,-0.172189779102,-0.591630742697,0.488641951365,0.027709722821,-0.275628814086,0.228274625512,1.533581041833,0.788695819730,-1.187633335770,-0.502025023005
0.028473677000,-0.413651731000,0.715368592000,0.847044275000,0.059150510000,0.011430599000,-0.528097107000,-0.567812516000,0.057368941000,0.189054269000,1.128391332000,-0.233414963000,0.146711841000,-0.031016869000,-0.114593214000,-0.517224351000,0.198667342000,-0.104727370000,0.069151870000,0.082729810792,-0.050555204816,0.477648696155,0.301329468327,0.483962767881,0.028613485635,0.058787152275,1.203680401113,-0.188817991821,-0.590698159340,0.488204578951,0.021290374049,-0.254811289562,0.236135321517,1.532332445383,0.786969130411,-1.185050195146,-0.501814177112
0.034246458000,-0.424726383000,0.707366264000,0.864765924000,0.048040750000,0.007061745000,-0.499822083000,-0.587716131000,0.053302225000,0.214734512000,1.020074838000,-0.224758622000,0.161193481000,0.010986772000,-0.112078444000,-0.536796042000,0.181260523000,-0.112752817000,0.084575988000,0.107139378942,-0.046562660479,0.430581113789,0.301655400644,0.466026068246,0.023535438793,0.104898825364,1.293680401113,-0.200267481239,-0.589714491646,0.487775406181,0.003851018807,-0.245373181644,0.247046022837,1.535737803754,0.785312014274,-1.182484515264,-0.501605405328
0.043318279000,-0.436737110000,0.704886975000,0.882825470000,0.039644953000,0.011340553000,-0.467887657000,-0.591760196000,0.042798775000,0.256590806000,0.858404865000,-0.202997129000,0.172421844000,0.047837998000,-0.106982726000,-0.563144428000,0.161581256000,-0.115842430000,0.100633383000,0.134151752897,-0.042607871991,0.362635914367,0.290316785406,0.443787516530,0.019775348768,0.156920239207,1.383680401113,-0.208033834077,-0.588695432477,0.487354488596,-0.024982708812,-0.233839921890,0.259652068724,1.538565198140,0.783715182839,-1.179936655896,-0.501398776471
0.055978677000,-0.450033725000,0.702244325000,0.898824479000,0.034691802000,0.018301055000,-0.436550234000,-0.574278466000,0.030512460000,0.320036014000,0.671768806000,-0.171567022000,0.180498879000,0.072918051000,-0.101385976000,-0.588010524000,0.148795067000,-0.122148104000,0.111868266000,0.151905844391,-0.041291148807,0.346386256575,0.267211130375,0.404922956190,0.015175348934,0.200975512927,1.451612787829,-0.213194444946,-0.587652173675,0.486941783073,-0.047652207386,-0.219471481274,0.272299022765,1.542492364387,0.782143181410,-1.177404631575,-0.501197285376
0.072295534000,-0.465478079000,0.699521060000,0.911836874000,0.030210334000,0.027270010000,-0.408530535000,-0.540554618000,0.015229081000,0.422272327000,0.477542235000,-0.137256266000,0.188966405000,0.104012750000,-0.094829425000,-0.613752917000,0.144693547000,-0.127540554000,0.120597263000,0.176091462614,-0.042820902352,0.322708432011,0.243116164461,0.400901276125,0.015958685928,0.246376798420,1.434571924650,-0.220416858932,-0.583831540769,0.486603370762,-0.061536232099,-0.201529595864,0.283964101526,1.545412556712,0.780555583823,-1.174885638580,-0.501003270671
0.090832406000,-0.481828271000,0.697828279000,0.923116750000,0.026787083000,0.036056851000,-0.381887184000,-0.516521780000,0.008445456000,0.588046010000,0.322898062000,-0.109960359000,0.191334187000,0.131377817000,-0.090610574000,-0.628710125000,0.149845042000,-0.139415035000,0.122758963000,0.197675949174,-0.045929074978,0.292770463013,0.214176016428,0.392853721507,0.025237608028,0.323997377903,1.396390732206,-0.251486346560,-0.599716798051,0.485880832938,-0.079557113899,-0.190303167358,0.294066933549,1.546430360932,0.778905016592,-1.172380902166,-0.500823581509
0.110964062000,-0.497155282000,0.697167502000,0.933736721000,0.024518398000,0.044476982000,-0.354339359000,-0.513897774000,0.002168299000,0.725304714000,0.230853762000,-0.086491282000,0.186549163000,0.153635323000,-0.088307696000,-0.630061637000,0.149027923000,-0.152230537000,0.121477132000,0.209715923195,-0.046758734885,0.262494325252,0.189080492682,0.369505835290,0.016196843411,0.392893070004,1.370035091323,-0.307077561258,-0.641409273500,0.484359194063,-0.098520794443,-0.178705354444,0.302380573886,1.547119242570,0.777139892858,-1.169890926186,-0.500667050663
0.131715474000,-0.510688886000,0.697272880000,0.942960602000,0.020909741000,0.050438492000,-0.328396171000,-0.504353193000,-0.006116913000,0.791486991000,0.188895305000,-0.067641825000,0.187276904000,0.181468593000,-0.089560079000,-0.628707826000,0.155501827000,-0.162115620000,0.121036033000,0.220485292424,-0.050120872859,0.239149208042,0.176541977613,0.362044090994,0.008060018125,0.425249230667,1.367447534204,-0.370904420611,-0.692707449765,0.483720047583,-0.104814965738,-0.167452985989,0.308673508682,1.547032884484,0.775237357176,-1.167413092823,-0.500534932059
0.153379779000,-0.519159505000,0.699789050000,0.949877716000,0.017182782000,0.054178648000,-0.307411372000,-0.483097761000,-0.010647141000,0.806477800000,0.187926695000,-0.055221175000,0.190746331000,0.210731184000,-0.094513717000,-0.622057206000,0.168309842000,-0.169917662000,0.123828102000,0.222936025090,-0.055695859549,0.209734988598,0.163128894483,0.347827313622,0.007548458640,0.437667793800,1.393020871277,-0.436760469302,-0.753024739756,0.483300893458,-0.113708240877,-0.156731241132,0.312996925681,1.548002219578,0.773172025750,-1.164942764267,-0.500427365337
0.176741823000,-0.523412527000,0.714620321000,0.957661509000,0.016734481000,0.072476748000,-0.278121399000,-0.436019739000,-0.016220646000,0.801574279000,0.200062969000,-0.058037853000,0.196736423000,0.242867698000,-0.104452955000,-0.600978781000,0.202143684000,-0.163400297000,0.125066393000,0.217949902247,-0.068564215611,0.195519627386,0.162939823604,0.343740403163,0.010397011500,0.436585299854,1.391053530329,-0.492218201014,-0.794524475727,0.482913970971,-0.098628493328,-0.152728455120,0.315441235603,1.548934720672,0.770925299701,-1.162473926871,-0.500338197395
0.204160750000,-0.518141899000,0.737508828000,0.967706264000,0.039502518000,0.094324239000,-0.230406325000,-0.375336800000,-0.026269188000,0.798858331000,0.196008418000,-0.080860831000,0.195591305000,0.245517556000,-0.124454219000,-0.518270507000,0.294362724000,-0.127375168000,0.124952267000,0.214357998340,-0.085902410834,0.176082844907,0.169155109111,0.348009901155,0.019401470109,0.509281553967,1.393374221849,-0.592218201014,-0.822891854349,0.482540744015,-0.068058376345,-0.150069748132,0.316235161773,1.550039646332,0.768516511330,-1.159995974220,-0.500253596346
0.222892832000,-0.511955582000,0.738679782000,0.970123149000,0.042510479000,0.082668998000,-0.224097684000,-0.317970521000,-0.034335447000,0.780967392000,0.189877440000,-0.112084056000,0.182518727000,0.227859417000,-0.139794160000,-0.420112086000,0.403911687000,-0.083251792000,0.134816969000,0.206224029292,-0.102981268801,0.166050426348,0.174755261286,0.338451240838,0.019516139831,0.599281547672,1.387999311674,-0.692218201011,-0.842030438976,0.482166950040,-0.043937412327,-0.146566207973,0.315795464242,1.550399374260,0.765992357737,-1.157499947781,-0.500159254221
0.237778438000,-0.502246223000,0.736437515000,0.973122278000,0.045233414000,0.064155811000,-0.216497117000,-0.259805273000,-0.043444811000,0.758238167000,0.178353400000,-0.146991168000,0.163372273000,0.142043661000,-0.157619908000,-0.322299912000,0.586355081000,-0.035222622000,0.156516177000,0.193812690993,-0.115898220535,0.154828485099,0.182269845803,0.311852891327,0.010530424356,0.689281547671,1.390920948891,-0.792218201011,-0.854846530843,0.481784970720,-0.019657468104,-0.145143176243,0.314362863960,1.551293189304,0.763406806205,-1.154984572048,-0.500040721184
0.247079329000,-0.487599888000,0.735603228000,0.978446737000,0.045830901000,0.043628272000,-0.196565727000,-0.206157682000,-0.048705260000,0.714048516000,0.171332146000,-0.183911690000,0.127433206000,0.018840625000,-0.174278369000,-0.248280555000,0.767779071000,-0.010783138000,0.155493822000,0.164167123932,-0.124549446286,0.138722951763,0.191058131202,0.286260129846,0.011679405865,0.672959917828,1.399788006800,-0.873738314693,-0.862452676472,0.481390661669,-0.011493470959,-0.139168715073,0.312264320897,1.550436840434,0.760778905827,-1.152453018086,-0.499888421523
0.243724953000,-0.469768975000,0.734053410000,0.984350729000,0.041573756000,-0.013490006000,-0.170714045000,-0.169436128000,-0.048903908000,0.643431499000,0.176580573000,-0.225939436000,0.091764556000,-0.126140768000,-0.178067906000,-0.186464076000,0.910982818000,-0.026958210000,0.125727211000,0.125786789980,-0.124347951982,0.126209325572,0.202788233378,0.239259624401,0.016105193612,0.646270271395,1.374628448366,-0.973738308192,-0.866995917017,0.480988066660,-0.030064391171,-0.147788001236,0.309790239829,1.546436615187,0.758169230341,-1.149911833073,-0.499699218407
0.228937208000,-0.449238810000,0.738097976000,0.990457536000,0.043530183000,-0.011269652000,-0.130276580000,-0.128659817000,-0.048429228000,0.583137433000,0.167879963000,-0.247331443000,0.055006703000,-0.203900582000,-0.170651743000,-0.155758833000,0.952792140000,-0.063167218000,0.101180928000,0.101796917948,-0.121378305655,0.094566325530,0.215826466672,0.214676440009,0.016455244216,0.556270271395,1.344110743393,-1.073738308192,-0.869386196013,0.480578525913,-0.044873026897,-0.146172383585,0.307806468137,1.544194838413,0.755613598000,-1.147360722441,-0.499471332818
0.201884633000,-0.427436247000,0.740612973000,0.994975277000,0.046950421000,-0.011558081000,-0.087671359000,-0.082054610000,-0.050809108000,0.523173180000,0.141743258000,-0.253084868000,0.024342347000,-0.302869645000,-0.157333584000,-0.124121425000,0.965729042000,-0.097938356000,0.078070488000,0.068717037424,-0.117860917345,0.084210696267,0.232060245279,0.196240095139,0.018435146819,0.466270275364,1.315681507430,-1.156991075496,-0.870263707526,0.480167214477,-0.043647096501,-0.142101438622,0.306472134597,1.542109143621,0.753150887533,-1.144799367027,-0.499205383345
0.173448606000,-0.409469474000,0.741740320000,0.997573182000,0.051680396000,-0.009965404000,-0.045580416000,-0.040359191000,-0.050498472000,0.459147135000,0.124635136000,-0.265087417000,-0.002104981000,-0.370189304000,-0.144613661000,-0.103381051000,0.933234962000,-0.123734319000,0.064264793000,0.025748007749,-0.111892868435,0.071604267147,0.249547003410,0.178559734108,0.021782885234,0.376270292611,1.289752754354,-1.220433078826,-0.870075260914,0.479756328546,-0.042209663070,-0.138632736129,0.305782629103,1.539935691279,0.750805838187,-1.142224194506,-0.498903646253
0.154219604000,-0.402341981000,0.746959339000,0.997657508000,0.067536304000,0.009905312000,0.004497605000,-0.010603989000,-0.045759475000,0.407841317000,0.116230856000,-0.274438874000,-0.032111666000,-0.405267319000,-0.137660872000,-0.088935328000,0.841869691000,-0.131134220000,0.064753660000,-0.015295356544,-0.101693592141,0.067454697581,0.260222901786,0.149298102929,0.026636983386,0.286274510709,1.260694118911,-1.279905217547,-0.869135106029,0.479346236442,-0.037397362969,-0.139377435867,0.306493277068,1.539811160357,0.748597078572,-1.139628239955,-0.498570645474
0.145570142000,-0.399114672000,0.750249041000,0.995727323000,0.071857862000,0.023415947000,0.053058832000,0.023182084000,-0.035478071000,0.378335604000,0.128421516000,-0.299043184000,-0.065882701000,-0.418472462000,-0.133254010000,-0.087934248000,0.691462876000,-0.107450079000,0.070004171000,-0.051081662092,-0.093996496893,0.058205807644,0.270609234691,0.136059974645,0.026612041885,0.211701080647,1.170806314097,-1.310506809108,-0.867672842344,0.478938660587,-0.031508357880,-0.144814569504,0.309545026281,1.534443243105,0.746538520442,-1.137011518718,-0.498210302643
0.144126436000,-0.399350995000,0.753763852000,0.991803932000,0.075252470000,0.037620672000,0.096159821000,0.050327809000,-0.018158893000,0.363375069000,0.146257244000,-0.317999989000,-0.110295512000,-0.396623941000,-0.137474418000,-0.104684093000,0.507690556000,-0.053159196000,0.080938337000,-0.079288193072,-0.086391006150,0.048282396124,0.285397960511,0.093314813086,0.024336754434,0.133230458710,1.080806314097,-1.210506841361,-0.866767708670,0.478534962594,-0.029387777782,-0.155964107397,0.314014056078,1.538116942660,0.744593834620,-1.134371563632,-0.497838776646
0.145349901000,-0.399941786000,0.757677026000,0.987818730000,0.074701437000,0.052376091000,0.126057911000,0.069222274000,0.001742300000,0.354811689000,0.166638525000,-0.338222267000,-0.143701956000,-0.375584846000,-0.146266718000,-0.157943756000,0.319662742000,0.027106253000,0.088343042000,-0.117594579516,-0.078937109379,0.036221578006,0.274316701211,0.036502936495,-0.065591074602,0.043230458710,0.990806314097,-1.178361135757,-0.865358489409,0.478140984934,-0.031922394161,-0.170621210138,0.322017181219,1.532716504017,0.742776633027,-1.131711009750,-0.497465218192
0.147977183000,-0.396940251000,0.756339398000,0.985288134000,0.072108580000,0.053648177000,0.145359962000,0.089828514000,0.020799835000,0.342272565000,0.179429292000,-0.350209085000,-0.165968719000,-0.369725920000,-0.147049784000,-0.205443919000,0.184339603000,0.100058971000,0.087631677000,-0.147486797499,-0.076413320274,0.010504336948,0.259569363335,0.054409649834,-0.058884756628,-0.046769541290,0.966882253320,-1.154945324741,-0.863607655882,0.477759634638,-0.024343770446,-0.178331500494,0.332407016527,1.537041820226,0.741028957648,-1.129031708269,-0.497095000311
0.149410283000,-0.389262224000,0.754232417000,0.983136941000,0.066046817000,0.058199296000,0.160288535000,0.119674112000,0.038105425000,0.332794207000,0.190485176000,-0.356766587000,-0.177817650000,-0.368115939000,-0.140794548000,-0.193565743000,0.101218469000,0.147614825000,0.091170885000,-0.165909937517,-0.081174036753,-0.010910613186,0.253761499309,0.027543517162,-0.013354877134,-0.136769541287,1.056882253320,-1.054945324741,-0.861623027708,0.477393191298,-0.006457902907,-0.174606448023,0.342011991773,1.544968608629,0.739277759609,-1.126343110341,-0.496735875664
0.152499244000,-0.377081298000,0.757229699000,0.980045056000,0.064775766000,0.081706018000,0.169233316000,0.140919292000,0.053241026000,0.329388078000,0.212503873000,-0.370191226000,-0.182452457000,-0.362710583000,-0.134063053000,-0.158299248000,0.068583666000,0.165526064000,0.092386281000,-0.173601149322,-0.083121781971,-0.008812122340,0.257964203724,0.072035253722,0.052336973221,-0.046769541287,1.146882253320,-0.963804069207,-0.855836948837,0.477043472406,0.003133201035,-0.170571047984,0.350438757574,1.546912071980,0.737499890738,-1.123653048531,-0.496390814178
0.160504633000,-0.364652882000,0.762237600000,0.976197140000,0.063097714000,0.106784982000,0.177917932000,0.149708679000,0.073842724000,0.335473507000,0.259244228000,-0.377633957000,-0.187125400000,-0.339638971000,-0.131051660000,-0.180277122000,0.078830094000,0.165026502000,0.079457586000,-0.182016174913,-0.083355521193,-0.004327312654,0.279153322090,0.093347472274,0.069708141449,0.043230458713,1.236882253320,-1.063804069207,-0.856132419774,0.476711696136,0.018193198870,-0.177320866939,0.357218091960,1.548950628506,0.735687575670,-1.120959988817,-0.496060357097
0.172313665000,-0.361132199000,0.772860069000,0.971679205000,0.052693843000,0.124849909000,0.193585592000,0.122203618000,0.099410689000,0.281857243000,0.383546207000,-0.364640050000,-0.141438060000,-0.276563572000,-0.125869207000,-0.222952664000,0.095010976000,0.147883004000,0.061158359000,-0.179116347226,-0.092247536893,-0.004836246083,0.308874276990,0.166340953193,0.060680221909,0.163230458713,1.356882253320,-1.203804069197,-0.855584689145,0.476396596567,0.041905228759,-0.186699807112,0.362494901826,1.549636187665,0.733859259241,-1.118262215150,-0.495741299564
0.182921619000,-0.364646121000,0.768349399000,0.971145094000,0.032139837000,0.113699524000,0.207163355000,-0.014995732000,0.112246768000,0.146825690000,0.664196224000,-0.293982486000,-0.044664654000,-0.205008177000,-0.117798283000,-0.276899883000,0.104623042000,0.091876928000,0.038858888000,-0.171258260369,-0.098118359384,-0.028054598021,0.323145806141,0.178703296615,0.046644139272,0.253230458713,1.446882253320,-1.303804069197,-0.854447754139,0.476101314312,0.057659969644,-0.186279718499,0.366954463969,1.550647935427,0.732048204385,-1.115559502937,-0.495431551253
0.187960096000,-0.366325700000,0.761228139000,0.968670319000,0.029225192000,0.095817010000,0.227250528000,-0.151659190000,0.115540128000,0.110589160000,0.904054091000,-0.234913195000,0.020596682000,-0.148846274000,-0.108596919000,-0.331242418000,0.109549351000,0.028681110000,0.038301152000,-0.164590882789,-0.090124114298,-0.040467170441,0.338070258641,0.166861402185,0.040156124521,0.339204525133,1.493782152250,-1.403802056995,-0.852902227045,0.475831646353,0.070502945697,-0.195838185147,0.370801915256,1.550808438336,0.730289245666,-1.112848225904,-0.495128695248
0.183012722000,-0.357821020000,0.753886521000,0.965817831000,0.035270935000,0.076337176000,0.245203006000,-0.269029675000,0.110395451000,0.109529771000,1.048238711000,-0.237459540000,0.073659371000,-0.095239264000,-0.098261740000,-0.369936566000,0.102795471000,-0.012581392000,0.048339998000,-0.136595061354,-0.082582541524,-0.063992341686,0.324111621804,0.178745116879,0.037587094007,0.336110063070,1.481825753266,-1.433402584009,-0.851076995720,0.475584686912,0.075915737190,-0.200835822445,0.374318343374,1.549973564680,0.728596433779,-1.110131424391,-0.494831620768
0.170148674000,-0.347610006000,0.746574166000,0.962982779000,0.039471423000,0.059365234000,0.259965272000,-0.366942795000,0.107138491000,0.130049082000,1.109890381000,-0.264019168000,0.113867984000,-0.042262415000,-0.091463444000,-0.387479587000,0.089353195000,-0.038790732000,0.062105624000,-0.106085279446,-0.075345949640,-0.083877363425,0.321035675589,0.185740922918,0.037267214876,0.304368952519,1.470871811081,-1.441114461864,-0.849061312831,0.475350807594,0.074951195288,-0.206855963874,0.377667799048,1.551010520760,0.726979337682,-1.107409329870,-0.494540666069
0.150679811000,-0.335062072000,0.740915266000,0.960565422000,0.040174436000,0.044309814000,0.271545070000,-0.451210849000,0.108932440000,0.159212339000,1.122263895000,-0.279315864000,0.139238485000,0.009563320000,-0.086688211000,-0.387828218000,0.067860010000,-0.049599066000,0.075948411000,-0.075475954629,-0.071233771676,-0.103426839505,0.318812416567,0.183943994355,0.038980383083,0.263706967431,1.439539579161,-1.447159018317,-0.846919535314,0.475118889048,0.070433999546,-0.213508292934,0.381176118984,1.549777401645,0.725466622110,-1.104684196403,-0.494253257298
0.131877504000,-0.333559661000,0.735483463000,0.958085817000,0.039118850000,0.030374237000,0.282167839000,-0.521762475000,0.110498481000,0.188704666000,1.106419975000,-0.278454567000,0.153898552000,0.047333651000,-0.089782533000,-0.411469236000,0.066666800000,-0.062769200000,0.082624284000,-0.047797566998,-0.069309894793,-0.133848225432,0.315436917645,0.199283430054,0.038519902712,0.223143001969,1.387632952692,-1.462421725785,-0.844691725152,0.474876530967,0.072718746521,-0.218429693062,0.384837495892,1.548258230147,0.724078777239,-1.101958266369,-0.493966221917
0.116052787000,-0.340151780000,0.725983705000,0.955238990000,0.042965299000,0.002082531000,0.292691164000,-0.528232131000,0.100713259000,0.238743268000,0.913167722000,-0.243627970000,0.161049706000,0.097243709000,-0.091855274000,-0.414162787000,0.048255594000,-0.059965466000,0.097149065000,-0.027334475419,-0.067971516503,-0.148544556733,0.314164498050,0.226681412324,0.037626066446,0.203939286094,1.388042916474,-1.490228684760,-0.842399054073,0.474610729908,0.061794939225,-0.216864685837,0.388577293825,1.548302663416,0.722848155343,-1.099234789295,-0.493673487419
0.110266273000,-0.337035379000,0.720746770000,0.950387828000,0.039816382000,-0.002854319000,0.308495519000,-0.474197747000,0.072925915000,0.361750623000,0.599647444000,-0.191139307000,0.163144968000,0.151554571000,-0.091085755000,-0.417452165000,0.036049167000,-0.074621460000,0.112947362000,-0.000521127982,-0.065428298278,-0.148682785818,0.310979639666,0.266248737354,0.037589682486,0.194057384802,1.436008783006,-1.506724990794,-0.840049576647,0.474310579573,0.045602967284,-0.223289915213,0.392232731708,1.547452617278,0.721865353574,-1.096523444729,-0.493368567787
0.115087962000,-0.326584774000,0.715536169000,0.945470884000,0.039715434000,-0.001832455000,0.323270991000,-0.457248257000,0.059304423000,0.523414434000,0.400978546000,-0.152581353000,0.159422654000,0.187002242000,-0.094796433000,-0.428062960000,0.057608419000,-0.109223590000,0.106067897000,0.017795821474,-0.065324664125,-0.159336756650,0.297648511170,0.307929922400,0.045899291472,0.205176738590,1.440957114995,-1.515290404897,-0.837650192822,0.473972323594,0.041123965739,-0.233657205903,0.394302696573,1.543609357621,0.721131014481,-1.093832070856,-0.493050748463
0.126379531000,-0.310133658000,0.709016798000,0.942497107000,0.037357288000,-0.000309439000,0.332119768000,-0.478419770000,0.049083359000,0.648869434000,0.298576256000,-0.128307450000,0.153866613000,0.214905809000,-0.100844798000,-0.443547341000,0.082346590000,-0.132322625000,0.095469001000,0.041799775753,-0.062328204205,-0.182065155373,0.284973132077,0.343913133749,0.044147170916,0.233316122800,1.448696155628,-1.518279837706,-0.835201919892,0.473597817809,0.025254044559,-0.232133772820,0.393817664898,1.540738519709,0.720571399751,-1.091161382281,-0.492730080909
0.140401344000,-0.291932235000,0.702475324000,0.941903316000,0.034497503000,-0.001445667000,0.334104738000,-0.527374542000,0.050498350000,0.706271096000,0.249975859000,-0.098434675000,0.153426947000,0.243674754000,-0.112917640000,-0.452349241000,0.112648337000,-0.152959973000,0.088175639000,0.064878240191,-0.061572663947,-0.207470954955,0.277988706670,0.374314071857,0.035783159336,0.272628518920,1.436318251918,-1.517358479160,-0.832713575567,0.473195444584,0.015435389077,-0.235734260794,0.388978875459,1.536271972329,0.720092650710,-1.088517766557,-0.492419576695
0.152255870000,-0.277369226000,0.694197837000,0.946332721000,0.032490809000,-0.012435736000,0.321316169000,-0.579986854000,0.050858350000,0.743171956000,0.224459783000,-0.072489132000,0.158084703000,0.263519989000,-0.126862552000,-0.448287335000,0.157689962000,-0.173359220000,0.080017306000,0.085521380948,-0.059228342850,-0.215199731130,0.270529324571,0.393558449022,0.027004578556,0.314804379123,1.393833826650,-1.513730784268,-0.830200075744,0.472774384819,0.009288702907,-0.238846796725,0.378089733333,1.527391306383,0.719620387790,-1.085910116713,-0.492125219282
0.161446392000,-0.268052871000,0.688887938000,0.946638205000,0.034551549000,-0.016896002000,0.319995039000,-0.628693835000,0.047046260000,0.773643038000,0.213498444000,-0.051424040000,0.163580663000,0.280216587000,-0.134603977000,-0.420025123000,0.198647487000,-0.189002878000,0.069377703000,0.101565160851,-0.058818927641,-0.223665114974,0.270733014116,0.406437537206,0.007462311110,0.346681502017,1.315150002735,-1.508258577831,-0.827676273160,0.472343446186,0.005369600155,-0.238461372798,0.360321861892,1.517866659439,0.719101010403,-1.083345488810,-0.491850169274
0.167620877000,-0.266127286000,0.697544674000,0.937035293000,0.030663710000,-0.006622198000,0.347822862000,-0.657538841000,0.044753841000,0.804046900000,0.209491791000,-0.034235363000,0.167950866000,0.291796690000,-0.140414871000,-0.392130148000,0.239467464000,-0.202605153000,0.064094232000,0.102685559103,-0.058837062226,-0.229057309550,0.275629858523,0.410315583170,-0.011660448671,0.355158476253,1.225150002735,-1.501537854475,-0.825154383113,0.471908140705,0.007283598232,-0.238889646872,0.336658482531,1.511639660125,0.718489158003,-1.080828671993,-0.491595783819
0.174086773000,-0.258020220000,0.716658929000,0.912768203000,0.033082887000,0.037414253000,0.405413250000,-0.674074146000,0.047016388000,0.795189005000,0.225906383000,-0.019621630000,0.173050406000,0.293469036000,-0.146454463000,-0.361784741000,0.291872129000,-0.215457753000,0.059172385000,0.099209076961,-0.058048280429,-0.240060658228,0.284452775393,0.422631132720,-0.026225136650,0.345166145569,1.135150002735,-1.493971981484,-0.822643883019,0.471471706406,0.013297583414,-0.233802278351,0.308922587604,1.504507243334,0.717758710261,-1.078360487514,-0.491357130758
0.176297142000,-0.244717908000,0.714320849000,0.918766356000,0.033158765000,0.048318842000,0.390428186000,-0.672598397000,0.055527157000,0.743788152000,0.266186799000,-0.009531822000,0.175401088000,0.293350230000,-0.155074181000,-0.328722373000,0.351529291000,-0.228548538000,0.057962351000,0.091330363164,-0.059533282156,-0.244074053746,0.296881356573,0.435687194533,-0.033217114185,0.336656130246,1.045150002735,-1.485806457871,-0.820145029639,0.471037551427,0.015794387765,-0.226016219277,0.280023231536,1.501713507357,0.716886784554,-1.075932138069,-0.491129035844
0.176274444000,-0.228270597000,0.705621094000,0.928726542000,0.028886804000,0.052542793000,0.365884979000,-0.693114179000,0.064048584000,0.603247272000,0.357582677000,-0.013463409000,0.173554393000,0.272914936000,-0.164311660000,-0.281070062000,0.447948629000,-0.235677556000,0.053874591000,0.080949718777,-0.062316042461,-0.253658972316,0.303265301678,0.421976680368,-0.022546326444,0.342372115188,1.078591622012,-1.477200064436,-0.817655752795,0.470607161947,0.022318073828,-0.215833429984,0.254023638860,1.501756638626,0.715872044550,-1.073532988906,-0.490902192251
0.176563484000,-0.216914418000,0.693849859000,0.936776726000,0.031006071000,0.045331036000,0.345590922000,-0.764271399000,0.067129145000,0.425936811000,0.506635508000,-0.040492476000,0.168971789000,0.204525267000,-0.176324555000,-0.234459396000,0.595039052000,-0.240945524000,0.050635042000,0.067424343181,-0.062327991861,-0.257501798683,0.294328278169,0.413107425071,-0.021926978258,0.339275404793,1.040739683415,-1.468318213631,-0.815185182437,0.470183934136,0.014247116982,-0.202334636077,0.234507092702,1.495318555873,0.714733520366,-1.071162705790,-0.490672127326
0.183131124000,-0.207973483000,0.681590859000,0.946807916000,0.035695340000,0.033836284000,0.318018426000,-0.866214886000,0.072937525000,0.299648510000,0.725652786000,-0.106157599000,0.176391165000,0.128252392000,-0.184922171000,-0.196816947000,0.736302006000,-0.263054590000,0.043263458000,0.061728529158,-0.060798438540,-0.256387219777,0.287609571456,0.413161368628,-0.018747358545,0.314393951806,0.950739683415,-1.459283641802,-0.812744800092,0.469774318753,0.004502366678,-0.190480508007,0.226136549087,1.480944550554,0.713488534667,-1.068821825600,-0.490435155912
0.188514435000,-0.205737810000,0.666633235000,0.954596155000,0.042128752000,0.021386349000,0.294132579000,-0.985550733000,0.080518383000,0.241583793000,0.916336712000,-0.153534124000,0.182910449000,0.039301914000,-0.189786726000,-0.163299982000,0.865234375000,-0.303691963000,0.031949296000,0.073787933922,-0.049752635920,-0.239455841611,0.272429294643,0.408514316894,-0.015977905903,0.262357660316,0.860739683415,-1.450194247794,-0.810343873153,0.469384665340,-0.017700439660,-0.182149421482,0.230460678953,1.472744231320,0.712161358320,-1.066509715352,-0.490190243601
0.182422477000,-0.212001249000,0.651304982000,0.958448211000,0.048478445000,0.010002708000,0.280939163000,-1.080571380000,0.091635779000,0.217652955000,1.038887588000,-0.173418693000,0.176590017000,-0.011623918000,-0.191948254000,-0.144661496000,0.931710992000,-0.350314722000,0.024825338000,0.072868488935,-0.039707192087,-0.228417919695,0.281736740010,0.403897885173,-0.009517037519,0.205719057576,0.770739683415,-1.427504905976,-0.807986863452,0.469018120887,-0.031613138901,-0.173959260962,0.250708129198,1.454316880142,0.710782913832,-1.064222730549,-0.489935897112
0.157272648000,-0.229469717000,0.639198385000,0.958905870000,0.055912430000,0.008146083000,0.278041318000,-1.134789507000,0.101348078000,0.216238642000,1.074662212000,-0.164404862000,0.165301714000,-0.038066868000,-0.197611559000,-0.132946611000,0.970287846000,-0.388131781000,0.026885840000,0.079044924119,-0.035616562824,-0.224703200692,0.276125184716,0.394978586617,-0.007281123640,0.176592822147,0.695408128939,-1.376044122600,-0.805667152749,0.468671583116,-0.043864814967,-0.180996035136,0.272185087433,1.478772624178,0.709354365557,-1.061954775697,-0.489680389553
0.123566303000,-0.254657490000,0.631937569000,0.958336930000,0.059185526000,0.010554187000,0.279241850000,-1.197150766000,0.109538496000,0.218379131000,1.103111161000,-0.154455474000,0.155586830000,-0.066720366000,-0.201327916000,-0.120595304000,1.003300219000,-0.420034011000,0.019118660000,0.089525074023,-0.027245008556,-0.214530509936,0.253337603527,0.371734837573,-0.007093126890,0.159451114385,0.652323950341,-1.314199818832,-0.803352005391,0.468344860917,-0.065835878349,-0.181727912310,0.291025444045,1.485509110161,0.707881594390,-1.059705269236,-0.489429168944
0.095844962000,-0.278070838000,0.624631729000,0.958516751000,0.064079200000,0.008613292000,0.277606385000,-1.268375874000,0.117512292000,0.215348361000,1.163962729000,-0.153374502000,0.144525560000,-0.092038174000,-0.207114727000,-0.107186683000,1.045557140000,-0.448240006000,0.014581495000,0.085140813020,-0.019560926949,-0.221115017871,0.243344756006,0.345762814190,-0.006912099543,0.141218361678,0.619496472135,-1.258490990646,-0.800726071726,0.468037077800,-0.086669234194,-0.181493562868,0.306771819229,1.490561321555,0.706368442788,-1.057472423775,-0.489185259713
0.072688517000,-0.301435908000,0.623349184000,0.958259964000,0.069983341000,0.011640175000,0.276956096000,-1.339330464000,0.125738660000,0.211487560000,1.232953402000,-0.159812552000,0.132660277000,-0.110338524000,-0.215804258000,-0.097016922000,1.081074949000,-0.473605676000,0.018216084000,0.083112641829,-0.012774089112,-0.219708331767,0.220229721334,0.325250950390,-0.001546748858,0.105492180863,0.583055124833,-1.205302731982,-0.799953513494,0.467746689635,-0.114881405416,-0.187564806127,0.319589971969,1.484692894644,0.704828602473,-1.055258035831,-0.488951774756
0.055657083000,-0.323002181000,0.626994189000,0.957881825000,0.075702084000,0.008186846000,0.276883693000,-1.403837454000,0.131543189000,0.207650740000,1.307876103000,-0.172734704000,0.124258926000,-0.113982699000,-0.224917298000,-0.086433679000,1.119437626000,-0.494591455000,0.024778470000,0.075936459182,-0.011433579479,-0.214568699609,0.200815202209,0.322371204820,0.003740303060,0.086197993928,0.572629421706,-1.157538927878,-0.798817396761,0.467470660440,-0.123761483596,-0.188991835355,0.329495420628,1.481587037804,0.703261184312,-1.053060563010,-0.488728917607
0.042153990000,-0.342886545000,0.634679546000,0.957894846000,0.080263238000,0.005158379000,0.275624143000,-1.466565757000,0.136077225000,0.202705133000,1.387883760000,-0.194792939000,0.119215200000,-0.122668085000,-0.234540021000,-0.077099901000,1.163292893000,-0.513467408000,0.035323085000,0.065251423273,-0.008796559448,-0.205416403601,0.182165281688,0.302566385268,0.016491030959,0.024824499293,0.541578359391,-1.084540097523,-0.797614550933,0.467209157969,-0.131962293465,-0.187959939288,0.341863859897,1.458349154047,0.701690792892,-1.050882479437,-0.488514843329
0.033700597000,-0.358379262000,0.640850456000,0.957989400000,0.084180103000,0.002859406000,0.274156604000,-1.509764872000,0.139580221000,0.199224708000,1.438948893000,-0.210122044000,0.112180269000,-0.122415343000,-0.244247549000,-0.069254245000,1.203336410000,-0.523242622000,0.049490761000,0.056923275069,-0.009359596369,-0.204320027576,0.178693596969,0.298079300039,0.028358683575,-0.033084662063,0.512580130859,-0.984559997685,-0.794058865451,0.466958761675,-0.128712979231,-0.195258596870,0.355756875016,1.441085306423,0.700129754930,-1.048721543992,-0.488307149161
0.030910068000,-0.366576002000,0.643757312000,0.957893426000,0.085904509000,0.002803441000,0.273957553000,-1.534231374000,0.140910588000,0.196246862000,1.454908941000,-0.216850696000,0.105290448000,-0.122033252000,-0.252689616000,-0.061488770000,1.233489074000,-0.526969471000,0.062879406000,0.050622830981,-0.009373994401,-0.199499574920,0.176626258034,0.296208621226,0.034450379096,-0.071575944211,0.496034213041,-0.884559998549,-0.788758459757,0.466718226559,-0.130549960282,-0.198235149094,0.369380100603,1.440120019660,0.698583795648,-1.046572302737,-0.488106276079
0.033923887000,-0.366247181000,0.644238271000,0.958616514000,0.084759261000,0.005089686000,0.271743154000,-1.553972969000,0.139982493000,0.192023800000,1.460057610000,-0.220132697000,0.102064117000,-0.118171383000,-0.259454890000,-0.053923162000,1.252218805000,-0.528887073000,0.073346132000,0.049832341412,-0.009906186795,-0.206296424833,0.172066652884,0.301674432413,0.037044991234,-0.088670923165,0.484716892297,-0.784559998549,-0.787188865261,0.466488096228,-0.127954324149,-0.195856329879,0.381556802329,1.437819647181,0.697064760647,-1.044431282886,-0.487911452319
0.041232844000,-0.361650694000,0.642588095000,0.959863853000,0.081007829000,0.009031321000,0.268360860000,-1.578052996000,0.138372966000,0.185062223000,1.469140919000,-0.221487606000,0.101393554000,-0.121115976000,-0.265018069000,-0.046373424000,1.276154851000,-0.531131802000,0.076699690000,0.054612148413,-0.008909807428,-0.212840086987,0.162060011009,0.309115645474,0.038621207749,-0.094357149111,0.474088497220,-0.694327557768,-0.786375682765,0.466270466061,-0.122134651932,-0.187433291116,0.391923725461,1.430028422030,0.695575602262,-1.042295625501,-0.487720124364
0.046838571000,-0.358649915000,0.642683654000,0.961137924000,0.079205662000,0.011510020000,0.264211795000,-1.576021365000,0.135640842000,0.177564857000,1.465649025000,-0.224856469000,0.099598262000,-0.109405129000,-0.268708822000,-0.042757227000,1.280084189000,-0.530836229000,0.080379142000,0.056281257411,-0.009158174359,-0.219087548884,0.171673992785,0.326615184430,0.038390054768,-0.090189186510,0.455124521931,-0.630285136133,-0.787198306984,0.466066359600,-0.105662341558,-0.183332960307,0.399136377230,1.435924707643,0.694111704330,-1.040155218160,-0.487528718425
0.049907747000,-0.357201296000,0.643887706000,0.961867982000,0.075941673000,0.013339410000,0.262421242000,-1.562670636000,0.134650576000,0.171368485000,1.447208282000,-0.220458929000,0.096658992000,-0.094677957000,-0.272372372000,-0.043257425000,1.270384216000,-0.526202498000,0.082349060000,0.062842922261,-0.008987646207,-0.219339486676,0.177153157524,0.345337269265,0.036394650634,-0.074761516526,0.439011940259,-0.607270240011,-0.787700564126,0.465877501998,-0.092160943857,-0.178244910832,0.401951379964,1.448061309925,0.692665337867,-1.038005275518,-0.487334981321
0.050941060000,-0.358004937000,0.646842230000,0.963421364000,0.071131979000,0.014633608000,0.257963903000,-1.547476972000,0.134786237000,0.164853616000,1.435856933000,-0.215338316000,0.095559395000,-0.077916498000,-0.274222543000,-0.044684556000,1.256948411000,-0.522736016000,0.078114077000,0.070525243137,-0.009865628698,-0.215107022536,0.181595398408,0.361488853578,0.030628134309,-0.044179459658,0.434620298658,-0.637805818972,-0.785344014973,0.465703601245,-0.080382664600,-0.166830531588,0.400374905910,1.461220680972,0.691225466915,-1.035841117807,-0.487136997907
0.046557842000,-0.361919710000,0.649767359000,0.965174999000,0.066080190000,0.016566756000,0.252579040000,-1.521257439000,0.133492959000,0.157868159000,1.415499324000,-0.212295096000,0.093134132000,-0.066516344000,-0.274592752000,-0.048410522000,1.239268989000,-0.516311125000,0.072402600000,0.073326092504,-0.009891937996,-0.214095488315,0.189967513854,0.362171334443,0.026967667445,-0.014363123299,0.453978247029,-0.720897905669,-0.782430511578,0.465544308227,-0.079682797621,-0.161183862794,0.396128688001,1.479067005056,0.689777890398,-1.033659400191,-0.486934136433
0.035540083000,-0.369240171000,0.654075020000,0.967152720000,0.060442576000,0.017714953000,0.246269143000,-1.510410823000,0.131235427000,0.152834255000,1.398866985000,-0.212661392000,0.091068397000,-0.063226709000,-0.271689060000,-0.054505560000,1.210466832000,-0.511679742000,0.064409485000,0.084493029522,-0.004909970067,-0.204188721060,0.174027857474,0.355016828286,0.027062870769,0.016616073866,0.491009718762,-0.820897905668,-0.781177128162,0.465401091897,-0.090918906493,-0.157660920580,0.391347980822,1.488969455681,0.688324424108,-1.031465513782,-0.486725914659
0.026844228000,-0.376470603000,0.660412235000,0.968864919000,0.056843512000,0.020136574000,0.240133508000,-1.485330930000,0.129114634000,0.151859699000,1.365731555000,-0.208730053000,0.087438454000,-0.056446837000,-0.266800965000,-0.062140428000,1.164981201000,-0.503329025000,0.055769707000,0.094126700062,-0.003827907835,-0.188785752544,0.159399983374,0.352281151788,0.023345650203,0.038013478411,0.516003078505,-0.920897905668,-0.778094705219,0.465273006186,-0.091899317748,-0.157761693045,0.386484087400,1.489090682422,0.686881532988,-1.029266401168,-0.486511134966
0.021973548000,-0.381401882000,0.669923569000,0.970609249000,0.051175529000,0.024884919000,0.233836463000,-1.447877693000,0.125139910000,0.152551908000,1.327104917000,-0.208294078000,0.084055992000,-0.036469398000,-0.260412628000,-0.074648660000,1.091332648000,-0.487024788000,0.050231471000,0.101275497115,-0.002762634743,-0.186124316565,0.153653266595,0.356305527114,0.021013017000,0.056675198726,0.539260083497,-1.020891907234,-0.775092267306,0.465156360632,-0.085794952590,-0.153927978152,0.383720571017,1.480281296900,0.685470680123,-1.027066148488,-0.486287185665
0.020360205000,-0.383817240000,0.681429912000,0.973363299000,0.046838215000,0.026965902000,0.222806890000,-1.399220372000,0.120420351000,0.156605771000,1.274153717000,-0.206237665000,0.081435175000,-0.011982324000,-0.254273783000,-0.090988107000,0.993025018000,-0.461959429000,0.049446953000,0.110945080718,-0.003755647625,-0.170820702292,0.139729412532,0.351181393487,0.020163677820,0.060699690177,0.558531528819,-1.120890264607,-0.772785307447,0.465047076172,-0.084261127454,-0.151882470263,0.385357446398,1.467875458348,0.684118237257,-1.024871053746,-0.486053410887
0.019614190000,-0.385310162000,0.696984825000,0.975102038000,0.041176774000,0.035951211000,0.214913932000,-1.338335134000,0.118756482000,0.166996971000,1.191773181000,-0.193118584000,0.074247405000,0.003297474000,-0.249017931000,-0.108591931000,0.888827449000,-0.429112732000,0.046615079000,0.119580793226,-0.004133410580,-0.148331246961,0.124674502837,0.334154432849,0.024429827079,0.043538545722,0.564677041654,-1.198304043937,-0.770319742561,0.464945043902,-0.092358333941,-0.148065261626,0.394214832097,1.450574443334,0.682824910505,-1.022690708237,-0.485812899462
0.014983853000,-0.388215819000,0.715653806000,0.976919472000,0.033448204000,0.046879929000,0.205698408000,-1.259503765000,0.116952974000,0.180612880000,1.089522107000,-0.178004000000,0.072476698000,0.014639906000,-0.243209135000,-0.128786367000,0.784931139000,-0.388638475000,0.047099705000,0.116443475142,-0.006210326005,-0.107168849347,0.119850299972,0.298268749099,0.031191242939,-0.001034517186,0.545016419333,-1.202611012094,-0.768323587591,0.464852545968,-0.090833161114,-0.146039031402,0.410004213545,1.430003731729,0.681574996957,-1.020532375609,-0.485569278845
0.009262636000,-0.389593538000,0.735177522000,0.978117059000,0.024325974000,0.060751081000,0.197495752000,-1.155690534000,0.114002815000,0.199218012000,0.970748406000,-0.166639090000,0.071542540000,0.028115294000,-0.234098881000,-0.151683202000,0.673836644000,-0.338325601000,0.049117469000,0.105935794937,-0.011737658697,-0.067678043629,0.132160397442,0.248594563302,0.036958000417,-0.051669386069,0.555137837547,-1.161005183766,-0.766696591638,0.464774109211,-0.088332592775,-0.149083915442,0.426842872835,1.428195055139,0.680347471939,-1.018395645932,-0.485329090283
0.007481772000,-0.389159144000,0.751762953000,0.977502431000,0.018964302000,0.074926117000,0.196253486000,-1.046920620000,0.109543555000,0.227098435000,0.845315231000,-0.150223277000,0.071194998000,0.057781009000,-0.225710083000,-0.182193200000,0.575360190000,-0.283472116000,0.061131305000,0.128791213987,-0.022070333660,-0.036332758329,0.128880820756,0.267210559450,0.038617038987,-0.042098535695,0.560773400794,-1.109826670560,-0.764915852510,0.464699501115,-0.057454961719,-0.168121382396,0.435713783516,1.444803882072,0.679140263204,-1.016275273951,-0.485092878303
0.010198787000,-0.386836913000,0.766623945000,0.973774822000,0.014299362000,0.100228103000,0.203746049000,-0.944043035000,0.100601657000,0.257221195000,0.730612665000,-0.133211307000,0.082586921000,0.047215246000,-0.222713822000,-0.199388615000,0.548406895000,-0.239347680000,0.074359742000,0.134968236992,-0.032891443426,-0.017150652379,0.118861225982,0.285917669107,0.042660815549,0.000996333777,0.621203552718,-1.084401719813,-0.762700583053,0.464622347715,-0.059975587033,-0.187569700499,0.436103363376,1.471075953845,0.677959684311,-1.014170614439,-0.484864850217
0.018201177000,-0.376338373000,0.776435928000,0.966337103000,0.012071896000,0.138227988000,0.216656169000,-0.821519754000,0.092850819000,0.298446791000,0.624424458000,-0.131669245000,0.096729663000,0.029267445000,-0.231032016000,-0.201955990000,0.568982827000,-0.196527923000,0.092616036000,0.129770025959,-0.049407406850,-0.013310002691,0.115737925454,0.309345566649,0.040192611848,0.041486477676,0.651459478498,-1.081825053689,-0.760405464581,0.464533734573,-0.037582399414,-0.194668391841,0.430742181418,1.466349499856,0.676803473974,-1.012083705559,-0.484641950740
0.036613948000,-0.357036143000,0.780702077000,0.958765955000,0.021552668000,0.146900529000,0.242329446000,-0.676483857000,0.078824192000,0.355288233000,0.514784146000,-0.148559600000,0.116121964000,-0.026009914000,-0.235623655000,-0.169042348000,0.682612138000,-0.164297141000,0.099651490000,0.102920064602,-0.066412082847,-0.022169254756,0.147118740165,0.326197552125,0.041961761822,0.079446133597,0.706266316635,-1.089742420642,-0.758203935819,0.464425423189,0.000575492800,-0.208325243764,0.419526472061,1.491509825710,0.675632275947,-1.010003976831,-0.484420802651
0.062997703000,-0.331321568000,0.782422042000,0.949472612000,0.029884152000,0.146653315000,0.275865006000,-0.538991114000,0.060099527000,0.407834902000,0.436891031000,-0.187756497000,0.129874930000,-0.113615847000,-0.229467067000,-0.127468125000,0.826068285000,-0.141582184000,0.097308546000,0.063314443684,-0.083643467799,-0.025807620584,0.166960496580,0.335905022585,0.028012866714,0.127077038370,0.745363695620,-1.124252655362,-0.756053981283,0.464296447170,0.043756315544,-0.206912500863,0.402433534823,1.498456004899,0.674425199957,-1.007932929839,-0.484198667760
0.087091784000,-0.305258071000,0.780689942000,0.937400146000,0.038606800000,0.142947056000,0.315208853000,-0.430053509000,0.043935633000,0.464386955000,0.376778863000,-0.227502981000,0.124725828000,-0.206424176000,-0.211182134000,-0.089433994000,0.976161562000,-0.142719419000,0.092745320000,0.006779747280,-0.092710687363,-0.027159733771,0.185512137709,0.304720012090,0.017436755971,0.128933425404,0.757789628327,-1.164669991009,-0.754131811103,0.464147553437,0.060888150681,-0.208653163757,0.381223078314,1.504657525188,0.673178278563,-1.005868992681,-0.483974013740
0.102096953000,-0.282998753000,0.776775074000,0.924859225000,0.047410664000,0.133078381000,0.353097419000,-0.330535093000,0.029538785000,0.486800839000,0.351584959000,-0.289148590000,0.107995320000,-0.345271095000,-0.188850821000,-0.059889718000,1.086266368000,-0.154709042000,0.073168921000,-0.074876447927,-0.096143942847,-0.041652753525,0.204130902985,0.288226556865,0.013844980508,0.129291371305,0.766175748643,-1.199903822858,-0.751841765665,0.463983705392,0.094287124775,-0.220481938356,0.355637973517,1.492590853611,0.671933690893,-1.003807289325,-0.483730824994
0.110373028000,-0.265815364000,0.771047375000,0.913058536000,0.051103657000,0.124589513000,0.384954517000,-0.246326669000,0.027021974000,0.485369468000,0.345965527000,-0.348864363000,0.069825494000,-0.472017709000,-0.179892526000,-0.050588701000,1.175278950000,-0.176362838000,0.060216067000,-0.163012084869,-0.093242313736,-0.053231430361,0.216395161871,0.246041009344,0.024427801872,0.080186036986,0.778706729836,-1.222225592001,-0.749616137337,0.463809429205,0.111216386605,-0.239204645993,0.324368141204,1.480225520458,0.670716718269,-1.001744957665,-0.483462984056
0.116540352000,-0.255002703000,0.763500498000,0.903755392000,0.053952723000,0.117381183000,0.408089394000,-0.171040295000,0.030629632000,0.453801516000,0.355658463000,-0.398266714000,0.033455863000,-0.600531820000,-0.169787520000,-0.050435110000,1.196244029000,-0.189838805000,0.047116982000,-0.219843543483,-0.093563298666,-0.056243302463,0.209370131161,0.228881804307,0.032500099923,0.078623691138,0.868706728491,-1.216117710936,-0.747528652784,0.463627325624,0.108892581144,-0.240975300043,0.289162276487,1.478349154850,0.669526991854,-0.999683273214,-0.483171577546
0.122521547000,-0.248478867000,0.754890072000,0.896852503000,0.053335011000,0.118903565000,0.422697180000,-0.094410503000,0.036778699000,0.425798358000,0.363469860000,-0.430341995000,-0.005243905000,-0.680508557000,-0.161332855000,-0.064894074000,1.107107712000,-0.179884664000,0.046128394000,-0.262913228471,-0.093318843809,-0.068928079231,0.214366690516,0.222667051094,0.030297194142,0.129824756392,0.958706728491,-1.188414861210,-0.745691083668,0.463437913730,0.111733566474,-0.234179329352,0.254857914961,1.476385191902,0.668389244737,-0.997621982020,-0.482856447367
0.125489713000,-0.244074674000,0.747017899000,0.893644583000,0.050383493000,0.126113782000,0.427733770000,-0.011607911000,0.047060542000,0.439229060000,0.345509897000,-0.433840191000,-0.061265381000,-0.692528938000,-0.161197302000,-0.114321105000,0.831259817000,-0.125292537000,0.062176577000,-0.280232210799,-0.089515864346,-0.093011060004,0.219340706579,0.189753992834,0.026644240752,0.180511200652,1.048706728234,-1.145331933473,-0.744145751599,0.463237301422,0.103120163398,-0.233931046561,0.223644619583,1.489775602349,0.667305189214,-0.995559374259,-0.482526984986
0.124859886000,-0.244734996000,0.740053013000,0.894899832000,0.044350281000,0.132903595000,0.423702701000,0.060985027000,0.060751089000,0.443392309000,0.336945735000,-0.440473606000,-0.106955625000,-0.678845657000,-0.165528441000,-0.183937147000,0.550132691000,-0.041290241000,0.072510101000,-0.295377363445,-0.085886142810,-0.107523772983,0.226191145237,0.157640129145,0.023689780455,0.216194601649,1.115106942908,-1.072732291147,-0.743634387936,0.463022434591,0.110541547263,-0.230253641560,0.196122830024,1.498177590665,0.666257664901,-0.993497248442,-0.482193297673
0.118199206000,-0.252079836000,0.733366729000,0.898065259000,0.040665358000,0.132303923000,0.417517413000,0.126153955000,0.076258063000,0.440122299000,0.330232544000,-0.450012511000,-0.136539058000,-0.650916450000,-0.174959834000,-0.304363735000,0.319233127000,0.052431722000,0.064528222000,-0.303302614922,-0.084889135988,-0.114460231219,0.230448904505,0.153334821570,0.012303291231,0.182376428446,1.065895065820,-0.972732292586,-0.745669090292,0.462793140258,0.118263486729,-0.231159086398,0.172711730214,1.511633779251,0.665216165503,-0.991435153688,-0.481865415814
0.109048380000,-0.260554292000,0.728062026000,0.902786043000,0.039335345000,0.131238153000,0.407684485000,0.171521677000,0.094021565000,0.442114336000,0.332231789000,-0.456680443000,-0.153403949000,-0.641083507000,-0.175838193000,-0.392984962000,0.198880869000,0.108734491000,0.041477901000,-0.319021151226,-0.082222661685,-0.106127138550,0.233379199134,0.140430430765,-0.014538474157,0.092376428446,0.985641398826,-0.872732292586,-0.746497058878,0.462558224111,0.131323826411,-0.240526360567,0.153959494555,1.526242210152,0.664139761210,-0.989370547101,-0.481555244238
0.102404408000,-0.266247712000,0.723015276000,0.907256646000,0.040873372000,0.128730460000,0.398300408000,0.208202402000,0.110855710000,0.444189844000,0.337952098000,-0.454377459000,-0.157898738000,-0.643065148000,-0.172948717000,-0.406633531000,0.157301577000,0.133481311000,0.025869385000,-0.330604112117,-0.083024994300,-0.096844509555,0.250453967749,0.120641131380,-0.036633215117,0.002376428446,1.005588128324,-0.772732292586,-0.746490701684,0.462326299451,0.137876685007,-0.253455489228,0.139517996770,1.536412538073,0.662984406481,-0.987302965189,-0.481272108212
0.100144879000,-0.268722230000,0.721905312000,0.909472468000,0.041785779000,0.130475452000,0.392542908000,0.231194664000,0.127966262000,0.397128090000,0.374000206000,-0.460364882000,-0.140823731000,-0.644920364000,-0.177669223000,-0.385823077000,0.180690086000,0.139791173000,0.007096747000,-0.335090663569,-0.086707514916,-0.088185612198,0.254743547191,0.144109250262,-0.039119759613,-0.087623571554,0.963194507367,-0.672732292586,-0.745906769956,0.462100658679,0.149572723458,-0.260594537915,0.128673267100,1.541102870894,0.661732039680,-0.985233453254,-0.481022544765
0.102063685000,-0.268707967000,0.720238186000,0.909823535000,0.042362927000,0.123370403000,0.393962260000,0.262203917000,0.144030210000,0.341827044000,0.408782117000,-0.452293136000,-0.113021448000,-0.632627725000,-0.181870343000,-0.331552403000,0.250956510000,0.121213705000,-0.000009233000,-0.337479450216,-0.094291051212,-0.081343518755,0.260821539175,0.159855029232,-0.024076039952,-0.172657737026,0.955011854065,-0.572732292586,-0.744917023057,0.461884242022,0.165737283565,-0.256530223571,0.120198760858,1.546212743245,0.660364950689,-0.983159969604,-0.480807867208
0.102100218000,-0.270287788000,0.719073492000,0.911158085000,0.046106338000,0.110174862000,0.394368673000,0.278884137000,0.158403527000,0.280740524000,0.456046000000,-0.428481988000,-0.072487215000,-0.601882079000,-0.187157147000,-0.287662901000,0.313012808000,0.093718382000,0.003977592000,-0.333836124744,-0.101054754347,-0.081458554704,0.256909232047,0.169310198058,-0.002012369800,-0.162313232697,0.975051006339,-0.472732292586,-0.743781809880,0.461677629938,0.181778427175,-0.251321378474,0.113352901985,1.550280870035,0.658871872801,-0.981072398092,-0.480625095352
0.098302971000,-0.271564308000,0.716029134000,0.911968159000,0.052280323000,0.095699489000,0.395502785000,0.266889686000,0.167820503000,0.213148391000,0.535088679000,-0.399777456000,-0.018690167000,-0.580600634000,-0.186780399000,-0.242646149000,0.388913592000,0.053977005000,0.006848361000,-0.336426664016,-0.107570885262,-0.100638899953,0.248156950043,0.175178537492,0.005255493917,-0.072313232697,1.000647113735,-0.372732292586,-0.746710544360,0.461481749350,0.181434950807,-0.245116551226,0.108141401045,1.550707220155,0.657290038671,-0.978967846729,-0.480466514235
0.097853284000,-0.265163308000,0.712410957000,0.911621974000,0.061018460000,0.087825210000,0.396873854000,0.250792041000,0.173995614000,0.176080480000,0.592202062000,-0.386419690000,0.019536147000,-0.581710377000,-0.185444328000,-0.205425437000,0.469912849000,0.005744156000,0.010576548000,-0.338967368638,-0.107770497743,-0.116063661582,0.242611749419,0.189047984458,0.032055875536,0.017686767303,1.022634019803,-0.472715514266,-0.749522787175,0.461298664353,0.170630531029,-0.243207398687,0.104209176646,1.549565407023,0.655652766314,-0.976848853860,-0.480327159820
0.096756079000,-0.268622650000,0.707157403000,0.911792622000,0.070446261000,0.081296859000,0.396310939000,0.230090991000,0.179550544000,0.150415862000,0.658557087000,-0.386652444000,0.052082094000,-0.589574314000,-0.184849800000,-0.175912596000,0.551912958000,-0.034450708000,0.010925120000,-0.338523235027,-0.109809599938,-0.119460825732,0.229175306653,0.253043501075,0.028308838681,0.107686767303,0.932634019803,-0.572715514266,-0.752037810579,0.461127146284,0.165730075718,-0.241406803924,0.101718109609,1.544586760256,0.654009906133,-0.974720853812,-0.480198897005
0.089161732000,-0.295327882000,0.699511869000,0.911389892000,0.078214177000,0.073913386000,0.397225149000,0.198029987000,0.187604979000,0.130285057000,0.719798876000,-0.401110200000,0.085503661000,-0.607083890000,-0.191726579000,-0.153846030000,0.645331061000,-0.080539960000,0.011744580000,-0.324769056195,-0.113567558841,-0.122689875941,0.212386774063,0.282635268852,0.042961553993,0.197686767303,0.966769371388,-0.672715514266,-0.754608459124,0.460967374724,0.141508874520,-0.234913279024,0.101136196981,1.541107655825,0.652379307336,-0.972584789410,-0.480078174069
0.069076560000,-0.345189487000,0.690169385000,0.910010953000,0.086493109000,0.068247249000,0.399676520000,0.182825758000,0.197202525000,0.128146213000,0.746583892000,-0.438385985000,0.119159729000,-0.628712235000,-0.201022872000,-0.129595849000,0.752789155000,-0.136499605000,0.005402891000,-0.316924418970,-0.116028746186,-0.123744884311,0.190150954571,0.320543974094,0.013440256720,0.287686767302,0.925939387134,-0.772715514266,-0.755703860754,0.460821346508,0.128109267464,-0.227971630661,0.102743936351,1.534345933585,0.650780389509,-0.970441200372,-0.479962692616
0.046297788000,-0.379555476000,0.681791012000,0.906500034000,0.094753342000,0.064213630000,0.406394023000,0.176915378000,0.204910704000,0.133106654000,0.757762882000,-0.473856500000,0.142145108000,-0.648108493000,-0.211196758000,-0.113717957000,0.851415368000,-0.182841005000,-0.001779059000,-0.311220383827,-0.119444691384,-0.131490500816,0.172050794476,0.349261608701,-0.025955023605,0.377686767302,0.881685587210,-0.872715514266,-0.752338687409,0.460686680838,0.105560079200,-0.224618396284,0.106884555197,1.528280966298,0.649215881606,-0.968290127547,-0.479851773943
0.023090018000,-0.391138321000,0.674627607000,0.905203223000,0.099926994000,0.056281380000,0.409211593000,0.167849721000,0.209379607000,0.129627403000,0.776990604000,-0.501205331000,0.153984474000,-0.692480599000,-0.214017508000,-0.102612597000,0.940738305000,-0.212334808000,-0.006599822000,-0.310749868357,-0.118639150354,-0.139011708436,0.152894229275,0.361964739462,-0.035333677545,0.312482035186,0.791685590761,-0.972715333994,-0.750922881692,0.460564566149,0.074886442574,-0.219033308258,0.116610689616,1.511810729238,0.647700823449,-0.966138329626,-0.479740822409
-0.004016649000,-0.393418780000,0.668811825000,0.904645837000,0.105296802000,0.053831242000,0.409427272000,0.171550649000,0.211820514000,0.125425881000,0.786766446000,-0.523627948000,0.161518882000,-0.745730386000,-0.213862501000,-0.090669564000,1.029026331000,-0.235742207000,-0.007632104000,-0.312953628800,-0.115233968573,-0.149475142768,0.136800816397,0.383027482111,-0.025979088146,0.222482274658,0.704302700724,-1.025396490784,-0.747627576493,0.460454381334,0.046238159933,-0.216655642851,0.137739542480,1.484254762117,0.646244408085,-0.963990890611,-0.479622509280
-0.023557924000,-0.390296940000,0.664409924000,0.903945557000,0.109540566000,0.052983875000,0.409970734000,0.179935750000,0.210954959000,0.122240136000,0.794156007000,-0.541407366000,0.166778915000,-0.803211999000,-0.213928405000,-0.083347361000,1.095538230000,-0.247915380000,-0.003524515000,-0.319227905628,-0.108690346589,-0.147347865999,0.136734396727,0.371514179316,-0.004479891068,0.132482275017,0.683056977981,-0.994858193032,-0.741545077239,0.460354725061,0.006937310814,-0.223690896243,0.174278212717,1.452431493208,0.644848600257,-0.961853972846,-0.479494926304
-0.030039646000,-0.385194882000,0.659782959000,0.903982572000,0.111309173000,0.052000319000,0.409538452000,0.192417240000,0.212563978000,0.118804533000,0.808008529000,-0.559353207000,0.166201839000,-0.875615147000,-0.214320624000,-0.075248659000,1.171759287000,-0.261191495000,-0.002890594000,-0.319186816409,-0.105548931621,-0.139538891650,0.137335643981,0.346970986295,0.013218109804,0.042482279284,0.681212719583,-0.905441214440,-0.734912360510,0.460266993732,-0.031958228003,-0.235999238029,0.222219513196,1.419766655980,0.643488495821,-0.959734460446,-0.479362932674
-0.029836570000,-0.379457179000,0.653055215000,0.906861318000,0.111019730000,0.051578576000,0.403257758000,0.201120099000,0.215682773000,0.112547629000,0.828032087000,-0.578343877000,0.166784140000,-0.964053600000,-0.210920612000,-0.061151657000,1.261478687000,-0.272923304000,-0.003123124000,-0.337615800442,-0.100560960404,-0.110063166519,0.141900670108,0.284494889475,0.016037941358,-0.047517720716,0.698197190640,-0.841475556707,-0.729687878273,0.460201381507,-0.066612823986,-0.241094372156,0.282924240039,1.366689934171,0.642126060841,-0.957641992311,-0.479236951085
-0.027433344000,-0.372741112000,0.642142820000,0.909767849000,0.110768107000,0.050880271000,0.396817447000,0.206996772000,0.218342387000,0.104585036000,0.860966514000,-0.596978867000,0.173723856000,-1.062217997000,-0.206353410000,-0.045440897000,1.360271671000,-0.280693603000,-0.005065859000,-0.357953814741,-0.097239920461,-0.080310134167,0.161785538728,0.222613288246,0.031716023412,-0.137517720716,0.670995495378,-0.795380887282,-0.725462948705,0.460166073378,-0.105906249969,-0.249361129014,0.340079402638,1.344610141890,0.640706249166,-0.955579344444,-0.479131927325
-0.025056148000,-0.365616501000,0.626848238000,0.911274108000,0.110203280000,0.050994865000,0.393489849000,0.210510051000,0.222554976000,0.093069129000,0.911194303000,-0.616068635000,0.179958848000,-1.162222057000,-0.203729495000,-0.032091133000,1.460379147000,-0.287446951000,-0.006821908000,-0.371177510542,-0.093024677297,-0.063090572206,0.173692530538,0.202528650153,0.049071942853,-0.227517720716,0.656604754039,-0.761833632077,-0.721946960588,0.460163227289,-0.116702933173,-0.261357948093,0.384174477106,1.267197682731,0.639217700984,-0.953546921370,-0.479052619266
-0.021975354000,-0.358872168000,0.611930285000,0.912468345000,0.109117509000,0.050160585000,0.391125050000,0.216383740000,0.228267632000,0.081399178000,0.968098900000,-0.626357486000,0.184042160000,-1.235045235000,-0.204118000000,-0.023557632000,1.541209963000,-0.298611568000,-0.005441291000,-0.382545082264,-0.091577145313,-0.051046394488,0.184117090982,0.197065321631,0.052749642397,-0.285155011367,0.642924710968,-0.737103226549,-0.718931916466,0.460190590849,-0.102959843517,-0.262727346962,0.417431000090,1.177197682731,0.637658881651,-0.951542244851,-0.479002512195
-0.020721673000,-0.354726216000,0.597223232000,0.912236951000,0.106780355000,0.041288578000,0.393340762000,0.205782252000,0.236174518000,0.069204371000,1.043275655000,-0.636373290000,0.183950931000,-1.309601411000,-0.206535154000,-0.014079165000,1.624669102000,-0.311097145000,-0.007376323000,-0.386410740207,-0.087396290757,-0.044984403500,0.180206296093,0.204053658077,0.051496694232,-0.310282002595,0.638926586527,-0.718574387323,-0.716269685226,0.460245516833,-0.086278034328,-0.264003441886,0.440369665674,1.097177302885,0.636025430188,-0.949560084678,-0.478984640317
-0.024084299000,-0.354990047000,0.583021432000,0.911841860000,0.106294097000,0.035965372000,0.394908190000,0.200125430000,0.244608641000,0.057222270000,1.112140120000,-0.650657517000,0.183371009000,-1.380791866000,-0.207478477000,-0.002567970000,1.708649572000,-0.325397926000,-0.009407538000,-0.389620747107,-0.081287664897,-0.045035744766,0.177219634286,0.224208299619,0.054360752521,-0.306886418563,0.646468944881,-0.704402953644,-0.713857458327,0.460326939636,-0.063833437873,-0.270814906122,0.452717298710,1.032254603266,0.634313856579,-0.947595831083,-0.478998148989
-0.031182908000,-0.360396230000,0.570113698000,0.911423066000,0.105308849000,0.032066747000,0.396471644000,0.188980810000,0.252342395000,0.045074326000,1.175469352000,-0.666440039000,0.179489438000,-1.446790579000,-0.209173748000,0.006643107000,1.780223686000,-0.342465725000,-0.009850293000,-0.389644414907,-0.074576921558,-0.047370289771,0.170670268052,0.238205077651,0.060827207358,-0.286718331818,0.667793380147,-0.693284842865,-0.711622832269,0.460435257559,-0.071825694640,-0.267149201681,0.461668478507,1.076484150381,0.632513455076,-0.945646146046,-0.479044289220
-0.038275250000,-0.367036892000,0.562717014000,0.911441084000,0.105645682000,0.029236471000,0.396559414000,0.184604031000,0.258288751000,0.035205098000,1.223159980000,-0.675824363000,0.174841648000,-1.494040514000,-0.210970881000,0.013288967000,1.835135717000,-0.358486396000,-0.011693996000,-0.387147882644,-0.069891112172,-0.055715607092,0.165608620770,0.252636186678,0.060988130792,-0.266430714170,0.694504699624,-0.684309443368,-0.709512655063,0.460567705859,-0.095684865226,-0.253733484151,0.471604017301,1.166484150381,0.630611266507,-0.943707032665,-0.479122849203
-0.042442372000,-0.371296730000,0.563464334000,0.912146855000,0.105315040000,0.027613954000,0.395138365000,0.179539678000,0.261399272000,0.029440734000,1.256533157000,-0.676802160000,0.168978320000,-1.516163254000,-0.210145389000,0.018281870000,1.868920365000,-0.375454727000,-0.018308131000,-0.387986742843,-0.063283672486,-0.061880800518,0.172527951861,0.258718934173,0.053698571086,-0.252703560202,0.712486231987,-0.676833983638,-0.707488724882,0.460722158972,-0.113233192953,-0.239914449569,0.482220788848,1.242291045985,0.628607855248,-0.941776410826,-0.479230386729
-0.044444825000,-0.372401820000,0.568808529000,0.912053762000,0.106884898000,0.028623139000,0.394859811000,0.176888809000,0.262294774000,0.030211078000,1.265506417000,-0.670615642000,0.163127444000,-1.518858870000,-0.210205227000,0.021795086000,1.880162459000,-0.389578621000,-0.022511793000,-0.382608988027,-0.056918768244,-0.067898366953,0.170054537665,0.258443768042,0.043276291582,-0.256411528496,0.722847753533,-0.670421339710,-0.705521837948,0.460890846474,-0.136382948777,-0.231990165658,0.487794477780,1.332291045985,0.626488471380,-0.939848297787,-0.479364865481
-0.044799970000,-0.370468698000,0.577644690000,0.912422120000,0.108358329000,0.032729468000,0.393285048000,0.172909289000,0.260657575000,0.034893102000,1.251382043000,-0.661513466000,0.157889659000,-1.506060296000,-0.208461237000,0.023560432000,1.871699067000,-0.400727564000,-0.031442622000,-0.382600033042,-0.047339889673,-0.071391392780,0.169014154914,0.253287755539,0.038194980205,-0.258523856047,0.735880054154,-0.664753051434,-0.703590460823,0.461068683425,-0.158751710005,-0.227536445364,0.489388346799,1.396834536864,0.624264867677,-0.937918422206,-0.479521210257
-0.042558343000,-0.367784991000,0.590664233000,0.912489848000,0.113278509000,0.040601160000,0.391001026000,0.168148628000,0.258606375000,0.043640039000,1.215497156000,-0.642546055000,0.151953363000,-1.489998874000,-0.206214211000,0.024072030000,1.850510990000,-0.404892025000,-0.039912821000,-0.379410804261,-0.038378400745,-0.080363957676,0.154998763705,0.254833170969,0.027155367538,-0.258130079200,0.754266657233,-0.659357789763,-0.701678249177,0.461248279974,-0.180268257748,-0.229649683724,0.484463285952,1.449289079308,0.621933610621,-0.935983601983,-0.479696346577
-0.038240236000,-0.365470232000,0.609110494000,0.909188479000,0.117572157000,0.038231517000,0.397607154000,0.172939352000,0.253785193000,0.059588766000,1.135464473000,-0.614140579000,0.146307031000,-1.451352823000,-0.201996021000,0.021893554000,1.804396168000,-0.409131811000,-0.048999612000,-0.380221854198,-0.029622866916,-0.082285058823,0.134767393758,0.252665367322,0.020400206926,-0.245213479232,0.763966685166,-0.611078311687,-0.699775498552,0.461423301947,-0.192415448818,-0.230306026869,0.474504673525,1.478191240388,0.619511366374,-0.934043449757,-0.479883289668
-0.031668997000,-0.361969262000,0.631755795000,0.908955981000,0.117448428000,0.050979160000,0.396744272000,0.167133195000,0.245505193000,0.082805031000,1.030072037000,-0.576216374000,0.143122202000,-1.368547897000,-0.197733747000,0.009331859000,1.704770062000,-0.411490337000,-0.054167621000,-0.376785383157,-0.026086134029,-0.076158046552,0.117880492734,0.235876243071,0.014963341165,-0.213820938794,0.818237711334,-0.511078311687,-0.698074957521,0.461589632759,-0.201101843612,-0.226563335981,0.461836336677,1.494019161365,0.617038524696,-0.932100253378,-0.480072295776
-0.022958439000,-0.356918504000,0.658288732000,0.907749300000,0.114465807000,0.067804981000,0.397858357000,0.154301154000,0.234022885000,0.116972381000,0.908570147000,-0.525264391000,0.139175649000,-1.250590674000,-0.189085793000,-0.010933609000,1.562616206000,-0.402181764000,-0.056784181000,-0.374589912355,-0.023826825624,-0.062057520699,0.116315799356,0.197002505170,-0.004206946077,-0.149790704365,0.908237707751,-0.433014468454,-0.695030596343,0.461743980075,-0.193724912669,-0.216546240480,0.448130773678,1.502373705760,0.614569698854,-0.930155015368,-0.480251909538
-0.015472152000,-0.351382987000,0.683042780000,0.906792848000,0.111580997000,0.084300468000,0.397705724000,0.138850931000,0.218275833000,0.155226746000,0.810070911000,-0.472811192000,0.130022499000,-1.128759307000,-0.178024321000,-0.035916230000,1.402580157000,-0.380233754000,-0.052624471000,-0.381994479499,-0.021541512570,-0.056132583482,0.113110386627,0.154232799476,-0.028657604522,-0.101372054973,0.998237707750,-0.402281747462,-0.690712852057,0.461881548181,-0.183741411234,-0.207089384549,0.435341194712,1.510453656039,0.612151047835,-0.928207103190,-0.480416028467
-0.012103680000,-0.343502764000,0.702433604000,0.910180450000,0.107786632000,0.122281455000,0.380789753000,0.047444137000,0.192483510000,0.166440052000,0.846848765000,-0.413381922000,0.136548798000,-0.986542311000,-0.164410331000,-0.063304898000,1.237183957000,-0.348480773000,-0.047092916000,-0.362885853309,-0.026721262955,-0.040636991684,0.124008201544,0.129841278002,-0.035074003626,-0.100129150686,1.034885534723,-0.388309023748,-0.684352876062,0.462010070418,-0.154345476601,-0.214013797639,0.423628224613,1.520726284501,0.609849213490,-0.926252969758,-0.480559069382
-0.014981855000,-0.337328820000,0.715762642000,0.912673896000,0.099512435000,0.137119330000,0.371916555000,-0.061098272000,0.163744209000,0.165487332000,0.933801023000,-0.360359144000,0.137077515000,-0.848859454000,-0.152421162000,-0.094544661000,1.058694128000,-0.309291933000,-0.033278107000,-0.344318225313,-0.029192784477,-0.028584874273,0.134480375536,0.126056467341,-0.041699443213,-0.125403467899,1.020579529127,-0.384963649930,-0.677401732796,0.462119650956,-0.129156528893,-0.223933567950,0.413924874647,1.529566349008,0.607698749988,-0.924293493664,-0.480684293687
-0.019533673000,-0.327135472000,0.724295953000,0.918818546000,0.086850356000,0.139329393000,0.358910597000,-0.190939877000,0.133227358000,0.158396407000,1.054863435000,-0.320479384000,0.140663322000,-0.717129867000,-0.138519917000,-0.118181136000,0.908425497000,-0.273088833000,-0.022665920000,-0.315862636948,-0.035215984786,-0.030045126749,0.164973763850,0.119357912148,-0.029091168417,-0.140440773183,1.022391936288,-0.377063515541,-0.669744136467,0.462218359126,-0.087216601923,-0.241357146672,0.406390798862,1.538433076429,0.605729539416,-0.922325647850,-0.480791356396
-0.022843779000,-0.318021366000,0.729416802000,0.929280677000,0.074302830000,0.119427933000,0.341545724000,-0.332043534000,0.104348455000,0.150794919000,1.166423110000,-0.295136329000,0.149711566000,-0.572303760000,-0.127245206000,-0.146101460000,0.757410310000,-0.242115984000,-0.009912752000,-0.267536326719,-0.040571078673,-0.048919740903,0.198754884662,0.144144301582,-0.019349050286,-0.181824178907,0.932391942448,-0.353657562660,-0.662309528863,0.462303349958,-0.054323882886,-0.233100632655,0.402389721625,1.537956622995,0.603972687562,-0.920357045138,-0.480878080124
-0.022594583000,-0.313415236000,0.730976092000,0.939831240000,0.059288903000,0.107067819000,0.318964807000,-0.441280645000,0.084243958000,0.150065532000,1.202588335000,-0.292495910000,0.166342236000,-0.445412493000,-0.120172381000,-0.178066237000,0.625488673000,-0.208143345000,0.011057041000,-0.211042819321,-0.044080256288,-0.078069718407,0.228842813867,0.168865239651,-0.003000067670,-0.205328389991,0.842391945190,-0.313004423899,-0.656197361643,0.462376467098,-0.019628262025,-0.225217024802,0.403218366319,1.533641168668,0.602443145726,-0.918400503929,-0.480940729063
-0.015603787000,-0.311105247000,0.730235651000,0.948489685000,0.047762187000,0.096048241000,0.298095330000,-0.537927917000,0.085082758000,0.153824051000,1.196713425000,-0.287732615000,0.173552588000,-0.342751481000,-0.121199489000,-0.208418743000,0.526161851000,-0.177342845000,0.031643845000,-0.167315304354,-0.044862550272,-0.101237455743,0.279247215904,0.202676360544,0.012474927664,-0.185156137044,0.752554865221,-0.256352926278,-0.648031538977,0.462437941945,0.010143327114,-0.226220311148,0.408118649311,1.532502699106,0.601128064991,-0.916456246396,-0.480981022080
-0.000957306000,-0.304762353000,0.728987914000,0.953808037000,0.040868538000,0.088133298000,0.284275419000,-0.640850076000,0.093020735000,0.166573813000,1.135436155000,-0.273946348000,0.181512937000,-0.256174294000,-0.128253372000,-0.240684224000,0.445954178000,-0.154601545000,0.052790871000,-0.129673563716,-0.041265070050,-0.106718024717,0.307744179092,0.238016804138,0.026403513994,-0.172031086327,0.662650285295,-0.210424548416,-0.639402898237,0.462486352625,0.010394023974,-0.226812457062,0.417753058687,1.526855188522,0.600024337894,-0.914526910765,-0.481002222345
0.019355681000,-0.291564768000,0.729408035000,0.956398651000,0.032271493000,0.092751919000,0.275058636000,-0.677637766000,0.108014990000,0.193099481000,0.990110023000,-0.247471449000,0.183804278000,-0.180123482000,-0.138775442000,-0.265176496000,0.401548832000,-0.152349724000,0.067619547000,-0.100603133117,-0.041720407184,-0.107458965186,0.330114670967,0.245759188258,0.037036099548,-0.155470312952,0.634015744341,-0.216431284347,-0.635372366679,0.462516429454,0.020521112431,-0.219211069301,0.432672627862,1.521573292004,0.599124072276,-0.912613432831,-0.481000768885
0.043437875000,-0.273416000000,0.728192873000,0.955957313000,0.026126302000,0.091774919000,0.277561518000,-0.613952894000,0.096217786000,0.295988213000,0.657431973000,-0.195250404000,0.181086298000,-0.075288055000,-0.144697653000,-0.300500714000,0.354197128000,-0.165373523000,0.084345309000,-0.075092721386,-0.040679854537,-0.095250588857,0.354594358332,0.264031074129,0.044830480191,-0.091609541012,0.610305636271,-0.316431284347,-0.631962249036,0.462509427263,0.038592317769,-0.212744300623,0.450980754340,1.517204181542,0.598463768008,-0.910715336889,-0.480964754865
0.070930898000,-0.261526023000,0.721986200000,0.957767841000,0.019204067000,0.086930506000,0.273413703000,-0.671085115000,0.085393252000,0.364105660000,0.536149804000,-0.150620224000,0.177112506000,0.004238317000,-0.148034021000,-0.302554788000,0.352089168000,-0.195559076000,0.074346802000,-0.044965170801,-0.048055630392,-0.108493537180,0.368050660217,0.302490238190,0.042267352810,-0.020167810519,0.571233238688,-0.416431284101,-0.627941125497,0.462457932465,0.043548224953,-0.197479665515,0.471718695360,1.498708713934,0.598027693719,-0.908846758972,-0.480894603625
0.099973095000,-0.259776201000,0.713705235000,0.961211440000,0.016417878000,0.079811290000,0.263501765000,-0.725659358000,0.082841605000,0.408539684000,0.470246678000,-0.109591245000,0.174448640000,0.076198032000,-0.149796997000,-0.288971448000,0.354285173000,-0.216812575000,0.065280715000,-0.004119573276,-0.052464252031,-0.125888573074,0.380450536301,0.355248153201,0.031393654968,0.069832189479,0.535654642065,-0.516431284101,-0.624697297419,0.462365027753,0.038642162119,-0.184002541946,0.489503122207,1.501088282407,0.597756306617,-0.907012143417,-0.480800861912
0.120729570000,-0.263085830000,0.705389623000,0.963876109000,0.015071062000,0.072616720000,0.255817358000,-0.743187752000,0.088276367000,0.517229565000,0.366885649000,-0.066365525000,0.175783797000,0.141071867000,-0.153515228000,-0.280147234000,0.354831838000,-0.227561258000,0.061219762000,0.021854314729,-0.050876759785,-0.130409736675,0.391721694779,0.397969237374,0.033561706371,0.159832188381,0.625654642011,-0.616431282634,-0.621991593823,0.462237569190,0.040302442912,-0.176720688860,0.499507255527,1.493221777971,0.597623826297,-0.905215918388,-0.480693012647
0.133318988000,-0.265923384000,0.698717791000,0.963424780000,0.015187843000,0.075270158000,0.256741945000,-0.756468811000,0.088349237000,0.642350685000,0.276826869000,-0.030716627000,0.178032224000,0.199849105000,-0.156041697000,-0.274432748000,0.350662497000,-0.233323822000,0.054680577000,0.046629231484,-0.046943116120,-0.135754735114,0.411733742504,0.409270600689,0.013593825179,0.222486966173,0.695260283907,-0.716431278913,-0.619659944267,0.462078215409,0.054271932795,-0.171688688403,0.496850956928,1.478172502799,0.597595868753,-0.903460125538,-0.480576634760
0.145500403000,-0.265194484000,0.694962061000,0.961724403000,0.013690568000,0.080924227000,0.261438351000,-0.778511771000,0.078225772000,0.718450520000,0.230378722000,-0.003549961000,0.181353645000,0.241372955000,-0.155166090000,-0.258533067000,0.368686849000,-0.243442108000,0.045939486000,0.063592057079,-0.042259054174,-0.145600629591,0.425680948085,0.426268973971,0.001383015491,0.255519008255,0.727145053024,-0.816431278913,-0.617580127056,0.461890586784,0.064526943724,-0.178060044327,0.481596776846,1.491116502945,0.597621605570,-0.901740629706,-0.480457793842
0.155965694000,-0.264051432000,0.690583817000,0.959934703000,0.013435885000,0.079042208000,0.268509165000,-0.796742742000,0.072987544000,0.770572829000,0.205808503000,0.022119131000,0.182018681000,0.291123485000,-0.156755353000,-0.256757960000,0.372042329000,-0.250643151000,0.041941864000,0.078373219590,-0.038640023641,-0.171494896815,0.451028083656,0.455402865084,-0.013510716194,0.302791534306,0.809042127851,-0.916431275872,-0.615664129519,0.461679301297,0.063599992625,-0.178683868302,0.455989955923,1.495575801854,0.597660134904,-0.900058909670,-0.480342033436
0.173010141000,-0.258922962000,0.689152259000,0.956880767000,0.016099656000,0.076743227000,0.279697113000,-0.809575324000,0.073475381000,0.764666762000,0.228590133000,0.036671456000,0.185525780000,0.337263513000,-0.163648393000,-0.245585128000,0.395747215000,-0.267601647000,0.041492888000,0.088711541900,-0.036651386005,-0.186388829685,0.455474378467,0.484594103985,-0.029332320116,0.304583745291,0.899042127851,-0.985511006558,-0.613851000681,0.461447371613,0.063688535487,-0.183157004271,0.420085728681,1.483041901894,0.597702705902,-0.898415643039,-0.480225519697
0.191992845000,-0.249715211000,0.684930169000,0.955365224000,0.017662299000,0.065615343000,0.287506451000,-0.797188918000,0.078823355000,0.735813178000,0.260730646000,0.054969324000,0.180599009000,0.382556674000,-0.169798662000,-0.233861163000,0.417320555000,-0.270419587000,0.040486208000,0.095354893805,-0.037771070603,-0.195540896944,0.472784737845,0.499194938890,-0.033009844827,0.336695404315,0.989042127851,-1.031874292588,-0.612098792756,0.461199210139,0.080775647547,-0.183366562127,0.377231010027,1.489540939825,0.597703880177,-0.896801763729,-0.480107051371
0.210055410000,-0.234749596000,0.679942016000,0.956666615000,0.019597405000,0.051916946000,0.285848842000,-0.776145646000,0.086620065000,0.696196190000,0.293437878000,0.069006508000,0.171050637000,0.423261665000,-0.180178376000,-0.230866550000,0.438530092000,-0.268614431000,0.042223988000,0.092856507681,-0.042557547175,-0.202708649333,0.481453537939,0.514798808798,-0.042040592062,0.395066407607,1.079042127851,-1.062211589090,-0.610381827231,0.460937145967,0.102786951146,-0.179561586586,0.331756291387,1.488870993451,0.597636913215,-0.895207924075,-0.479982085433
0.231884543000,-0.214142217000,0.675087825000,0.958312600000,0.019344635000,0.036681199000,0.282696366000,-0.764473006000,0.092029385000,0.634066196000,0.333861951000,0.071193946000,0.162346778000,0.454848434000,-0.190642809000,-0.231442539000,0.457652037000,-0.272191356000,0.044077668000,0.102769367575,-0.045790521103,-0.197066421610,0.468342356484,0.512199733890,-0.044825690762,0.453496931474,1.169042127851,-1.081240263671,-0.608682446685,0.460659715405,0.113863603793,-0.176124334533,0.289365160852,1.506542400430,0.597488247862,-0.893623407478,-0.479847232216
0.259488537000,-0.198736143000,0.670054461000,0.961398376000,0.021921368000,0.013617521000,0.273947401000,-0.791209047000,0.097604430000,0.500715846000,0.420510327000,0.057436070000,0.147275551000,0.461609437000,-0.201279956000,-0.222916049000,0.501593840000,-0.280384385000,0.046250013000,0.114358625024,-0.047562292333,-0.197327680816,0.450306317252,0.483189656322,-0.035594431528,0.492696998743,1.259042127851,-1.092314998919,-0.606990645731,0.460366091667,0.111332199352,-0.182211234966,0.252043220754,1.515267896509,0.597256431336,-0.892037823064,-0.479698002841
0.282342199000,-0.191468460000,0.666769316000,0.966333106000,0.019288308000,0.000915233000,0.256568610000,-0.858107797000,0.104470976000,0.381115594000,0.549842694000,0.020011319000,0.138241921000,0.472677850000,-0.209836480000,-0.222231693000,0.520468270000,-0.293361391000,0.053551022000,0.132334315474,-0.047100805394,-0.203018068206,0.406067591381,0.450864311681,-0.019071332915,0.510129852088,1.349042127851,-1.097819672596,-0.605308934921,0.460058478188,0.110315326217,-0.176370133084,0.221872760513,1.513703930367,0.596943352091,-0.890449160961,-0.479528158605
0.288636509000,-0.189664238000,0.663352313000,0.969614010000,0.019148955000,-0.008917788000,0.243726205000,-0.929043007000,0.111721399000,0.310271381000,0.677489429000,-0.017213373000,0.138632480000,0.471998391000,-0.216803777000,-0.213923691000,0.550221277000,-0.305064790000,0.057526049000,0.155438741825,-0.047928893854,-0.197126136118,0.374539780245,0.431743747944,-0.020840543298,0.505340189733,1.336562104573,-1.099460238155,-0.603638845279,0.459742805781,0.105501562919,-0.165067317188,0.199378512479,1.508640482673,0.596540703310,-0.888856580161,-0.479337701013
0.282732596000,-0.192338208000,0.657897752000,0.973132727000,0.018107158000,-0.017095399000,0.228894241000,-1.010119675000,0.119589834000,0.266864256000,0.798220627000,-0.057932662000,0.141587663000,0.450261265000,-0.215914831000,-0.204846364000,0.577365423000,-0.325477987000,0.053735354000,0.160737726339,-0.040340941144,-0.186343976788,0.345433134782,0.383581865812,-0.012299193759,0.464054730371,1.246562104573,-1.098484370362,-0.601992961085,0.459428916042,0.098478203312,-0.151229717905,0.188956088230,1.489620597609,0.596055387704,-0.887261303737,-0.479123197645
0.268983713000,-0.208711402000,0.653601675000,0.974395191000,0.019178109000,-0.017931283000,0.223304011000,-1.063066220000,0.130135026000,0.253033548000,0.859234970000,-0.072202142000,0.136289271000,0.417106789000,-0.217401730000,-0.196566299000,0.612876972000,-0.342689698000,0.054806774000,0.163227086895,-0.037113344763,-0.175944144804,0.324021523390,0.358875085523,-0.013088750678,0.412797956527,1.156562104573,-1.101510822973,-0.600381690278,0.459125149422,0.076624406877,-0.133158066164,0.196319371023,1.475343182711,0.595494749774,-0.885668917492,-0.478886627818
0.255130084000,-0.237285598000,0.649809600000,0.974881793000,0.020307128000,-0.012982193000,0.221414932000,-1.136398595000,0.134866759000,0.234712801000,0.942636474000,-0.097091525000,0.136330189000,0.380408806000,-0.216093700000,-0.190985989000,0.633612128000,-0.363980111000,0.058287020000,0.167612439949,-0.029880624352,-0.173685949978,0.288786553296,0.321769338747,-0.009009491629,0.385866737324,1.066562104573,-1.149123342268,-0.598809584663,0.458837638370,0.041230449433,-0.121634514495,0.219491711570,1.471504438888,0.594874311753,-0.884086238926,-0.478633466788
0.235114743000,-0.269671706000,0.644644999000,0.974904997000,0.022956337000,-0.007105231000,0.221320511000,-1.212923346000,0.136497023000,0.217344434000,1.036196377000,-0.119587984000,0.129837842000,0.361198317000,-0.215076155000,-0.188342105000,0.641662789000,-0.382036805000,0.065381500000,0.173907894270,-0.026332862250,-0.184480778779,0.258051225925,0.320949251292,-0.014798199172,0.339365834889,0.976562104573,-1.207952433724,-0.597272991479,0.458562268764,0.013342967271,-0.121310924339,0.254944033437,1.460198363970,0.594231520224,-0.882515875776,-0.478362423272
0.207096155000,-0.302568751000,0.638631746000,0.974969599000,0.024162455000,-0.001842408000,0.221013714000,-1.280174123000,0.138415353000,0.206162705000,1.118579551000,-0.138966366000,0.121264237000,0.354305298000,-0.215611142000,-0.187880060000,0.647407456000,-0.396843421000,0.078216458000,0.177199663408,-0.025868326848,-0.186845014032,0.240343548114,0.330547957408,-0.013752902890,0.281297503721,0.886562104573,-1.254877934553,-0.595769615785,0.458293590458,0.005832412739,-0.129187672359,0.299554085753,1.428430572746,0.593612453982,-0.880960440362,-0.478069595629
0.163355319000,-0.335528885000,0.632846708000,0.974769467000,0.026235056000,0.005636000000,0.221595226000,-1.359802352000,0.140443628000,0.195369885000,1.204134307000,-0.158633979000,0.117871614000,0.332176570000,-0.219090212000,-0.182561602000,0.677683102000,-0.415096648000,0.090060377000,0.178090787665,-0.025988644687,-0.171725298522,0.212343814870,0.329700172561,-0.004122821139,0.209401522510,0.796562104573,-1.285214223369,-0.594302390794,0.458030167566,-0.007598117590,-0.139926926436,0.354027842719,1.366253303570,0.593058250602,-0.879427432413,-0.477756949777
0.113469369000,-0.362859788000,0.629378679000,0.975814386000,0.027357039000,0.017355173000,0.216186666000,-1.436634613000,0.140379958000,0.184218188000,1.284143606000,-0.181558746000,0.117030905000,0.313321235000,-0.223566826000,-0.176111240000,0.704784407000,-0.427857859000,0.096917864000,0.175904024565,-0.025272741020,-0.160003455802,0.204035875526,0.320960162541,0.015652925190,0.148958866313,0.717798228965,-1.303909062986,-0.592876606375,0.457773228483,-0.016298903316,-0.156321212513,0.412401013409,1.276253303570,0.592589709699,-0.877922894920,-0.477428520330
0.076807784000,-0.381620054000,0.627492219000,0.977994276000,0.031631489000,0.022924725000,0.204941703000,-1.504715839000,0.141643271000,0.175769600000,1.351713654000,-0.202671687000,0.118630685000,0.294106004000,-0.230582332000,-0.167857522000,0.746714149000,-0.441888221000,0.107732686000,0.169883749785,-0.026607087274,-0.138495870298,0.194552437101,0.308420249877,0.034798091306,0.094499019189,0.683786643016,-1.314434706374,-0.591493869831,0.457522628957,-0.015677465459,-0.180649679670,0.466199215818,1.186253303570,0.592227240096,-0.876446262269,-0.477083325112
0.058286666000,-0.395035199000,0.625905990000,0.981158155000,0.036080833000,0.025617787000,0.188070671000,-1.574740660000,0.145032683000,0.171145416000,1.400042566000,-0.219373057000,0.119949549000,0.257469626000,-0.239059752000,-0.159127856000,0.795936368000,-0.457307320000,0.117152773000,0.157424650530,-0.021384101783,-0.112574330889,0.170454263486,0.246819297738,0.059388334367,0.020034497199,0.627790014035,-1.319266750675,-0.590164242010,0.457285985855,-0.050608973373,-0.188063553686,0.518744108872,1.096253303570,0.591966185568,-0.875008424678,-0.476731810893
0.050089149000,-0.404349163000,0.623921514000,0.984219317000,0.040437395000,0.026596814000,0.170205060000,-1.626290069000,0.150738236000,0.169257111000,1.431029832000,-0.228416363000,0.118233354000,0.241018098000,-0.248522925000,-0.151617646000,0.836855342000,-0.469709975000,0.124632383000,0.141576145607,-0.023109535999,-0.078487359934,0.164536071680,0.193209431452,0.078839452662,-0.051574790866,0.573681005033,-1.320121124553,-0.588893323848,0.457066565354,-0.057498414869,-0.201712795535,0.560799112580,1.006253303570,0.591777385232,-0.873612173910,-0.476382042524
0.050787742000,-0.409229318000,0.622445508000,0.985677306000,0.043107044000,0.031294183000,0.160008455000,-1.679106408000,0.155290860000,0.165531457000,1.470115940000,-0.235191733000,0.121196239000,0.241841794000,-0.259150515000,-0.148036666000,0.869384767000,-0.480118638000,0.129250670000,0.139378240732,-0.025920340809,-0.054102786303,0.156137273633,0.157391662346,0.092041288238,-0.094509911299,0.536401636509,-1.318191042754,-0.587679834076,0.456866125982,-0.059102248701,-0.213169823069,0.579164335081,0.916253303570,0.591633838901,-0.872257418814,-0.476040826205
0.053202286000,-0.410812856000,0.621294129000,0.987049784000,0.044523427000,0.036995065000,0.149605326000,-1.734141396000,0.158609011000,0.160266643000,1.505891805000,-0.235697815000,0.118182235000,0.250957159000,-0.267338336000,-0.144710391000,0.881101050000,-0.488639769000,0.132786439000,0.133618405714,-0.024660678303,-0.023784053035,0.135267727512,0.123115470446,0.098809223434,-0.130611077978,0.531380861077,-1.314273885666,-0.586513786332,0.456683545625,-0.050124635292,-0.228326808523,0.585497595012,0.826253303570,0.591501498304,-0.870933180464,-0.475710634290
0.055251834000,-0.411123202000,0.620738775000,0.988725220000,0.043510476000,0.041568408000,0.137117996000,-1.774375894000,0.164715935000,0.155037096000,1.529457992000,-0.232466743000,0.114758413000,0.262458246000,-0.275223435000,-0.141771360000,0.885565428000,-0.491664336000,0.132562423000,0.125643726286,-0.021215129234,0.007650263112,0.125906329699,0.108523535233,0.103856749834,-0.162845454216,0.514903822131,-1.308951926514,-0.585385535044,0.456516637152,-0.030652319773,-0.239296072417,0.586644761968,0.736253303570,0.591381305988,-0.869625010106,-0.475385626945
0.056564187000,-0.411094694000,0.620875923000,0.990507151000,0.042516581000,0.046036749000,0.122345992000,-1.798294573000,0.171435544000,0.150052606000,1.533905282000,-0.228207398000,0.111728189000,0.263163135000,-0.283338149000,-0.138958766000,0.886480230000,-0.493921151000,0.128201045000,0.121721705094,-0.013779975599,0.041711708683,0.117195133121,0.102519481927,0.110750400308,-0.189095556805,0.487287032161,-1.302946079839,-0.596249705591,0.456367957285,-0.029408678844,-0.246146196175,0.592761344647,0.717767633368,0.591269781109,-0.868317148851,-0.475061357426
0.056476943000,-0.412029514000,0.620756944000,0.991936198000,0.041028529000,0.050231651000,0.108885358000,-1.826871144000,0.178822089000,0.144428478000,1.545048619000,-0.223613700000,0.106549745000,0.265413980000,-0.291968814000,-0.139656561000,0.885721658000,-0.495876676000,0.122520781000,0.126183040740,-0.006382088345,0.060116631733,0.108526007004,0.107781772910,0.116890184339,-0.193020079820,0.456413390342,-1.301100172686,-0.634815272458,0.456266588586,-0.039378179968,-0.247460429659,0.585671366618,0.723057246223,0.591155643190,-0.867006247334,-0.474742100829
0.055030386000,-0.414174553000,0.621476634000,0.993057603000,0.043312578000,0.054941616000,0.094562342000,-1.842601401000,0.185311093000,0.141151595000,1.547278036000,-0.223146454000,0.105671627000,0.255770354000,-0.300417304000,-0.139554694000,0.883052317000,-0.498749379000,0.117789129000,0.125669142712,0.000337051099,0.077470367380,0.098600095168,0.121509876696,0.116763183200,-0.200518993590,0.420569664178,-1.300355688118,-0.721186555864,0.456252883528,-0.044129166864,-0.251464948173,0.573013217640,0.733591494068,0.591032535448,-0.865693160468,-0.474428553182
0.053241788000,-0.417644342000,0.624967510000,0.995014403000,0.045827527000,0.059165098000,0.065921670000,-1.838121927000,0.188623195000,0.142303609000,1.532698963000,-0.219466797000,0.098922475000,0.251272084000,-0.304519357000,-0.139702740000,0.851068416000,-0.492429123000,0.104084757000,0.127080406709,0.004925167430,0.083865552002,0.089865390688,0.125458877261,0.114763705664,-0.224854077592,0.398323390719,-1.290449559570,-0.821186555864,0.456268851855,-0.064051249446,-0.247603092906,0.558595471288,0.758431423917,0.590890456011,-0.864376557512,-0.474125742147
0.056456323000,-0.418657979000,0.634892381000,0.995071616000,0.043415413000,0.067369961000,0.058385521000,-1.811095188000,0.188854320000,0.147021535000,1.497244524000,-0.214349526000,0.090833412000,0.251448110000,-0.303231825000,-0.141678455000,0.787142729000,-0.469190262000,0.089142849000,0.125049212326,0.009840224374,0.089891566050,0.087888697059,0.118050318036,0.115738374444,-0.261894695875,0.405182983291,-1.271489436058,-0.921186144233,0.456730881353,-0.080673860797,-0.238160645639,0.548212191580,0.785570964324,0.590712908439,-0.863051024520,-0.473836805863
0.060366329000,-0.418401893000,0.650828958000,0.995155748000,0.041623977000,0.076025483000,0.046396213000,-1.762215940000,0.188471708000,0.154031065000,1.441205744000,-0.205943675000,0.084855305000,0.236550798000,-0.301968347000,-0.143653685000,0.715746038000,-0.426307955000,0.079442722000,0.122102639809,0.014902147651,0.095358831767,0.084307309696,0.112348274975,0.116631400018,-0.306205402917,0.437669751113,-1.217026000507,-1.017620066194,0.456974358346,-0.098985772737,-0.225549530725,0.545421671875,0.819341051019,0.590494569713,-0.861711036729,-0.473563019870
0.065864740000,-0.417306604000,0.671071603000,0.995059539000,0.037346569000,0.084497848000,0.036357403000,-1.676589623000,0.187466628000,0.166686199000,1.350706852000,-0.190364238000,0.075332814000,0.242297727000,-0.298401515000,-0.151445569000,0.620112690000,-0.364804877000,0.073611160000,0.122172534653,0.014465224941,0.095763407000,0.106336745141,0.128055775581,0.112060268097,-0.338345443521,0.505486940129,-1.172750836335,-1.084145922854,0.457106979071,-0.088578248441,-0.221030176043,0.536449063836,0.909341051019,0.590219011209,-0.860353314007,-0.473302124683
0.073902852000,-0.414101258000,0.690071321000,0.994413281000,0.031249150000,0.095441692000,0.032505382000,-1.559803472000,0.181586206000,0.181570095000,1.243945335000,-0.175565189000,0.074784038000,0.246888098000,-0.292682774000,-0.164592838000,0.526154056000,-0.288551604000,0.078034428000,0.126885637791,0.013238981347,0.085746658489,0.137374701944,0.154321254256,0.104144129697,-0.318256458475,0.550283039838,-1.129649182976,-1.129681939929,0.457165510243,-0.081487451601,-0.199347042395,0.534301245192,0.999341051019,0.589902900638,-0.858983663151,-0.473050740722
0.083902914000,-0.411241453000,0.712816532000,0.993824902000,0.024696768000,0.104512900000,0.027913923000,-1.432671431000,0.172679819000,0.196490767000,1.129721432000,-0.160164928000,0.074032695000,0.216562779000,-0.286582065000,-0.176897576000,0.490663710000,-0.214421710000,0.080816049000,0.135575344577,0.010918430333,0.065779300322,0.175653575368,0.176670401041,0.093761935800,-0.237791249671,0.600201585971,-1.080020536647,-1.160149577065,0.457178639661,-0.081603989568,-0.182644909617,0.523373705791,1.089341051019,0.589514890934,-0.857609184916,-0.472812439637
0.092836978000,-0.411747251000,0.742279051000,0.993254254000,0.023875441000,0.111388166000,0.021647778000,-1.276186073000,0.158386011000,0.213026088000,1.001893346000,-0.152543959000,0.079712121000,0.180950637000,-0.278660333000,-0.190416874000,0.472086009000,-0.155036403000,0.086236734000,0.133085247738,0.001161481235,0.038420869241,0.207439972007,0.197760688709,0.078825582919,-0.148088467614,0.647716217112,-1.047834484041,-1.179650702326,0.457162511852,-0.097369807392,-0.173590586414,0.509699602747,1.179341051019,0.589043392073,-0.856230676644,-0.472588431105
0.101092688000,-0.414749880000,0.771947167000,0.993165384000,0.026515142000,0.112994915000,0.012313237000,-1.147666100000,0.142176928000,0.223450951000,0.905927558000,-0.160624692000,0.090488317000,0.091594891000,-0.271609844000,-0.192730694000,0.527760090000,-0.123613125000,0.091643491000,0.125465908578,-0.003251321161,0.008272693221,0.218666459398,0.201146241019,0.081082919361,-0.127709053234,0.678213660589,-1.029777781688,-1.191975815237,0.457128905185,-0.119396554364,-0.174977266484,0.507010254780,1.269341051019,0.588501299503,-0.854850298817,-0.472373983197
0.112239129000,-0.414320946000,0.794844902000,0.985424124000,0.028995724000,0.164012441000,0.034618812000,-1.017670895000,0.125518833000,0.242241952000,0.795817361000,-0.169462542000,0.098131141000,-0.022070509000,-0.265516502000,-0.179380619000,0.630499438000,-0.111295133000,0.092422163000,0.116044347896,-0.007710476368,0.000410070593,0.232845909823,0.195649353075,0.090556442251,-0.109380414460,0.703725126321,-1.015250034046,-1.199498772599,0.457088955358,-0.131862340762,-0.175797453691,0.501694611963,1.359341051019,0.587874406229,-0.853473812605,-0.472166900105
0.123689164000,-0.414930148000,0.806679858000,0.984560019000,0.033526086000,0.166362663000,0.042907292000,-0.879538767000,0.104595578000,0.259568479000,0.697538537000,-0.194851715000,0.115914144000,-0.147216709000,-0.253824875000,-0.150498047000,0.767082038000,-0.119543829000,0.090017815000,0.096490277070,-0.017421116379,0.004652228233,0.254517173750,0.192445679437,0.093826987889,-0.092239715765,0.702154736904,-1.003249776257,-1.203656785384,0.457050157326,-0.147458771827,-0.163783080917,0.502853403704,1.406497309892,0.587200993965,-0.852105619495,-0.471959992528
0.137239213000,-0.415440739000,0.813422869000,0.985090011000,0.041365808000,0.159224774000,0.050338960000,-0.764238414000,0.085547471000,0.272624113000,0.629202312000,-0.230865724000,0.125246613000,-0.277940000000,-0.243973697000,-0.131055089000,0.861144061000,-0.138891864000,0.081490666000,0.056499086379,-0.019682073799,0.009768665912,0.252114377031,0.175828829721,0.109425441769,-0.069695132631,0.689744983896,-0.993076208440,-1.205463379379,0.457013728239,-0.130353640402,-0.180570278675,0.513183330668,1.339333758055,0.586526073887,-0.850750486399,-0.471745617301
0.148307598000,-0.416052597000,0.817027531000,0.985087805000,0.049317068000,0.153463286000,0.060156985000,-0.639374601000,0.072741458000,0.314716479000,0.529306658000,-0.241751396000,0.113384767000,-0.346708545000,-0.231275634000,-0.124353353000,0.899006249000,-0.155655493000,0.077146845000,0.033968311987,-0.025779492955,0.018754316115,0.250340411265,0.161962118652,0.118100246110,-0.056401255040,0.691148431545,-0.984222462712,-1.205621936262,0.456972375922,-0.132641043048,-0.189994165793,0.524578132306,1.339906404227,0.585861137938,-0.849406851519,-0.471520165447
0.159093857000,-0.413905449000,0.817826448000,0.982181178000,0.063661469000,0.150955369000,0.092085976000,-0.497762970000,0.052714859000,0.394794422000,0.409579516000,-0.254181737000,0.098319013000,-0.460319775000,-0.198319211000,-0.089976157000,0.954559248000,-0.163163334000,0.073013700000,0.002146523992,-0.028743381529,0.027296924782,0.266390032313,0.147017031470,0.099339999761,-0.091138136118,0.661074265591,-0.976370295257,-1.204620618407,0.456914843723,-0.101966025813,-0.211877785674,0.522281103287,1.340043423125,0.585236554148,-0.848070255935,-0.471275507051
0.167867722000,-0.409324019000,0.814940552000,0.980133710000,0.073846633000,0.131408557000,0.128904527000,-0.397589401000,0.030657053000,0.409891314000,0.380981517000,-0.312491231000,0.080202519000,-0.588868713000,-0.157843551000,-0.062715341000,0.965422589000,-0.169719908000,0.068306650000,-0.062369796094,-0.028384629299,0.014283324311,0.257896299551,0.130808311301,0.086567720686,-0.131140352310,0.648794383370,-0.969259674874,-1.202797763128,0.456834850452,-0.057061577904,-0.247105421282,0.503698343941,1.289047496418,0.584725534823,-0.846733996812,-0.471002053998
0.173915259000,-0.401616208000,0.809091377000,0.972807596000,0.078380227000,0.134101022000,0.171810465000,-0.324000576000,0.019907852000,0.375752409000,0.404778565000,-0.371620566000,0.049969525000,-0.642157000000,-0.151094955000,-0.050449018000,0.929201807000,-0.161497518000,0.074325326000,-0.113509242179,-0.031628004988,-0.034465372867,0.243365086135,0.142413172253,0.069074543390,-0.145155241805,0.689016715859,-0.962657246754,-1.200389006343,0.456722866908,-0.042172366211,-0.256515393056,0.476934434425,1.379047496418,0.584324650874,-0.845395844248,-0.470708268458
0.179082737000,-0.392369767000,0.799707994000,0.963589589000,0.076678270000,0.139159647000,0.215058455000,-0.258952979000,0.020629182000,0.335660856000,0.432507190000,-0.422437734000,0.016496994000,-0.707079890000,-0.150563832000,-0.040609070000,0.889141790000,-0.144897811000,0.072699454000,-0.161346530563,-0.034816816680,-0.065965240639,0.233623291577,0.166916693639,0.047710484496,-0.121985665621,0.771820417041,-0.956334040258,-1.197561383189,0.456583718857,-0.031152506405,-0.245167716515,0.450137575920,1.444589750300,0.584022724228,-0.844061462895,-0.470401738428
0.181480303000,-0.383923319000,0.791446323000,0.958767274000,0.070667978000,0.135604888000,0.239546791000,-0.172928755000,0.028273166000,0.310435945000,0.437726482000,-0.457118527000,-0.031219252000,-0.736525962000,-0.148263735000,-0.070298013000,0.709890560000,-0.085106143000,0.082636887000,-0.208931056890,-0.033935430651,-0.108185351804,0.234913134597,0.165896704733,0.035491329792,-0.076515815699,0.861820417001,-0.901572846789,-1.195477382621,0.456420970345,-0.013748342766,-0.239923303057,0.424068979453,1.464827778236,0.583819317570,-0.842729003374,-0.470084460522
0.180156781000,-0.369617771000,0.781612614000,0.953381689000,0.063212757000,0.145744324000,0.256565964000,-0.084495239000,0.043183775000,0.301991476000,0.429169268000,-0.475907416000,-0.081179092000,-0.724868328000,-0.163025849000,-0.146483865000,0.463920890000,0.014614201000,0.093506187000,-0.238846054555,-0.034289060443,-0.142453758872,0.237562829747,0.149050555990,0.024174411297,-0.002428312898,0.951820417001,-0.801572846789,-1.197105078927,0.456232953931,0.010953172615,-0.236573721757,0.397017499092,1.493639017873,0.583667770060,-0.841394123278,-0.469768023684
0.176531305000,-0.354350453000,0.769920110000,0.949569644000,0.053566458000,0.149438428000,0.270400224000,-0.014994014000,0.059984549000,0.289242940000,0.432495075000,-0.497137670000,-0.112678017000,-0.728470344000,-0.169513904000,-0.252386184000,0.285291655000,0.108187719000,0.075560132000,-0.268227954394,-0.034475122290,-0.160920509574,0.254385664978,0.147176282541,0.012568220144,0.029990829215,0.976842987363,-0.701572846789,-1.200304248776,0.456029166099,0.050159914221,-0.237279199838,0.366773730699,1.483142090588,0.583547262716,-0.840057465836,-0.469456506861
0.168957000000,-0.342666282000,0.757382944000,0.948940906000,0.051411019000,0.146701205000,0.274493754000,0.053879330000,0.081236334000,0.300132086000,0.421924257000,-0.494059805000,-0.140538120000,-0.722767720000,-0.176080565000,-0.319736568000,0.180388170000,0.161099128000,0.052877694000,-0.292455954562,-0.037902295717,-0.181922015237,0.285643094267,0.133439823334,0.013312128903,0.048309599814,1.038269236750,-0.601572846789,-1.203430727117,0.455817037138,0.073163726053,-0.258333785156,0.335546503502,1.504611731835,0.583416780967,-0.838715867670,-0.469157313522
0.160907220000,-0.333601119000,0.746554141000,0.948593835000,0.052617894000,0.144587924000,0.276578065000,0.111593881000,0.100654958000,0.315295134000,0.407472202000,-0.481505880000,-0.150637254000,-0.732907626000,-0.177523478000,-0.344359354000,0.149280763000,0.175321430000,0.031465473000,-0.306509251531,-0.041386306513,-0.198187910976,0.316183196567,0.145949278290,0.009611796749,0.079947136581,1.032281065213,-0.528607872688,-1.205868258127,0.455603166959,0.084114654076,-0.258848688289,0.305360536454,1.506443563920,0.583237994666,-0.837378659551,-0.468872295624
0.147036994000,-0.332069790000,0.737561329000,0.949423889000,0.053740499000,0.138965485000,0.276396148000,0.160032380000,0.121913926000,0.317803689000,0.412159684000,-0.468132791000,-0.149570610000,-0.733517696000,-0.183769862000,-0.368229876000,0.157926674000,0.177818914000,0.012740560000,-0.317111200650,-0.050227460372,-0.212120990881,0.346612185164,0.145318597077,0.011341617232,0.165931987878,1.076713519748,-0.544079100709,-1.208155127866,0.455392486678,0.101138534676,-0.253839511995,0.278780861528,1.516077711114,0.582976898844,-0.836044585136,-0.468603016938
0.124523996000,-0.337119308000,0.730754522000,0.949754030000,0.058877859000,0.133121813000,0.277090712000,0.202903105000,0.145337503000,0.292653598000,0.445485157000,-0.463121356000,-0.126471483000,-0.730244773000,-0.200728450000,-0.352446282000,0.232519108000,0.154388335000,-0.003340067000,-0.327639926973,-0.060870495049,-0.225680878849,0.372752879414,0.170802023810,0.011328021597,0.255931987878,1.082600379997,-0.644079100709,-1.211370805416,0.455190246343,0.135307766232,-0.257657220323,0.255541563089,1.526744074714,0.582593186320,-0.834705486719,-0.468356818803
0.101409899000,-0.346077105000,0.722148527000,0.951500064000,0.067999292000,0.118804228000,0.275516388000,0.233611929000,0.171986879000,0.249545769000,0.493903187000,-0.443124625000,-0.087466780000,-0.715461751000,-0.219751872000,-0.297467561000,0.321543242000,0.122186594000,-0.004225695000,-0.330418015404,-0.070807584961,-0.247735068252,0.387556917110,0.197449879570,0.017963318744,0.345931987878,1.118374549786,-0.744079100709,-1.213668488166,0.455002196982,0.155351726107,-0.251740994709,0.235572788226,1.536211577999,0.582047676963,-0.833352565631,-0.468144339483
0.085619126000,-0.350103791000,0.711888499000,0.954343259000,0.079051097000,0.104535433000,0.268425429000,0.252603443000,0.196966433000,0.213022037000,0.531813735000,-0.416485516000,-0.046924901000,-0.695212190000,-0.231236405000,-0.244092747000,0.400059762000,0.076932154000,-0.001371198000,-0.336205469918,-0.075137274769,-0.263770365202,0.393206013023,0.224175457574,0.012045355206,0.435931987878,1.153861218736,-0.844079100709,-1.212719859293,0.454831348705,0.150066180592,-0.243516809112,0.218564047563,1.539264109864,0.581332772908,-0.831981381059,-0.467970261841
0.083832574000,-0.344382519000,0.700272410000,0.955271237000,0.086683448000,0.095185577000,0.266237770000,0.262036408000,0.218990811000,0.181804483000,0.579747762000,-0.393471575000,-0.006432838000,-0.673297164000,-0.241253000000,-0.209102694000,0.483718754000,0.023778165000,-0.001677125000,-0.337028720086,-0.085974135283,-0.273543204138,0.388309216538,0.276693600338,-0.003144114937,0.525931883235,1.243861217952,-0.944079025892,-1.210911261334,0.454677444566,0.158911020286,-0.237366901531,0.204131506379,1.540115529851,0.580475497046,-0.830590892809,-0.467830653128
0.092734804000,-0.336861192000,0.684857309000,0.955206601000,0.101159261000,0.086675119000,0.264262328000,0.273591159000,0.239313919000,0.163449888000,0.635843800000,-0.396593107000,0.030900976000,-0.710101405000,-0.252203855000,-0.157818145000,0.633627543000,-0.052448968000,-0.007003733000,-0.343210091457,-0.094522849875,-0.264255510065,0.360502346375,0.268280094993,-0.013275157822,0.615931882630,1.297033727959,-1.044079025892,-1.208494396419,0.454546040603,0.151645377374,-0.242424979602,0.191690470428,1.542139076009,0.579477472907,-0.829180470452,-0.467731571705
0.101327728000,-0.333201658000,0.663193274000,0.954690876000,0.112507900000,0.073921455000,0.265410857000,0.277961354000,0.258760369000,0.146830279000,0.693475896000,-0.432291302000,0.071798805000,-0.802042349000,-0.267948170000,-0.114631184000,0.822718524000,-0.120820698000,-0.017643574000,-0.348387427452,-0.098938923633,-0.249523876248,0.325256970940,0.270244627190,-0.018592015158,0.641819875710,1.317252228095,-1.144078991936,-1.205644872155,0.454441454597,0.123600803521,-0.246824942336,0.180726175845,1.538536729163,0.578377090260,-0.827753725863,-0.467669389702
0.098125559000,-0.341449551000,0.637496676000,0.952289576000,0.121480423000,0.059318867000,0.273620800000,0.266417061000,0.279112506000,0.125966583000,0.771142056000,-0.472933136000,0.110140120000,-0.906681034000,-0.284215230000,-0.073682125000,1.015387711000,-0.179425724000,-0.030630347000,-0.357917583590,-0.103375643657,-0.252148257666,0.303302008072,0.271904214498,-0.018445938759,0.597791495587,1.304758097855,-1.244078991930,-1.202488996067,0.454364938159,0.099718461050,-0.244244467634,0.171170106206,1.535968225182,0.577185197502,-0.826312824423,-0.467637202438
0.071929715000,-0.357125223000,0.616671584000,0.949913843000,0.129601227000,0.049053609000,0.280108828000,0.279510738000,0.291901506000,0.116000142000,0.796561550000,-0.515891702000,0.135840214000,-1.003888676000,-0.297851220000,-0.042899242000,1.175341844000,-0.223337230000,-0.033813214000,-0.375283295857,-0.099169402159,-0.256506411297,0.287966691216,0.258001730444,-0.003302772000,0.513627086489,1.330977728597,-1.344078991447,-1.199112064907,0.454312562253,0.060821797131,-0.246896187096,0.163587852924,1.532765980097,0.575929777100,-0.824855185269,-0.467624544930
0.035288044000,-0.364688361000,0.604811726000,0.949126394000,0.134395389000,0.041501041000,0.281735037000,0.273275286000,0.295667530000,0.098425822000,0.845322969000,-0.540580178000,0.156616011000,-1.079872015000,-0.296010769000,-0.019365501000,1.303062338000,-0.260902837000,-0.037068751000,-0.386991503987,-0.096048469708,-0.256358557890,0.271519136086,0.239061734177,0.011114946755,0.423627086489,1.337083056823,-1.444078991447,-1.195575852786,0.454280496765,0.016884397573,-0.240402671896,0.159484855009,1.528959818104,0.574628920479,-0.823382775984,-0.467624695503
-0.005740480000,-0.365275539000,0.599537944000,0.948802048000,0.135981196000,0.040031209000,0.282278747000,0.281846424000,0.294840416000,0.092416606000,0.862557716000,-0.557980094000,0.160710096000,-1.131295840000,-0.284436638000,-0.008209331000,1.385886179000,-0.285350924000,-0.034632864000,-0.410124735582,-0.085787338668,-0.252147391010,0.280222610131,0.195235715507,0.028032248472,0.333627086489,1.247083056823,-1.424474806436,-1.190633046079,0.454270814728,-0.027456561884,-0.240952172612,0.169170135099,1.493284285675,0.573357971096,-0.821907091042,-0.467623417877
-0.034614362000,-0.366824125000,0.595328291000,0.947726272000,0.136499614000,0.041005680000,0.285484331000,0.296629884000,0.294441272000,0.095914590000,0.862399296000,-0.563690540000,0.155855831000,-1.174405854000,-0.275267590000,-0.005881665000,1.446245389000,-0.301607397000,-0.029490043000,-0.419915171077,-0.078108272861,-0.243961324176,0.284030523025,0.169872211525,0.030466852768,0.243627086489,1.157083056823,-1.324474806436,-1.188080017557,0.454278062398,-0.058220271845,-0.256757522297,0.195046274051,1.468770660773,0.572122795417,-0.820424928586,-0.467612811274
-0.045248832000,-0.372503208000,0.592833814000,0.947168462000,0.134557295000,0.039786117000,0.288415160000,0.300483348000,0.292788558000,0.093280084000,0.875608227000,-0.568786674000,0.156403197000,-1.226364722000,-0.266308288000,-0.005344657000,1.501044166000,-0.307626954000,-0.024777255000,-0.431204105489,-0.067983579316,-0.229409970172,0.286514756269,0.145143525835,0.003759625833,0.153627086489,1.067083056823,-1.228775586189,-1.185142581732,0.454301909551,-0.083995329712,-0.265819788829,0.252341618340,1.378770660980,0.570957270646,-0.818942158860,-0.467590765296
-0.046375114000,-0.376483691000,0.593580046000,0.947762030000,0.132001657000,0.038715550000,0.287791250000,0.310113020000,0.291064471000,0.090264092000,0.891870195000,-0.573106425000,0.157266179000,-1.269192356000,-0.258106836000,-0.005297702000,1.549491306000,-0.314707298000,-0.021362616000,-0.438058587997,-0.065163474775,-0.228542938172,0.285964132181,0.173314115248,0.006069329974,0.063627086489,0.977083056823,-1.159526028501,-1.181942018600,0.454342890559,-0.096596618996,-0.274990466935,0.324708952459,1.307530646668,0.569829721465,-0.817461133202,-0.467564127502
-0.044435199000,-0.376195259000,0.595317682000,0.949014013000,0.128888351000,0.039935305000,0.284895361000,0.318178026000,0.290964806000,0.088916416000,0.905275624000,-0.580966082000,0.156002128000,-1.312260604000,-0.253464218000,-0.004371905000,1.593888811000,-0.322764966000,-0.020013832000,-0.444530570618,-0.062376636627,-0.230473918646,0.276518905760,0.182757454901,0.020827543525,-0.026372913511,0.887083056823,-1.108876264768,-1.178562024376,0.454402725613,-0.101251529419,-0.280717097402,0.387431758487,1.241023565097,0.568692974744,-0.815986597314,-0.467546124707
-0.046538307000,-0.372724017000,0.594610049000,0.951259540000,0.124371066000,0.042025338000,0.279053752000,0.326105690000,0.291038114000,0.087410488000,0.917660417000,-0.589006842000,0.156259216000,-1.348693016000,-0.250988443000,-0.004762801000,1.630247195000,-0.328175726000,-0.019588768000,-0.448347454299,-0.060902264151,-0.234922760449,0.268209325066,0.203320075251,0.037738273559,-0.116372913511,0.797083056823,-1.071306716466,-1.175060995160,0.454482465703,-0.093455570752,-0.283825857033,0.431367756250,1.154158190460,0.567512031283,-0.814521069233,-0.467546239951
-0.051405096000,-0.368610574000,0.591431952000,0.953448519000,0.119021412000,0.044398175000,0.273493378000,0.323936382000,0.290914208000,0.083474248000,0.936987007000,-0.599381303000,0.156152299000,-1.387355400000,-0.248648937000,-0.004808239000,1.664264850000,-0.336458359000,-0.022243128000,-0.451845318886,-0.057073694391,-0.230787933718,0.249708122712,0.202639970457,0.057091045628,-0.206372913511,0.727290266284,-1.042954923696,-1.171482646777,0.454583378664,-0.090758313047,-0.291096433547,0.463551910091,1.064158190460,0.566268733530,-0.813067146672,-0.467571640664
-0.056410636000,-0.366484151000,0.586733004000,0.955421419000,0.113537826000,0.046933722000,0.268470296000,0.320793821000,0.291192044000,0.079813893000,0.956936904000,-0.607502702000,0.154898779000,-1.424699872000,-0.247345846000,-0.004007784000,1.699945560000,-0.345914051000,-0.024494832000,-0.455484497704,-0.055556387806,-0.225007520688,0.228039409808,0.187949277893,0.067551293866,-0.272929290471,0.695082924760,-1.021096901461,-1.167858687064,0.454706005705,-0.096226206457,-0.290953390932,0.494662351933,1.039576987398,0.564933343506,-0.811627083335,-0.467629311031
-0.065131912000,-0.366223944000,0.582326990000,0.956451411000,0.109775890000,0.048997503000,0.265987212000,0.319447886000,0.291965876000,0.077600225000,0.968894186000,-0.615971962000,0.152368348000,-1.466033323000,-0.245521150000,-0.001903711000,1.733417558000,-0.353941367000,-0.026915410000,-0.456804871877,-0.053613747160,-0.223704078824,0.207183117497,0.179729989018,0.073034278914,-0.304891511581,0.678870830314,-1.003819352600,-1.164211857991,0.454851287693,-0.104337537056,-0.290467590568,0.526665603704,1.028588312909,0.563493561053,-0.810206631301,-0.467723530208
-0.071712026000,-0.364652729000,0.579950233000,0.957052433000,0.106058543000,0.048644581000,0.265397684000,0.310498590000,0.293828750000,0.074089113000,0.986543007000,-0.626201661000,0.149300741000,-1.512734792000,-0.245202497000,0.001149152000,1.770464812000,-0.358144802000,-0.027727498000,-0.456606468421,-0.050243083938,-0.223659823913,0.186147220021,0.169822681994,0.077073815658,-0.330242862559,0.651839944176,-0.989794606050,-1.160561245938,0.455017692624,-0.111606390750,-0.292987014098,0.559533295147,0.999005398325,0.561940667291,-0.808810109424,-0.467854670123
-0.077568724000,-0.362465266000,0.579500385000,0.957215278000,0.103583276000,0.048355991000,0.265840395000,0.304424176000,0.295872687000,0.071723464000,0.996255512000,-0.638184058000,0.151390005000,-1.544185443000,-0.248016422000,0.003785202000,1.801246439000,-0.366134993000,-0.025659214000,-0.456289527662,-0.047681670613,-0.224915509926,0.157314740415,0.165661890851,0.077783213072,-0.362694083990,0.634193223699,-0.978079173096,-1.156915866876,0.455202472740,-0.115721522494,-0.293816171706,0.592868546008,0.974521272775,0.560280240662,-0.807437408187,-0.468019527050
-0.082943718000,-0.361020056000,0.580005919000,0.956485772000,0.103972641000,0.050190922000,0.267965536000,0.308568920000,0.297049925000,0.071357203000,0.985884786000,-0.645321690000,0.149779405000,-1.565067898000,-0.248378832000,0.007238784000,1.823842348000,-0.374953353000,-0.026773077000,-0.453319928774,-0.045746041156,-0.227149430041,0.141745985047,0.169118182977,0.075604793394,-0.386450128427,0.624896304412,-0.940736119920,-1.137321289675,0.456430983600,-0.121200518716,-0.292772910430,0.620387009491,0.970578235556,0.558533256236,-0.806086620116,-0.468209962528
-0.089903709000,-0.362500421000,0.582236993000,0.956005193000,0.102853775000,0.053175958000,0.269531983000,0.299720712000,0.297703979000,0.072542956000,0.970220947000,-0.645626446000,0.145495085000,-1.588154426000,-0.248413844000,0.009541107000,1.834152304000,-0.377557547000,-0.028516073000,-0.449712044002,-0.040472254865,-0.228300254454,0.127458165096,0.169108440241,0.073862003825,-0.393472018346,0.639093495632,-0.912856696367,-1.122569012957,0.457359266331,-0.137690270958,-0.287287799600,0.639028740124,0.982291647890,0.556715303242,-0.804758265361,-0.468418980336
-0.093099764000,-0.363761460000,0.587109524000,0.954514255000,0.103486038000,0.058061882000,0.273536092000,0.291303444000,0.298282725000,0.078781886000,0.943742476000,-0.637018163000,0.139126441000,-1.603182898000,-0.246304739000,0.011681291000,1.836757632000,-0.385193725000,-0.033748752000,-0.450662113048,-0.031611775606,-0.220261759174,0.106890328771,0.159880605295,0.064380367415,-0.389550306062,0.669969674471,-0.891614091650,-1.111219734957,0.458080581059,-0.174559330273,-0.267274151388,0.651400340944,1.072291647874,0.554824588511,-0.803453517379,-0.468646841900
-0.092318358000,-0.362591726000,0.595162066000,0.953342585000,0.105359930000,0.065075320000,0.275322364000,0.285065140000,0.294405541000,0.089213546000,0.896661877000,-0.617293154000,0.136851101000,-1.590612265000,-0.241521329000,0.010194683000,1.813764592000,-0.393996230000,-0.042214907000,-0.454282803920,-0.025531952355,-0.207278687827,0.100897021797,0.151847909102,0.055994312124,-0.373051607462,0.716770332081,-0.874996281827,-1.102259428253,0.458656953583,-0.211123174856,-0.247200609101,0.658602080553,1.162291647874,0.552877414983,-0.802171540793,-0.468886133624
-0.088770141000,-0.360154736000,0.607263436000,0.952517222000,0.108525584000,0.075095552000,0.274397151000,0.282762153000,0.289281396000,0.108992906000,0.831534640000,-0.587558686000,0.130646536000,-1.551921985000,-0.234921413000,0.006420119000,1.762876256000,-0.404355367000,-0.051594656000,-0.457723332553,-0.022929518272,-0.188597212591,0.092304252432,0.143404090982,0.041395075219,-0.343730128642,0.783591372398,-0.861567402740,-1.094972420251,0.459129057343,-0.235928722029,-0.227973720588,0.654974061602,1.252291647874,0.550878118667,-0.800907091804,-0.469131909670
-0.083883849000,-0.359900401000,0.625679268000,0.947963502000,0.112545850000,0.074142853000,0.288446645000,0.264880461000,0.282269429000,0.139826731000,0.749982998000,-0.555972400000,0.116798294000,-1.503014491000,-0.226363684000,-0.001604307000,1.680296828000,-0.409321849000,-0.060725915000,-0.458082428021,-0.007270609611,-0.173905452839,0.079176486482,0.116261719465,0.029234536123,-0.324931050263,0.809003475201,-0.850381981284,-1.088864377733,0.459523907219,-0.273297944377,-0.218663558042,0.643087914371,1.342291647874,0.548830890397,-0.799656129961,-0.469384828010
-0.080662324000,-0.360047510000,0.648767590000,0.945119566000,0.117871214000,0.086768291000,0.292107252000,0.230886455000,0.268573818000,0.173094624000,0.683243661000,-0.508575126000,0.114664397000,-1.399819279000,-0.216824135000,-0.019280936000,1.539859214000,-0.399259865000,-0.063373567000,-0.444718156247,-0.005119900327,-0.167694213922,0.073236707167,0.110945830347,0.020317687420,-0.312503874604,0.858032299425,-0.840780345804,-1.083579353550,0.459849405637,-0.289383262861,-0.216013040949,0.625529129151,1.432291647874,0.546784878352,-0.798405638233,-0.469632440884
-0.078970795000,-0.360331653000,0.672573023000,0.941823947000,0.122815180000,0.096935870000,0.297468521000,0.186424561000,0.250395023000,0.208107932000,0.638212822000,-0.447083535000,0.106686138000,-1.271493274000,-0.203411770000,-0.040706267000,1.377352418000,-0.378294460000,-0.060043827000,-0.437945714831,-0.000863905721,-0.164757476902,0.074045914833,0.094786242575,0.011605326217,-0.304110155777,0.937154079501,-0.832294502634,-1.078862625845,0.460110051013,-0.286590258412,-0.234658941939,0.604253134433,1.492617253259,0.544791277126,-0.797139768773,-0.469866284103
-0.078210303000,-0.356886688000,0.693164325000,0.942635986000,0.126976965000,0.137137223000,0.276600126000,0.112059879000,0.221928099000,0.220813095000,0.651538526000,-0.392313597000,0.108193300000,-1.142631775000,-0.186619772000,-0.066272880000,1.212887697000,-0.346390021000,-0.052485589000,-0.425083276654,-0.001840268389,-0.138843100223,0.063506288623,0.076596237145,0.007260665806,-0.295899621945,1.011341139324,-0.824595967141,-1.074539177780,0.460314337688,-0.264923695446,-0.243682903045,0.582841289824,1.511611553715,0.542910253300,-0.795852686054,-0.470080262835
-0.083975693000,-0.354119541000,0.706979285000,0.941878823000,0.112520496000,0.110294447000,0.296712918000,-0.047214946000,0.184222203000,0.194195517000,0.809456201000,-0.345946467000,0.125304724000,-1.002925306000,-0.164321795000,-0.088416714000,1.070877308000,-0.313066975000,-0.053165944000,-0.396216517399,-0.013338941447,-0.120996988882,0.052310101329,0.104237481920,0.006955364300,-0.311542123714,0.934866476103,-0.817512169654,-1.070487550771,0.460470394014,-0.209410990860,-0.254957152128,0.561822354210,1.518746152029,0.541212336987,-0.794544528034,-0.470263750887
-0.099636473000,-0.345292149000,0.717611781000,0.945947126000,0.107791208000,0.140350991000,0.271784269000,-0.156455287000,0.151061895000,0.188413531000,0.904064399000,-0.319978689000,0.127743117000,-0.869454389000,-0.148383909000,-0.120770853000,0.915308733000,-0.269455736000,-0.033606551000,-0.367096153697,-0.018527115757,-0.117033251662,0.082381366488,0.130067248550,0.002046946383,-0.324710025884,0.918664102049,-0.810860366252,-1.066624271714,0.460588901208,-0.162014453746,-0.261470257723,0.542126579136,1.527519928571,0.539702334232,-0.793218536183,-0.470419103286
-0.118966004000,-0.338344878000,0.722902850000,0.949194093000,0.091230986000,0.148095158000,0.262250464000,-0.247179181000,0.124799711000,0.183836943000,0.970659799000,-0.316657893000,0.135608083000,-0.757017193000,-0.140321049000,-0.150506535000,0.786509630000,-0.231328580000,-0.015753037000,-0.334833021461,-0.026913196695,-0.123273298156,0.108672707302,0.124119673041,0.005393306919,-0.324745220531,0.948805266443,-0.764972495023,-1.062897204598,0.460676273169,-0.122033811726,-0.252445502327,0.525385488969,1.533774393464,0.538359400552,-0.791879781884,-0.470549021278
-0.126632389000,-0.335495815000,0.725795245000,0.954318783000,0.081416983000,0.148617806000,0.246088770000,-0.322397164000,0.101908013000,0.180232557000,1.042308517000,-0.321316225000,0.145485127000,-0.643443121000,-0.132035311000,-0.181112982000,0.660953046000,-0.187768095000,0.002452120000,-0.307830052242,-0.026986910934,-0.137636511625,0.150587753547,0.154065680200,0.016194899789,-0.324340907008,0.876584407292,-0.672213036966,-1.059273601624,0.460735828788,-0.083896583709,-0.257796188191,0.511599410343,1.528300993178,0.537211096897,-0.790534259852,-0.470648938302
-0.110485114000,-0.335195734000,0.727424082000,0.958699154000,0.066009842000,0.147206430000,0.234241114000,-0.415271962000,0.082606092000,0.172894212000,1.104694247000,-0.315738092000,0.161461008000,-0.525514867000,-0.122996732000,-0.211227485000,0.557943908000,-0.157484315000,0.012873281000,-0.259292767233,-0.034947969036,-0.159861828979,0.187353455773,0.193423782317,0.034403926838,-0.304447897434,0.786584407292,-0.572213036966,-1.055586245002,0.460770718719,-0.053493105315,-0.248299617297,0.501422634444,1.519966425150,0.536267430360,-0.789192809834,-0.470718388475
-0.077140417000,-0.328255151000,0.727528068000,0.965370903000,0.054866531000,0.121454710000,0.224270901000,-0.521412939000,0.079228445000,0.172208126000,1.129626748000,-0.306254268000,0.175562519000,-0.415964420000,-0.120201168000,-0.236913277000,0.482048142000,-0.138954670000,0.029142997000,-0.218898714866,-0.035806129074,-0.160684352851,0.235292349792,0.214304506975,0.040118949549,-0.297411134878,0.728051363336,-0.472213036966,-1.050653747177,0.460786475187,-0.022313333720,-0.235859779856,0.497551951385,1.510261855054,0.535519583378,-0.787862475564,-0.470759356354
-0.044854971000,-0.325268660000,0.727552402000,0.971243532000,0.045951276000,0.104940778000,0.208714911000,-0.623222877000,0.082512449000,0.171576437000,1.110467993000,-0.298019050000,0.188356365000,-0.340180255000,-0.120118281000,-0.246336352000,0.441618366000,-0.134142417000,0.037609987000,-0.178660638453,-0.033719149879,-0.178575586553,0.278611608732,0.219370898227,0.050174052435,-0.258462283774,0.709536110989,-0.372213036967,-1.045138397198,0.460790549191,-0.008434403257,-0.220067465491,0.502016771520,1.499936902081,0.534961213670,-0.786544009330,-0.470772141482
-0.015599663000,-0.319552332000,0.729752035000,0.973376822000,0.038974793000,0.104655669000,0.200164230000,-0.677431611000,0.100814994000,0.193814201000,0.985928900000,-0.272885030000,0.194190859000,-0.259774169000,-0.128786399000,-0.261946634000,0.413294126000,-0.140040368000,0.058069687000,-0.130825196668,-0.034916685519,-0.188296071791,0.292664174718,0.231245079185,0.055787158793,-0.235617444135,0.662305167023,-0.297880261401,-1.042202245947,0.460780221052,0.010046757164,-0.211899458201,0.515784331073,1.486403817560,0.534594542417,-0.785239341661,-0.470754661922
0.011806990000,-0.308697671000,0.732409484000,0.974374716000,0.031078552000,0.107671080000,0.195025576000,-0.576553528000,0.104672264000,0.250015959000,0.703392479000,-0.240304453000,0.196114340000,-0.145318316000,-0.133574124000,-0.302153365000,0.354031735000,-0.145514991000,0.077359320000,-0.115726701382,-0.039017517424,-0.197860550207,0.351840096407,0.270606748421,0.062054744896,-0.145617444135,0.614833510227,-0.335215292373,-1.042050733410,0.460747713271,0.033463057529,-0.198318068062,0.532480156976,1.493381910103,0.534422252246,-0.783940802719,-0.470699294440
0.041558292000,-0.300998474000,0.725827210000,0.978657004000,0.024208212000,0.095549499000,0.180318397000,-0.622709321000,0.082089973000,0.304364235000,0.580784042000,-0.192905967000,0.185742181000,-0.043782375000,-0.130730175000,-0.316507202000,0.326279217000,-0.166601589000,0.073659093000,-0.087274790903,-0.045171872782,-0.214938956788,0.389584973040,0.344714605722,0.065869191805,-0.055617444135,0.534993164980,-0.435215292329,-1.044004443204,0.460678609870,0.053703046326,-0.187350220718,0.546741453754,1.487943112363,0.534455501640,-0.782658085732,-0.470604851932
0.072192638000,-0.298309207000,0.717611025000,0.983268808000,0.022111597000,0.085453342000,0.159346339000,-0.673078521000,0.088318207000,0.363635192000,0.494207026000,-0.136864386000,0.171388248000,0.029905997000,-0.136059277000,-0.302200345000,0.333685991000,-0.199498216000,0.073590055000,-0.047858286470,-0.044971302705,-0.215672162807,0.402109570903,0.410275421815,0.089392398016,0.034382555865,0.624993164980,-0.420855251249,-1.044426933818,0.460575929287,0.061913803382,-0.186445480606,0.553218235176,1.489062244259,0.534668615803,-0.781397138249,-0.470481427407
0.094629998000,-0.296952349000,0.709731725000,0.985426621000,0.020447052000,0.079058740000,0.149217989000,-0.687312387000,0.098682205000,0.479219625000,0.367721070000,-0.083585170000,0.170558353000,0.097933483000,-0.140702413000,-0.294152661000,0.322186748000,-0.215444096000,0.070521465000,-0.011471019560,-0.042499224649,-0.224141073313,0.413900593564,0.430088588549,0.053853752209,0.124382555864,0.714993164980,-0.345901654399,-1.043773720809,0.460443505151,0.061258160144,-0.178578505000,0.548730018096,1.482059691812,0.535034847518,-0.780161915048,-0.470338441197
0.113508995000,-0.292213185000,0.702781537000,0.984750350000,0.020710460000,0.083909217000,0.150986980000,-0.707800500000,0.099388742000,0.590017956000,0.276122244000,-0.044757654000,0.172837112000,0.148093506000,-0.145754507000,-0.284889133000,0.321910022000,-0.228040410000,0.064539993000,0.026331143047,-0.038077267363,-0.235147611685,0.434722087537,0.432945619616,0.026679596708,0.214382152565,0.804993164980,-0.245901654399,-1.042361861381,0.460282080379,0.061666661457,-0.171978175404,0.533593244075,1.483611513032,0.535489492390,-0.778952708716,-0.470186648497
0.128396693000,-0.286880274000,0.696061706000,0.983937175000,0.018851686000,0.085183535000,0.155743428000,-0.743943675000,0.092656162000,0.659728284000,0.226471479000,-0.015123004000,0.174730055000,0.187471530000,-0.150712574000,-0.278070343000,0.328898989000,-0.240358895000,0.055814601000,0.060061183263,-0.031744344421,-0.244662547909,0.447160755605,0.436834962085,0.005228687812,0.275175980141,0.873327121147,-0.145901773700,-1.040413196104,0.460096669624,0.054847828164,-0.160811146926,0.510899528716,1.488461539030,0.535951134555,-0.777771344005,-0.470038665041
0.141559424000,-0.284221996000,0.690507313000,0.983105573000,0.017086782000,0.083218052000,0.162130286000,-0.779202941000,0.082585026000,0.703867243000,0.216034931000,0.004344074000,0.176653056000,0.227470211000,-0.152770609000,-0.272938771000,0.335309989000,-0.247614459000,0.046026027000,0.081207863128,-0.024107191587,-0.250218687627,0.467064796755,0.426694385425,-0.008778405196,0.317398975865,0.931119093121,-0.045901773700,-1.038084548941,0.459893936717,0.052275856144,-0.158340335770,0.482695385420,1.489577184386,0.536380340573,-0.776615692994,-0.469899504578
0.158936206000,-0.283829610000,0.687874098000,0.981508248000,0.013005762000,0.083502995000,0.171754650000,-0.794184448000,0.076197492000,0.745918931000,0.207036677000,0.024544996000,0.175549549000,0.277517193000,-0.155014209000,-0.277071060000,0.332338119000,-0.246853613000,0.041996272000,0.088646291725,-0.020247250995,-0.266408595120,0.494296649400,0.416556643035,-0.016615258131,0.352720289713,1.021119078044,0.007637150638,-1.035482197856,0.459674884204,0.064111091060,-0.156219335476,0.451248296146,1.489206262856,0.536761537236,-0.775480717930,-0.469766352404
0.177311554000,-0.282768104000,0.685426807000,0.980122590000,0.014421050000,0.080367906000,0.180811342000,-0.786569813000,0.076497794000,0.762400973000,0.213716781000,0.045511783000,0.176562264000,0.317932733000,-0.160091747000,-0.271221268000,0.349827875000,-0.254752633000,0.040088547000,0.088598044193,-0.019845013554,-0.273422233304,0.520342131032,0.415955358458,-0.027165327906,0.347608681632,1.111119078044,0.048355104350,-1.032679192164,0.459441327480,0.077411217196,-0.158584147252,0.417559541679,1.495455664945,0.537079512423,-0.774360042907,-0.469636610091
0.195925374000,-0.273592840000,0.682412843000,0.980935417000,0.018000458000,0.071303376000,0.179881959000,-0.765698748000,0.081420950000,0.743078133000,0.240159591000,0.061273462000,0.174477201000,0.350658795000,-0.166407562000,-0.263434368000,0.370003808000,-0.264297599000,0.038048061000,0.082549683870,-0.018288820146,-0.264605758192,0.547936225451,0.402699798901,-0.024811771404,0.361343875638,1.201119078038,0.062152486007,-1.030006933620,0.459329193943,0.086985610063,-0.157672122586,0.383512488545,1.501625691831,0.537323812515,-0.773244440864,-0.469507230956
0.219888697000,-0.254442739000,0.678141869000,0.982769549000,0.018732769000,0.057472682000,0.174671086000,-0.744408116000,0.088471121000,0.697473898000,0.278058911000,0.069430935000,0.167953046000,0.389277171000,-0.176019457000,-0.261345396000,0.387430247000,-0.265350862000,0.040722510000,0.084163796966,-0.018324476343,-0.265649740469,0.570700720149,0.398582592323,-0.018433305556,0.379444426087,1.291119078038,0.071407607790,-1.027142780903,0.459163267647,0.101068967696,-0.157570214212,0.350867044985,1.510570770028,0.537490142095,-0.772127186246,-0.469373641128
0.248199497000,-0.233029015000,0.662745976000,0.994141577000,0.014111965000,-0.018336839000,0.105580007000,-0.735637953000,0.104309036000,0.614669055000,0.339262663000,0.063836441000,0.155694396000,0.421776521000,-0.190050775000,-0.264227056000,0.401389083000,-0.270019893000,0.040980386000,0.075817984659,-0.019230702371,-0.258376643084,0.590470232011,0.449127267827,-0.037392890109,0.402220445545,1.201119078038,0.077470264998,-1.024147672569,0.458958781536,0.107284832049,-0.157006927592,0.320805438759,1.498309348659,0.537566961828,-0.771007142237,-0.469232188228
0.277456450000,-0.227476472000,0.664478859000,0.993751329000,0.009402379000,-0.001875383000,0.111204203000,-0.775006510000,0.115233079000,0.477795041000,0.437896624000,0.043942559000,0.141559456000,0.444397674000,-0.206172579000,-0.264763429000,0.422240651000,-0.268041715000,0.048514076000,0.088026267903,-0.018046537308,-0.245379181194,0.588218989807,0.383704801667,-0.011968229754,0.403855143619,1.229427640967,0.081289345370,-1.021063470584,0.458719723510,0.158834547367,-0.145853882450,0.232395010982,1.408309348659,0.537565719818,-0.769880372715,-0.469074591659
0.288034256000,-0.224687658000,0.659391027000,0.997739795000,0.006908207000,-0.026171393000,0.061503149000,-0.862511493000,0.134803701000,0.368691339000,0.587595097000,0.007395694000,0.135823194000,0.425961106000,-0.221975963000,-0.246456332000,0.482071305000,-0.276138175000,0.053953011000,0.080202862692,-0.017930907369,-0.213897539958,0.589084336764,0.346196464440,0.003453062264,0.383263099374,1.139427640967,0.083406500059,-1.017928466085,0.458463295042,0.104432272376,-0.156919310011,0.184095479783,1.483771416662,0.537485451375,-0.768746438575,-0.468906355480
0.295193394000,-0.221589800000,0.659107841000,0.994468343000,0.011191975000,-0.010994614000,0.103858426000,-0.972184839000,0.148665604000,0.297814161000,0.749675109000,-0.041384909000,0.141421805000,0.393220624000,-0.235866635000,-0.223061962000,0.540887622000,-0.288408630000,0.061741177000,0.087830499930,-0.011748904818,-0.194855075687,0.568544037953,0.314659313125,0.015296008059,0.338567530950,1.049427640967,0.111582256002,-1.014772982554,0.458199249021,0.076099327673,-0.156922037955,0.171231739985,1.484242294643,0.537327681609,-0.767611499030,-0.468731553294
0.288153546000,-0.229770093000,0.647356514000,0.998967892000,0.018581118000,-0.019513453000,0.036566628000,-1.076151784000,0.158825622000,0.262962343000,0.886322111000,-0.077465380000,0.145725038000,0.355393989000,-0.246433094000,-0.198035492000,0.607549838000,-0.305851461000,0.071774865000,0.091641755306,-0.006826786666,-0.178341956525,0.567314426807,0.292852973686,0.020035381823,0.275099961123,0.959427640967,0.180692139732,-1.011616413595,0.457932738418,-0.001798289294,-0.159554324397,0.214233788264,1.458930344363,0.537099118370,-0.766479473208,-0.468550437601
0.283908559000,-0.248803290000,0.639865778000,0.998374341000,0.023787381000,-0.008729919000,0.051055102000,-1.167485243000,0.162431642000,0.239245234000,1.007515276000,-0.111419714000,0.142616623000,0.339723031000,-0.250012271000,-0.185820104000,0.640475216000,-0.324611388000,0.079024820000,0.095591271253,-0.000089935049,-0.195724349394,0.571506014826,0.291128209003,0.018932811482,0.230766593939,0.869427640967,0.241095724461,-1.008465160373,0.457665002653,0.026626298393,-0.169890941908,0.252473082504,1.493255648655,0.536811784032,-0.765347886173,-0.468361258910
0.275824349000,-0.271948825000,0.630071166000,0.996508556000,0.031769112000,-0.001641530000,0.077192784000,-1.260084557000,0.163635262000,0.224401122000,1.119560573000,-0.139530397000,0.136769149000,0.316127044000,-0.252671960000,-0.175138404000,0.679753613000,-0.348423368000,0.090804064000,0.098173794979,0.009352609608,-0.185096322663,0.557250912099,0.283927680087,0.021716210623,0.185370243892,0.779427641078,0.276350837061,-1.005326767227,0.457396770895,-0.008309414014,-0.180552609824,0.285840438775,1.481992568521,0.536515244505,-0.764219463353,-0.468159692872
0.253748224000,-0.302725841000,0.618612430000,0.996368704000,0.041826882000,-0.001987121000,0.074134805000,-1.335297794000,0.161404174000,0.216498541000,1.209515558000,-0.165876093000,0.129337673000,0.290063258000,-0.256407217000,-0.166588083000,0.711765104000,-0.368074314000,0.108429470000,0.106059200918,0.017300487063,-0.166670048940,0.534335921223,0.261194468731,0.032760623192,0.131779209430,0.741237255442,0.281921056204,-1.002212066226,0.457125461291,-0.045971584095,-0.190626854987,0.318868435907,1.466478883362,0.536255786671,-0.763102607549,-0.467942665424
0.214581679000,-0.332283736000,0.610866110000,0.996425203000,0.048155552000,-0.000446477000,0.069409353000,-1.391409338000,0.157339417000,0.210768241000,1.275445231000,-0.183357783000,0.119882083000,0.273160823000,-0.257618071000,-0.158837414000,0.730792329000,-0.382621105000,0.113930580000,0.117776763629,0.016977868434,-0.166986100559,0.517705888773,0.241589993621,0.042829773942,0.086572039276,0.721904958913,0.272911709253,-0.999128487475,0.456850829575,-0.087385511954,-0.192610192275,0.349268964767,1.462420372524,0.536041219400,-0.762011220309,-0.467715977114
0.171306898000,-0.355037657000,0.608098872000,0.996607209000,0.053204778000,0.001415506000,0.062779930000,-1.440481825000,0.152470304000,0.203181269000,1.335202591000,-0.202311930000,0.112409945000,0.268881194000,-0.258113184000,-0.151759850000,0.743822866000,-0.394616451000,0.120535519000,0.128065439148,0.017957179879,-0.167473867128,0.513575365492,0.232974182684,0.052899041500,0.042289151730,0.687932502041,0.264794918073,-0.996077127147,0.456571002535,-0.110338711450,-0.203823067073,0.376463329319,1.442361465267,0.535881970604,-0.760946070986,-0.467480175251
0.143020162000,-0.373760576000,0.609248875000,0.997061192000,0.056794075000,0.003698460000,0.051280931000,-1.490491565000,0.148586820000,0.194180509000,1.386379552000,-0.216885362000,0.106489817000,0.266286720000,-0.261510200000,-0.146741994000,0.765628735000,-0.403922125000,0.127142765000,0.136317728648,0.017724859897,-0.164620009668,0.494610265555,0.234035980056,0.066070245318,-0.000991787222,0.655814183322,0.256760385967,-0.993058226826,0.456285184314,-0.123404708832,-0.213935182297,0.399306099893,1.416710978891,0.535782814534,-0.759907180077,-0.467238685859
0.128488264000,-0.389964981000,0.611504742000,0.997592172000,0.057620938000,0.006892358000,0.037976053000,-1.540279683000,0.147248322000,0.184488374000,1.434810328000,-0.227303090000,0.102916928000,0.261033638000,-0.266846333000,-0.140599747000,0.800700520000,-0.411615196000,0.131385975000,0.146024646625,0.017058941191,-0.158849545172,0.487782233051,0.240192806920,0.078268527534,-0.036656566161,0.621455605957,0.248580233807,-0.990073673153,0.455997143936,-0.121356736448,-0.220572581509,0.417783487920,1.368868757409,0.535745791457,-0.758893436003,-0.466993622818
0.119320382000,-0.403032978000,0.612911989000,0.997875650000,0.058352377000,0.012905961000,0.025934987000,-1.578236708000,0.146853341000,0.174252554000,1.472219958000,-0.236922370000,0.101328521000,0.258805528000,-0.272839029000,-0.135312251000,0.830278935000,-0.416098415000,0.134504500000,0.154781136143,0.016185108328,-0.160835387756,0.487223394592,0.251768013554,0.087842271515,-0.065608631959,0.570582309785,0.248685322547,-0.987122031104,0.455710038224,-0.102575210103,-0.225156608112,0.435161019452,1.278868757409,0.535777893525,-0.757899588583,-0.466744407028
0.110984100000,-0.412404866000,0.613732788000,0.997981092000,0.058890425000,0.018026010000,0.015515203000,-1.614494793000,0.148045053000,0.164539107000,1.505022439000,-0.238372152000,0.097647061000,0.257076351000,-0.281691938000,-0.129324177000,0.859151297000,-0.420510728000,0.135537769000,0.166610808576,0.016096787708,-0.171833378621,0.485942578830,0.271559625953,0.088309753057,-0.068115468289,0.525457598205,0.263205158421,-0.984196974689,0.455425507256,-0.085355827602,-0.225328121487,0.450265525104,1.188868757409,0.535868114292,-0.756917046633,-0.466491999351
0.104076570000,-0.418865525000,0.614528289000,0.997990471000,0.058645712000,0.022786776000,0.007514210000,-1.648315423000,0.148995404000,0.155550444000,1.537447914000,-0.239731907000,0.094999874000,0.261495981000,-0.289657023000,-0.124505021000,0.874820900000,-0.427311185000,0.130928456000,0.176084507056,0.016549088146,-0.176914786774,0.481564240537,0.284254409785,0.085072106180,-0.068498331426,0.482997940969,0.301399241734,-0.981295658322,0.455145316127,-0.065473455726,-0.226148742726,0.459822436048,1.102688577191,0.535998836919,-0.755936204421,-0.466236237222
0.094963837000,-0.425466128000,0.614273718000,0.998087444000,0.056482526000,0.025118525000,-0.000488040000,-1.676855236000,0.151328182000,0.146346221000,1.559263031000,-0.239552837000,0.091949876000,0.256983357000,-0.297249514000,-0.121723342000,0.894737366000,-0.435908117000,0.126165506000,0.181850828746,0.019142525211,-0.179620081296,0.474651216236,0.295948671210,0.083628637788,-0.064598386495,0.463508532110,0.341756219888,-0.978417682437,0.454871687346,-0.054208744892,-0.222735131806,0.462629451064,1.066768159371,0.536164459737,-0.754955306783,-0.465976516225
0.082552440000,-0.430918719000,0.614770764000,0.998078576000,0.055701940000,0.026507543000,-0.005813874000,-1.698364042000,0.155909093000,0.140021413000,1.569708012000,-0.237099432000,0.088083606000,0.249538315000,-0.304572181000,-0.119345529000,0.908225941000,-0.443302878000,0.121930273000,0.180553598093,0.020453611101,-0.174682412823,0.464658454407,0.301095027092,0.082686844720,-0.063764061701,0.448725900120,0.344129722222,-0.992727487550,0.455123549351,-0.058860294096,-0.217258873601,0.461825554171,1.096121095554,0.536350475764,-0.753977007869,-0.465716022129
0.068792636000,-0.435490249000,0.616907384000,0.998140210000,0.053743883000,0.027323055000,-0.009009249000,-1.712523377000,0.161887519000,0.137285166000,1.570871860000,-0.233596716000,0.084421886000,0.248825840000,-0.309436621000,-0.118005560000,0.905872493000,-0.446942346000,0.114731282000,0.175629592952,0.022853527622,-0.166057440100,0.460815112590,0.298096062001,0.084673684333,-0.070018827618,0.442390078079,0.313422374998,-1.031295296897,0.454166673845,-0.063900060710,-0.209087150148,0.463811161116,1.122328115262,0.536549432946,-0.753002794334,-0.465456651968
0.056469615000,-0.438408017000,0.621262579000,0.998163558000,0.051144438000,0.028252888000,-0.015985398000,-1.718588917000,0.166557435000,0.137448852000,1.556468108000,-0.229308984000,0.080456733000,0.247302652000,-0.312816209000,-0.119903287000,0.886538681000,-0.446446059000,0.108213086000,0.170473389389,0.027067800745,-0.148072266112,0.447803339145,0.287715848390,0.091059319743,-0.091055540614,0.433403536141,0.297505877008,-1.088624470730,0.454165359755,-0.065396933035,-0.208648487612,0.470739662942,1.103076745094,0.536758040890,-0.752034542426,-0.465198824906
0.045126472000,-0.440910913000,0.626173840000,0.997832498000,0.045467186000,0.027038059000,-0.039140579000,-1.721664147000,0.171034803000,0.138965429000,1.539273296000,-0.222694545000,0.078075143000,0.241093313000,-0.316546307000,-0.123480680000,0.860745798000,-0.436417715000,0.102295983000,0.162077059929,0.032532437257,-0.125147048551,0.434630795648,0.272087657006,0.097604731009,-0.109205411096,0.441718659033,0.281496879969,-1.167590089356,0.454560343497,-0.082431850735,-0.202377507171,0.471976740152,1.149309313965,0.536961195837,-0.751073560269,-0.464945272322
0.036950830000,-0.441737578000,0.632399744000,0.997499352000,0.041773173000,0.029974119000,-0.048493267000,-1.708850973000,0.173292978000,0.142788787000,1.507405928000,-0.218980290000,0.074833134000,0.240256183000,-0.316510135000,-0.126897436000,0.808463575000,-0.416761345000,0.095626616000,0.151032252159,0.037338004552,-0.102206265936,0.423452481753,0.250523066115,0.100152821262,-0.118558483759,0.472731875358,0.275387469322,-1.257036460234,0.455488292855,-0.105307608872,-0.194363785126,0.471265284750,1.194693158524,0.537157036325,-0.750117681934,-0.464696943956
0.032898436000,-0.441584428000,0.641515445000,0.996850995000,0.039283735000,0.035201718000,-0.059209124000,-1.671302991000,0.175239984000,0.151829369000,1.449900873000,-0.211265462000,0.070152515000,0.241696554000,-0.313847498000,-0.130374644000,0.742168325000,-0.385134184000,0.093049913000,0.139488180790,0.042403070739,-0.077633714004,0.424633258497,0.231477214475,0.100567755507,-0.126469810563,0.503822418761,0.312384293472,-1.331585400007,0.456165004267,-0.114195639088,-0.197581960542,0.473348772486,1.188556639531,0.537367791149,-0.749163885375,-0.464449729829
0.033605059000,-0.439508579000,0.654201373000,0.995858818000,0.034776579000,0.044474660000,-0.071258750000,-1.617134696000,0.177853958000,0.164509434000,1.368914051000,-0.195900870000,0.065503714000,0.235601628000,-0.310539679000,-0.138712714000,0.673464695000,-0.345644193000,0.091038562000,0.123412730789,0.048661169843,-0.053519073685,0.422425591567,0.210731657019,0.099978836949,-0.133524131967,0.537744168315,0.367051356175,-1.394264624311,0.456514764744,-0.141346625454,-0.190434166317,0.479269889577,1.236562197421,0.537596559631,-0.748210258907,-0.464202399985
0.039261477000,-0.434974826000,0.671303352000,0.994048576000,0.027987974000,0.056909064000,-0.088574600000,-1.548113972000,0.177622910000,0.175634029000,1.285545975000,-0.182154576000,0.068962417000,0.223595661000,-0.306193874000,-0.151224387000,0.596516604000,-0.297677302000,0.088515956000,0.115142568895,0.051890078475,-0.032487993055,0.418467707186,0.187296002817,0.099699864801,-0.138612480886,0.583138435941,0.405540843056,-1.396260000000,0.457003103911,-0.180819144942,-0.179444585976,0.483054848565,1.326562197421,0.537824452129,-0.747254373199,-0.463959081139
0.050450766000,-0.427618782000,0.693628174000,0.991291602000,0.020727954000,0.072178758000,-0.108173654000,-1.439403516000,0.178836390000,0.189967589000,1.177597255000,-0.171580992000,0.073346512000,0.175274327000,-0.304979221000,-0.168740358000,0.554541592000,-0.233931730000,0.098661405000,0.100973061502,0.052026007851,-0.021069158688,0.431683102348,0.170841614470,0.099678839586,-0.135081424135,0.632543443726,0.438892681428,-1.396259942662,0.457300289459,-0.197321516510,-0.166986318690,0.489260903077,1.358791717509,0.538043045403,-0.746297550308,-0.463719306930
0.062309379000,-0.421132696000,0.720558241000,0.987510259000,0.011775841000,0.089272204000,-0.129287627000,-1.313744070000,0.177741664000,0.210300529000,1.037702699000,-0.151588212000,0.068813446000,0.132607036000,-0.297152500000,-0.192465773000,0.505218343000,-0.180459530000,0.091657843000,0.094063789881,0.052556838638,-0.013220506604,0.439247885893,0.148399912315,0.100636891323,-0.135035423584,0.689065210714,0.455613789218,-1.394901982269,0.457472451431,-0.230176534813,-0.148333416456,0.496076938865,1.422037320315,0.538209303749,-0.745341864118,-0.463488386400
0.072925683000,-0.419553551000,0.748790114000,0.982776667000,0.012894161000,0.101933810000,-0.153600984000,-1.171595461000,0.172220135000,0.233790650000,0.890793180000,-0.134014141000,0.071317461000,0.059568309000,-0.290201679000,-0.207577009000,0.513813079000,-0.137702283000,0.093211031000,0.089702371829,0.050017289091,-0.016581143346,0.479844609714,0.153460849599,0.096408299709,-0.104344018861,0.715501874498,0.446937956718,-1.392594440215,0.457563896162,-0.229095922498,-0.143880912624,0.500601849319,1.447679100475,0.538299040601,-0.744384340413,-0.463265632393
0.085840911000,-0.420622340000,0.774530675000,0.978899955000,0.017084341000,0.111519287000,-0.170371511000,-1.042800263000,0.159253018000,0.260199033000,0.762270806000,-0.128967044000,0.082444367000,-0.026730376000,-0.279419261000,-0.208951631000,0.564929036000,-0.118277998000,0.092592549000,0.090501518205,0.047968853197,-0.017280775501,0.495049991768,0.157534787460,0.096940172770,-0.084994027883,0.744772920037,0.416846659063,-1.389624014809,0.457601605562,-0.237956775797,-0.147381714414,0.501383539296,1.474395118614,0.538297261553,-0.743423108349,-0.463050273177
0.103449680000,-0.424436508000,0.798235599000,0.976349684000,0.028975541000,0.131858924000,-0.168863666000,-0.889819672000,0.140747845000,0.299107078000,0.623219382000,-0.130951039000,0.090811681000,-0.114655532000,-0.260887303000,-0.199839234000,0.644854097000,-0.114035192000,0.094581657000,0.074794197494,0.040339689919,-0.020652012949,0.536701842385,0.177861828543,0.106778415950,-0.075585059166,0.771399813011,0.381305964314,-1.386192550526,0.457603823564,-0.214189876422,-0.154740179415,0.499810273133,1.472336262688,0.538221552594,-0.742456757242,-0.462833150345
0.124607713000,-0.428258121000,0.812967504000,0.970077624000,0.050302308000,0.179454021000,-0.155612774000,-0.746133791000,0.119381684000,0.358333474000,0.491791371000,-0.135200863000,0.097902327000,-0.230821776000,-0.230944102000,-0.180618978000,0.747882270000,-0.119850519000,0.095403061000,0.061906558200,0.036278005529,-0.034573815357,0.562973193742,0.184506132671,0.115526020988,-0.063803128371,0.772549110377,0.355336729842,-1.382447790713,0.457583046449,-0.195273257347,-0.164983130830,0.490156320580,1.459884352619,0.538103455457,-0.741497280575,-0.462610209799
0.146081837000,-0.433020958000,0.820041002000,0.971126686000,0.058094878000,0.174561904000,-0.151875235000,-0.647074147000,0.099682771000,0.397179993000,0.423794077000,-0.155518664000,0.103243865000,-0.378025945000,-0.208556942000,-0.152956157000,0.872521700000,-0.136370220000,0.091325875000,0.038149619297,0.032498218006,-0.032320012136,0.587915772784,0.166639920952,0.122231660778,-0.057985779966,0.764483042167,0.336075588214,-1.378490870248,0.457548415277,-0.209182946487,-0.164824276020,0.479490883246,1.437067936703,0.537973589940,-0.740550663709,-0.462379101924
0.166355248000,-0.437207431000,0.823308659000,0.973910316000,0.061915457000,0.165238309000,-0.142693636000,-0.563359490000,0.086937145000,0.444389669000,0.370258744000,-0.175683759000,0.096474470000,-0.478911469000,-0.200690776000,-0.137100058000,0.949938393000,-0.151120823000,0.090796804000,0.016507841240,0.030201759333,-0.032908356641,0.596541207455,0.164954893261,0.131468630674,-0.054095040980,0.757635154606,0.321507547636,-1.374391756742,0.457499085965,-0.200927507921,-0.167967026313,0.475680375794,1.401080364464,0.537865818264,-0.739617452347,-0.462133694196
0.182573917000,-0.440369783000,0.824676355000,0.976277092000,0.068335223000,0.157539003000,-0.131889347000,-0.471830866000,0.070871113000,0.491167802000,0.319075201000,-0.188917386000,0.085554926000,-0.494512536000,-0.183860516000,-0.132400132000,0.937168919000,-0.158559864000,0.090144621000,0.010721595773,0.023662957952,-0.058131532191,0.630058588451,0.172419984302,0.120590283188,-0.049049885582,0.771114889345,0.310247510420,-1.370185113595,0.457429038991,-0.199809176759,-0.173933657229,0.470941741587,1.443303889263,0.537785646935,-0.738687736172,-0.461874135855
0.193850110000,-0.442179401000,0.824721492000,0.983241170000,0.071735869000,0.138073600000,-0.095007621000,-0.392218226000,0.048855442000,0.520712915000,0.266493119000,-0.208159150000,0.064094731000,-0.608599432000,-0.154689402000,-0.096533441000,0.960505533000,-0.162160744000,0.090249386000,-0.009890856273,0.023955854017,-0.062391430368,0.624319602430,0.148851288684,0.105780945985,-0.092689262114,0.747286147651,0.301262441551,-1.365909786320,0.457338769792,-0.178913879484,-0.189378288873,0.465236491543,1.436284644849,0.537775827735,-0.737764075763,-0.461597804727
0.201784702000,-0.443339152000,0.820068622000,0.988346225000,0.075709487000,0.125843968000,-0.040038832000,-0.342547668000,0.034283574000,0.492662976000,0.274143017000,-0.265612506000,0.038648359000,-0.706564493000,-0.130099095000,-0.063845095000,0.948596823000,-0.160375461000,0.090584439000,-0.045965638373,0.026342821700,-0.080718631533,0.600071792765,0.121631874849,0.090731259234,-0.149522504010,0.738144048482,0.293906483799,-1.361586297302,0.457227868797,-0.176879877759,-0.210276870567,0.459556438545,1.432771440605,0.537871267508,-0.736846688538,-0.461308439300
0.208174071000,-0.442817744000,0.813069874000,0.989509191000,0.078751490000,0.120128029000,0.015460300000,-0.280111701000,0.026996897000,0.451175855000,0.309023401000,-0.335856624000,0.009414988000,-0.745353373000,-0.121020456000,-0.049291238000,0.903053853000,-0.141659550000,0.092039570000,-0.102425390497,0.020347723018,-0.117088078577,0.582276660300,0.119071551627,0.075324942442,-0.185259615336,0.751083066824,0.287706254835,-1.357227959921,0.457096823232,-0.145312924230,-0.230283148037,0.452562295970,1.427363984135,0.538073627050,-0.735935828345,-0.461006142806
0.213414490000,-0.439185137000,0.805151099000,0.987160511000,0.076945539000,0.121144953000,0.070124251000,-0.201354396000,0.028228245000,0.421945343000,0.331250713000,-0.385912998000,-0.031496801000,-0.762399664000,-0.123346171000,-0.047924769000,0.837374673000,-0.109238356000,0.094864096000,-0.156372999745,0.012408171591,-0.134888780550,0.574275637507,0.148002613643,0.057190978438,-0.159246319532,0.753532475069,0.250222538830,-1.352846777288,0.456946015601,-0.090445293584,-0.246024871743,0.436408639703,1.432235659786,0.538368347430,-0.735034466794,-0.460691635380
0.216067771000,-0.432271858000,0.796440334000,0.981787201000,0.071345124000,0.132372214000,0.116109267000,-0.126753506000,0.036002754000,0.390570538000,0.341480360000,-0.416857330000,-0.079644200000,-0.763620075000,-0.131663987000,-0.077002511000,0.677012070000,-0.048519346000,0.100528680000,-0.198853231567,0.014644017412,-0.144158210937,0.559475031156,0.160084911725,0.042093856788,-0.069246397869,0.793660930267,0.150222538830,-1.348455444546,0.456776900540,-0.047263743589,-0.252489415757,0.409745894255,1.399770473453,0.538749533550,-0.734145531363,-0.460365887930
0.215543397000,-0.422809333000,0.788122309000,0.977810697000,0.066712656000,0.141478587000,0.139353765000,-0.047556525000,0.048255344000,0.378015427000,0.337802407000,-0.432478452000,-0.126183138000,-0.747982485000,-0.145487963000,-0.149822388000,0.468397873000,0.037595635000,0.099864416000,-0.235497087293,0.014720893541,-0.168179443658,0.550581118018,0.146262368356,0.027799118079,0.020753599955,0.883660930266,0.050222538830,-1.344069406145,0.456588067737,-0.020303409590,-0.251170342589,0.374750758833,1.393473032295,0.539187149387,-0.733269636998,-0.460035754110
0.213122234000,-0.409419091000,0.779240652000,0.973519628000,0.059641898000,0.154463253000,0.157618148000,0.020120412000,0.064241166000,0.367269709000,0.339052356000,-0.445788044000,-0.160897490000,-0.730078802000,-0.158001605000,-0.249717598000,0.303458471000,0.116430155000,0.077679620000,-0.260817362471,0.012793862472,-0.180852112387,0.556628753666,0.142744655395,0.016153263033,0.110753599955,0.944503708436,-0.049777461170,-1.339043067219,0.456382593262,0.011093867611,-0.251866890756,0.335821128622,1.369841946692,0.539647878136,-0.732406274331,-0.459707240109
0.206772190000,-0.395247681000,0.768910138000,0.971778766000,0.057223295000,0.153072327000,0.170118747000,0.090754678000,0.086094943000,0.376259130000,0.332593013000,-0.442211777000,-0.188364695000,-0.712623960000,-0.166184351000,-0.306726551000,0.198809758000,0.167986574000,0.058288960000,-0.272978479296,0.002899419647,-0.183966198299,0.568157212058,0.161324462472,0.001003960803,0.197771936624,0.946516003231,-0.149777461170,-1.337214818561,0.456164746866,0.037259778337,-0.249340248978,0.297419947052,1.378667482954,0.540084451904,-0.731555201162,-0.459388741099
0.191585817000,-0.383800542000,0.758332620000,0.971210600000,0.056814368000,0.147461141000,0.178261912000,0.139127175000,0.109460630000,0.377774165000,0.339976932000,-0.441802941000,-0.195531999000,-0.712687104000,-0.176187891000,-0.326650627000,0.154489662000,0.191871331000,0.041348154000,-0.279631349255,-0.004552694945,-0.190497792433,0.588469617421,0.201270568924,-0.001737622822,0.176141590016,0.884301110747,-0.249777460316,-1.336646670611,0.455941725736,0.060107606226,-0.246933207909,0.265260496851,1.398372314617,0.540450427474,-0.730713195630,-0.459088512145
0.165026324000,-0.375079165000,0.747981282000,0.969910869000,0.060783002000,0.144225969000,0.186486469000,0.172648536000,0.136966416000,0.368344204000,0.357889789000,-0.439186138000,-0.187826681000,-0.726490219000,-0.197540817000,-0.345360604000,0.162436009000,0.196091268000,0.018227552000,-0.285477931522,-0.010530859552,-0.191434072839,0.597639671125,0.215991982900,0.006312743389,0.140703932782,0.872123728443,-0.349777460316,-1.335316017625,0.455720525297,0.063512326808,-0.249224738872,0.239767897374,1.441198980109,0.540689094132,-0.729877409015,-0.458820553880
0.135839781000,-0.372666691000,0.734467920000,0.969332560000,0.065190162000,0.138081869000,0.192556561000,0.199727811000,0.169363875000,0.336345587000,0.391656952000,-0.445226932000,-0.158325081000,-0.741097289000,-0.229243623000,-0.342633182000,0.220515929000,0.179341293000,-0.005268158000,-0.290688073999,-0.017048174153,-0.180628361337,0.606783723293,0.243147969122,0.005696104073,0.109947610527,0.827442552206,-0.449777460316,-1.330671596538,0.455510267983,0.082642552020,-0.251866127949,0.219393060005,1.454674648863,0.540765077022,-0.729043142236,-0.458595407903
0.115536637000,-0.373781540000,0.720294463000,0.968489884000,0.070720911000,0.130840211000,0.199766706000,0.216310921000,0.201182203000,0.294631284000,0.422017021000,-0.437727401000,-0.118116362000,-0.755285025000,-0.256229907000,-0.307743825000,0.294621124000,0.152500644000,-0.017198763000,-0.295028024756,-0.021727207084,-0.189756995565,0.614343416990,0.239995998993,0.004336898222,0.159245921563,0.863504272831,-0.549777460311,-1.322550713841,0.455317708444,0.080784959315,-0.250401447074,0.203642321697,1.485761456776,0.540652633097,-0.728203399535,-0.458420418388
0.099589793000,-0.365603445000,0.705979090000,0.967919861000,0.078948411000,0.124223304000,0.203634139000,0.241771869000,0.229960663000,0.267480731000,0.441154934000,-0.421154984000,-0.082437195000,-0.770893406000,-0.272345456000,-0.257049935000,0.381689607000,0.107765116000,-0.015517245000,-0.301148838297,-0.027101554191,-0.192577588134,0.611231204621,0.228240743744,0.009815841430,0.249245921563,0.953504272693,-0.649777460311,-1.308769438630,0.455148523616,0.070674262351,-0.242946095779,0.191928887821,1.502470213126,0.540340734678,-0.727350908882,-0.458296812081
0.094808467000,-0.353689581000,0.689854865000,0.968045467000,0.089765439000,0.112534084000,0.205344149000,0.266076945000,0.253658188000,0.234396321000,0.475338483000,-0.413863923000,-0.043392174000,-0.811042302000,-0.281958127000,-0.187948303000,0.514315245000,0.041032818000,-0.012360319000,-0.313733530884,-0.035253999034,-0.186197558094,0.598272253187,0.222003332806,0.011279832337,0.339245921563,1.043504272618,-0.749777460311,-1.292155480291,0.455007251040,0.060473858449,-0.241742588851,0.183300010117,1.512143131891,0.539830948158,-0.726479221688,-0.458224866162
0.095848871000,-0.346206856000,0.670225410000,0.967409198000,0.102226056000,0.102321960000,0.207844878000,0.278851916000,0.269410441000,0.201047256000,0.521813252000,-0.426013560000,0.003863434000,-0.893713581000,-0.285989810000,-0.124688344000,0.692387210000,-0.040866220000,-0.018184527000,-0.333671949200,-0.038463147354,-0.175596585312,0.582822466203,0.214356439149,0.000362708413,0.429245901726,1.107637915043,-0.849777460311,-1.273593984815,0.454898305599,0.029726102236,-0.246705494072,0.178781290861,1.503285892593,0.539170455236,-0.725594822995,-0.458198871506
0.096289006000,-0.335799431000,0.649208505000,0.966120666000,0.114838464000,0.090548528000,0.212659235000,0.298189722000,0.285661338000,0.187000385000,0.561549221000,-0.452922445000,0.044391203000,-0.997160402000,-0.298358747000,-0.080291184000,0.882357273000,-0.115389923000,-0.027254966000,-0.352340349495,-0.041786624758,-0.165931833412,0.559359294573,0.211064442994,-0.012711384444,0.375392628559,1.048303279667,-0.946153820725,-1.256118377555,0.454818497425,-0.008921877638,-0.259945293061,0.176678489092,1.510458405054,0.538373816061,-0.724698043222,-0.458213934906
0.094702671000,-0.331714143000,0.630525346000,0.963524705000,0.126449812000,0.080042002000,0.221864523000,0.314804069000,0.300037636000,0.186022924000,0.581836804000,-0.485947813000,0.076297887000,-1.098770665000,-0.312910895000,-0.045411260000,1.051347185000,-0.167840713000,-0.032560371000,-0.377171102369,-0.039786619353,-0.162827673544,0.546835586508,0.191794546869,-0.034043966172,0.285392628566,0.962602682691,-0.846153830902,-1.239341304537,0.454766405310,-0.049404073334,-0.263214969902,0.179126153691,1.505598678914,0.537463880064,-0.723788161536,-0.458259157894
0.087435025000,-0.329718251000,0.613832669000,0.960739518000,0.130545200000,0.069995586000,0.234602104000,0.317756169000,0.312840595000,0.177794701000,0.614527873000,-0.515688093000,0.100618536000,-1.194182655000,-0.324648045000,-0.019730825000,1.192600772000,-0.200424670000,-0.033444831000,-0.394454951445,-0.035389441322,-0.163753699113,0.544864491356,0.172241003664,-0.052279889654,0.195392628566,0.923836575477,-0.774768148216,-1.226444334631,0.454742244950,-0.092553743906,-0.267979460962,0.192486541749,1.482563686899,0.536483072111,-0.722864780226,-0.458323614341
0.066476487000,-0.331733113000,0.601982185000,0.958260657000,0.136066631000,0.067940394000,0.242087770000,0.326578960000,0.320698066000,0.169119451000,0.637854215000,-0.529900742000,0.119024112000,-1.248029302000,-0.329791099000,-0.004544219000,1.285845803000,-0.222969066000,-0.031209328000,-0.405312731738,-0.031080980644,-0.168152967829,0.547096174856,0.181592814957,-0.058023248282,0.105392628566,0.841202609311,-0.723504318816,-1.216270232009,0.454741148136,-0.112048560264,-0.273866007423,0.225779434004,1.427055263775,0.535487098072,-0.721928093606,-0.458393549087
0.026667211000,-0.336504092000,0.593658037000,0.956221936000,0.141020186000,0.070924597000,0.246419597000,0.317874999000,0.326381177000,0.157123405000,0.669214334000,-0.540345980000,0.129943111000,-1.303091953000,-0.330644047000,0.008461902000,1.372074735000,-0.247803222000,-0.033758935000,-0.411384702481,-0.025118996452,-0.177506610698,0.530150386765,0.165936649660,-0.038192657154,0.015392628566,0.801325985957,-0.686374568475,-1.208004542192,0.454757906929,-0.150611395286,-0.284336727641,0.270396763640,1.407568040796,0.534473404202,-0.720976370454,-0.458466402189
-0.017891693000,-0.345168043000,0.588247221000,0.954009936000,0.144073805000,0.075895225000,0.251689680000,0.314254955000,0.332133385000,0.152413497000,0.690302006000,-0.550285294000,0.129722321000,-1.354905577000,-0.329348201000,0.018567441000,1.448578657000,-0.270736413000,-0.033890421000,-0.412499738467,-0.018235742341,-0.189789586979,0.508488350283,0.145326980141,-0.016856546372,-0.074607371434,0.777467581704,-0.659179766779,-1.201080693345,0.454791141865,-0.183197940999,-0.292451216132,0.319097232058,1.392722108618,0.533424342901,-0.720010792672,-0.458543040874
-0.042199094000,-0.356905320000,0.585121585000,0.951629864000,0.143221473000,0.078442124000,0.260259571000,0.311083169000,0.336043420000,0.147061212000,0.705860902000,-0.557023421000,0.129997120000,-1.398708382000,-0.326971658000,0.024308107000,1.507108332000,-0.287917882000,-0.033903134000,-0.410770872921,-0.014876104431,-0.201681888543,0.486603637728,0.132509799037,0.002817275675,-0.164607371434,0.756412218788,-0.638961491549,-1.195100927001,0.454839137387,-0.212300089868,-0.295736263023,0.363447449948,1.398985721818,0.532309496118,-0.719033986556,-0.458628496161
-0.051143407000,-0.364987091000,0.584982368000,0.950392286000,0.138964383000,0.078073769000,0.267110257000,0.317812156000,0.338633663000,0.144404281000,0.714082533000,-0.562980768000,0.131479356000,-1.421375682000,-0.325833212000,0.024961840000,1.546782370000,-0.300429199000,-0.032401531000,-0.419381503306,-0.014120318709,-0.213704129029,0.483310479961,0.129999698692,0.021321700095,-0.254607371434,0.738926640900,-0.623632446891,-1.189784482700,0.454902081522,-0.208640082610,-0.293585066018,0.409950730168,1.344042285017,0.531142175674,-0.718047490311,-0.458721785705
-0.054102666000,-0.367162661000,0.586567756000,0.950443601000,0.133414349000,0.078506742000,0.269618738000,0.319976761000,0.340677523000,0.143227588000,0.719844020000,-0.568394246000,0.131398920000,-1.445215996000,-0.323928484000,0.025748770000,1.581425254000,-0.311244036000,-0.033430665000,-0.429929785719,-0.010747257496,-0.216401026241,0.472317977776,0.124207728474,0.037836610779,-0.330419565465,0.730146587971,-0.611721660055,-1.184935767609,0.454981985473,-0.201718913446,-0.293535946524,0.457571658333,1.272490392168,0.529926715419,-0.717055042077,-0.458826016253
-0.057561041000,-0.364774036000,0.588270389000,0.951391693000,0.129738077000,0.080191929000,0.267565193000,0.321677289000,0.342591832000,0.143272847000,0.723553164000,-0.573738532000,0.132763499000,-1.471985388000,-0.323968748000,0.027418316000,1.612366073000,-0.317267402000,-0.034085660000,-0.434921595611,-0.007359984113,-0.223664142987,0.459435265619,0.120165194073,0.041967008881,-0.364932535428,0.738123848325,-0.602185702684,-1.180413281504,0.455079060347,-0.228387030247,-0.288157253974,0.496948146899,1.289582854096,0.528645321721,-0.716057344752,-0.458949701038
-0.063073973000,-0.360849965000,0.589330201000,0.953070521000,0.126714099000,0.082536578000,0.262274346000,0.321534543000,0.343651223000,0.144791162000,0.720044517000,-0.579246916000,0.132207571000,-1.499693405000,-0.325556724000,0.029560619000,1.641976324000,-0.326613273000,-0.037391298000,-0.445332098009,-0.003626679722,-0.216540305326,0.439912879260,0.107511951283,0.039842311795,-0.375078663188,0.762698791374,-0.594280572572,-1.176116498529,0.455192086564,-0.271108893147,-0.276931953541,0.525803273664,1.345888797131,0.527278918925,-0.715056454605,-0.459100734989
-0.070448543000,-0.358617824000,0.589983194000,0.953875365000,0.126235896000,0.086090954000,0.258407883000,0.317002575000,0.343810520000,0.149378540000,0.713730389000,-0.582235289000,0.130452441000,-1.516550417000,-0.324145986000,0.030994947000,1.660633038000,-0.338448427000,-0.043191137000,-0.458510546598,0.001826861197,-0.209799762095,0.426364553334,0.077663050369,0.039165574863,-0.396714999964,0.747934893868,-0.587541603725,-1.171986247609,0.455325338355,-0.275229519673,-0.281272446726,0.559533800211,1.255888797131,0.525863741923,-0.714059782222,-0.459278557443
-0.078991858000,-0.357641408000,0.591865858000,0.953547080000,0.128957104000,0.089967963000,0.256950963000,0.300849565000,0.344943308000,0.156800164000,0.702081347000,-0.574282533000,0.124274257000,-1.543278558000,-0.321781932000,0.033342050000,1.676843009000,-0.346977482000,-0.049957523000,-0.456635819579,0.009014937579,-0.207952893073,0.396761747203,0.045343116209,0.048752420906,-0.410109808493,0.731458713503,-0.581642104274,-1.167980260536,0.455475950324,-0.316595738361,-0.291992678531,0.578070303493,1.301491799939,0.524360308493,-0.713070344190,-0.459486450140
-0.087441835000,-0.358028937000,0.597568533000,0.952753721000,0.133481728000,0.095600084000,0.255545691000,0.290358942000,0.341566666000,0.168197362000,0.669728363000,-0.557731036000,0.122332857000,-1.553354154000,-0.317840907000,0.034358253000,1.677745735000,-0.353723124000,-0.057090744000,-0.461116812721,0.018885266132,-0.206734620985,0.374847569987,0.026257962708,0.052902131348,-0.417585759304,0.722238646578,-0.576354879109,-1.164069897565,0.455641082337,-0.336387809729,-0.295351614479,0.587821992995,1.310061817545,0.522774577279,-0.712093667265,-0.459720664205
-0.092345055000,-0.357434635000,0.607766735000,0.950538908000,0.140144992000,0.102329619000,0.257611751000,0.282469373000,0.334784585000,0.190782344000,0.622570003000,-0.534386663000,0.118878733000,-1.529473107000,-0.313294718000,0.032358938000,1.650356995000,-0.368138225000,-0.066178689000,-0.463241462643,0.026020004776,-0.204742732511,0.346448379759,0.020998821487,0.049745125693,-0.424880926026,0.715680316057,-0.571520335815,-1.160232758503,0.455811474788,-0.349504315292,-0.300909657271,0.587691038541,1.347225862903,0.521116759431,-0.711131362035,-0.459973891479
-0.096805216000,-0.355953983000,0.620546975000,0.950166874000,0.145051305000,0.112427085000,0.251998377000,0.264123616000,0.322789916000,0.224111684000,0.566128397000,-0.502927258000,0.111915728000,-1.495748510000,-0.306288934000,0.024372524000,1.595196073000,-0.383068000000,-0.077388035000,-0.470350647175,0.038166467267,-0.189184486593,0.305437141829,0.017707672407,0.044913599169,-0.420359817227,0.733951316521,-0.566986158721,-1.156449717579,0.455981701295,-0.357532735403,-0.296316377179,0.585560354958,1.362075787622,0.519420044633,-0.710185668167,-0.460241429303
-0.099297934000,-0.355050547000,0.633648486000,0.949645538000,0.151666006000,0.124835566000,0.244104190000,0.237409337000,0.309046869000,0.265646993000,0.515634779000,-0.462369613000,0.097782054000,-1.447685779000,-0.295435974000,0.015669579000,1.526793105000,-0.394798039000,-0.087434186000,-0.475073540948,0.053351579860,-0.176550258443,0.267100552755,0.001544724958,0.038124704295,-0.406263440496,0.766208769403,-0.562628430655,-1.152704312424,0.456146389357,-0.381570585958,-0.298701416397,0.579696162826,1.429526527939,0.517694980297,-0.709252523220,-0.460521772461
-0.099225215000,-0.353408045000,0.647920746000,0.948682589000,0.156618875000,0.137473590000,0.237850552000,0.181715483000,0.286998961000,0.286526259000,0.513585073000,-0.422237249000,0.098269992000,-1.378500848000,-0.275418828000,0.001750774000,1.443591190000,-0.396561357000,-0.097382573000,-0.475542051755,0.060904802574,-0.157826238639,0.236878566146,0.011511708870,0.039515907726,-0.374659486846,0.810651859852,-0.558365912216,-1.148984380482,0.456301314839,-0.370896934420,-0.302348273148,0.572213575066,1.444970011529,0.516020389916,-0.708327915512,-0.460799255291
-0.101098042000,-0.351551656000,0.663263971000,0.946320299000,0.166873108000,0.159534994000,0.226229624000,0.109192218000,0.260502783000,0.293419724000,0.547261773000,-0.378821545000,0.098234685000,-1.286312756000,-0.251034560000,-0.013673144000,1.343024374000,-0.388482126000,-0.101347651000,-0.467023159898,0.063487432696,-0.143740704002,0.217907183126,0.007912788480,0.013684830658,-0.354122521087,0.900651859852,-0.554139964663,-1.145275254262,0.456441775823,-0.357232540326,-0.303338594087,0.560140306950,1.495291817664,0.514420789254,-0.707403805541,-0.461069354931
-0.115332194000,-0.352122989000,0.676942576000,0.948371198000,0.155032235000,0.118616433000,0.249974437000,0.019877070000,0.220702548000,0.279377698000,0.636323700000,-0.356942792000,0.103320226000,-1.178298468000,-0.222781715000,-0.031668734000,1.221049138000,-0.369221140000,-0.100155443000,-0.461330894096,0.067898537323,-0.132846005776,0.199597866383,0.014058261394,-0.006142172476,-0.364985802567,0.950020581556,-0.549944118180,-1.141564258704,0.456561234307,-0.320142778653,-0.316910021623,0.543722926172,1.513148386934,0.512935258021,-0.706471113949,-0.461323817622
-0.129749634000,-0.337371172000,0.688370777000,0.949373963000,0.157910217000,0.153540116000,0.224006415000,-0.126304312000,0.176228811000,0.253598627000,0.783828330000,-0.337069713000,0.102477685000,-1.077667599000,-0.196010582000,-0.056257379000,1.092018730000,-0.333139190000,-0.090032086000,-0.442445134039,0.069778772693,-0.110369079863,0.181507026471,0.023109841332,-0.000175714749,-0.375456780854,0.934133911274,-0.545789023199,-1.137849177484,0.456660842441,-0.285453123474,-0.330318831108,0.525824214495,1.526277904697,0.511603478909,-0.705526267343,-0.461559942829
-0.145782009000,-0.326557799000,0.692870248000,0.953254292000,0.142705912000,0.161597878000,0.211724828000,-0.278048047000,0.142008625000,0.228602082000,0.967241256000,-0.326910065000,0.097084476000,-0.998642353000,-0.172925829000,-0.078655577000,0.990366247000,-0.293191985000,-0.078011232000,-0.416733985106,0.065790254629,-0.104874955812,0.177202757278,0.025697463856,-0.001001893616,-0.397314607704,0.924636889097,-0.541673397382,-1.134134837380,0.456748070424,-0.265680129025,-0.320727409916,0.508986041966,1.527457875505,0.510437203699,-0.704574736879,-0.461778354471
-0.151633311000,-0.321211814000,0.691472432000,0.960270839000,0.129817562000,0.156422759000,0.191204699000,-0.412367929000,0.117218948000,0.208552746000,1.147137721000,-0.325302284000,0.098516305000,-0.930350047000,-0.153047264000,-0.091803112000,0.927418008000,-0.261417953000,-0.070897627000,-0.384458273753,0.056046629934,-0.119746772121,0.191376530568,0.057909300172,0.006484618915,-0.421626574971,0.854837366774,-0.537639512615,-1.130436648859,0.456829034405,-0.239446688760,-0.311565619343,0.493742934947,1.519388576542,0.509448884291,-0.703630022625,-0.461975548824
-0.145158404000,-0.322944415000,0.689689555000,0.968611197000,0.117257962000,0.149654573000,0.160145020000,-0.511979353000,0.100163855000,0.199609296000,1.225182318000,-0.329745981000,0.107571771000,-0.858822525000,-0.139851272000,-0.104578510000,0.855524973000,-0.229866205000,-0.051531474000,-0.363272328647,0.052081313371,-0.142651974628,0.218213394331,0.052822808239,0.021851786119,-0.432196267137,0.831890730179,-0.533694372543,-1.126769777452,0.456908898616,-0.227147447637,-0.309232283021,0.482261334944,1.514674986704,0.508631385816,-0.702701208935,-0.462150308888
-0.129124314000,-0.329493276000,0.689050730000,0.977512548000,0.105417431000,0.120847701000,0.136938730000,-0.638395112000,0.096017791000,0.186029099000,1.281671098000,-0.324687210000,0.123787924000,-0.787925424000,-0.132848951000,-0.112229716000,0.793905914000,-0.206277728000,-0.035408111000,-0.327512916670,0.043891851633,-0.174394785625,0.228989514522,0.048486337537,0.029552728523,-0.424424647184,0.840274120871,-0.529832703024,-1.123148767420,0.456991360688,-0.219023220541,-0.296581285233,0.475714125035,1.510526319493,0.507946173392,-0.701797988300,-0.462306850636
-0.109678816000,-0.328665087000,0.690670178000,0.983116108000,0.096711815000,0.108729919000,0.110938485000,-0.693271483000,0.094367294000,0.181513392000,1.205010617000,-0.336692190000,0.147997198000,-0.712366302000,-0.133982156000,-0.120813315000,0.721968437000,-0.184084568000,-0.008603339000,-0.294385929975,0.041426472405,-0.190799988554,0.233280669348,0.049170140815,0.036570213300,-0.411279914610,0.809989937103,-0.526077302855,-1.119582280160,0.457076030468,-0.208475528109,-0.278053717686,0.477349867099,1.495510982688,0.507372332791,-0.700923188717,-0.462444374998
-0.086987044000,-0.321413162000,0.696619338000,0.987612694000,0.089700525000,0.105651053000,0.073571985000,-0.718323774000,0.098766238000,0.178455504000,1.038140094000,-0.335226913000,0.161478990000,-0.635040939000,-0.141175298000,-0.136728925000,0.628868799000,-0.150030744000,0.020307845000,-0.275373884753,0.041607897188,-0.223730028208,0.257180829116,0.039923197321,0.036616907403,-0.383879726758,0.894699188119,-0.522385911020,-1.116063669607,0.457155974465,-0.216272004005,-0.265744818546,0.484820884749,1.502192325296,0.506897347719,-0.700063696598,-0.462560582037
-0.061813656000,-0.303533820000,0.704129357000,0.988924226000,0.084568214000,0.118801684000,0.027627037000,-0.704429374000,0.115280945000,0.173687567000,0.844890217000,-0.326631104000,0.165812282000,-0.569893167000,-0.154611970000,-0.146060663000,0.571310757000,-0.132130022000,0.045535577000,-0.252750696717,0.032835299146,-0.218945737792,0.270660706596,0.033808698266,0.036372335099,-0.379086775098,0.951732162151,-0.518756804620,-1.112590480169,0.457228018241,-0.221022760111,-0.227744455056,0.502404182270,1.498437461029,0.506514493516,-0.699214692005,-0.462655946326
-0.035590816000,-0.276230211000,0.708354280000,0.988678470000,0.079020279000,0.120025835000,-0.043179602000,-0.673019415000,0.123380975000,0.144004708000,0.760113829000,-0.323505611000,0.161270621000,-0.469686188000,-0.162529476000,-0.146362089000,0.526815266000,-0.129184486000,0.050232669000,-0.230831954254,0.006586388432,-0.255545707417,0.297484864278,0.098947000014,0.047686600196,-0.387341665863,0.936676176613,-0.516681945630,-1.109150238682,0.457279706625,-0.181899908533,-0.198766340590,0.528162655955,1.494665006682,0.506215499467,-0.698362858152,-0.462720725874
-0.010504050000,-0.248638250000,0.712616952000,0.980468570000,0.080102085000,0.128386122000,-0.125626599000,-0.637210364000,0.146026572000,0.123923285000,0.658804140000,-0.304486658000,0.143240236000,-0.413107866000,-0.174992937000,-0.139693778000,0.519906533000,-0.129554691000,0.058267445000,-0.181311003483,-0.009450976220,-0.341532359927,0.303727861610,0.144069912026,0.071619268094,-0.297341665911,0.846676176613,-0.486825711531,-1.103500968864,0.457308530663,-0.164449788090,-0.173909723423,0.558150406508,1.499392541116,0.505983702419,-0.697498260206,-0.462757102950
0.014635540000,-0.222432033000,0.716774402000,0.966606060000,0.086136351000,0.130829273000,-0.202822471000,-0.577692222000,0.167044319000,0.117979616000,0.571077843000,-0.283826789000,0.125341813000,-0.372890737000,-0.186754289000,-0.138579944000,0.508597875000,-0.136856225000,0.060207032000,-0.124409116257,-0.020723348144,-0.409844734032,0.289647331858,0.201466286360,0.102001593692,-0.207341665911,0.756676176613,-0.586825711531,-1.104822444688,0.457315722468,-0.137037422532,-0.139767234330,0.590395742914,1.499035910896,0.505771267705,-0.696621052522,-0.462770843729
0.034452369000,-0.199108886000,0.720261821000,0.948068272000,0.096314491000,0.132668261000,-0.272560457000,-0.519205109000,0.179793268000,0.150603756000,0.470426744000,-0.252123021000,0.110158787000,-0.348095688000,-0.193613696000,-0.146637664000,0.500771435000,-0.154511466000,0.051465085000,-0.073323498577,-0.027887929184,-0.489459626996,0.284203519271,0.291466286359,0.123652558936,-0.117341665956,0.666676176613,-0.686825711526,-1.105320859664,0.457300838117,-0.142967456569,-0.126864563639,0.618324703929,1.501947503227,0.505553549424,-0.695732802404,-0.462768025369
0.047182080000,-0.184545711000,0.721171109000,0.925339187000,0.108178550000,0.142314640000,-0.334352109000,-0.504391790000,0.184321808000,0.175352778000,0.438556984000,-0.230665066000,0.110413712000,-0.314547653000,-0.195919672000,-0.170082037000,0.492124255000,-0.178702841000,0.036808526000,-0.028866012697,-0.038760604166,-0.525629248294,0.262005932533,0.381466286359,0.109279264736,-0.027341665956,0.756676176613,-0.786825711526,-1.104664111226,0.457269482684,-0.144986397835,-0.117310021515,0.640570373318,1.497294012638,0.505316228885,-0.694842992040,-0.462753024276
0.055617660000,-0.175872637000,0.720641432000,0.900141854000,0.122616478000,0.144191704000,-0.392324604000,-0.479768152000,0.182856523000,0.216558486000,0.407124285000,-0.218007593000,0.109406796000,-0.288854982000,-0.196660655000,-0.187605907000,0.489967832000,-0.196501167000,0.035223519000,-0.007661721893,-0.042524873006,-0.503907840254,0.233242825262,0.439658927132,0.070697168391,-0.110651980754,0.792906219570,-0.687045599068,-1.010168876751,0.451923058835,-0.117440267716,-0.110695263559,0.661644730646,1.471068228919,0.505057931714,-0.693961846944,-0.462728318526
0.064895858000,-0.173950251000,0.720113236000,0.872854491000,0.133129613000,0.144705767000,-0.446611447000,-0.439756247000,0.182795142000,0.244370129000,0.380487970000,-0.207059681000,0.101148110000,-0.253718546000,-0.206857003000,-0.214899115000,0.474739464000,-0.202171680000,0.036489333000,0.011769423621,-0.046472837374,-0.544459518603,0.227571847453,0.524293492146,0.083297076112,-0.020651980845,0.815146135151,-0.587045639464,-0.943259100562,0.448168508529,-0.085282496146,-0.112026970730,0.676011158049,1.456349362339,0.504772008133,-0.693091968395,-0.462693394813
0.082731414000,-0.178598197000,0.720742476000,0.842422892000,0.145483479000,0.144081719000,-0.498396114000,-0.427016249000,0.180702561000,0.272202130000,0.368396774000,-0.200573351000,0.093016109000,-0.238744370000,-0.220275162000,-0.227286514000,0.466721689000,-0.207932332000,0.035753032000,0.024847991549,-0.048745259455,-0.515908027223,0.198452758133,0.541225849052,0.042856892089,0.069347831358,0.810380236027,-0.494248836089,-0.895704482263,0.445529708242,-0.080116917152,-0.123108224895,0.680918908459,1.450432467981,0.504457902028,-0.692236463839,-0.462657889019
0.115869269000,-0.189802987000,0.721024202000,0.805134286000,0.158260692000,0.134127385000,-0.555627734000,-0.376511960000,0.173500154000,0.284665611000,0.365060006000,-0.211861779000,0.081979048000,-0.233320079000,-0.239273682000,-0.226169798000,0.463491244000,-0.198435553000,0.042329887000,0.013143212156,-0.056636222438,-0.421230758198,0.170687777648,0.540257986747,0.024947482822,0.132839399219,0.795533656946,-0.394263675832,-0.861732959302,0.443666505690,-0.063507504164,-0.146576732918,0.674940469096,1.460975569966,0.504118302704,-0.691394428646,-0.462625383515
0.150231564000,-0.211416841000,0.721792579000,0.760697309000,0.169334171000,0.121476009000,-0.614743135000,-0.328859981000,0.165173016000,0.272731961000,0.384009914000,-0.240507871000,0.075102757000,-0.219650805000,-0.259853227000,-0.226288068000,0.443417509000,-0.174766149000,0.040630344000,0.010016793758,-0.063375014109,-0.360184126276,0.164357298387,0.544236980269,0.012304739938,0.145307321367,0.842465021171,-0.326617371212,-0.837290840630,0.442338126079,-0.037957584601,-0.174729328582,0.659706703290,1.466070871246,0.503795133806,-0.690563536687,-0.462588506428
0.178371220000,-0.237821325000,0.718436420000,0.720066586000,0.174315227000,0.104732645000,-0.663437552000,-0.330185513000,0.157552319000,0.246518819000,0.431272798000,-0.275494415000,0.074002686000,-0.258347992000,-0.275534020000,-0.191730443000,0.465045511000,-0.159305664000,0.028587383000,0.005386876087,-0.058364002607,-0.312941563832,0.161586547971,0.509535142985,0.021082849830,0.134163288238,0.932465021171,-0.285949164983,-0.819537711688,0.441382683720,-0.026868852911,-0.201872309722,0.639833951133,1.444321966887,0.503546159284,-0.689744464248,-0.462540889966
0.210790609000,-0.277814256000,0.711697689000,0.687087081000,0.167738433000,0.090335823000,-0.701152337000,-0.362286300000,0.145920227000,0.218948354000,0.486020197000,-0.302811649000,0.079338856000,-0.264475237000,-0.279606648000,-0.161345386000,0.470232422000,-0.142469251000,0.015087177000,0.013628064102,-0.047524729930,-0.287631053570,0.181938820472,0.479553971807,0.032450062072,0.091410171585,1.022465021167,-0.279716015235,-0.806479855149,0.440683082248,-0.003377394875,-0.232282790304,0.610151435374,1.415384679640,0.503419623982,-0.688935636065,-0.462473651100
0.226940512000,-0.320324067000,0.711198572000,0.674943750000,0.160374896000,0.078183386000,-0.715973593000,-0.345081970000,0.137534074000,0.238966586000,0.471101559000,-0.310441988000,0.077344820000,-0.271724052000,-0.274233992000,-0.150635712000,0.470367866000,-0.131707882000,0.003949187000,-0.006254012021,-0.037160322444,-0.268837784345,0.210731128555,0.462897332915,0.060165977232,0.042146689168,0.968606329002,-0.262294563351,-0.796724832591,0.440154915646,0.022477040517,-0.264694987261,0.562162486637,1.333351627677,0.503446017284,-0.688140362623,-0.462379792301
0.242899830000,-0.348070312000,0.712080989000,0.669754378000,0.147532275000,0.064449184000,-0.724920412000,-0.306091334000,0.129584871000,0.266636909000,0.441733102000,-0.313796495000,0.072127447000,-0.307710785000,-0.259491616000,-0.147538553000,0.483610178000,-0.113809687000,-0.004715638000,-0.038104543473,-0.030711095986,-0.231951056662,0.254008649942,0.455366908337,0.081063568087,-0.008550043958,0.878606329008,-0.215835612779,-0.789302819364,0.439745367045,0.075104880084,-0.271674320841,0.501625345095,1.289166458163,0.503617224792,-0.687364555807,-0.462255279194
0.252720993000,-0.381639754000,0.712441698000,0.666586889000,0.134106465000,0.054372439000,-0.731246205000,-0.281597402000,0.121429948000,0.283774163000,0.425583416000,-0.319872747000,0.072926835000,-0.343444412000,-0.239027222000,-0.157788835000,0.491741373000,-0.099887921000,-0.010374202000,-0.041958505250,-0.023727109737,-0.219122976535,0.293170455734,0.452319853078,0.103356270511,-0.043657526610,0.788606329008,-0.183484989689,-0.783529639765,0.439418995022,0.086828802326,-0.268365842744,0.441317010584,1.303379904150,0.503897771547,-0.686609547262,-0.462101817463
0.238685332000,-0.404281878000,0.710239253000,0.662259658000,0.118044821000,0.043813647000,-0.738618934000,-0.267848180000,0.116578134000,0.295847115000,0.421032041000,-0.325635968000,0.075142083000,-0.354614446000,-0.222913818000,-0.182926722000,0.482853611000,-0.085323440000,-0.009628600000,-0.050437245643,-0.019255457603,-0.208435008975,0.322629691887,0.427112741703,0.134858667915,-0.058242088810,0.748115787803,-0.161080212302,-0.778924479362,0.439149095190,0.084312526627,-0.263079903600,0.394003689319,1.342306929616,0.504248700398,-0.685872783303,-0.461924050486
0.200914641000,-0.412922724000,0.711727895000,0.657610022000,0.104833734000,0.035777103000,-0.745170414000,-0.266708381000,0.111339017000,0.294364303000,0.437297260000,-0.339005942000,0.084587441000,-0.369011692000,-0.212441851000,-0.200952161000,0.498949347000,-0.077900701000,-0.009087069000,-0.067709695666,-0.017645762759,-0.207358940677,0.337015224363,0.421021570833,0.148479447628,-0.059733979860,0.742422505828,-0.145675980002,-0.775146692563,0.438914412362,0.093900788990,-0.253364206143,0.359453323966,1.379762875464,0.504634528646,-0.685154167575,-0.461726707779
0.152124435000,-0.412172369000,0.712997907000,0.656286115000,0.095069687000,0.028468358000,-0.747957113000,-0.255289133000,0.109352300000,0.310989081000,0.438935827000,-0.345906989000,0.089512922000,-0.365784920000,-0.209274657000,-0.215667592000,0.506427561000,-0.070698122000,-0.003947844000,-0.079284019076,-0.018699147582,-0.202971251911,0.360544516860,0.411452597333,0.154905817560,-0.068223973570,0.737660077366,-0.135196294763,-0.771949898891,0.438696043894,0.099490797080,-0.247999132427,0.337748995565,1.388980401109,0.505042933308,-0.684449609328,-0.461511378220
0.113514561000,-0.404949681000,0.714736363000,0.658755124000,0.085438041000,0.020664248000,-0.747204802000,-0.241396722000,0.108215706000,0.340419852000,0.431106568000,-0.346623842000,0.088886033000,-0.350661842000,-0.209393101000,-0.231258158000,0.500860623000,-0.063636174000,-0.002766119000,-0.091018453950,-0.019577623373,-0.197377524142,0.381490978507,0.398808866759,0.154464858675,-0.083403094346,0.742620614739,-0.128165765592,-0.769157790458,0.438477791441,0.098371419602,-0.240265698764,0.324305194948,1.439519008143,0.505439385642,-0.683753317563,-0.461283507273
0.090792284000,-0.394682940000,0.716098356000,0.667411040000,0.077904692000,0.010394425000,-0.740530430000,-0.236480368000,0.106751479000,0.362301094000,0.430215706000,-0.350695448000,0.093843796000,-0.377769879000,-0.210955351000,-0.222127220000,0.536544274000,-0.063098896000,-0.006356072000,-0.105308275345,-0.021105255851,-0.179448717126,0.389644900667,0.379111058055,0.147085657371,-0.093854430534,0.761667548120,-0.123530139348,-0.766644775149,0.438253009101,0.086187442589,-0.237307493992,0.316343890191,1.449288898484,0.505813856886,-0.683063099769,-0.461044366326
0.076618459000,-0.387094550000,0.719484153000,0.677740752000,0.075167756000,0.004425649000,-0.731435366000,-0.236734406000,0.107693893000,0.372910267000,0.437370305000,-0.356565790000,0.089416424000,-0.392681996000,-0.210964323000,-0.217586691000,0.546174816000,-0.064159321000,-0.011397467000,-0.114124162810,-0.019626833990,-0.158674307629,0.392994637092,0.336374211299,0.145861525387,-0.118793661896,0.754993015455,-0.120554532621,-0.764324578515,0.438019443767,0.054507230834,-0.246192930367,0.312205117300,1.462138319908,0.506146758542,-0.682375941410,-0.460800316607
0.066105093000,-0.381719274000,0.726932442000,0.685345753000,0.070116371000,-0.000016861000,-0.724834390000,-0.218995793000,0.108718349000,0.393031219000,0.424039930000,-0.353018638000,0.078100057000,-0.377384086000,-0.209665901000,-0.220925904000,0.524723938000,-0.060268536000,-0.012390870000,-0.131576060746,-0.019854761820,-0.135422420950,0.423895185779,0.294664500068,0.158647122324,-0.155636292727,0.712489976087,-0.114669915697,-0.762147791201,0.437776538826,0.034148642455,-0.267918289171,0.316987129572,1.409130057018,0.506482316703,-0.681694285331,-0.460547930607
0.057825917000,-0.380270258000,0.735232439000,0.692839487000,0.066115365000,0.000075137000,-0.718054454000,-0.188521379000,0.108465184000,0.428977403000,0.392221971000,-0.342502478000,0.065602120000,-0.360204288000,-0.205135340000,-0.217156271000,0.513493091000,-0.058667527000,-0.011870560000,-0.150499432179,-0.021946043030,-0.117146013995,0.445069875630,0.230193383066,0.182976409161,-0.241120776718,0.635788075453,-0.110952477476,-0.760084223608,0.437526741863,0.008070063477,-0.306343501555,0.340679963511,1.319130057018,0.506883674031,-0.681021731373,-0.460279556541
0.049727392000,-0.379781162000,0.745934157000,0.701282676000,0.063555179000,0.008910432000,-0.709988699000,-0.193268448000,0.112405276000,0.450962763000,0.381991170000,-0.329647155000,0.050972133000,-0.340562439000,-0.199144312000,-0.224215974000,0.485508671000,-0.058344052000,-0.010280144000,-0.157173319913,-0.017640837459,-0.120013868734,0.464079256917,0.140193383066,0.230119333395,-0.258390075978,0.545788075453,-0.108886415760,-0.758122882057,0.437280108620,-0.081929936523,-0.369660071547,0.363743771416,1.229130057018,0.507412071029,-0.680367320012,-0.459995062942
0.040784853000,-0.380292887000,0.754522769000,0.707353202000,0.061010214000,0.019085376000,-0.703963742000,-0.195431067000,0.116517279000,0.461685901000,0.375870264000,-0.305116432000,0.038733032000,-0.299933744000,-0.193826506000,-0.235164045000,0.444831893000,-0.053323388000,-0.010273006000,-0.161194586260,-0.021501788058,-0.154476836742,0.518716449253,0.050193383066,0.267605283859,-0.225506170420,0.455788075453,-0.108025352135,-0.756251040394,0.437044653269,-0.171929936523,-0.434395280539,0.383077633861,1.139130057018,0.508041881851,-0.679727785351,-0.459699507038
0.032792151000,-0.383634392000,0.759611061000,0.710303212000,0.061653584000,0.023703308000,-0.700789794000,-0.186585347000,0.118038418000,0.462704770000,0.372627617000,-0.285228858000,0.036559335000,-0.272546649000,-0.192539700000,-0.229388225000,0.445218921000,-0.059721209000,-0.012453744000,-0.166489454460,-0.033559854380,-0.182161297667,0.552437796698,-0.039806616934,0.311796739496,-0.194494919713,0.365788075453,-0.107948820202,-0.754444255875,0.436823758465,-0.261929936523,-0.505697369918,0.419087157183,1.049130057018,0.508693878729,-0.679089236275,-0.459400299068
0.027102197000,-0.386316490000,0.762362264000,0.712750616000,0.061191449000,0.026222420000,-0.698251065000,-0.187703927000,0.120281746000,0.451690023000,0.378477319000,-0.266645406000,0.033594366000,-0.237199677000,-0.191131002000,-0.232577648000,0.428929166000,-0.068543099000,-0.016924335000,-0.159913607419,-0.046259926783,-0.198213736122,0.571956816008,-0.129806616934,0.336649839853,-0.172301081249,0.275788075453,-0.108343646130,-0.752679716034,0.436618083869,-0.351929936523,-0.541403356863,0.339455795738,0.959130057018,0.509280459174,-0.678438956518,-0.459119366541
0.023227515000,-0.388926850000,0.765506918000,0.715557282000,0.064696026000,0.032236344000,-0.694804302000,-0.223835337000,0.122854485000,0.400245654000,0.423915746000,-0.264592888000,0.046750922000,-0.250964221000,-0.191171594000,-0.210020262000,0.463912425000,-0.091138958000,-0.029891896000,-0.167708511732,-0.052816290717,-0.209025470329,0.573925777480,-0.219806616934,0.306461435106,-0.169811514790,0.185788075453,-0.108934113380,-0.750944710792,0.436435521756,-0.441929936523,-0.514421041771,0.258625509626,0.869130057018,0.509698432548,-0.677778703778,-0.458874068062
0.020983835000,-0.390135014000,0.766273526000,0.716484482000,0.070998639000,0.041386492000,-0.692745508000,-0.245411208000,0.125720265000,0.371684146000,0.454604875000,-0.259652555000,0.052438389000,-0.252248779000,-0.189809330000,-0.198304260000,0.475483046000,-0.103997782000,-0.037652914000,-0.172914807792,-0.056326905644,-0.210843002158,0.607355568118,-0.309806616934,0.305426570595,-0.178212635962,0.105398565094,-0.109523021693,-0.749225740008,0.436270029439,-0.531929936523,-0.492783433574,0.214902733652,0.897293960416,0.509902571459,-0.677098591976,-0.458661383245
0.021118581000,-0.390294551000,0.766432319000,0.717291132000,0.069434466000,0.046184669000,-0.691765324000,-0.279212944000,0.127562690000,0.346054516000,0.484965523000,-0.258733010000,0.061956381000,-0.280594048000,-0.188856580000,-0.184752860000,0.501866158000,-0.119082661000,-0.048064059000,-0.192084648885,-0.058151671693,-0.196465871429,0.596025857098,-0.399806616934,0.279635316230,-0.163801030509,0.148162985249,-0.109955800695,-0.747515135972,0.436124335193,-0.621929936523,-0.454463306048,0.168867790205,0.987293960416,0.509858224756,-0.676391670723,-0.458481911718
0.022344532000,-0.389334328000,0.767055594000,0.716766328000,0.059975556000,0.041367255000,-0.693496730000,-0.293699737000,0.128978155000,0.329731533000,0.505103594000,-0.257370051000,0.067156009000,-0.280375833000,-0.187429154000,-0.184341747000,0.504493683000,-0.126664346000,-0.053826767000,-0.198589053374,-0.061293745627,-0.203953196051,0.636418154072,-0.489806616934,0.262259318968,-0.173087235982,0.238162985249,-0.110229553937,-0.745813749545,0.435996677565,-0.711929936523,-0.393636710149,0.166877323489,1.077293960275,0.509599674551,-0.675667272513,-0.458328380502
0.023892669000,-0.388206219000,0.767985695000,0.716388535000,0.058399735000,0.042787799000,-0.693935258000,-0.320126418000,0.130507903000,0.319075235000,0.520389855000,-0.248502007000,0.074734541000,-0.309371465000,-0.187801387000,-0.181800435000,0.526098699000,-0.133883717000,-0.055710775000,-0.197446884886,-0.062976882947,-0.195346490256,0.629735138953,-0.579806616934,0.227108457948,-0.165810014713,0.328162985249,-0.110251999208,-0.744107394757,0.435882695384,-0.801929936523,-0.331842679933,0.145907277956,1.167293960275,0.509102683148,-0.674905559076,-0.458197667189
0.025212350000,-0.387592287000,0.765798311000,0.714366153000,0.062401870000,0.047211406000,-0.695383411000,-0.353632006000,0.131899931000,0.302401191000,0.550888616000,-0.251724481000,0.086366536000,-0.337332493000,-0.188411071000,-0.179028640000,0.551065463000,-0.145544848000,-0.054709009000,-0.197816600721,-0.061809497331,-0.184275057546,0.628198326150,-0.669806616934,0.212572106736,-0.168035332991,0.418162985249,-0.110039346929,-0.742393620074,0.435775997865,-0.891929936523,-0.261667523382,0.138880108475,1.257293960275,0.508415543974,-0.674105860660,-0.458080670674
0.026914452000,-0.387511438000,0.762896063000,0.713071541000,0.058518722000,0.045827134000,-0.697140165000,-0.362735213000,0.133777977000,0.303438464000,0.548999095000,-0.248384978000,0.087713342000,-0.356687131000,-0.190386841000,-0.183978297000,0.566298489000,-0.147657956000,-0.052245415000,-0.195214876938,-0.059277918716,-0.187207325179,0.659176721836,-0.759806616934,0.206893201670,-0.184277472537,0.508162985249,-0.109648304786,-0.740671895585,0.435669526694,-0.981929936523,-0.194868316072,0.145733598101,1.347293960275,0.507586241631,-0.673273123340,-0.457969515688
0.029356079000,-0.386877364000,0.754306168000,0.711542456000,0.060076144000,0.048098543000,-0.698415865000,-0.420852547000,0.140615772000,0.279129165000,0.617995205000,-0.263487560000,0.094112050000,-0.425371837000,-0.195697443000,-0.168480076000,0.649453489000,-0.165389611000,-0.058045696000,-0.191062853690,-0.058719569780,-0.175470935237,0.662090076181,-0.849806616934,0.191470772623,-0.209286888171,0.598162985249,-0.109081827862,-0.738942469309,0.435568100262,-1.071929936523,-0.130585269712,0.160759184945,1.431853371556,0.506628422405,-0.672415920736,-0.457867202217
0.030756812000,-0.384187802000,0.740364631000,0.710135024000,0.052079941000,0.039761067000,-0.701009975000,-0.505231420000,0.151742237000,0.247098392000,0.735362461000,-0.290942072000,0.100371434000,-0.507681343000,-0.203510596000,-0.150501599000,0.756352294000,-0.190321222000,-0.062152825000,-0.182953806380,-0.055921556666,-0.178155118700,0.677396858686,-0.939806616934,0.194532886687,-0.283569475574,0.688162985249,-0.108398203829,-0.737210813922,0.435481017586,-1.161929936523,-0.087045931463,0.193973454498,1.476434140166,0.505579501591,-0.671547300693,-0.457778983737
0.030782854000,-0.378859151000,0.723481288000,0.710307402000,0.041383627000,0.029676800000,-0.702047062000,-0.614256896000,0.163587696000,0.222404229000,0.851701727000,-0.316660620000,0.106943686000,-0.625064302000,-0.212980046000,-0.130714913000,0.875057714000,-0.212144357000,-0.061375135000,-0.175891058966,-0.039167417204,-0.175584534305,0.672947802732,-1.029806616934,0.196725225658,-0.352898160000,0.778162985249,-0.107627021171,-0.735478117383,0.435413676938,-1.251929936523,-0.058818033607,0.230535484324,1.506839132688,0.504465028377,-0.670663344901,-0.457706222737
0.029926922000,-0.370645362000,0.706001451000,0.709432538000,0.030648866000,0.019510080000,-0.703836257000,-0.687916562000,0.172590990000,0.205849599000,0.937758599000,-0.331981731000,0.107043134000,-0.683453583000,-0.219412586000,-0.121059039000,0.929851507000,-0.219670194000,-0.057444408000,-0.170325850624,-0.034249911976,-0.167806584852,0.673211611678,-1.093308085743,0.199357918504,-0.442898160000,0.868162985249,-0.106764307270,-0.733747999433,0.435370111280,-1.341929936523,-0.037871923241,0.270761405306,1.542860907190,0.503288099280,-0.669769423764,-0.457653059463
0.028207535000,-0.362235242000,0.687391921000,0.707032615000,0.025103575000,0.012007727000,-0.706633219000,-0.761021127000,0.178598932000,0.188854861000,1.023079679000,-0.353032217000,0.112546778000,-0.744387793000,-0.225482959000,-0.107591926000,0.992729490000,-0.234683772000,-0.055899894000,-0.164813159314,-0.029591766965,-0.163241775972,0.658197940972,-1.118853971482,0.194669023126,-0.491737424004,0.958162985249,-0.105842097027,-0.732023425781,0.435351944224,-1.378990337469,-0.023936664096,0.308916956505,1.556318663440,0.502048516015,-0.668871194719,-0.457622419125
0.025578244000,-0.354847733000,0.667240559000,0.704266922000,0.021234784000,0.007054306000,-0.709582570000,-0.872288448000,0.187388223000,0.174447970000,1.126230643000,-0.377907865000,0.114256051000,-0.849279355000,-0.233059726000,-0.088783563000,1.081269738000,-0.253479146000,-0.055604081000,-0.167307744323,-0.015733151808,-0.139825009079,0.592428479418,-1.182697554210,0.181100642481,-0.494957141436,1.048162985249,-0.104874041589,-0.730305837220,0.435361765963,-1.422475066369,-0.013337783517,0.344206879396,1.556838378786,0.500744422824,-0.667971235200,-0.457617488921
0.023416658000,-0.347258403000,0.648779870000,0.701245142000,0.016553829000,0.003874039000,-0.712717485000,-0.950501042000,0.195277627000,0.163162722000,1.202822668000,-0.399112398000,0.112099125000,-0.927721084000,-0.241054933000,-0.074206015000,1.151861425000,-0.266877583000,-0.053004961000,-0.171730375054,-0.010866117749,-0.126599585036,0.563298432312,-1.215977747739,0.173179017743,-0.484701876853,1.138162985249,-0.103862902521,-0.728597828027,0.435398508746,-1.435005469594,-0.007184661598,0.377647968802,1.556208942022,0.499395810360,-0.667077970617,-0.457637734146
0.021288816000,-0.341762382000,0.632601201000,0.697659828000,0.013561331000,0.000840761000,-0.716300320000,-1.017459926000,0.201797364000,0.152693605000,1.267280189000,-0.419066188000,0.110872005000,-1.001809904000,-0.248698243000,-0.060304507000,1.219186605000,-0.281408463000,-0.052780196000,-0.171548458319,-0.002541828911,-0.120487777293,0.531526988241,-1.251311309589,0.170468045056,-0.482300188404,1.228162985249,-0.102854820244,-0.726904424062,0.435458540358,-1.455578724979,-0.014023470285,0.410502177134,1.554517929332,0.498019965430,-0.666196598716,-0.457680004757
0.020220090000,-0.338247160000,0.619249636000,0.693568512000,0.009036063000,0.000213796000,-0.720333967000,-1.058361199000,0.206407267000,0.144075331000,1.310762738000,-0.436819170000,0.109210658000,-1.050562973000,-0.255453469000,-0.051207195000,1.265821148000,-0.289791659000,-0.052884796000,-0.180903296538,0.003416100019,-0.114654645144,0.531569148211,-1.277059618394,0.174969072052,-0.492627165988,1.318162985249,-0.101915518407,-0.725230810004,0.435539026844,-1.453826264981,-0.028995298504,0.447060725037,1.548546638438,0.496647951414,-0.665342029943,-0.457743854341
0.020787944000,-0.335432138000,0.608201870000,0.689508507000,0.004110872000,-0.001487567000,-0.724264390000,-1.095582944000,0.211838436000,0.135608326000,1.354210572000,-0.444843224000,0.104465214000,-1.090690417000,-0.262345567000,-0.044080578000,1.309966806000,-0.298103869000,-0.058101958000,-0.189197113718,0.006043662688,-0.104630287997,0.526049459907,-1.281429256380,0.193290767730,-0.505681808747,1.293732276478,-0.101081913678,-0.723577796865,0.435637083681,-1.459032077545,-0.035991465923,0.490068322959,1.541567146453,0.495296020002,-0.664520839072,-0.457828444703
0.022175374000,-0.331554541000,0.598500434000,0.686072932000,-0.000373215000,-0.004922878000,-0.727516019000,-1.156602973000,0.218734562000,0.128447377000,1.404068565000,-0.448460264000,0.097527301000,-1.156866707000,-0.269360762000,-0.035088070000,1.365125617000,-0.306211380000,-0.061537777000,-0.188478147694,0.015466180201,-0.101171884228,0.498615797144,-1.287005406595,0.208758277492,-0.513730251690,1.203732276478,-0.100384121506,-0.721943485633,0.435749550420,-1.481591991575,-0.037363124179,0.538392515811,1.535974823731,0.493939987681,-0.663730697376,-0.457936303739
0.023347823000,-0.325797355000,0.590901548000,0.682829988000,-0.011979155000,-0.014902487000,-0.730327066000,-1.224505880000,0.225011667000,0.120222427000,1.458508110000,-0.454978993000,0.092378532000,-1.231750784000,-0.276074560000,-0.023156559000,1.427119401000,-0.311442063000,-0.066201169000,-0.189194514079,0.026347471174,-0.093795844761,0.478410006957,-1.270104979208,0.233469670810,-0.528460718381,1.113732276478,-0.099882522523,-0.720336531316,0.435876068320,-1.487782696069,-0.050417311832,0.599835636251,1.515594454635,0.492613742282,-0.662978553394,-0.458063421902
0.024301912000,-0.320097425000,0.584343106000,0.679545697000,-0.012705517000,-0.016230604000,-0.733343565000,-1.284950045000,0.232728198000,0.112881912000,1.505056558000,-0.455110129000,0.083366973000,-1.300399552000,-0.283770580000,-0.013065617000,1.481565525000,-0.310243262000,-0.066829267000,-0.189157095051,0.035755930351,-0.084675864851,0.468732814038,-1.248599803420,0.253746941483,-0.534831869330,1.023732276478,-0.099561529561,-0.718754809289,0.436013377124,-1.488429356235,-0.070479885929,0.667576126661,1.505846742929,0.491325680326,-0.662258330443,-0.458203853329
0.025530667000,-0.316326663000,0.577325328000,0.675607232000,-0.008756627000,-0.014509093000,-0.737066941000,-1.360631672000,0.240182993000,0.104419892000,1.558474052000,-0.459400754000,0.077764290000,-1.389310165000,-0.290622082000,0.000205281000,1.545951428000,-0.311692494000,-0.066214742000,-0.193029471766,0.048761050999,-0.073179844177,0.440056193444,-1.242152496421,0.273854895187,-0.523422317980,0.933732276478,-0.099363257931,-0.717188038807,0.436155488851,-1.511689994293,-0.082968198613,0.730749892534,1.508116026047,0.490067389761,-0.661553544587,-0.458351144240
0.026619157000,-0.313529704000,0.571494864000,0.672539290000,-0.001823433000,-0.008416376000,-0.740011313000,-1.442868598000,0.247209725000,0.094523059000,1.617101464000,-0.466496497000,0.071307525000,-1.479439801000,-0.295310817000,0.015148541000,1.611046817000,-0.315651072000,-0.066773818000,-0.199631846077,0.062096327490,-0.050352480228,0.408658358506,-1.228762474931,0.296227686789,-0.507443875104,0.843732276478,-0.099273618320,-0.715637967805,0.436302283490,-1.525038401080,-0.098918556961,0.787619829678,1.493936296419,0.488875714725,-0.660864032547,-0.458500809217
0.027185410000,-0.311059809000,0.568068273000,0.670504165000,0.002971877000,-0.004604305000,-0.741885525000,-1.520786459000,0.254194643000,0.083742648000,1.673584659000,-0.472486990000,0.065243633000,-1.563478441000,-0.298826114000,0.028277842000,1.671638269000,-0.315737389000,-0.064188424000,-0.201713866779,0.070846501411,-0.036122339836,0.370286526997,-1.220716138771,0.311927415671,-0.494606789618,0.775634437931,-0.099278545123,-0.714098137499,0.436451039039,-1.536864102291,-0.112345933249,0.833509183504,1.490914822936,0.487763687363,-0.660184093566,-0.458650556891
0.027167552000,-0.308409897000,0.566737835000,0.669381556000,0.007433783000,-0.002501804000,-0.742877387000,-1.593374115000,0.260000111000,0.073802005000,1.728065231000,-0.482556083000,0.062453504000,-1.645047070000,-0.299893403000,0.041339858000,1.729927106000,-0.321023259000,-0.064798119000,-0.202177998154,0.079314573132,-0.025584285854,0.333044499299,-1.227017734755,0.314728685021,-0.489708544530,0.765893201962,-0.099377586054,-0.712566399698,0.436600978908,-1.543609336067,-0.117428338426,0.865959034920,1.482941095981,0.486743109685,-0.659513562354,-0.458799651031
0.026332378000,-0.305353643000,0.567799468000,0.668924328000,0.008881625000,-0.001352253000,-0.743276215000,-1.656648289000,0.266190055000,0.064263697000,1.777270157000,-0.493801513000,0.059402056000,-1.717424458000,-0.299794854000,0.052979587000,1.781965838000,-0.324780620000,-0.064574692000,-0.206739092415,0.085101063557,-0.019002534487,0.297577280710,-1.236491840602,0.319587178898,-0.485847695880,0.759045046387,-0.101374302035,-0.704421032779,0.437441496261,-1.543104111121,-0.126777688891,0.884095170998,1.459163198880,0.485823064103,-0.658859037221,-0.458948794590
0.025702376000,-0.302235019000,0.569859110000,0.668568447000,0.008314580000,-0.003372842000,-0.743596479000,-1.705277927000,0.270043791000,0.054450083000,1.821383310000,-0.505998551000,0.056928114000,-1.773402998000,-0.298785293000,0.063842320000,1.830833698000,-0.331862581000,-0.064294947000,-0.206418386440,0.087494798872,-0.018510711769,0.275063127034,-1.234877442519,0.321534408128,-0.483744896998,0.754937040308,-0.104927742027,-0.691888539806,0.438793974556,-1.532517037035,-0.132995755956,0.888313261814,1.445863591774,0.484993589336,-0.658221353755,-0.459100276426
0.025665540000,-0.299321694000,0.573382675000,0.669138424000,0.007260037000,-0.005223022000,-0.743083967000,-1.737890052000,0.271989457000,0.046196399000,1.850163808000,-0.511659469000,0.053885782000,-1.812061803000,-0.298040722000,0.071466027000,1.863170223000,-0.336971921000,-0.063757600000,-0.206411650028,0.090200116753,-0.021014300960,0.261554441059,-1.232047503055,0.322494908752,-0.481193630261,0.752743268183,-0.109770196514,-0.676565340920,0.440518923231,-1.527162445257,-0.139039004650,0.879291317822,1.444061007005,0.484246849789,-0.657598499067,-0.459254535082
0.026127413000,-0.296517252000,0.578974359000,0.670013766000,0.005077155000,-0.008014258000,-0.742288049000,-1.753175909000,0.271389654000,0.041043557000,1.863463909000,-0.512926857000,0.053655955000,-1.831167590000,-0.296356750000,0.075674420000,1.881170008000,-0.337291651000,-0.062168032000,-0.207379936344,0.092801525396,-0.019237924684,0.254278374865,-1.223090039192,0.326122384376,-0.477532889974,0.753701474320,-0.115467240985,-0.659558223865,0.442498051513,-1.513357851104,-0.147697805062,0.863241185507,1.440274762678,0.483579327814,-0.656984266691,-0.459407351435
0.026571741000,-0.294430773000,0.583824470000,0.670812685000,0.004422088000,-0.009765681000,-0.741549336000,-1.761858956000,0.269245953000,0.038775381000,1.867359922000,-0.510530297000,0.054301059000,-1.842504078000,-0.293337897000,0.078855014000,1.891122430000,-0.338405264000,-0.062230341000,-0.207510759274,0.097057596496,-0.016577892478,0.244655296559,-1.220612676995,0.333771796926,-0.471707250497,0.755336575366,-0.121602388501,-0.641685503058,0.444635831773,-1.507777304127,-0.156349592533,0.846808795757,1.435483984505,0.482995940725,-0.656374924108,-0.459553047411
0.027085710000,-0.292058504000,0.589564667000,0.670478466000,0.001946750000,-0.012717991000,-0.741817423000,-1.759883877000,0.265331643000,0.039191779000,1.856860613000,-0.504598376000,0.056620026000,-1.843129025000,-0.289962958000,0.077728389000,1.885714977000,-0.334369064000,-0.062019193000,-0.205013609714,0.100362332755,-0.018454917546,0.242687300827,-1.223494509340,0.335325845879,-0.464859752601,0.759442908937,-0.127772683888,-0.623505126878,0.446857640584,-1.510664254537,-0.155740545738,0.833982174473,1.453266430834,0.482485238280,-0.655766357568,-0.459689080196
0.027760273000,-0.290302027000,0.595984823000,0.668427125000,0.000200500000,-0.013245252000,-0.743659668000,-1.741765717000,0.260576265000,0.044280863000,1.829592749000,-0.494543722000,0.059838922000,-1.827400340000,-0.285052324000,0.073447862000,1.865491513000,-0.327888364000,-0.064269915000,-0.209422991061,0.103021359993,-0.017035511517,0.247110667993,-1.224921634328,0.337581036773,-0.456969424692,0.765876373133,-0.133739859329,-0.605505090994,0.449139249552,-1.497984697494,-0.163806873355,0.827739503104,1.437909116438,0.482043947293,-0.655164943004,-0.459814068046
0.028322972000,-0.289111869000,0.603984223000,0.667835602000,-0.000295676000,-0.015119634000,-0.744155171000,-1.706216975000,0.253311862000,0.053086646000,1.783904750000,-0.479594304000,0.065072420000,-1.794386761000,-0.278772710000,0.064521090000,1.827602039000,-0.319486793000,-0.070785106000,-0.209487160698,0.106851885612,-0.022388865627,0.254295895200,-1.218417474720,0.338797555044,-0.449232336079,0.767418405296,-0.139551859539,-0.588070995172,0.451507708491,-1.483514399475,-0.174248624417,0.827493598043,1.413891376359,0.481671232069,-0.654575959085,-0.459926095354
0.028478388000,-0.288609845000,0.612144043000,0.667813146000,-0.001528970000,-0.017306338000,-0.744126168000,-1.658193675000,0.244652322000,0.066379032000,1.723970369000,-0.461158106000,0.070540348000,-1.744157720000,-0.271260357000,0.050758027000,1.773988753000,-0.311932901000,-0.076727713000,-0.209103019129,0.108721940480,-0.028830682270,0.257424034921,-1.211992372337,0.338471415501,-0.441194159709,0.763208114577,-0.145112687047,-0.571420250978,0.453987878138,-1.471869173682,-0.176797380686,0.832544542317,1.394788901230,0.481371399492,-0.654002289271,-0.460025153938
0.028559123000,-0.288416707000,0.621180321000,0.667617367000,-0.005206937000,-0.021664313000,-0.744171081000,-1.592963764000,0.234297384000,0.084278118000,1.646838409000,-0.444619966000,0.077642747000,-1.673461889000,-0.262978264000,0.031612608000,1.699769175000,-0.306225912000,-0.080111739000,-0.209539011973,0.107015819906,-0.035024155533,0.261056775194,-1.202143963679,0.339267348215,-0.432781103569,0.757706191047,-0.150262164104,-0.555720151623,0.456590299989,-1.461433446884,-0.178907047403,0.841449269079,1.381308878606,0.481139713338,-0.653447835937,-0.460113805422
0.028995762000,-0.287715767000,0.631834708000,0.666581723000,-0.013110969000,-0.029643874000,-0.744726896000,-1.487875347000,0.220506711000,0.108846506000,1.535741572000,-0.430206788000,0.085920611000,-1.553931505000,-0.253078968000,0.005018504000,1.582519778000,-0.308200335000,-0.081194658000,-0.210510526074,0.098030876998,-0.030979144111,0.264679565518,-1.168586723773,0.341810754782,-0.425293432897,0.753884765765,-0.154938668949,-0.541139558448,0.459353551108,-1.424623777471,-0.185563953182,0.856596985531,1.348746591459,0.480986429668,-0.652918417679,-0.460192806089
0.029294490000,-0.286963262000,0.646513838000,0.665129417000,-0.021065251000,-0.038864809000,-0.745418433000,-1.352600461000,0.203794062000,0.135473555000,1.400153166000,-0.412070928000,0.093681598000,-1.414494403000,-0.241817664000,-0.021303512000,1.450252589000,-0.306998559000,-0.080594422000,-0.210834769130,0.089748698614,-0.034345718113,0.295849967702,-1.127388356407,0.339618418945,-0.418331014656,0.748960020463,-0.159186797233,-0.527728179513,0.462245138784,-1.384944804479,-0.183851322154,0.873051413776,1.331654178672,0.480910367134,-0.652415351316,-0.460264188658
0.028992341000,-0.287774881000,0.668677192000,0.664995665000,-0.026281320000,-0.045477799000,-0.744997871000,-1.216040475000,0.186498583000,0.159521204000,1.259494156000,-0.387084247000,0.094674571000,-1.282395687000,-0.230887797000,-0.042458179000,1.330758044000,-0.301722191000,-0.077213633000,-0.207754073286,0.080215072837,-0.043219450919,0.322934888491,-1.096443725211,0.323703094042,-0.390609109603,0.748594183729,-0.162202404214,-0.518159527849,0.464323777447,-1.360510548640,-0.160495014645,0.890092146851,1.347444538039,0.480899138774,-0.651933598289,-0.460328788554
0.028658603000,-0.292912317000,0.700292309000,0.665298402000,-0.025868861000,-0.044815915000,-0.744782097000,-1.096506771000,0.169688563000,0.178036768000,1.135142113000,-0.363939570000,0.095044458000,-1.171091484000,-0.220593441000,-0.055947470000,1.231157114000,-0.287401183000,-0.071694928000,-0.209832792021,0.071719063404,-0.060235476105,0.353273504258,-1.074389140939,0.319288465670,-0.386639038013,0.732765334888,-0.164367664526,-0.511294038743,0.465826227582,-1.320421077557,-0.170321067416,0.904794014931,1.275136717319,0.480946103940,-0.651473275135,-0.460384424610
0.028341238000,-0.305264814000,0.735129046000,0.666847699000,-0.012283660000,-0.032077257000,-0.744401980000,-0.977900342000,0.155528798000,0.192919804000,1.024506521000,-0.341029045000,0.092293569000,-1.047820316000,-0.214507083000,-0.072247143000,1.121561436000,-0.270843333000,-0.061987495000,-0.208636694312,0.055344755434,-0.075154152111,0.378860000947,-1.076591339453,0.305502222729,-0.398801235309,0.769146470099,-0.165889884880,-0.506322754102,0.466912248051,-1.327244011130,-0.139366819487,0.918453878520,1.365136717319,0.481005488519,-0.651018387982,-0.460430152839
0.028363488000,-0.322688189000,0.765632171000,0.667563870000,0.007817019000,-0.014946538000,-0.744361454000,-0.884933349000,0.145674356000,0.203607554000,0.952336147000,-0.323570576000,0.089426881000,-0.943169444000,-0.208702376000,-0.083563848000,1.036367270000,-0.259285854000,-0.057461592000,-0.211437949943,0.037095669399,-0.089028079980,0.405160445277,-1.085639711227,0.290550344971,-0.404523952484,0.834779137850,-0.166922079007,-0.502677172149,0.467695281509,-1.332539542349,-0.117897244755,0.926583104032,1.438855716877,0.481045057656,-0.650560029967,-0.460468216427
0.028392492000,-0.341171673000,0.786308231000,0.667456051000,0.021246310000,-0.004411211000,-0.744332960000,-0.774634972000,0.137016218000,0.215905281000,0.877261897000,-0.310377698000,0.087477664000,-0.812357455000,-0.203734908000,-0.098738609000,0.936520725000,-0.246740998000,-0.049899900000,-0.211442444882,0.014888630436,-0.096283376580,0.443188260525,-1.066853209301,0.287898112348,-0.413675375126,0.894856150663,-0.167577859343,-0.499956336952,0.468252544031,-1.305252513060,-0.123374083471,0.934066918197,1.448090702197,0.481066163817,-0.650089867848,-0.460492094647
0.028909961000,-0.358930258000,0.798858976000,0.665850468000,0.031028440000,0.004639286000,-0.745425293000,-0.666459926000,0.129143756000,0.229242340000,0.805147569000,-0.295431917000,0.085224850000,-0.682368534000,-0.200065058000,-0.115606644000,0.834335441000,-0.230381936000,-0.041694367000,-0.216004205578,-0.005956545412,-0.108122601858,0.492109986689,-1.064316576963,0.280579386265,-0.425596886664,0.973586103199,-0.167955514845,-0.497877459809,0.468638892790,-1.283542718403,-0.127187766538,0.943004298068,1.450016994983,0.481077673492,-0.649601559682,-0.460498033790
0.029389096000,-0.374508909000,0.804140720000,0.665354024000,0.038033298000,0.009572288000,-0.745497057000,-0.576720424000,0.124285786000,0.241187797000,0.751558446000,-0.282458826000,0.082116586000,-0.583714108000,-0.196169805000,-0.123280401000,0.767002374000,-0.221646734000,-0.039035363000,-0.212628067643,-0.028382072825,-0.122984432475,0.519368105493,-1.038300052535,0.246427981647,-0.431027303721,1.054602478588,-0.168121211705,-0.496242977330,0.468898636054,-1.250803538456,-0.108423880407,0.949881944022,1.469980366219,0.481053877382,-0.649092654927,-0.460489907439
0.029963582000,-0.386535989000,0.804329448000,0.665398916000,0.042032356000,0.013517058000,-0.745181087000,-0.511941829000,0.120976942000,0.250332830000,0.718099580000,-0.276889349000,0.081473804000,-0.507080009000,-0.193954036000,-0.129172028000,0.714874966000,-0.212256230000,-0.036420458000,-0.213178922851,-0.042430646152,-0.139421053718,0.560024180742,-1.006677319858,0.240965442559,-0.431482244345,1.045313730474,-0.168142331878,-0.494914960283,0.469061285242,-1.224061407887,-0.109004613451,0.956793062212,1.454773194524,0.481002451413,-0.648563104613,-0.460465261939
0.030467092000,-0.394832293000,0.801432223000,0.667656125000,0.043611634000,0.016621729000,-0.743005412000,-0.463062987000,0.118947077000,0.258209174000,0.692119352000,-0.273959089000,0.080187751000,-0.452857282000,-0.191336713000,-0.131272891000,0.678392020000,-0.204123737000,-0.037347952000,-0.214787610501,-0.052625341619,-0.146520184269,0.590022391098,-0.980342697711,0.238477069116,-0.438904727128,0.980698870357,-0.168076894131,-0.493796545050,0.469147361900,-1.205622984831,-0.115204718458,0.965106873377,1.429755138073,0.480918547744,-0.648013015881,-0.460424601496
0.030553853000,-0.399482632000,0.796631417000,0.671373760000,0.044433137000,0.020191560000,-0.739510157000,-0.411018825000,0.116498326000,0.272123424000,0.649801804000,-0.267313526000,0.076174125000,-0.401164871000,-0.188740863000,-0.137468323000,0.632723478000,-0.190582116000,-0.036026237000,-0.225906888490,-0.063550965744,-0.147934421346,0.601404832114,-0.968172438635,0.226599202049,-0.440939096219,1.013675221187,-0.167934787024,-0.492820270551,0.469174397356,-1.175407169982,-0.121929431024,0.972161363127,1.408239173695,0.480790995365,-0.647446763450,-0.460372304612
0.030676118000,-0.400657068000,0.790291753000,0.676156907000,0.043727501000,0.022992606000,-0.735099369000,-0.384590720000,0.115266808000,0.282066209000,0.625364120000,-0.266820179000,0.073819565000,-0.374755561000,-0.186905999000,-0.141275105000,0.602297660000,-0.177514220000,-0.037623042000,-0.244553153370,-0.065037751828,-0.148296161826,0.626588568502,-0.967631674668,0.238355703349,-0.442757756981,0.983769985881,-0.167753638685,-0.491939591732,0.469153039323,-1.162691844913,-0.145986636009,0.984520372742,1.318239173695,0.480649998021,-0.646868537970,-0.460305139103
0.030788028000,-0.399250700000,0.785010242000,0.682118475000,0.045921101000,0.025302371000,-0.729359602000,-0.326687841000,0.111611193000,0.310649239000,0.556749260000,-0.246372848000,0.062296065000,-0.322174022000,-0.184573057000,-0.154075471000,0.541591703000,-0.154057833000,-0.032237706000,-0.247078318569,-0.074933406619,-0.149548387628,0.654893855753,-0.973605842892,0.218717128740,-0.448709102705,1.073769985881,-0.167506967765,-0.491115220535,0.469088706190,-1.167247015084,-0.138453575363,1.001933158530,1.351668498507,0.480473029798,-0.646268949646,-0.460223636737
0.031294483000,-0.396372516000,0.779570522000,0.688007383000,0.046040219000,0.028539182000,-0.723679249000,-0.308968898000,0.109160499000,0.332249116000,0.515461996000,-0.230531474000,0.055816345000,-0.311981230000,-0.181913407000,-0.157456717000,0.514610097000,-0.141638848000,-0.035943760000,-0.253988921182,-0.076696876588,-0.132731512505,0.652970638831,-1.012914503759,0.192926892408,-0.455010234968,1.163769985881,-0.167196309428,-0.490321774156,0.468988132953,-1.195018483099,-0.120757501224,1.014515621459,1.398512859315,0.480225990307,-0.645646089368,-0.460136731571
0.031941451000,-0.392296214000,0.774011477000,0.693085450000,0.045605171000,0.030612520000,-0.718759766000,-0.295524177000,0.108784392000,0.351027203000,0.489019373000,-0.219325364000,0.050569152000,-0.302704529000,-0.178990292000,-0.159118047000,0.493802835000,-0.128617999000,-0.042234150000,-0.261779863133,-0.081403962060,-0.116267260510,0.673769105446,-1.036966694944,0.174912901046,-0.455008051831,1.253769985881,-0.166791621672,-0.489543527015,0.468859008788,-1.203658900399,-0.112250291061,1.021334414268,1.425525670124,0.479900898861,-0.645002329487,-0.460047646638
0.031978478000,-0.388065124000,0.768105924000,0.698318073000,0.044272600000,0.033831906000,-0.713615588000,-0.289476848000,0.109581925000,0.362267223000,0.474420124000,-0.215678478000,0.047907256000,-0.293184882000,-0.176717085000,-0.164280790000,0.475242068000,-0.120296158000,-0.048180325000,-0.263084263528,-0.086043842516,-0.107810314945,0.682350455008,-1.056528959552,0.180577292240,-0.453981621379,1.303219734236,-0.166330427457,-0.488778134133,0.468707392894,-1.218431310833,-0.129259612302,1.020055575109,1.386483089232,0.479532548351,-0.644345789520,-0.459954204276
0.031547568000,-0.383157945000,0.763007037000,0.703743991000,0.043759206000,0.036581633000,-0.708160513000,-0.280054184000,0.109738691000,0.379128733000,0.452422593000,-0.209318485000,0.043616041000,-0.284852553000,-0.173876719000,-0.170725990000,0.452316984000,-0.111530512000,-0.055115500000,-0.264413803914,-0.089571299713,-0.103675833077,0.690115248070,-1.072368946812,0.167667245435,-0.449792438014,1.342184648768,-0.165803927911,-0.488019472385,0.468541216142,-1.246352463387,-0.121605889656,1.008007876265,1.428224533259,0.479096661737,-0.643676961468,-0.459863970251
0.030801644000,-0.380154960000,0.759331983000,0.709526916000,0.043982283000,0.038132852000,-0.702269891000,-0.274607522000,0.110010681000,0.392346270000,0.439284071000,-0.209095757000,0.043169147000,-0.283846383000,-0.172291961000,-0.171709907000,0.444797347000,-0.109025072000,-0.063070431000,-0.269323083875,-0.094003649108,-0.091799158033,0.689258838289,-1.064517707339,0.161885296029,-0.442529818750,1.339033914179,-0.165227003217,-0.487268520613,0.468368672806,-1.251057082469,-0.125767756954,0.987864770289,1.432930138419,0.478589015712,-0.643004027966,-0.459781928569
0.030006552000,-0.377325855000,0.757194254000,0.714409231000,0.044048740000,0.040384957000,-0.697171582000,-0.274076857000,0.111112897000,0.404451663000,0.430095624000,-0.209682946000,0.040372049000,-0.284018826000,-0.171136799000,-0.177737796000,0.434444388000,-0.103077287000,-0.069605133000,-0.274441976342,-0.093072027447,-0.087073065051,0.695338178187,-1.068547573330,0.163593042541,-0.436212878824,1.318672541388,-0.164625364366,-0.486526427583,0.468195143666,-1.265778922034,-0.139927032241,0.963075192061,1.419594218209,0.478032163617,-0.642331112227,-0.459708911825
0.028796690000,-0.374493739000,0.756032981000,0.718667163000,0.044690457000,0.041853912000,-0.692653248000,-0.262184842000,0.111689795000,0.422783762000,0.414135309000,-0.211252935000,0.038995681000,-0.275278103000,-0.170629671000,-0.187349785000,0.417773408000,-0.095047741000,-0.070484112000,-0.283764489743,-0.094582874553,-0.078449034056,0.701833068075,-1.058255399945,0.173373912439,-0.431165248927,1.314707111004,-0.164007448369,-0.485792983557,0.468022358635,-1.255583268203,-0.166833083119,0.942573387682,1.368393582951,0.477475696884,-0.641661479967,-0.459637835289
0.027275011000,-0.372218693000,0.754510279000,0.721912653000,0.044217315000,0.043416032000,-0.689203888000,-0.275520665000,0.113926261000,0.417697673000,0.424368918000,-0.219245446000,0.041051205000,-0.283723972000,-0.170402408000,-0.190142426000,0.418070849000,-0.092614787000,-0.074131775000,-0.292605690223,-0.091988039553,-0.071965915533,0.691735826512,-1.070604365146,0.180171030192,-0.427537965980,1.309607231900,-0.163385956912,-0.485068417453,0.467853541280,-1.251105838529,-0.187028846425,0.929601622308,1.334165603694,0.476929601870,-0.640999138486,-0.459571149797
0.025823951000,-0.370110024000,0.754482958000,0.723615969000,0.048881194000,0.047074964000,-0.686858433000,-0.288341437000,0.116028712000,0.410218267000,0.435882395000,-0.223837717000,0.045330109000,-0.292979871000,-0.170615341000,-0.185683417000,0.428320808000,-0.096506061000,-0.077785660000,-0.300271438731,-0.091660989428,-0.072339404247,0.694295967177,-1.083926770101,0.174093222359,-0.425556510657,1.339500229063,-0.162735735777,-0.484352606289,0.467691560594,-1.254984479001,-0.186747670459,0.925860294422,1.353611587388,0.476378488861,-0.640344347014,-0.459510865522
0.024606749000,-0.367673722000,0.752431228000,0.723073347000,0.051697052000,0.046163205000,-0.687285464000,-0.285944498000,0.116964795000,0.412118655000,0.438737997000,-0.228646903000,0.048862310000,-0.286569251000,-0.171281554000,-0.184317342000,0.426660849000,-0.096429346000,-0.077914128000,-0.310350695908,-0.093042358308,-0.068805871524,0.700105065880,-1.070890234727,0.170443631487,-0.424155858682,1.346507301955,-0.162045294387,-0.483646702716,0.467538362418,-1.238324766457,-0.207402026182,0.928724253815,1.332898038850,0.475832047521,-0.639698707594,-0.459455480089
0.024355390000,-0.366750489000,0.750211040000,0.722001796000,0.053642612000,0.045174455000,-0.688327790000,-0.292301380000,0.116768336000,0.408123768000,0.446986879000,-0.237252505000,0.056129837000,-0.290065405000,-0.172474727000,-0.178120682000,0.435633888000,-0.101085635000,-0.080334247000,-0.319214291170,-0.091253429946,-0.062211948712,0.693874812931,-1.077130577065,0.169963745688,-0.420383373723,1.374571595245,-0.161307169611,-0.482950019495,0.467396048037,-1.237468065335,-0.214105284483,0.939991819571,1.322954811621,0.475300443077,-0.639062793162,-0.459404064530
0.025594534000,-0.365830589000,0.748777098000,0.718895862000,0.070990548000,0.049702076000,-0.689694705000,-0.297750145000,0.116280249000,0.403326249000,0.459778853000,-0.250792080000,0.064190345000,-0.306440706000,-0.175141354000,-0.162295806000,0.470152486000,-0.111741912000,-0.082517665000,-0.336579191543,-0.088717217302,-0.048507838140,0.706773454566,-1.071246031244,0.192880660931,-0.415004595609,1.376659874950,-0.160524286632,-0.482267490363,0.467264611085,-1.217227175336,-0.270241003248,0.956574501918,1.232954811621,0.474818947813,-0.638442408631,-0.459349950650
0.026546958000,-0.363883020000,0.746197593000,0.716992787000,0.068958204000,0.046697871000,-0.692087724000,-0.303599342000,0.116028983000,0.400200714000,0.470322313000,-0.261790504000,0.069579630000,-0.314083533000,-0.177210337000,-0.157199384000,0.483133450000,-0.112225020000,-0.082087819000,-0.342786487093,-0.082116661716,-0.042304066933,0.711303048147,-1.070732546519,0.206071712094,-0.417612261551,1.340493464019,-0.159750429015,-0.481597812339,0.467139505992,-1.204074075089,-0.309471028537,0.980675950103,1.142954811621,0.474409158467,-0.637835895592,-0.459288957036
0.028012165000,-0.361875994000,0.742597216000,0.713639652000,0.070854380000,0.045385038000,-0.695441084000,-0.320746660000,0.113838358000,0.388487060000,0.488823424000,-0.274299813000,0.077616874000,-0.334559576000,-0.179909237000,-0.149600809000,0.504243990000,-0.115829031000,-0.081724249000,-0.348563199682,-0.073041510560,-0.031291930398,0.713734107953,-1.070209716910,0.209597866098,-0.423846232958,1.318952406192,-0.159000444377,-0.480937736491,0.467018656218,-1.191741837160,-0.332392004804,0.993093448844,1.080785160257,0.474046683404,-0.637240156340,-0.459224204854
0.030382181000,-0.359656994000,0.736139064000,0.708717539000,0.077372277000,0.044865629000,-0.699800012000,-0.347690670000,0.112931859000,0.371920997000,0.519477188000,-0.292217085000,0.086564976000,-0.384068044000,-0.184751823000,-0.131756306000,0.561964970000,-0.124281756000,-0.080779626000,-0.358752756239,-0.060234828159,-0.018860113062,0.719624847898,-1.068262654114,0.234520074446,-0.439233467522,1.233483456002,-0.158326680820,-0.480289759516,0.466901482852,-1.177395320943,-0.372964957288,1.006946760896,0.990785160257,0.473755368180,-0.636658908953,-0.459152143647
0.033557282000,-0.357837943000,0.728467025000,0.700499632000,0.074412718000,0.042644849000,-0.708480367000,-0.379514471000,0.112243301000,0.351512492000,0.555891740000,-0.316900119000,0.098795721000,-0.432494822000,-0.191248851000,-0.124632623000,0.612265733000,-0.128747930000,-0.079070449000,-0.365563252471,-0.050525913642,0.003585771311,0.698416538334,-1.079108403065,0.271174403953,-0.463506367702,1.143483456002,-0.157769789980,-0.479661810884,0.466787237698,-1.175638621667,-0.410068077013,1.025171836319,0.900785160257,0.473544218802,-0.636102767625,-0.459073542211
0.037676604000,-0.357292535000,0.715928321000,0.689165560000,0.070208827000,0.041530146000,-0.719997777000,-0.437358311000,0.113456186000,0.314880129000,0.636032213000,-0.355083897000,0.121903005000,-0.527271916000,-0.198197966000,-0.107016422000,0.724540920000,-0.146057810000,-0.081424459000,-0.369747369932,-0.045441416673,0.036545635391,0.667893206743,-1.082917990571,0.305055924030,-0.485384159118,1.053483456002,-0.157334423989,-0.479063786100,0.466681618833,-1.161767941431,-0.436380275411,1.043512457493,0.810785160257,0.473398908740,-0.635586026163,-0.458994011152
0.041129624000,-0.357328248000,0.701065640000,0.676513223000,0.060725438000,0.038773365000,-0.732897610000,-0.505005714000,0.116572677000,0.280551053000,0.733860916000,-0.397000594000,0.141809414000,-0.634529781000,-0.201680605000,-0.094248346000,0.838257793000,-0.162533198000,-0.086730780000,-0.367194316462,-0.038827319756,0.059032996182,0.635456444832,-1.093533883505,0.330661177732,-0.502317058227,0.963483456002,-0.157024485114,-0.478506340529,0.466592512024,-1.144825897621,-0.447564850934,1.054922364723,0.739686079934,0.473291556748,-0.635124513536,-0.458924030777
0.043739055000,-0.356991681000,0.688495185000,0.662111228000,0.052032105000,0.035863498000,-0.746736360000,-0.556139676000,0.119686885000,0.256151788000,0.811906295000,-0.427960116000,0.149730714000,-0.694751632000,-0.199868263000,-0.095421512000,0.885715551000,-0.173882539000,-0.090387332000,-0.351173083969,-0.033176936097,0.069684072280,0.627581897025,-1.072161211546,0.345725339153,-0.512057508375,0.873483456002,-0.156810244061,-0.477993075080,0.466524509245,-1.125941122140,-0.437961799763,1.067820900667,0.740501187943,0.473194370973,-0.634717784529,-0.458870956760
0.046484671000,-0.355325654000,0.677296878000,0.647873581000,0.042592081000,0.032176024000,-0.759875280000,-0.614164176000,0.122995799000,0.241061316000,0.871998945000,-0.444162952000,0.152612056000,-0.758656505000,-0.199609758000,-0.093884212000,0.924237017000,-0.179416506000,-0.084217491000,-0.343741980311,-0.017936114865,0.087831934383,0.602676141597,-1.083086454271,0.383430234897,-0.522932897408,0.804011387868,-0.156660989279,-0.477523242489,0.466473979977,-1.138535078800,-0.469818169085,1.085213680607,0.744362544246,0.473115750894,-0.634353680614,-0.458828673411
0.048920389000,-0.352231466000,0.666487767000,0.635045382000,0.035128589000,0.031894823000,-0.771016255000,-0.706153764000,0.130107801000,0.224139129000,0.956710476000,-0.458998758000,0.155434773000,-0.843811936000,-0.200993060000,-0.085294376000,0.983434287000,-0.189338349000,-0.079287084000,-0.333867318325,-0.006094705567,0.098485451752,0.554010693009,-1.133798098821,0.393407230999,-0.542095659611,0.824586317851,-0.156512225811,-0.477094652969,0.466444495495,-1.177086523024,-0.477222980533,1.111573733501,0.760774537203,0.473042856028,-0.634026754478,-0.458802431312
0.051739013000,-0.347814644000,0.655045063000,0.621806271000,0.030349462000,0.031194700000,-0.781960845000,-0.815539965000,0.136976070000,0.204452536000,1.050344757000,-0.464108066000,0.156036177000,-0.926670797000,-0.201266606000,-0.075594439000,1.033584444000,-0.198831445000,-0.079595524000,-0.315048120428,0.004871144084,0.099060738508,0.498028360128,-1.175774201471,0.367148300542,-0.544227748962,0.890493310153,-0.156310730905,-0.476703368563,0.466445923751,-1.206179949981,-0.433372275348,1.104845547029,0.825711742243,0.472922596693,-0.633736448262,-0.458811763050
0.055000792000,-0.342581680000,0.643083195000,0.609435336000,0.027297039000,0.030388182000,-0.791782799000,-0.921194240000,0.145664720000,0.189678178000,1.129941686000,-0.462071410000,0.148550914000,-1.005350448000,-0.204477486000,-0.065750848000,1.086260752000,-0.207966878000,-0.078359951000,-0.298974402331,0.016130529305,0.097370822661,0.455864183120,-1.198817850244,0.354725755767,-0.536661874366,0.881698282733,-0.156043858861,-0.476346943279,0.466480808885,-1.225626296294,-0.399898602996,1.070930245367,0.915711742243,0.472710199775,-0.633480208066,-0.458868146371
0.057773299000,-0.336431876000,0.630580961000,0.599857539000,0.016440375000,0.025005117000,-0.799546991000,-1.034001303000,0.155655185000,0.175888909000,1.204528939000,-0.460402239000,0.141508751000,-1.099650258000,-0.206802174000,-0.053923628000,1.154783770000,-0.219686786000,-0.079493111000,-0.291425164061,0.028033128616,0.105742954085,0.400273215251,-1.231170328316,0.358725261903,-0.536515824394,0.876912162827,-0.155694300593,-0.476020706982,0.466548834100,-1.259099113721,-0.377188037199,1.041457945881,1.005711742243,0.472400668267,-0.633254158688,-0.458972529627
0.060310279000,-0.331512375000,0.617166206000,0.591386851000,0.012641655000,0.022238480000,-0.805982153000,-1.148030383000,0.164323412000,0.159763549000,1.282287082000,-0.456979193000,0.135116743000,-1.197807115000,-0.208905428000,-0.039761942000,1.233721690000,-0.232691667000,-0.083897549000,-0.276207845155,0.036124855590,0.104227660542,0.353602211879,-1.250178864843,0.341140097842,-0.534486709488,0.888686679807,-0.155254306699,-0.475716515828,0.466650398364,-1.292224181120,-0.338821515161,1.010553663467,1.095711742243,0.471973540614,-0.633051908578,-0.459127447992
0.062892020000,-0.327666156000,0.601061182000,0.583666493000,0.016354226000,0.024779243000,-0.811450524000,-1.250576137000,0.172059601000,0.143929421000,1.358501618000,-0.464394556000,0.132143153000,-1.293772960000,-0.208898442000,-0.024724153000,1.316915220000,-0.245442160000,-0.086329450000,-0.276460711680,0.044930328056,0.111973599096,0.313585450113,-1.257395294191,0.351883428459,-0.540568794578,0.833812294159,-0.154736750084,-0.475429973198,0.466782628115,-1.313944940704,-0.323140345237,0.990831173507,1.185711742243,0.471458522956,-0.632871945044,-0.459323408417
0.066271693000,-0.324025028000,0.586223425000,0.576920122000,0.022433613000,0.027025948000,-0.816045038000,-1.342813962000,0.176746967000,0.129086579000,1.428225321000,-0.472970819000,0.131272093000,-1.392937750000,-0.207849542000,-0.008988643000,1.405717143000,-0.258208048000,-0.093181984000,-0.274529947641,0.053467939033,0.108249747611,0.284872403458,-1.252605202864,0.350185006194,-0.552028506126,0.787888443788,-0.154167362385,-0.475158177431,0.466944230621,-1.331405068787,-0.308187608762,0.974532009967,1.230481108035,0.470869693026,-0.632715361632,-0.459555462530
0.067426412000,-0.319731712000,0.575914837000,0.571861189000,0.028874372000,0.030381236000,-0.819278971000,-1.418262274000,0.178776140000,0.115990400000,1.486614808000,-0.483357998000,0.130658707000,-1.475968199000,-0.203881100000,0.004857668000,1.479430776000,-0.265178339000,-0.096159391000,-0.278125142795,0.063319615200,0.110199453944,0.260298073699,-1.257463697432,0.362815390333,-0.569680950576,0.765150657793,-0.153558806506,-0.474897370340,0.467130203699,-1.332843450251,-0.334316381785,0.964201052968,1.177099794286,0.470243647007,-0.632581023434,-0.459813057326
0.069015916000,-0.316954105000,0.568860528000,0.567255677000,0.034684597000,0.031553071000,-0.822205801000,-1.485301010000,0.180188171000,0.105192086000,1.537882367000,-0.493759711000,0.127361385000,-1.550697810000,-0.199137931000,0.017805877000,1.546328932000,-0.271072301000,-0.098464273000,-0.280943909503,0.072886743651,0.110213247498,0.236508355747,-1.269145058528,0.372027348277,-0.587187933336,0.748228813957,-0.152925904388,-0.474644195256,0.467337512555,-1.330869963553,-0.361637868087,0.954629447713,1.122149318389,0.469608690269,-0.632468648834,-0.460089864348
0.069323334000,-0.314111000000,0.564050083000,0.563053817000,0.037959458000,0.032416971000,-0.824911279000,-1.548662238000,0.183405241000,0.096485222000,1.586075204000,-0.501918692000,0.123000419000,-1.619928886000,-0.196775623000,0.026651128000,1.603786732000,-0.271803410000,-0.095594410000,-0.285206255208,0.080943745350,0.116061769340,0.210893252046,-1.287092990698,0.389728602331,-0.605750765326,0.737307960696,-0.152276960296,-0.474397124792,0.467561704773,-1.322147777626,-0.397836320674,0.948072384076,1.055677113065,0.468986660318,-0.632380055384,-0.460381023853
0.070170275000,-0.313041259000,0.560637855000,0.559210094000,0.038245806000,0.030594578000,-0.827577973000,-1.600876871000,0.186023900000,0.088835398000,1.625464013000,-0.503493378000,0.117347221000,-1.677219159000,-0.194913694000,0.032741710000,1.648962932000,-0.271696480000,-0.094894846000,-0.282625434947,0.085106161175,0.118433343707,0.185937481915,-1.293407633388,0.381664108867,-0.620481784564,0.727074012200,-0.148675439760,-0.473118649585,0.469032864345,-1.329542574212,-0.381443807231,0.936898375293,1.091290465221,0.468359501638,-0.632315351693,-0.460690404976
0.070688540000,-0.312355957000,0.558539465000,0.555620030000,0.038804197000,0.029978792000,-0.829989089000,-1.654688225000,0.189423201000,0.082067935000,1.664247377000,-0.504926668000,0.112798034000,-1.732795525000,-0.194225876000,0.037563167000,1.688978597000,-0.273284774000,-0.092548219000,-0.284565515470,0.092020810493,0.125043892268,0.157451394665,-1.307255783879,0.384443274936,-0.627795486638,0.724425450181,-0.142894953345,-0.471189054629,0.471371687743,-1.349631722653,-0.371562118826,0.922988624741,1.167196279503,0.467714190461,-0.632274804031,-0.461018754554
0.071242666000,-0.312084952000,0.559226149000,0.552483494000,0.026531130000,0.019589154000,-0.832871150000,-1.696148133000,0.193910748000,0.075169804000,1.701584905000,-0.511024274000,0.108665152000,-1.780372199000,-0.193122890000,0.041943825000,1.727236653000,-0.275014706000,-0.090318101000,-0.286505946399,0.097140807247,0.133204180455,0.138055947110,-1.309165242375,0.390612716149,-0.632327780505,0.723395070581,-0.135916027151,-0.468869191939,0.474306523056,-1.333337113151,-0.398206318563,0.910218092105,1.108191586880,0.467080010509,-0.632255620280,-0.461358028980
0.072607650000,-0.312469614000,0.560540865000,0.548511837000,0.024852536000,0.017062271000,-0.835599184000,-1.739252920000,0.199160417000,0.068110655000,1.739146381000,-0.516900754000,0.102888174000,-1.831875224000,-0.192339180000,0.046391587000,1.766933649000,-0.272769870000,-0.086265195000,-0.288558693684,0.102889184373,0.137706585459,0.122713404867,-1.331190569137,0.403101175814,-0.632166679425,0.726442942291,-0.128084219400,-0.466230093003,0.477571916824,-1.348736694060,-0.406665733053,0.900966000524,1.143848468652,0.466477415402,-0.632252127630,-0.461702930826
0.073814095000,-0.313700151000,0.561521832000,0.544208737000,0.024104054000,0.015437236000,-0.838461410000,-1.770843742000,0.202300395000,0.062991972000,1.764471782000,-0.520027047000,0.100607270000,-1.867294179000,-0.191934611000,0.048699265000,1.791729935000,-0.269888759000,-0.082217373000,-0.290489572243,0.106656065880,0.142750872755,0.105832196577,-1.339230583118,0.412159134634,-0.632019917178,0.732640683432,-0.119884932392,-0.463441428012,0.481024880084,-1.343363273164,-0.422718704315,0.889214876214,1.159428563419,0.465908857803,-0.632265072913,-0.462051397140
0.074846055000,-0.314788546000,0.563321101000,0.540016509000,0.022125784000,0.013898886000,-0.841248739000,-1.787527428000,0.204979598000,0.060550507000,1.779248824000,-0.520090335000,0.099864053000,-1.889518446000,-0.192610104000,0.049146039000,1.808175958000,-0.270875944000,-0.079946085000,-0.292231977907,0.107727140120,0.150189563937,0.101556722431,-1.339700613064,0.425983291800,-0.630585418528,0.741296205724,-0.111559469594,-0.460662218226,0.484573517979,-1.336329951402,-0.440185344733,0.879271929666,1.162157445951,0.465383189421,-0.632296017021,-0.462398205259
0.076109340000,-0.315738464000,0.567584194000,0.536589899000,0.021169327000,0.012596618000,-0.843483530000,-1.793888763000,0.205134108000,0.058487835000,1.787719746000,-0.521202447000,0.098902648000,-1.901086019000,-0.191115597000,0.049538398000,1.815817229000,-0.274573926000,-0.081862560000,-0.293459931468,0.110538907968,0.147308364867,0.093821147951,-1.341339905288,0.431741927864,-0.628304583236,0.747184933953,-0.103284459753,-0.457948461741,0.488161959719,-1.329668684225,-0.452021731654,0.870894366780,1.137082191292,0.464910387365,-0.632341761513,-0.462738844095
0.077751540000,-0.317237545000,0.572609893000,0.533215534000,0.032883276000,0.019813179000,-0.845107876000,-1.789627375000,0.204382780000,0.058590084000,1.784885169000,-0.518223258000,0.097569704000,-1.899438589000,-0.189914884000,0.049734348000,1.813722500000,-0.275854299000,-0.083529897000,-0.293785725464,0.112690121655,0.142284167856,0.089355597662,-1.333848188799,0.434783272778,-0.625614249295,0.751644586965,-0.095102210407,-0.455350442322,0.491754727472,-1.316391395852,-0.460832184733,0.863607761268,1.137306649452,0.464479989974,-0.632399488748,-0.463070915916
0.079074761000,-0.319291838000,0.579357747000,0.531103905000,0.031450175000,0.018798815000,-0.846514107000,-1.771155288000,0.202689876000,0.061250551000,1.768893754000,-0.512468523000,0.096714071000,-1.881436846000,-0.188539554000,0.048332994000,1.798481156000,-0.274852559000,-0.085827705000,-0.297665325660,0.112567216980,0.141794329945,0.087397200508,-1.322811043971,0.440728177760,-0.597720678585,0.741846651909,-0.021830864572,-0.421980427855,0.550535426902,-1.286240496222,-0.490666436338,0.857739455846,1.057625024890,0.464093044914,-0.632470507197,-0.463392898338
0.080214682000,-0.321634100000,0.587217522000,0.530520008000,0.027707894000,0.015140071000,-0.847084159000,-1.730909760000,0.199104769000,0.066863407000,1.740664022000,-0.506903391000,0.097481562000,-1.838791578000,-0.188085625000,0.044794023000,1.769064599000,-0.277341534000,-0.085620842000,-0.299980806745,0.110683776128,0.140788573924,0.097110931628,-1.285472941221,0.444381751437,-0.599415284541,0.718066598289,-0.018897048955,-0.428156785597,0.555818952428,-1.234259247511,-0.519379909836,0.852812985443,0.967625024890,0.463756830893,-0.632554647549,-0.463699078617
0.080785754000,-0.324132103000,0.595733102000,0.531082310000,0.025541444000,0.012789903000,-0.846838611000,-1.685099208000,0.194866252000,0.074361125000,1.702777958000,-0.496368185000,0.097280936000,-1.792470362000,-0.185995414000,0.041360150000,1.730680635000,-0.273359923000,-0.088496388000,-0.303060309277,0.108994832055,0.136627609822,0.104194730506,-1.278186679239,0.442267109739,-0.596487781028,0.713288684213,-0.014384888072,-0.433259335686,0.556848412750,-1.215170267241,-0.537743595536,0.845545326415,0.947136571341,0.463444477129,-0.632648544416,-0.463989290284
0.081701869000,-0.326600202000,0.605572626000,0.531033539000,0.022750091000,0.011389105000,-0.846968773000,-1.633798035000,0.191305248000,0.083423093000,1.657645189000,-0.488245204000,0.096217434000,-1.737958359000,-0.185645976000,0.034731277000,1.682858485000,-0.270085641000,-0.087002973000,-0.308251122800,0.105469868679,0.135963111766,0.100056815448,-1.277488443315,0.457275003207,-0.605934061912,0.700556444463,-0.017827624268,-0.437952603910,0.556467471672,-1.192026002070,-0.576674447141,0.845889691095,0.886747640942,0.463168904694,-0.632748506495,-0.464258967976
0.082864539000,-0.329220012000,0.617946737000,0.530593932000,0.019451461000,0.009364818000,-0.847351179000,-1.578071755000,0.186288958000,0.092411960000,1.607950257000,-0.477641757000,0.095894824000,-1.679176551000,-0.184942483000,0.028570090000,1.631195673000,-0.264776026000,-0.085986795000,-0.308652176850,0.099487586420,0.132651796883,0.101246392261,-1.284288993275,0.450674490263,-0.609128123744,0.706994245209,-0.013429568476,-0.440534923878,0.553450055369,-1.217821147048,-0.564662159530,0.857905095580,0.975350037552,0.462910163912,-0.632848035792,-0.464509216937
0.083804112000,-0.332645029000,0.634338702000,0.530038766000,0.015196026000,0.008272133000,-0.847796885000,-1.509038467000,0.179109800000,0.102671488000,1.546961805000,-0.470285465000,0.099433592000,-1.601809624000,-0.183560070000,0.019191149000,1.564719642000,-0.264345359000,-0.084021375000,-0.307986097126,0.091794480499,0.124906558995,0.105539881736,-1.278126690847,0.448701350459,-0.617709599183,0.701588131557,-0.016303112423,-0.442935587990,0.549944169029,-1.236845486751,-0.558961388863,0.879246046849,0.990990756612,0.462681558076,-0.632942325286,-0.464737265286
0.084772569000,-0.336796626000,0.657012170000,0.530168067000,0.010029057000,0.007770692000,-0.847797650000,-1.427838778000,0.172474883000,0.115455073000,1.469047100000,-0.458057368000,0.099585037000,-1.509150878000,-0.183724105000,0.006663310000,1.484265128000,-0.263073232000,-0.078852121000,-0.306225264410,0.081044747078,0.120859280971,0.121448533555,-1.274640881521,0.446455485136,-0.621192538724,0.714238496410,-0.013978660622,-0.445063596212,0.544043443617,-1.264073323870,-0.538182819958,0.905212258162,1.058975447870,0.462473836592,-0.633026821862,-0.464943481678
0.085074993000,-0.342372260000,0.686046686000,0.530374313000,0.003633063000,0.008380080000,-0.847714376000,-1.333149808000,0.164192083000,0.128527154000,1.377658094000,-0.444875753000,0.101552839000,-1.402031681000,-0.184681546000,-0.009605311000,1.389653595000,-0.261718326000,-0.070208090000,-0.303202297685,0.069189345789,0.104014015330,0.143697164885,-1.270412302565,0.457198174717,-0.628287514165,0.721316102676,-0.023607084237,-0.446307630823,0.538161261862,-1.277377875371,-0.530353221487,0.933854829210,1.059100063387,0.462309861919,-0.633096035334,-0.465125065165
0.084192588000,-0.350200978000,0.718275535000,0.530328630000,-0.003561681000,0.008403960000,-0.847743023000,-1.223369781000,0.155603730000,0.142816553000,1.270701300000,-0.426613239000,0.100976875000,-1.285638397000,-0.184921445000,-0.024791768000,1.287705409000,-0.253655400000,-0.060596255000,-0.304774059413,0.055809679685,0.082643167618,0.179528620306,-1.248055719822,0.449622606411,-0.619286699142,0.741092461189,-0.024336404995,-0.445303176492,0.531437205585,-1.273854776415,-0.505835403201,0.953984852358,1.098112956965,0.462180551977,-0.633146533521,-0.465282570249
0.082082986000,-0.360027610000,0.749538155000,0.530062477000,-0.006630117000,0.008058909000,-0.847894372000,-1.100253802000,0.147676869000,0.159487893000,1.157116178000,-0.409737421000,0.100976106000,-1.159068155000,-0.184672585000,-0.039816686000,1.181152518000,-0.242682374000,-0.049918018000,-0.310712643301,0.042037141073,0.066845030375,0.223442102794,-1.214297014433,0.460596042684,-0.609807647676,0.765197729520,-0.021093970446,-0.442010872910,0.520795662061,-1.235465515223,-0.525690120330,0.969621331356,1.029542208355,0.462108503337,-0.633173876439,-0.465407388217
0.079043320000,-0.371634676000,0.776967916000,0.530711885000,0.015964943000,0.020032411000,-0.847165107000,-0.961272960000,0.138140358000,0.179780246000,1.030025845000,-0.391410902000,0.100919013000,-1.018046518000,-0.183978547000,-0.058219293000,1.058669646000,-0.223307268000,-0.038187686000,-0.317548508884,0.029262093651,0.062520539007,0.286128081438,-1.166030862652,0.475677523604,-0.608862852842,0.767240002040,-0.032772719104,-0.436379553365,0.507741620699,-1.174054521305,-0.563139053674,0.976970875831,0.939542208355,0.462115876383,-0.633173753605,-0.465492971000
0.076346351000,-0.382705496000,0.799788150000,0.529192958000,0.028397733000,0.024499856000,-0.847672188000,-0.829000006000,0.129019394000,0.202351705000,0.911963458000,-0.371653369000,0.097867953000,-0.885637893000,-0.183753049000,-0.075862300000,0.943793142000,-0.199961660000,-0.028587065000,-0.319824786350,0.015080738398,0.044358053590,0.342256740254,-1.118464985388,0.481210630579,-0.619724901177,0.751110346517,-0.056529892710,-0.429866903343,0.493391477875,-1.117555810505,-0.597280967397,0.976197323823,0.849542208355,0.462198756463,-0.633139429752,-0.465537192760
0.073457138000,-0.392651758000,0.816856709000,0.526959362000,0.037613929000,0.027757674000,-0.848603874000,-0.722155692000,0.121280895000,0.225493085000,0.817822922000,-0.350805430000,0.092771907000,-0.772102122000,-0.182924963000,-0.091412846000,0.840975214000,-0.175858964000,-0.021794476000,-0.317193062819,0.004368001301,0.033734127457,0.399686373066,-1.078369766592,0.470599905457,-0.614964017015,0.737794215098,-0.076655370325,-0.423424108346,0.482567276700,-1.083262825196,-0.599617216680,0.982151462170,0.761552597982,0.462358898643,-0.633070988420,-0.465540387773
0.070141840000,-0.402417679000,0.828030844000,0.526693366000,0.044605370000,0.030966172000,-0.848319253000,-0.635082166000,0.116524274000,0.248252002000,0.752041304000,-0.338541390000,0.091326485000,-0.673912382000,-0.183387347000,-0.102070935000,0.758845115000,-0.156172632000,-0.019952478000,-0.319083122422,-0.006739726782,0.033762087054,0.449060070707,-1.061556751176,0.478818714309,-0.617572508863,0.726717371269,-0.094103154903,-0.416946983173,0.469607841602,-1.064361072014,-0.631092138257,0.990335356322,0.707820312140,0.462598969720,-0.632968642960,-0.465499769567
0.066613201000,-0.411270875000,0.835168613000,0.526905146000,0.051629976000,0.034743071000,-0.847642750000,-0.546572306000,0.112287589000,0.278515786000,0.676020888000,-0.323106308000,0.082990676000,-0.575565348000,-0.183616922000,-0.117534521000,0.669692933000,-0.133324474000,-0.017670093000,-0.322542584495,-0.018892098420,0.034690610319,0.489985624634,-1.024666599130,0.452727841784,-0.638991757873,0.689502458549,-0.118576244490,-0.408771333520,0.459562209011,-1.035152847306,-0.632929655054,0.994631445134,0.661150100520,0.462901700566,-0.632832779591,-0.465421545963
0.061623784000,-0.418778970000,0.837289887000,0.530731088000,0.056699327000,0.038075635000,-0.844783963000,-0.488798111000,0.109023717000,0.301105164000,0.633104533000,-0.314206649000,0.082937488000,-0.507710895000,-0.183920111000,-0.126346921000,0.609658351000,-0.114446728000,-0.016303695000,-0.322186323257,-0.028953939804,0.039693659140,0.506339435295,-1.017272755795,0.437799055640,-0.671282616794,0.670358409673,-0.131647508352,-0.399717541029,0.446787146559,-1.023303614259,-0.642773489405,1.023255776563,0.639138469768,0.518914183700,-0.569726217487,-0.419646299871
0.056852442000,-0.424409657000,0.836472770000,0.538849135000,0.062530811000,0.039594363000,-0.839144680000,-0.410530239000,0.104187557000,0.342704706000,0.558844950000,-0.296609409000,0.072969676000,-0.441682458000,-0.182253817000,-0.131340435000,0.554265759000,-0.098597597000,-0.020673753000,-0.332639283796,-0.037690819656,0.040581790002,0.560873465985,-0.985832826982,0.395360163789,-0.654650049226,0.665887323561,-0.133911695433,-0.391607397542,0.443191124421,-0.951135270317,-0.635230631390,0.966513342248,0.620500974772,0.510999716242,-0.566860863144,-0.419979640352
0.052760808000,-0.428306618000,0.829854511000,0.548782780000,0.057958075000,0.037979608000,-0.833088153000,-0.351565369000,0.102053101000,0.387388492000,0.501879887000,-0.280482856000,0.059787717000,-0.388965823000,-0.180547338000,-0.134454069000,0.514528684000,-0.086748003000,-0.027189247000,-0.342441754052,-0.045362346330,0.032369680935,0.600561594438,-0.961561219086,0.346029522586,-0.663590222775,0.648899284296,-0.143328018993,-0.380428321857,0.437245619274,-0.902262612743,-0.620968483468,0.912881681753,0.622868538352,0.501550409894,-0.559782267789,-0.424953632694
0.048439625000,-0.431015036000,0.824595824000,0.560262107000,0.056873463000,0.039582898000,-0.825412003000,-0.304645232000,0.099019682000,0.428909347000,0.455023218000,-0.268555400000,0.053754507000,-0.339032487000,-0.177822568000,-0.141857225000,0.470630636000,-0.077503386000,-0.034832022000,-0.362288607213,-0.052138478845,0.031963174675,0.638592104760,-0.965192710724,0.316867095939,-0.668968472659,0.649481154466,-0.150517798426,-0.369336547834,0.433318120984,-0.874301764859,-0.611185239980,0.913208173968,0.556753712421,0.513185678347,-0.557172204421,-0.421022990186
0.043557322000,-0.432133722000,0.818527896000,0.574614774000,0.056599183000,0.039704722000,-0.815498577000,-0.253972013000,0.097103492000,0.482469305000,0.408633490000,-0.253552660000,0.042847323000,-0.298651960000,-0.174501859000,-0.146238238000,0.444911666000,-0.072252506000,-0.042004844000,-0.375373061988,-0.063366713174,0.035776174790,0.680090616469,-0.960456038448,0.295168336346,-0.650687943069,0.671016634949,-0.144102409507,-0.359080471215,0.431493075421,-0.852848635855,-0.608156661010,0.893567440956,0.527722789919,0.520079641092,-0.552404039298,-0.418487033150
0.038902369000,-0.433706786000,0.811559295000,0.590091978000,0.057866031000,0.039534170000,-0.804288523000,-0.206298577000,0.094580736000,0.544232386000,0.364339334000,-0.240966059000,0.032835879000,-0.267329995000,-0.172727646000,-0.152938796000,0.424846947000,-0.063845643000,-0.042818192000,-0.390489313454,-0.073113915809,0.046328653808,0.706903515062,-0.960417440473,0.279327219179,-0.651607931265,0.685511771223,-0.146747708831,-0.349255902432,0.427721910929,-0.851092559144,-0.622997906958,0.892773951914,0.539335185167,0.522552541785,-0.541842905900,-0.416976815899
0.035599608000,-0.434604989000,0.804784091000,0.604808842000,0.057757428000,0.040435526000,-0.793243539000,-0.175553384000,0.091326305000,0.588057651000,0.336464834000,-0.234751854000,0.028318379000,-0.247008452000,-0.170245799000,-0.155841643000,0.411904416000,-0.063339786000,-0.049762272000,-0.414306677022,-0.082937105249,0.068434793778,0.726133551244,-0.962323955708,0.247642619520,-0.607117695473,0.718321229629,-0.144646188608,-0.345113237865,0.435540008165,-0.845571451446,-0.597668760501,0.886258429083,0.503098572190,0.530011387235,-0.544418671330,-0.418599312746
0.033617622000,-0.434081388000,0.798390777000,0.617991208000,0.055610752000,0.041428724000,-0.783120662000,-0.164240890000,0.088703683000,0.605275809000,0.323790793000,-0.229643824000,0.023429884000,-0.243936790000,-0.166497665000,-0.158297078000,0.412729304000,-0.065122503000,-0.058628101000,-0.422758677422,-0.088435063809,0.067907157080,0.744634840421,-0.941870194758,0.231339482130,-0.575334357875,0.719661865015,-0.148182648185,-0.342556596054,0.441141724898,-0.828118402981,-0.575658790230,0.848899767182,0.506444733266,0.524083297820,-0.543345626822,-0.424313507920
0.032441267000,-0.432714622000,0.792471765000,0.627245385000,0.053623985000,0.041919172000,-0.775841787000,-0.150929670000,0.086349173000,0.621503468000,0.309143905000,-0.222154311000,0.017913320000,-0.237102559000,-0.164042258000,-0.165753965000,0.408386706000,-0.065123256000,-0.063356729000,-0.423964424613,-0.094667104503,0.061920493368,0.761822575869,-0.939522060882,0.215345202509,-0.556541507038,0.736593999146,-0.151480273405,-0.338364949995,0.445064384383,-0.836034447641,-0.548700484193,0.855327511332,0.535213176575,0.518087641224,-0.536449813985,-0.428413405975
0.033760571000,-0.429544199000,0.786812100000,0.632933896000,0.052544039000,0.040832482000,-0.771340726000,-0.134008380000,0.082744998000,0.640949083000,0.292125254000,-0.221224838000,0.017528129000,-0.223924582000,-0.164841625000,-0.178118188000,0.395518150000,-0.061294133000,-0.061026320000,-0.435012785617,-0.099413881240,0.074405209415,0.767847404956,-0.937684994076,0.209049647205,-0.535266477573,0.744592703294,-0.165408680786,-0.337716107424,0.447484713226,-0.825080434844,-0.526367061699,0.861273911031,0.484738000264,0.529186370631,-0.538866921059,-0.426071776606
0.037506477000,-0.424519958000,0.781420815000,0.635443139000,0.050937205000,0.039170452000,-0.769469358000,-0.125499790000,0.080978136000,0.654243001000,0.284365624000,-0.226741565000,0.021807083000,-0.225027554000,-0.167362533000,-0.182266937000,0.401188486000,-0.060760476000,-0.061149529000,-0.451107939876,-0.103091394839,0.099853647806,0.765693966662,-0.930930129813,0.200060873365,-0.527061592957,0.739490609850,-0.179206291431,-0.338151291438,0.449142014702,-0.809330017902,-0.510570547680,0.864282584883,0.455193351483,0.533736234511,-0.541733125553,-0.425549197281
0.041797001000,-0.418158760000,0.776026344000,0.632159405000,0.049900973000,0.038071839000,-0.772291988000,-0.124295062000,0.079951624000,0.660923665000,0.279876127000,-0.230773739000,0.024484475000,-0.225187243000,-0.169240209000,-0.185383700000,0.399369260000,-0.058900227000,-0.062928499000,-0.461616516487,-0.103118693698,0.120005838738,0.770584327863,-0.930783073657,0.197989523951,-0.506391066732,0.742271826279,-0.188643226873,-0.338753439756,0.451274312331,-0.802122523038,-0.488333735648,0.865632733372,0.422242918631,0.539433548670,-0.546835177821,-0.425662107012
0.046047610000,-0.412078276000,0.775434151000,0.628107993000,0.060172670000,0.042285864000,-0.774642824000,-0.137377210000,0.083272105000,0.660173412000,0.287294842000,-0.238205577000,0.029371156000,-0.235364520000,-0.172228213000,-0.180543000000,0.410962316000,-0.062556484000,-0.064451421000,-0.460213852477,-0.097734088294,0.138557821518,0.758353085816,-0.922569846097,0.209117860188,-0.518537002262,0.726116206010,-0.196772119535,-0.339527939348,0.449881890810,-0.796162616010,-0.494415831243,0.870423264658,0.398325802649,0.548685595142,-0.547376395687,-0.422648645636
0.050342785000,-0.407000017000,0.771008622000,0.619978618000,0.066072192000,0.043312760000,-0.780631144000,-0.142155199000,0.083704938000,0.673778686000,0.282330056000,-0.241489207000,0.035160257000,-0.243494313000,-0.175796773000,-0.181870701000,0.415153140000,-0.058648260000,-0.064904734000,-0.460971651109,-0.090968453466,0.150833212307,0.760240127109,-0.903284555379,0.210216345715,-0.542549690643,0.684339197337,-0.223514870079,-0.340459300916,0.447850721559,-0.778106834810,-0.498325812483,0.874641152924,0.353941116268,0.563363809935,-0.549239635078,-0.416624927425
0.055253377000,-0.402550944000,0.766091653000,0.607365309000,0.068593972000,0.045576616000,-0.790142406000,-0.175852298000,0.088185848000,0.647402629000,0.304916711000,-0.251516654000,0.052471299000,-0.258159709000,-0.180091232000,-0.179732150000,0.424630039000,-0.063160936000,-0.068847339000,-0.449166400617,-0.081989172794,0.164879988552,0.744132026564,-0.908670311580,0.222141724719,-0.560734910482,0.657799493923,-0.240899546882,-0.342195294473,0.447076747452,-0.788047087354,-0.503798893064,0.893682903818,0.339587719666,0.573299841015,-0.551282059604,-0.415016227944
0.060802247000,-0.396856945000,0.762359649000,0.587750766000,0.091170500000,0.053531777000,-0.802104311000,-0.238825873000,0.092161078000,0.573460797000,0.355029531000,-0.264081784000,0.087057880000,-0.303831235000,-0.185100796000,-0.166876696000,0.470894666000,-0.075445428000,-0.075082959000,-0.437885464126,-0.073163150961,0.166454764868,0.736799306206,-0.938684190080,0.236991441219,-0.565225324918,0.657455714261,-0.241125324434,-0.346402192255,0.450086183498,-0.820955844923,-0.499725832906,0.906178617106,0.365008687482,0.568459644928,-0.554615033316,-0.420268444637
0.066199411000,-0.386069290000,0.754649567000,0.563048392000,0.092013314000,0.055875495000,-0.819382687000,-0.304520271000,0.096487555000,0.515790060000,0.403757818000,-0.271552839000,0.107429438000,-0.352188430000,-0.189321316000,-0.162229252000,0.513233801000,-0.087762188000,-0.079945147000,-0.421155717557,-0.061038925888,0.167368694282,0.718073410610,-0.971842683408,0.253315932708,-0.577543659712,0.662729803661,-0.233732476587,-0.353248337274,0.453540770878,-0.857875785059,-0.490898763964,0.913753065501,0.389562248222,0.567053981308,-0.562039131543,-0.426105790243
0.072082381000,-0.374653733000,0.745215128000,0.538900633000,0.088248954000,0.058842817000,-0.835664856000,-0.389919595000,0.101558960000,0.451939176000,0.472501970000,-0.283807233000,0.133044474000,-0.442235782000,-0.195958632000,-0.150075291000,0.597382557000,-0.100248834000,-0.079738690000,-0.394651235510,-0.047918800838,0.159218337839,0.694773794294,-0.990046251494,0.252357340919,-0.592826804770,0.658243988734,-0.230005264670,-0.360844264069,0.460721678865,-0.888409205429,-0.459094145762,0.913023223181,0.456475088718,0.552975522399,-0.570849144565,-0.439625519879
0.078248657000,-0.365258740000,0.731623502000,0.516157860000,0.079002030000,0.065087132000,-0.850354872000,-0.519056145000,0.109604298000,0.373337013000,0.595644778000,-0.312024333000,0.166664820000,-0.576333529000,-0.201868450000,-0.124926051000,0.728749816000,-0.121624434000,-0.083125180000,-0.376624694666,-0.032195328570,0.161288854499,0.644114828846,-1.029318612812,0.241840590584,-0.616403909637,0.676190074984,-0.207568939909,-0.371350457359,0.472669250934,-0.954663805274,-0.439795750248,0.930179145750,0.546475088718,0.539622296233,-0.575707678874,-0.450721562731
0.085278020000,-0.358438949000,0.714790110000,0.498438322000,0.061555217000,0.067872886000,-0.862069293000,-0.651821246000,0.115157980000,0.306556887000,0.743426983000,-0.358018005000,0.200005704000,-0.762956257000,-0.207379884000,-0.095821997000,0.912518662000,-0.132481987000,-0.080923444000,-0.361744588830,-0.021699855379,0.155352826384,0.605077372074,-1.063026826937,0.254074227548,-0.626791031420,0.669671816769,-0.195583521172,-0.392011373432,0.492852585897,-1.001012873454,-0.436293701114,0.929836791355,0.614264349256,0.530251646644,-0.579128463434,-0.458502430744
0.092582269000,-0.350931197000,0.699517272000,0.476933845000,0.040638086000,0.067312264000,-0.875415166000,-0.755273231000,0.119640608000,0.266833002000,0.858399030000,-0.400294499000,0.212659356000,-0.878365049000,-0.206695102000,-0.093921612000,0.987319672000,-0.137201790000,-0.083787519000,-0.337012799510,-0.014384541223,0.141542024694,0.559564071416,-1.092744641586,0.265401025988,-0.613660646533,0.690714411537,-0.167110240053,-0.410731209701,0.507845101205,-1.052881636935,-0.435269150731,0.907111565075,0.704264349256,0.523599178701,-0.581553223292,-0.463982516726
0.095480735000,-0.342547234000,0.688742260000,0.463718732000,0.031030186000,0.062796212000,-0.883209319000,-0.814090123000,0.120000642000,0.245405852000,0.915846593000,-0.421240162000,0.209255740000,-0.939738598000,-0.202435872000,-0.095410991000,1.017481448000,-0.144439350000,-0.090864002000,-0.298132131820,-0.009574826288,0.134468204521,0.516347472623,-1.079749932651,0.262972469451,-0.579021794510,0.704276590149,-0.143849675258,-0.419763928601,0.519541829094,-1.076201864651,-0.408170243986,0.856273167560,0.794264349256,0.518768933966,-0.583284826309,-0.467870298845
0.098436108000,-0.339808961000,0.676847793000,0.448433599000,0.024682506000,0.061597739000,-0.891349427000,-0.916789696000,0.126045522000,0.222408432000,1.020969781000,-0.451339146000,0.205485751000,-1.021437261000,-0.201490966000,-0.088382396000,1.080408810000,-0.162276364000,-0.086830602000,-0.284087411054,-0.003152590374,0.109980676928,0.424157660212,-1.136503860954,0.286227269911,-0.584958208358,0.727248268007,-0.123137450792,-0.429163232405,0.521733362085,-1.128344819557,-0.407879113398,0.826395912824,0.884264349256,0.515156075704,-0.584531615318,-0.470657323833
0.103330801000,-0.340418836000,0.659813039000,0.431233420000,0.010408620000,0.055585006000,-0.900466382000,-1.037793187000,0.129282885000,0.192501991000,1.152967411000,-0.486870073000,0.210279380000,-1.131676630000,-0.196992626000,-0.067176981000,1.184382777000,-0.189030908000,-0.088740889000,-0.275082049781,0.002698822385,0.106886637119,0.374355240028,-1.165123422606,0.295793146133,-0.594824711238,0.729111237083,-0.093073527162,-0.439283575979,0.532641184779,-1.168782370808,-0.399120415424,0.812655937824,0.974264349256,0.512336883922,-0.585446715680,-0.472691325268
0.107708615000,-0.340140359000,0.646752820000,0.415777930000,0.002561531000,0.049039083000,-0.908139483000,-1.123703743000,0.128897343000,0.172047496000,1.240453447000,-0.509585532000,0.205024828000,-1.203715012000,-0.189639675000,-0.056496707000,1.240094144000,-0.209002948000,-0.087957738000,-0.264144073746,0.013247683967,0.087052846728,0.346028009664,-1.162712967778,0.318736950240,-0.606846353385,0.707175748206,-0.076814633627,-0.449202419239,0.542922292223,-1.188106435833,-0.391219160921,0.808241520647,1.064264349256,0.510051169418,-0.586142337115,-0.474207500955
0.110935552000,-0.341472711000,0.636982851000,0.402077886000,0.000653347000,0.044417360000,-0.914527225000,-1.196085158000,0.128050131000,0.157029920000,1.307302834000,-0.521352231000,0.197794287000,-1.281970120000,-0.183331923000,-0.046913195000,1.296790733000,-0.215442354000,-0.086866557000,-0.259011179206,0.025186940796,0.063700777476,0.324061156042,-1.189894562484,0.342278797662,-0.623038580636,0.694614247020,-0.066754427787,-0.454622454992,0.546365615534,-1.227097610913,-0.383606112246,0.813381417311,1.154264349256,0.508124109344,-0.586691301120,-0.475365015353
0.113370878000,-0.346498831000,0.628099565000,0.389102229000,0.003488799000,0.042034580000,-0.920228438000,-1.260092063000,0.127647257000,0.143686093000,1.365633919000,-0.528579347000,0.186617103000,-1.342485760000,-0.177170398000,-0.037131640000,1.349356681000,-0.228403338000,-0.087082142000,-0.254943608677,0.032790620298,0.063765013014,0.293545249585,-1.197297430304,0.350285716171,-0.611757879631,0.719130890731,-0.040360253331,-0.458671544729,0.551640759431,-1.253936557589,-0.358767688970,0.824273407867,1.244264349256,0.506435936155,-0.587146851935,-0.476276433704
0.114336309000,-0.353057901000,0.617323523000,0.376134309000,0.008646104000,0.041015126000,-0.925616544000,-1.335726530000,0.128748712000,0.132386185000,1.431379803000,-0.533611020000,0.175136896000,-1.421508744000,-0.170236794000,-0.026058968000,1.414797466000,-0.240044793000,-0.091374780000,-0.256238640152,0.039893306144,0.062015885558,0.252966145924,-1.214611940485,0.343625529157,-0.603756065455,0.732937865315,-0.018471733467,-0.457974661100,0.557906155780,-1.287500725899,-0.324506167881,0.832899727685,1.334264349256,0.504894380187,-0.587543644817,-0.477026127142
0.117718549000,-0.352639768000,0.603732393000,0.369383436000,0.016446456000,0.041859838000,-0.928188098000,-1.417829014000,0.130441266000,0.121167466000,1.504239660000,-0.540915037000,0.165930263000,-1.508968420000,-0.163074925000,-0.016630986000,1.486889928000,-0.253095263000,-0.095175330000,-0.261581760272,0.045596757847,0.059616528239,0.206017872912,-1.242119336020,0.346536214804,-0.610003728370,0.749143414018,0.001188928953,-0.451935119640,0.559087912643,-1.315949405284,-0.313243918254,0.839340460736,1.342501891942,0.503457196728,-0.587899966712,-0.477668094200
0.119321513000,-0.352945581000,0.595816413000,0.361850811000,0.022535504000,0.041976573000,-0.931017781000,-1.487169401000,0.130953093000,0.110960888000,1.560110212000,-0.540027739000,0.155531590000,-1.581370388000,-0.158001760000,-0.008838010000,1.538941678000,-0.250726205000,-0.096167363000,-0.264883851235,0.052918477042,0.056471697355,0.167321446288,-1.257094328854,0.338373978793,-0.598938462031,0.767623668296,0.006777622955,-0.449958901391,0.560803470356,-1.335272015293,-0.300133482451,0.837101464546,1.371371506622,0.502085467554,-0.588232524929,-0.478239113238
0.119617726000,-0.353583055000,0.590747066000,0.347908347000,0.027022549000,0.039738905000,-0.936296098000,-1.549938725000,0.134326057000,0.103126810000,1.615998625000,-0.542996329000,0.147929981000,-1.662995575000,-0.156468870000,-0.002995005000,1.593980216000,-0.246538056000,-0.092502945000,-0.263644017857,0.057106334612,0.056661582257,0.134038984749,-1.270973584649,0.345053096678,-0.599841769800,0.776707818899,0.010703711391,-0.448576527916,0.562005311738,-1.361357557799,-0.290524810241,0.833390856592,1.404409903992,0.500759570410,-0.588547564748,-0.478762768746
0.126050774000,-0.353002047000,0.591034082000,0.325552499000,0.027671491000,0.036464480000,-0.944415269000,-1.590993428000,0.141007507000,0.096277006000,1.652794958000,-0.543260865000,0.141695405000,-1.721584060000,-0.156699197000,0.008537266000,1.639880869000,-0.240361805000,-0.095480254000,-0.263460621503,0.062273313176,0.052754002352,0.108042739718,-1.283427312019,0.351946813398,-0.600366093031,0.782715690403,0.013446877025,-0.447598470955,0.562843777604,-1.404434584137,-0.295943469892,0.824996937735,1.438511714065,0.499485268444,-0.588836347984,-0.479249708558
0.124618410000,-0.357844927000,0.579580768000,0.329870917000,0.036486001000,0.036617072000,-0.942609749000,-1.655678869000,0.137997785000,0.089359347000,1.708871195000,-0.550699068000,0.132785968000,-1.786366052000,-0.149929379000,0.007945028000,1.688357816000,-0.248749054000,-0.093039487000,-0.257536401341,0.065429284452,0.054781820452,0.071218803900,-1.295876201973,0.356031288061,-0.605177995431,0.791473222250,0.015379865414,-0.446903521010,0.563425959004,-1.399579611704,-0.274952245303,0.824669396370,1.432002148590,0.498253079477,-0.589113661715,-0.479710153959
0.130005108000,-0.358680802000,0.582527719000,0.323305853000,0.037198855000,0.035932383000,-0.944880116000,-1.691935684000,0.140119007000,0.084587474000,1.742002376000,-0.553030538000,0.127477491000,-1.826577622000,-0.150260133000,0.009336787000,1.715752018000,-0.252066335000,-0.091991112000,-0.254138823686,0.067752349568,0.054294982059,0.048074236563,-1.307491005532,0.363103596905,-0.611176098280,0.802879967106,0.016752957985,-0.446400130719,0.563825006167,-1.408381729883,-0.270371295844,0.830583000320,1.435678159951,0.497065197836,-0.589377547269,-0.480145907849
0.127846781000,-0.359908601000,0.584078735000,0.314370741000,0.033340660000,0.032977783000,-0.948141289000,-1.714781589000,0.140899722000,0.082610382000,1.763304848000,-0.554767311000,0.125778196000,-1.853828851000,-0.150171762000,0.009978355000,1.733884492000,-0.256448158000,-0.091705877000,-0.250580064338,0.069139320385,0.050520142893,0.033877479575,-1.302833188613,0.368087951326,-0.614927565513,0.808116064449,0.017749318546,-0.446025382582,0.564092974924,-1.415001417989,-0.260014374494,0.840421400254,1.437029656636,0.495928560983,-0.589625511204,-0.480558879087
0.124893571000,-0.361055809000,0.584425416000,0.306899232000,0.031372492000,0.031817679000,-0.950692518000,-1.729083923000,0.140775104000,0.078797745000,1.782010948000,-0.555495792000,0.119801188000,-1.871150823000,-0.149715073000,0.010756849000,1.745186703000,-0.255970975000,-0.089038308000,-0.249156148661,0.069188127739,0.049154546105,0.025786677275,-1.294905785955,0.368932157991,-0.619013464501,0.807680447347,0.018496370503,-0.445737446657,0.564268189047,-1.423249533948,-0.249856389025,0.852965371163,1.445072653827,0.494822204530,-0.589854517966,-0.480950757054
0.129352481000,-0.367542110000,0.584060065000,0.300526101000,0.032661936000,0.031956242000,-0.952678361000,-1.732917661000,0.141682850000,0.078506388000,1.791802979000,-0.553175159000,0.110709290000,-1.873683114000,-0.150874061000,0.009596479000,1.749983449000,-0.260969841000,-0.084167957000,-0.247394199145,0.069530868791,0.047897459892,0.023575250459,-1.287630702226,0.369800952419,-0.620929620021,0.817000392764,0.019098218499,-0.445511455370,0.564379306200,-1.421828235655,-0.244949511209,0.866080907564,1.452315083354,0.493723688968,-0.590070282225,-0.481327204107
0.130903276000,-0.369614978000,0.588200700000,0.295405435000,0.028958314000,0.031652130000,-0.954408292000,-1.721265163000,0.143425592000,0.080343876000,1.785823555000,-0.544874989000,0.104222484000,-1.863241266000,-0.154030969000,0.007109833000,1.740314837000,-0.258933031000,-0.079404317000,-0.245701782391,0.068848778110,0.042577769777,0.026186293961,-1.279468243246,0.372686957223,-0.617432122145,0.832377385627,0.019605708984,-0.445324664694,0.564442771834,-1.418704541145,-0.244891556114,0.876441635196,1.462442444730,0.492628102722,-0.590268804052,-0.481686080499
0.133402461000,-0.372151259000,0.594048423000,0.288446975000,0.025167125000,0.031143054000,-0.956658282000,-1.700658772000,0.143659235000,0.083827265000,1.767556947000,-0.537040813000,0.100217255000,-1.840426512000,-0.157177989000,0.001708357000,1.719054511000,-0.259694953000,-0.075173739000,-0.240553929381,0.068111676977,0.032022820516,0.031451555536,-1.259529298864,0.375531880822,-0.613747544247,0.822971899325,0.020044423312,-0.445163809670,0.564470487431,-1.415562500046,-0.242837181159,0.883038598095,1.469105682277,0.491537285166,-0.590448844291,-0.482023986413
0.135763835000,-0.374346586000,0.601114887000,0.280950214000,0.020630571000,0.030906030000,-0.959002698000,-1.677726890000,0.146310950000,0.088465275000,1.746733365000,-0.525541305000,0.093238795000,-1.814845719000,-0.159605037000,-0.002740281000,1.693706415000,-0.255611981000,-0.072734961000,-0.239696954805,0.066319614724,0.021917450644,0.040005345843,-1.247981748565,0.380968898145,-0.606651432533,0.811062188717,0.020437987043,-0.445022127022,0.564473297550,-1.409867199113,-0.247814863586,0.885228815286,1.465884249244,0.490451707093,-0.590613374678,-0.482342461757
0.137275600000,-0.376633719000,0.610247405000,0.274865528000,0.016290039000,0.029923458000,-0.960878849000,-1.648497327000,0.147791588000,0.095169289000,1.716781362000,-0.515693333000,0.089783098000,-1.778671361000,-0.163062450000,-0.007296590000,1.658498376000,-0.251760270000,-0.070133199000,-0.236480105445,0.063784059302,0.006646535824,0.043000593917,-1.237518931327,0.384248039355,-0.600231882434,0.797565661241,0.020787887882,-0.444896785197,0.564456547627,-1.412911073851,-0.255030517767,0.882986418179,1.468929036361,0.489372810412,-0.590763917742,-0.482641910485
0.137117261000,-0.378753489000,0.620508600000,0.270985516000,0.013040827000,0.028893715000,-0.962061298000,-1.609917778000,0.146598747000,0.102882697000,1.681845800000,-0.509802178000,0.090044181000,-1.735574870000,-0.164059336000,-0.011875044000,1.618441790000,-0.250702102000,-0.069341981000,-0.237410772815,0.063259487684,-0.007325300716,0.054114299219,-1.229294815535,0.387232998264,-0.595535560703,0.785538901425,0.021096662589,-0.444789592415,0.564427626218,-1.412613555443,-0.263519603176,0.878510017210,1.464963013729,0.488313397986,-0.590905503179,-0.482922036011
0.136168647000,-0.380648523000,0.631980499000,0.269035735000,0.008427194000,0.027146601000,-0.962710662000,-1.561195925000,0.142965539000,0.112296503000,1.635341543000,-0.504839923000,0.092591151000,-1.675497374000,-0.165998756000,-0.019948687000,1.563504587000,-0.251019597000,-0.064839540000,-0.233956976738,0.059969618179,-0.021246811111,0.067108772040,-1.220786791480,0.392011529663,-0.595447196182,0.776688123167,0.021365704592,-0.444701174065,0.564389478120,-1.411368739125,-0.269617434062,0.874597414329,1.472940625154,0.487271250385,-0.591040524752,-0.483182155693
0.134993795000,-0.382994663000,0.645058139000,0.267809173000,0.004539878000,0.026779027000,-0.963089051000,-1.505572029000,0.139601985000,0.123977259000,1.576380700000,-0.497708267000,0.093858430000,-1.603209917000,-0.168026772000,-0.030025737000,1.499625182000,-0.252609262000,-0.060004013000,-0.229925152124,0.055954882725,-0.028665208392,0.079625290321,-1.212709419875,0.399087843673,-0.599784074071,0.769399558182,0.021595280143,-0.444633951087,0.564342902183,-1.409242367314,-0.278889932507,0.873128364147,1.477475304825,0.486250803123,-0.591172843834,-0.483423276820
0.134776321000,-0.385968205000,0.660977855000,0.266971317000,0.001003553000,0.026644127000,-0.963335559000,-1.438137293000,0.134595134000,0.136775244000,1.501353729000,-0.487860616000,0.096700984000,-1.515192937000,-0.170537502000,-0.043015329000,1.417055480000,-0.250572470000,-0.052220113000,-0.223151711330,0.052197578131,-0.042316421830,0.095600593759,-1.191388651314,0.409964821746,-0.605844438323,0.760026174327,0.021775946360,-0.444588643043,0.564286522349,-1.397682835458,-0.289196512769,0.873970260396,1.482509395249,0.485259623672,-0.591304533063,-0.483645168336
0.134508436000,-0.389302961000,0.679816807000,0.263597816000,-0.003813919000,0.027083007000,-0.964244863000,-1.360254081000,0.129633940000,0.150226147000,1.419256405000,-0.477507913000,0.099370838000,-1.417428248000,-0.172926969000,-0.055348856000,1.331356994000,-0.248354461000,-0.046988165000,-0.222160887454,0.045990799758,-0.047829170470,0.123804360473,-1.162912657844,0.408923256772,-0.603705714834,0.746111386886,0.021395612768,-0.452025076531,0.543789396721,-1.373470323851,-0.291865886619,0.876441532120,1.471330312952,0.484305530199,-0.591441011867,-0.483850871285
0.132616927000,-0.392859021000,0.701449657000,0.259375909000,-0.009288316000,0.027500221000,-0.965340149000,-1.272389407000,0.125316225000,0.162913005000,1.328523690000,-0.463700378000,0.100923678000,-1.312744560000,-0.176733099000,-0.068587152000,1.238537672000,-0.240057810000,-0.038527037000,-0.218227932706,0.038717745728,-0.050528947304,0.158796201984,-1.145984331249,0.413801842296,-0.597003047015,0.756831178219,0.020504742692,-0.453340236238,0.538953234043,-1.355577553720,-0.294869171999,0.879693893415,1.479770906335,0.483381349633,-0.591577350367,-0.484040573249
0.128534564000,-0.397817818000,0.725890524000,0.255219233000,0.005744154000,0.033327886000,-0.966291571000,-1.176397420000,0.121838830000,0.177749044000,1.229251584000,-0.446578600000,0.102017851000,-1.200292316000,-0.182050020000,-0.083819865000,1.136213402000,-0.222908771000,-0.028279373000,-0.212236782002,0.030649903777,-0.053956973963,0.204829250250,-1.125583199021,0.426258900408,-0.585472789908,0.766116146663,0.011486872645,-0.452540094333,0.531422243848,-1.330409947112,-0.307559479710,0.883284142652,1.481193441329,0.482498070245,-0.591708974643,-0.484213261609
0.122811157000,-0.402321272000,0.751442541000,0.252307636000,0.016962782000,0.036626769000,-0.966804841000,-1.074022956000,0.118338989000,0.193791333000,1.126089862000,-0.427026849000,0.102368088000,-1.070186728000,-0.187436237000,-0.101374653000,1.020111663000,-0.203066594000,-0.021779647000,-0.202509651234,0.020844932651,-0.051179155411,0.251255694280,-1.087702425653,0.431830488525,-0.576430986307,0.765125509573,-0.001998897635,-0.448975233429,0.522416794070,-1.290776981567,-0.319818948445,0.886455696327,1.481419666942,0.481661913983,-0.591830683366,-0.484368072949
0.115943286000,-0.406111441000,0.776167193000,0.248237367000,0.029589495000,0.040206254000,-0.967412078000,-0.963316334000,0.115758712000,0.213486586000,1.016818297000,-0.403240217000,0.101737015000,-0.927404235000,-0.192314795000,-0.122757106000,0.893705421000,-0.177399789000,-0.014624484000,-0.198009542788,0.011067483790,-0.061104903459,0.309972869900,-1.051338192510,0.448118964781,-0.588025841561,0.748966765886,-0.023618822846,-0.443926501193,0.509782945927,-1.236427531100,-0.345638984439,0.890682541793,1.461545185220,0.480896649518,-0.591938163114,-0.484500207862
0.108741808000,-0.410004366000,0.797198837000,0.242930665000,0.040851809000,0.044860081000,-0.968144305000,-0.867332035000,0.114252334000,0.232532410000,0.926318715000,-0.380631696000,0.101147356000,-0.805376109000,-0.196241349000,-0.141085431000,0.790021221000,-0.156433755000,-0.015332709000,-0.196396412152,-0.000156084906,-0.058656617857,0.351117358509,-1.038894144435,0.442259705417,-0.591034644434,0.758606419703,-0.027956165369,-0.436398203595,0.497480709873,-1.205792385885,-0.357449136173,0.893824962867,1.464784405607,0.480181690377,-0.592024796418,-0.484609234427
0.101926198000,-0.412955445000,0.813750196000,0.237897102000,0.050981947000,0.050228322000,-0.968650053000,-0.776124884000,0.113345822000,0.253981074000,0.840264751000,-0.359294705000,0.097976085000,-0.694268649000,-0.199071041000,-0.161762330000,0.693554495000,-0.134318355000,-0.017076821000,-0.195601507078,-0.012245268648,-0.055409790691,0.388843790021,-1.006527811284,0.427924554012,-0.596765282192,0.745132946944,-0.044290522570,-0.429448955836,0.489799305625,-1.165147738532,-0.354187143174,0.896978460775,1.421987967935,0.479524245923,-0.592090628264,-0.484696348844
0.094945622000,-0.414348503000,0.826917321000,0.234688043000,0.061812926000,0.055627025000,-0.968507263000,-0.693694009000,0.114454264000,0.280073342000,0.760026842000,-0.335454077000,0.092285717000,-0.589091245000,-0.201014354000,-0.185125599000,0.602946792000,-0.114223369000,-0.020122224000,-0.191589295686,-0.023511313400,-0.039004640923,0.429800303119,-0.991767809672,0.420849283691,-0.595055140634,0.747649669935,-0.053189733186,-0.421750029825,0.481208927558,-1.135235142737,-0.358393708105,0.904288212286,1.350851230728,0.478935832517,-0.592134651648,-0.484759842485
0.089729180000,-0.414351500000,0.833033436000,0.230462842000,0.062676943000,0.057953868000,-0.969329577000,-0.602337170000,0.114410739000,0.315005830000,0.669524830000,-0.305355929000,0.082358917000,-0.480530988000,-0.203464719000,-0.218597838000,0.505980656000,-0.088053718000,-0.020200842000,-0.185585692559,-0.037104474099,-0.043786623673,0.488425386197,-0.949239067824,0.392518591621,-0.570865922421,0.748287695456,-0.065139326918,-0.411591302856,0.476322043669,-1.098631656810,-0.343488075391,0.903128096684,1.342690030135,0.478393052247,-0.592152476794,-0.484805346927
0.086169397000,-0.416424696000,0.838488655000,0.226931915000,0.069466177000,0.059911663000,-0.969580811000,-0.502804750000,0.113768332000,0.363017647000,0.579436506000,-0.278490720000,0.074414563000,-0.375230457000,-0.206075577000,-0.252659867000,0.424736147000,-0.067808707000,-0.023062645000,-0.177881391943,-0.052217041904,-0.035651885351,0.563402026599,-0.929576909416,0.375647983553,-0.551085814431,0.758466119297,-0.077058912324,-0.399005190117,0.468446297195,-1.072261623731,-0.336985314485,0.895084027533,1.334647412050,0.477891710774,-0.592137287412,-0.484833653724
0.084222387000,-0.418767684000,0.841060595000,0.222589608000,0.077395501000,0.060878742000,-0.969926586000,-0.403641164000,0.112235796000,0.437115133000,0.480328227000,-0.247916273000,0.059699801000,-0.276030723000,-0.205671490000,-0.305122554000,0.334664479000,-0.044454726000,-0.030333583000,-0.178866464252,-0.066603792748,-0.033891556229,0.600017847724,-0.893474625672,0.350441271253,-0.520318750094,0.748210667008,-0.106304492567,-0.388016472213,0.464923708677,-1.017212603328,-0.339218350304,0.871875620143,1.244647412050,0.477457621570,-0.592089981945,-0.484846336024
0.081085265000,-0.420789870000,0.840675801000,0.222994119000,0.084047551000,0.061341005000,-0.969250697000,-0.317096948000,0.110226907000,0.528677094000,0.401021932000,-0.224209173000,0.048365198000,-0.200833967000,-0.201235788000,-0.321790158000,0.277081091000,-0.026344832000,-0.037972151000,-0.195204467910,-0.078361718964,-0.029182610505,0.660183341143,-0.879914834278,0.335212688910,-0.500788050611,0.751188942999,-0.118779411196,-0.375292606101,0.458717503873,-0.954098916253,-0.379444163792,0.828770878675,1.154647412050,0.477111725518,-0.592008873894,-0.484840761687
0.079587121000,-0.420919689000,0.829966765000,0.224463975000,0.069331744000,0.058949347000,-0.970223689000,-0.239655161000,0.107577187000,0.633224617000,0.335873923000,-0.205198266000,0.035236057000,-0.126647928000,-0.196303878000,-0.357142497000,0.215974063000,-0.008442739000,-0.040641072000,-0.202322246120,-0.092777525625,-0.022879541718,0.710325002361,-0.850066751173,0.316729989742,-0.484129816817,0.732691278457,-0.153411336476,-0.364044540763,0.457207034929,-0.910290915706,-0.388719149428,0.777278971512,1.064647412050,0.476885772204,-0.591895037148,-0.484819319933
0.075687658000,-0.422825293000,0.832938507000,0.230750602000,0.085713526000,0.063902089000,-0.967121437000,-0.179013594000,0.102048744000,0.704269044000,0.288386173000,-0.189058789000,0.024933334000,-0.059351640000,-0.190630610000,-0.385276856000,0.163130641000,0.004116746000,-0.038939307000,-0.194131495222,-0.108294889748,-0.024029792868,0.733451709017,-0.836652945555,0.313806706537,-0.455579535495,0.715176169180,-0.195279472776,-0.355341211430,0.456948367294,-0.890639709365,-0.381239254099,0.742825436735,0.974647412050,0.476806206328,-0.591751973885,-0.484784141105
0.073960340000,-0.422823236000,0.822926572000,0.225145575000,0.075661329000,0.060847600000,-0.969475324000,-0.125822495000,0.098113449000,0.770400189000,0.250137029000,-0.173132951000,0.013834675000,0.002438704000,-0.184907137000,-0.398644080000,0.119002761000,0.010693032000,-0.035195500000,-0.176378883159,-0.127558822449,-0.015515560066,0.734074783472,-0.800425694523,0.292335049527,-0.438961396381,0.698747825409,-0.227205537920,-0.346593688765,0.458646130200,-0.866220604431,-0.364996821455,0.730449029477,0.884647412050,0.476856385718,-0.591576687731,-0.484740734636
0.071950142000,-0.422282295000,0.815550850000,0.213084615000,0.071234727000,0.062579808000,-0.972421888000,-0.085965988000,0.094559928000,0.816833541000,0.222364754000,-0.165641257000,0.011138635000,0.046724630000,-0.180069784000,-0.392513014000,0.087488900000,0.016490607000,-0.029820203000,-0.161374349984,-0.143836323233,0.001150877958,0.730729939508,-0.788944735879,0.287216812230,-0.419387146955,0.689918315199,-0.259099454680,-0.338934349714,0.461031705264,-0.858811663226,-0.352654219045,0.740177238896,0.794647412050,0.477036124741,-0.591367753191,-0.484689574572
0.071888336000,-0.420310419000,0.807593975000,0.199730356000,0.066846884000,0.064599436000,-0.975431285000,-0.051098650000,0.091284757000,0.856778278000,0.201464368000,-0.162834975000,0.007424663000,0.075125278000,-0.176650512000,-0.385257578000,0.071262775000,0.016300480000,-0.025541353000,-0.148669834950,-0.159748817798,0.010397186697,0.723464330789,-0.727044730125,0.253218651927,-0.383104776114,0.664922380967,-0.291422633856,-0.335467154643,0.470207041308,-0.812901701576,-0.302716028375,0.746562965666,0.742437609934,0.477329430715,-0.591137571783,-0.484637621625
0.071664290000,-0.418418945000,0.799754942000,0.190500725000,0.062472959000,0.067057081000,-0.977399586000,-0.025791554000,0.089509294000,0.883413976000,0.190366536000,-0.167809494000,0.007127246000,0.091919566000,-0.175753044000,-0.396855847000,0.072424817000,0.008446141000,-0.026213131000,-0.126333154932,-0.168471324258,0.026688708923,0.733928750431,-0.646895420058,0.225190273148,-0.352474025105,0.628935152651,-0.311281485124,-0.334188874284,0.474048609230,-0.756505912612,-0.260327162476,0.748235944435,0.713455167649,0.477721737049,-0.590893366359,-0.484584923529
0.072949901000,-0.418066973000,0.792717641000,0.177014515000,0.059031379000,0.070940848000,-0.979871703000,-0.019575864000,0.091539333000,0.882586245000,0.194480326000,-0.178360115000,0.013919165000,0.111993731000,-0.170106175000,-0.394908427000,0.059338588000,0.002994984000,-0.024288140000,-0.107448628313,-0.171808729830,0.037430671517,0.727778288239,-0.556964124298,0.195336602554,-0.334767666097,0.570505909085,-0.325235493908,-0.333297095940,0.476741460358,-0.695479418099,-0.222859998154,0.750249717470,0.661585653787,0.478207607118,-0.590646101651,-0.484532425454
0.075373336000,-0.416500807000,0.785853711000,0.152633869000,0.056345260000,0.073587922000,-0.983927300000,-0.028787341000,0.092788098000,0.872725899000,0.202273562000,-0.191883062000,0.032025416000,0.099583774000,-0.169164668000,-0.429780045000,0.073268891000,-0.009436090000,-0.022531126000,-0.105221379483,-0.169729338774,0.058597128010,0.704561178340,-0.474951381727,0.164987476008,-0.331169507371,0.526816749578,-0.335080412667,-0.332679887493,0.478633951134,-0.635694001689,-0.190306408171,0.759162147181,0.614667751629,0.478766253709,-0.590403776919,-0.484479116151
0.078197432000,-0.413987759000,0.779249218000,0.131996944000,0.052191539000,0.077257061000,-0.986855712000,-0.027011927000,0.093280931000,0.880849837000,0.204239072000,-0.203072997000,0.042339913000,0.106007001000,-0.163557276000,-0.430615323000,0.058141353000,0.000954605000,-0.006227556000,-0.085114327760,-0.165476365511,0.086845175005,0.681765539830,-0.384951381727,0.167089960702,-0.348802289252,0.556182985415,-0.342059533613,-0.332260653766,0.479960312788,-0.545694001689,-0.189985105900,0.798606296431,0.604571850931,0.479409572476,-0.590170398800,-0.484412798660
0.080093770000,-0.410608669000,0.774204304000,0.117782830000,0.048802541000,0.080876469000,-0.988536551000,-0.032414846000,0.093187234000,0.892974751000,0.204312836000,-0.212611033000,0.048932970000,0.101046030000,-0.156441080000,-0.436035135000,0.053290833000,-0.008625366000,0.000515550000,-0.066725713431,-0.161474429057,0.107266213547,0.621460597921,-0.294951381727,0.119682472608,-0.396137373246,0.597481028380,-0.347035319505,-0.331981633329,0.480889890064,-0.455694001689,-0.151337778485,0.861829172207,0.614472261721,0.480124829238,-0.589954064024,-0.484335265097
0.085147564000,-0.401929761000,0.769926105000,0.102296551000,0.044268084000,0.079748251000,-0.990563460000,-0.032923658000,0.090420290000,0.893238847000,0.207668214000,-0.214531101000,0.062881961000,0.099276275000,-0.151426452000,-0.415144817000,0.038706800000,0.013075467000,0.017559949000,-0.071805325947,-0.152962668734,0.125589254044,0.591516410908,-0.204951381727,0.134934713657,-0.466804991465,0.687481028380,-0.350546529676,-0.331797619826,0.481520144921,-0.365694001689,-0.183592686023,0.921252601333,0.658807838996,0.480935212910,-0.589737981853,-0.484232225785
0.090787259000,-0.392069111000,0.763206632000,0.066277619000,0.021739363000,0.079396256000,-0.994399775000,-0.031952185000,0.087677858000,0.900900379000,0.205152906000,-0.215970840000,0.066594770000,0.096273345000,-0.146466807000,-0.422690752000,0.019979066000,0.027858204000,0.025680230000,-0.065683667297,-0.149871146107,0.128341478725,0.533741208590,-0.114951381727,0.159164966937,-0.556804991465,0.777481028380,-0.352943254645,-0.331670655397,0.481925046615,-0.275694001689,-0.199058499133,0.930331046320,0.748807838996,0.481816435209,-0.589516877315,-0.484107961913
0.090900635000,-0.384098856000,0.765478329000,0.047497216000,0.030438540000,0.080791190000,-0.995133304000,-0.044067089000,0.082701101000,0.894919039000,0.202782216000,-0.217608145000,0.066834555000,0.063426278000,-0.151023372000,-0.437542026000,0.052038756000,0.014550910000,0.024188073000,-0.052828704662,-0.142010121937,0.124581256741,0.474624337733,-0.024951381727,0.142658691509,-0.642150380815,0.867481028380,-0.354420651080,-0.331556677532,0.482157917852,-0.185694001689,-0.226762979245,1.020331046320,0.838807838996,0.482671732402,-0.589270338508,-0.483975721439
0.089670280000,-0.373592394000,0.761362509000,0.013277441000,0.018950420000,0.078728862000,-0.996627492000,-0.061000266000,0.081690655000,0.881755441000,0.206072072000,-0.217647545000,0.062797215000,0.046199475000,-0.151303856000,-0.449330128000,0.056740194000,0.008103539000,0.021979057000,-0.025201816435,-0.129720964216,0.135558588578,0.429578169183,0.034119864359,0.127360229863,-0.552150380815,0.957481028380,-0.454420651080,-0.327929704404,0.482262129323,-0.095694001689,-0.273112694655,1.110330617355,0.928807838996,0.444513615556,-0.588976854230,-0.483842382586
0.086579424000,-0.361868386000,0.764434255000,0.015244151000,0.030320255000,0.078800403000,-0.996312599000,-0.080522175000,0.085887970000,0.873044637000,0.213197837000,-0.226158852000,0.053885938000,0.040028724000,-0.151126766000,-0.453459164000,0.045482290000,0.000015465000,0.026237478000,0.014375887404,-0.116600698906,0.151692067591,0.398276956925,0.011643782779,0.136714567945,-0.462150380815,1.047481028380,-0.554420651080,-0.323576524792,0.482260837681,-0.094935044862,-0.183115564112,1.020330617355,1.018807838996,0.544513615556,-0.588625466776,-0.483700586796
0.087114017000,-0.351453900000,0.764233932000,0.009870316000,0.035789172000,0.078927435000,-0.996188823000,-0.113990410000,0.094375463000,0.844847094000,0.230963383000,-0.231796196000,0.053325593000,0.006277726000,-0.156983802000,-0.471817139000,0.057336033000,-0.004224479000,0.018057401000,0.011140229134,-0.106422285938,0.154308137737,0.365348869686,0.101643782779,0.175084167736,-0.552148936985,1.137481028380,-0.575725037116,-0.320443222469,0.482183998368,-0.096502009620,-0.158528817267,0.930330617355,1.108807838996,0.644513615556,-0.585336926551,-0.483551975429
0.090175715000,-0.344948235000,0.764057891000,0.004009183000,0.038468825000,0.079084835000,-0.996117295000,-0.130962195000,0.101896149000,0.839509720000,0.236785036000,-0.239454985000,0.043689889000,-0.017736177000,-0.166709178000,-0.484023880000,0.063602976000,0.004326038000,0.017747378000,0.016222005149,-0.097005127629,0.160308499747,0.362811827923,0.191643782779,0.142671242092,-0.468930500339,1.227481028380,-0.485048563181,-0.318167651330,0.482050420489,-0.098791253826,-0.139981418232,0.840330617355,1.198807838996,0.744513615556,-0.579949106585,-0.483399308725
0.092987694000,-0.344484907000,0.759875147000,-0.025407715000,0.026295078000,0.079789828000,-0.996140854000,-0.133560339000,0.106505431000,0.845833218000,0.232540889000,-0.245877823000,0.038533751000,-0.035604854000,-0.178399502000,-0.499369854000,0.080527021000,0.008019238000,0.012507009000,0.015559221049,-0.094344880342,0.195620832511,0.377793757468,0.207704214185,0.115642060447,-0.378930500339,1.317481028380,-0.385048563181,-0.316497126765,0.481876694147,0.021208746174,-0.160875057409,0.893556677731,1.318807838996,0.884513615556,-0.576047574500,-0.483243960955
0.094115725000,-0.342505393000,0.757841051000,-0.048370699000,0.022601219000,0.079891018000,-0.995372737000,-0.131044086000,0.110889949000,0.853068315000,0.227288929000,-0.250556636000,0.035964444000,-0.050081602000,-0.189967559000,-0.511786715000,0.099832619000,0.009216258000,0.005020755000,0.001801790058,-0.096338942808,0.238545342913,0.405155987269,0.157949376672,0.095384350095,-0.288930500339,1.402244706443,-0.312321423797,-0.315254016165,0.481674706174,0.111201667472,-0.125700693528,0.870529917524,1.408799772740,0.878923286316,-0.573177379060,-0.483069346971
0.094548888000,-0.338881732000,0.759562564000,-0.050494175000,0.030312088000,0.080467609000,-0.995015819000,-0.123129267000,0.111879209000,0.862500309000,0.218151514000,-0.254310276000,0.036564805000,-0.059455124000,-0.200068532000,-0.523675633000,0.118478428000,0.008057128000,0.000689883000,-0.000099565778,-0.098513051822,0.238815207551,0.425438833303,0.156532344047,0.094912601194,-0.198930506302,1.337922182445,-0.237558558272,-0.314208445151,0.481389304862,0.085091084098,-0.097063516736,0.838237167155,1.498799137556,0.858942324623,-0.571050067455,-0.482904648102
0.095429645000,-0.340666756000,0.772268229000,-0.042680044000,0.052190255000,0.079560233000,-0.994547515000,-0.120806696000,0.116718502000,0.866475287000,0.218441567000,-0.255853271000,0.035772929000,-0.065757911000,-0.209382168000,-0.528462138000,0.130806530000,0.004647658000,-0.001353263000,0.000053397632,-0.100419627369,0.240721364276,0.437287523821,0.155960650704,0.090210204412,-0.108930506316,1.275748567069,-0.155144298707,-0.313407024949,0.481105392656,0.058534316770,-0.082874394413,0.808806201202,1.550624674682,0.840114230139,-0.569449493936,-0.482750208977
0.097891189000,-0.341792702000,0.771217028000,-0.061754178000,0.054296832000,0.078813392000,-0.993492187000,-0.120217677000,0.119922553000,0.858263225000,0.219989001000,-0.253390245000,0.037070791000,-0.062489606000,-0.214815012000,-0.521119444000,0.133047236000,0.001308351000,-0.005771197000,0.011037483971,-0.102847471664,0.240196394994,0.441029996747,0.141116559684,0.081928637762,-0.034966433541,1.283759665571,-0.070039683325,-0.312781895594,0.480823806087,0.057588622984,-0.087067211456,0.778695628671,1.553169848984,0.826338041271,-0.568222488542,-0.482610218249
0.098153013000,-0.339977934000,0.774112195000,-0.053958008000,0.067129723000,0.078451118000,-0.993190594000,-0.123470167000,0.122452409000,0.847649170000,0.225095023000,-0.254408362000,0.044950675000,-0.071098494000,-0.218905390000,-0.514809417000,0.146891304000,-0.005537093000,-0.011728303000,0.012525084839,-0.103787946623,0.234525533156,0.445093467381,0.132868267295,0.076865812230,0.013721758309,1.294594732730,-0.006234751365,-0.312287983163,0.480549382833,0.058027044896,-0.094612719533,0.748561532781,1.553543417565,0.816081301387,-0.567266248988,-0.482485187282
0.102831024000,-0.342512221000,0.768279004000,-0.047861022000,0.059670841000,0.083600086000,-0.993559127000,-0.125466817000,0.125350183000,0.838758250000,0.231486232000,-0.254351379000,0.048113920000,-0.066370821000,-0.218623453000,-0.516046174000,0.144479258000,-0.006121192000,-0.011249805000,0.019247603361,-0.101657527993,0.226124778604,0.455797635804,0.128605402990,0.081945874095,0.036583107959,1.302184169054,0.037977366860,-0.311893633665,0.480284084006,0.057079527483,-0.097140053175,0.718215186977,1.552414531440,0.808296903065,-0.566504979832,-0.482369304316
0.107339518000,-0.338513077000,0.777864500000,-0.014891101000,0.067035405000,0.085685445000,-0.993952974000,-0.122348246000,0.127518635000,0.836181746000,0.234616221000,-0.257004373000,0.045807967000,-0.064635114000,-0.222660466000,-0.514836786000,0.153193694000,-0.012000873000,-0.009117997000,0.027319241871,-0.097953041239,0.227910104295,0.464129298712,0.130336102132,0.089950899223,0.049834547309,1.314420274976,0.068417747690,-0.311571052425,0.480029659823,0.055305318494,-0.106380176807,0.686595188848,1.550131290180,0.802240685299,-0.565881387905,-0.482259395252
0.107916848000,-0.329230116000,0.782278315000,0.011206048000,0.072873909000,0.085754882000,-0.993584379000,-0.117818232000,0.129232654000,0.838198984000,0.232439276000,-0.256995186000,0.034813007000,-0.054293198000,-0.223671967000,-0.518283926000,0.152100616000,-0.016240971000,-0.005746862000,0.034092120887,-0.095192928598,0.228554086674,0.470351376814,0.141603739877,0.089207788650,0.049193943482,1.310621697922,0.089158204685,-0.311303171342,0.479778874166,0.053603302667,-0.108324149939,0.653496409491,1.546412044548,0.797400735003,-0.565358275809,-0.482149712386
0.100402603000,-0.314538755000,0.785021350000,0.021771155000,0.081015645000,0.085045107000,-0.992839268000,-0.118253724000,0.132867137000,0.840485725000,0.232773143000,-0.255006774000,0.028142060000,-0.043200437000,-0.224467867000,-0.525401663000,0.151607683000,-0.022823755000,-0.002613985000,0.039782341226,-0.092573714538,0.237725263217,0.482621014181,0.142719429661,0.096807781255,0.040359890874,1.317202683141,0.103053290249,-0.311078462850,0.479526345469,0.050568494062,-0.115804068710,0.619005224316,1.541547299714,0.793450424776,-0.564908620058,-0.482033501512
0.092614072000,-0.301291684000,0.779120561000,0.016136884000,0.076813315000,0.084096149000,-0.993361542000,-0.133830912000,0.134270873000,0.825810516000,0.236417269000,-0.248938302000,0.029173235000,-0.028352358000,-0.214061118000,-0.523687309000,0.120507354000,-0.018692679000,0.003421999000,0.045785841260,-0.088311162421,0.253324614029,0.477042908682,0.135857962174,0.100273508423,0.028521463561,1.340974238588,0.112149641133,-0.310883980146,0.479269156372,0.045704030518,-0.118300899735,0.585827661541,1.541763875683,0.790130064908,-0.564508543277,-0.481911258639
0.090937834000,-0.297717952000,0.781023202000,0.003669043000,0.052536500000,0.085194444000,-0.994971538000,-0.139977698000,0.133016107000,0.827306503000,0.234174166000,-0.246161292000,0.033440208000,-0.021531346000,-0.208428006000,-0.533034868000,0.115544079000,-0.019664485000,0.007823365000,0.057098891471,-0.087519593418,0.265776357385,0.498598450434,0.146191789988,0.089887650640,0.009976121995,1.345049813052,0.117889990530,-0.310711480177,0.479006255714,0.031959592393,-0.104584777084,0.556512625037,1.540859941003,0.787248207366,-0.564146524765,-0.481784578076
0.085073560000,-0.295652708000,0.775226612000,-0.007268959000,0.053329992000,0.084371568000,-0.994979654000,-0.144143230000,0.134118179000,0.817130771000,0.241518480000,-0.245679463000,0.046023629000,-0.010533790000,-0.206689040000,-0.543426633000,0.111891296000,-0.017550060000,0.014267464000,0.064906242939,-0.089988127564,0.260436925490,0.518417276529,0.156663713502,0.091470718612,-0.003427552391,1.364598318457,0.121313465636,-0.310550300235,0.478739804896,0.028279768300,-0.097216804238,0.532466419139,1.541350446321,0.784686630049,-0.563809175779,-0.481651574961
0.080192329000,-0.294206276000,0.773026713000,-0.011106222000,0.051614685000,0.086425561000,-0.994858381000,-0.138189095000,0.136491185000,0.817855152000,0.246082081000,-0.243376457000,0.052842759000,-0.002752968000,-0.211698664000,-0.556022488000,0.116806053000,-0.010983357000,0.019502662000,0.070626723755,-0.094332311972,0.259583707628,0.553959778400,0.176652757516,0.088397865149,-0.002572917570,1.389936225277,0.123138593706,-0.310397070644,0.478474346775,0.039561808971,-0.090308803933,0.516769894409,1.543682151793,0.779123668752,-0.563491869950,-0.481515749878
0.075691476000,-0.301990304000,0.780943868000,0.005094298000,0.062908706000,0.089657153000,-0.993970894000,-0.131134880000,0.137261585000,0.817368098000,0.249790903000,-0.245814162000,0.060730208000,0.002306322000,-0.220870203000,-0.564341924000,0.137090069000,-0.013845838000,0.018464996000,0.077487323218,-0.097864373334,0.256277491693,0.576791240427,0.197334618365,0.085586584549,0.025829923428,1.417050905256,0.113027443944,-0.310246762022,0.478209270327,0.059731478307,-0.087936930561,0.508943262995,1.546694724238,0.769869781768,-0.563188704672,-0.481378144658
0.076429274000,-0.313074715000,0.775935845000,-0.008846498000,0.033153849000,0.088856743000,-0.995453184000,-0.126980259000,0.137963349000,0.805099898000,0.257946243000,-0.249674383000,0.064354888000,0.005065519000,-0.228154550000,-0.556169895000,0.155222772000,-0.017541210000,0.017135260000,0.077340353611,-0.100473782757,0.264392943995,0.585753729707,0.211214545542,0.080256441416,0.071549567276,1.414676058227,0.090058993521,-0.310098636730,0.477942138437,0.079953432259,-0.086154988200,0.505375127151,1.546560714444,0.759367930925,-0.562897249289,-0.481237030923
0.068930677000,-0.319932662000,0.776313188000,-0.002821585000,0.050355056000,0.086336152000,-0.994988681000,-0.122266303000,0.135961845000,0.782242146000,0.269042517000,-0.254878752000,0.069021212000,0.014318865000,-0.234162784000,-0.530000954000,0.180389373000,-0.027139478000,0.015676033000,0.086178883143,-0.104382442326,0.277019749365,0.591432123490,0.220306484033,0.076218535459,0.118991065805,1.413470932730,0.062340264255,-0.309951637605,0.477668103913,0.098438024369,-0.088820687403,0.501223619030,1.547913378432,0.751559187540,-0.562613431910,-0.481091242911
0.066822420000,-0.323306588000,0.780037757000,0.000957813000,0.062350487000,0.081983167000,-0.994680984000,-0.124718916000,0.138558426000,0.749595886000,0.287270149000,-0.259959498000,0.074843926000,0.006334741000,-0.247075535000,-0.483231796000,0.233320111000,-0.042883454000,0.011781485000,0.086617832704,-0.106777505356,0.292853596938,0.605517061769,0.218563997139,0.074774046182,0.141603472786,1.410669522192,0.044626444762,-0.309806569056,0.477388267222,0.112996088324,-0.099291292125,0.496517543903,1.548750712008,0.745651480782,-0.562335726050,-0.480943599088
0.065626807000,-0.329775369000,0.783262052000,0.032149878000,0.114619035000,0.078064901000,-0.989815505000,-0.121924173000,0.144775476000,0.737046252000,0.301294150000,-0.264945475000,0.074545067000,-0.004485814000,-0.265983576000,-0.424007221000,0.292907795000,-0.057640062000,0.015020506000,0.089081183394,-0.107234086972,0.329450665938,0.616223329490,0.216279689556,0.074801245206,0.136730100931,1.394622913693,0.046070932614,-0.309663549666,0.477098602525,0.127150382003,-0.112535380920,0.491620596578,1.549661826499,0.741091348731,-0.562060809865,-0.480795194180
0.066638053000,-0.346520998000,0.777678378000,0.057355193000,0.134507060000,0.072182051000,-0.986614405000,-0.107512442000,0.145395899000,0.746018501000,0.302773064000,-0.268710653000,0.076186401000,-0.008582533000,-0.286023256000,-0.337562678000,0.362941099000,-0.077961327000,0.016112134000,0.094290293285,-0.114162784896,0.356647431349,0.599585876224,0.208427284225,0.075710237036,0.112767703762,1.362151988661,0.077188144461,-0.309517040453,0.476790154883,0.148389315931,-0.139142142766,0.485869613792,1.552765297704,0.737490703440,-0.561782152020,-0.480648386214
0.058519828000,-0.366939066000,0.768163601000,0.117888515000,0.139393478000,0.067143471000,-0.980899338000,-0.106465281000,0.140528780000,0.713487560000,0.319014132000,-0.288307871000,0.085051197000,-0.046019107000,-0.302647063000,-0.208615864000,0.528262988000,-0.113964677000,0.009008809000,0.080812888531,-0.120634520445,0.365209854460,0.576421531007,0.205918680014,0.070653166472,0.099549348784,1.272151988685,0.109635542434,-0.309360068349,0.476457304314,0.178028209049,-0.168540688760,0.477477538573,1.552385945501,0.734560993430,-0.561499233281,-0.480506563596
0.048790274000,-0.369373604000,0.761692422000,0.176790221000,0.114673342000,0.069845925000,-0.975047070000,-0.111643989000,0.134478412000,0.671552276000,0.324453947000,-0.285485051000,0.070226152000,-0.030068427000,-0.295794067000,-0.166729862000,0.557308117000,-0.117160227000,-0.001233105000,0.053750809190,-0.122153652995,0.425479194937,0.549247234850,0.200734852652,0.066154276631,0.085825835962,1.182151988921,0.121160575667,-0.309193718880,0.476104331533,0.185459694733,-0.175304863179,0.465893199106,1.549047020238,0.732116390341,-0.561212927959,-0.480366956841
0.041929862000,-0.366550021000,0.760661167000,0.209929236000,0.098630113000,0.071318311000,-0.970111084000,-0.112134408000,0.123101402000,0.640319312000,0.301207997000,-0.262131116000,0.053243940000,-0.041373707000,-0.261515264000,-0.167779327000,0.524543424000,-0.113912084000,-0.014360664000,0.017675147165,-0.121810731793,0.506969534436,0.513351228676,0.183905112108,0.065170609485,0.073408064541,1.124844465232,0.093599782658,-0.309032730214,0.475750548774,0.176145903413,-0.163418878236,0.450946464853,1.545614111337,0.730030294733,-0.560931385786,-0.480224980232
0.032872157000,-0.369580662000,0.763608625000,0.256493379000,0.097134186000,0.077780082000,-0.958502141000,-0.121521556000,0.119984652000,0.623772847000,0.290258854000,-0.244625599000,0.033807421000,-0.051792689000,-0.246320624000,-0.193481770000,0.436115938000,-0.103940961000,-0.013869759000,-0.007032816167,-0.117414841675,0.579081117035,0.454433630883,0.165279193807,0.067128498691,0.052716072014,1.045296518652,0.070942641833,-0.308882553704,0.475400487921,0.166679158023,-0.156601791223,0.433242331973,1.541939217399,0.728225793306,-0.560651897943,-0.480077345506
0.026937980000,-0.363746217000,0.760902226000,0.309593374000,0.083032441000,0.083505678000,-0.943548811000,-0.149723117000,0.135045718000,0.615300562000,0.305272580000,-0.230096578000,0.014871170000,0.008628488000,-0.253744146000,-0.259751402000,0.304184068000,-0.096200563000,-0.004809080000,-0.015374300133,-0.113951447138,0.629359884272,0.392646771276,0.146311682265,0.069587777802,0.020379210271,0.964648273681,0.127175844907,-0.308748920940,0.475049905663,0.163019100795,-0.160557389668,0.414372251105,1.541242404021,0.726634161592,-0.560365905444,-0.479927272450
0.015414405000,-0.356784555000,0.769463926000,0.369078896000,0.098037140000,0.094855635000,-0.919332310000,-0.190793545000,0.156239829000,0.608493140000,0.329863221000,-0.210686923000,0.010904996000,0.076527075000,-0.260562547000,-0.302193717000,0.215624063000,-0.095589989000,0.013097683000,-0.003620538127,-0.114985510914,0.627595208597,0.332711166002,0.120201565147,0.069742719563,-0.025575833164,0.937067833400,0.227175844898,-0.308638408798,0.474697995949,0.143180576193,-0.151515499479,0.399439073951,1.536025007478,0.725222189469,-0.560068467836,-0.479775086897
-0.003186758000,-0.341103766000,0.764664265000,0.413218744000,0.090480757000,0.091980139000,-0.901445038000,-0.251410808000,0.175023460000,0.564096509000,0.361842368000,-0.203338074000,0.026407822000,0.118199478000,-0.266160352000,-0.306056702000,0.192844812000,-0.112655556000,0.028718160000,0.004726274141,-0.110900838775,0.651401661912,0.285212948020,0.095873288462,-0.000027613976,-0.115575833164,0.847067833400,0.127175844898,-0.308554572139,0.474346243017,0.122503458090,-0.137664448850,0.396394205887,1.512128760557,0.723991974665,-0.559763095129,-0.479615031865
-0.026908913000,-0.320696332000,0.768162965000,0.475996799000,0.094829059000,0.100236077000,-0.868554676000,-0.324689896000,0.173047731000,0.481141170000,0.401062125000,-0.205669873000,0.061075509000,0.128632292000,-0.254075273000,-0.280700728000,0.202233363000,-0.142987448000,0.028337230000,0.008026492665,-0.103240927079,0.695374579384,0.258764263619,0.131632709973,0.015433243629,-0.205575814248,0.762993890997,0.027175844898,-0.308495098278,0.474002526427,0.112145167389,-0.129986972074,0.444667101953,1.422651359174,0.722963967414,-0.559454449097,-0.479433443278
-0.054532060000,-0.304151863000,0.761463892000,0.525158419000,0.082446377000,0.088301310000,-0.842385962000,-0.390277095000,0.146386648000,0.396300255000,0.444410121000,-0.217145327000,0.099974398000,0.100817430000,-0.228058296000,-0.233795919000,0.255145366000,-0.178511586000,0.033575637000,-0.008628397481,-0.090306792302,0.735918165606,0.236461046442,0.150457452953,0.030636938535,-0.295575814248,0.720840185704,-0.072824155102,-0.308450361636,0.473665525311,0.108503329282,-0.135545381832,0.534667101953,1.332651359174,0.719189600312,-0.559147817752,-0.479206398093
-0.087150497000,-0.308220905000,0.756090720000,0.606463430000,0.057745721000,0.071331266000,-0.789797056000,-0.436511518000,0.104144136000,0.338359871000,0.480567315000,-0.225799816000,0.122209909000,0.031482914000,-0.190806755000,-0.171798212000,0.335623549000,-0.211000776000,0.036295009000,-0.045996930764,-0.072586897159,0.760043752727,0.226833265336,0.155530375512,0.066386644259,-0.385575814248,0.702290882611,-0.172824155102,-0.308407418514,0.473325008299,0.117851730980,-0.185376867668,0.624667101953,1.242651359174,0.716539831545,-0.558846137575,-0.478926088735
-0.088862965000,-0.342260015000,0.757588085000,0.671269226000,0.071512110000,0.063754939000,-0.734995886000,-0.436412244000,0.069526698000,0.315331459000,0.498513714000,-0.235335411000,0.129951793000,-0.032183382000,-0.160395853000,-0.141134680000,0.412869749000,-0.227686265000,0.041598073000,-0.080268818114,-0.062473398653,0.729675923170,0.226363662772,0.164026455979,0.115484424177,-0.475575814248,0.668172822115,-0.243245093540,-0.308362078760,0.472970183312,0.129508500324,-0.262388738673,0.710449628152,1.152651359174,0.714701755724,-0.558555283526,-0.478595667984
-0.054394169000,-0.356691467000,0.751360360000,0.693973452000,0.072509272000,0.048802230000,-0.714675868000,-0.430945999000,0.049627550000,0.321900612000,0.500503380000,-0.238274437000,0.142875533000,-0.055363144000,-0.147620689000,-0.130650429000,0.464822698000,-0.235519948000,0.054634090000,-0.094152282701,-0.056667372510,0.667329089676,0.218659893869,0.183829393151,0.178005195993,-0.562171756533,0.608173982531,-0.337565949405,-0.308312941069,0.472589966214,0.128311936522,-0.335807195242,0.730861700529,1.062651359174,0.713439693018,-0.558276862682,-0.478220564473
-0.017149083000,-0.354980403000,0.743930987000,0.702243033000,0.069857874000,0.036054604000,-0.707583681000,-0.448144922000,0.041019116000,0.309444752000,0.542351902000,-0.254913466000,0.156555198000,-0.073637216000,-0.143679713000,-0.124070698000,0.516710004000,-0.240083656000,0.059463024000,-0.098828318861,-0.054727573829,0.598124121178,0.200411726335,0.206349479506,0.235293368774,-0.553108877911,0.591275396762,-0.437565949402,-0.308263852061,0.472178945391,0.150019126107,-0.402145016792,0.698322779830,0.972651359174,0.712580727584,-0.558011013787,-0.477803881834
0.007827291000,-0.353649251000,0.734686039000,0.710720975000,0.070436064000,0.028301927000,-0.699366469000,-0.464060348000,0.036367442000,0.299734901000,0.576153192000,-0.269667752000,0.169016632000,-0.103561666000,-0.141763312000,-0.115393156000,0.579042124000,-0.240352159000,0.059213840000,-0.098689846504,-0.055068259103,0.532479758120,0.182165478936,0.238079762239,0.271856406290,-0.474092116464,0.631677775255,-0.514538681311,-0.308217002631,0.471736567719,0.186096981992,-0.444399957599,0.633517167871,0.882651359174,0.711977130994,-0.557757349914,-0.477355611658
0.018160164000,-0.356714403000,0.723283625000,0.722703034000,0.066839090000,0.017588213000,-0.687694348000,-0.472952543000,0.034676109000,0.287035225000,0.613749228000,-0.290706435000,0.178689077000,-0.146700749000,-0.142111528000,-0.103372565000,0.659116216000,-0.240354118000,0.051714189000,-0.108649579394,-0.056771544262,0.478107201773,0.169985277561,0.282559723601,0.278591010570,-0.402103883096,0.720945435757,-0.567625012066,-0.308173415911,0.471272788449,0.233308698644,-0.468584540163,0.561382295240,0.828410206569,0.711536740591,-0.557511694264,-0.476878843306
0.022146809000,-0.367141202000,0.710596405000,0.732558041000,0.060553687000,0.011024169000,-0.677916245000,-0.478043363000,0.035414086000,0.278407805000,0.633350786000,-0.298944894000,0.175582325000,-0.162286360000,-0.140725412000,-0.097197469000,0.698065446000,-0.245436742000,0.041709259000,-0.110228593851,-0.057384469098,0.435127993714,0.167494022429,0.319955391456,0.277805348268,-0.312103883096,0.810945435757,-0.603831281111,-0.308133602811,0.470803367806,0.239467530947,-0.456958910059,0.496729684857,0.918410206569,0.711191953585,-0.557268069679,-0.476381528287
0.025476153000,-0.379929554000,0.698286643000,0.737913602000,0.055114068000,0.006620833000,-0.672608445000,-0.479911742000,0.037711908000,0.273734246000,0.644145923000,-0.303571997000,0.169839406000,-0.179614416000,-0.140649966000,-0.093522297000,0.728991065000,-0.250094623000,0.032531996000,-0.112183716604,-0.057810861547,0.401684111758,0.166311752977,0.321552091725,0.283252494832,-0.222103883096,0.900945435757,-0.628128411818,-0.308099226837,0.470344256516,0.232558842329,-0.447068727024,0.448594390260,1.008410206569,0.710905528596,-0.557022983709,-0.475868898550
0.027635789000,-0.388832397000,0.688395783000,0.739666919000,0.050589563000,0.002106113000,-0.671065653000,-0.469165704000,0.038115352000,0.278314981000,0.624800839000,-0.302502387000,0.161673571000,-0.197141229000,-0.141517566000,-0.091367289000,0.757078149000,-0.250439270000,0.027449384000,-0.107829035975,-0.054970475707,0.365099230975,0.170946947894,0.321227220543,0.280305461426,-0.132103883096,0.990945435757,-0.644041161373,-0.308070475305,0.469899996187,0.219319060917,-0.433045725529,0.409885728265,1.098410206569,0.710639496387,-0.556776168011,-0.475346015387
0.028976169000,-0.387083850000,0.687836890000,0.738510104000,0.043650010000,-0.005068013000,-0.672808902000,-0.437432673000,0.034792602000,0.295845002000,0.573541571000,-0.292224775000,0.151392386000,-0.199556180000,-0.140681976000,-0.097772738000,0.752974791000,-0.241565109000,0.025472098000,-0.089543400221,-0.052548227442,0.325917052063,0.183635717033,0.320088459103,0.260151992336,-0.042103883096,1.080945435757,-0.654139703687,-0.308052310005,0.469467284692,0.236846880904,-0.424560286040,0.365181489814,1.008410206569,0.710380488379,-0.556537453028,-0.474816383682
0.030095971000,-0.385192012000,0.692560873000,0.740858229000,0.045213530000,-0.007253419000,-0.670098656000,-0.417306793000,0.031526544000,0.313362815000,0.533589925000,-0.289056214000,0.141000614000,-0.229678650000,-0.140033799000,-0.097703793000,0.785303639000,-0.234988096000,0.018543173000,-0.082283005811,-0.049959487606,0.304899461385,0.186637853010,0.306689285868,0.261974545551,0.044355781063,0.990945435757,-0.660285662144,-0.308053293491,0.469048094788,0.262739085119,-0.416320609018,0.314330233051,0.960354346718,0.710095098742,-0.556312914640,-0.474289423938
0.031683958000,-0.382666352000,0.694686839000,0.742157720000,0.041453599000,-0.013718588000,-0.668801405000,-0.398199295000,0.028099738000,0.331218028000,0.498552775000,-0.277653553000,0.130973086000,-0.223607218000,-0.139323444000,-0.103111648000,0.792697371000,-0.230951422000,0.016941096000,-0.070664479148,-0.050580715325,0.271488171637,0.195175232687,0.304741608695,0.250031800205,0.077454157666,0.900945435757,-0.663760439846,-0.308075018598,0.468636937944,0.261429555295,-0.398295228690,0.281280807894,0.878316900574,0.709762078525,-0.556111069153,-0.473775555260
0.030603211000,-0.376369927000,0.697444995000,0.745802735000,0.037279110000,-0.017249014000,-0.664899256000,-0.388704754000,0.025673190000,0.348345970000,0.473582413000,-0.261557778000,0.122919516000,-0.209078829000,-0.136820767000,-0.110300266000,0.780200566000,-0.230697830000,0.012077196000,-0.066616745737,-0.050995245197,0.247229458696,0.204934073598,0.297561011836,0.236497652317,0.084903097963,0.810945435757,-0.665416758064,-0.308116824349,0.468232250059,0.232566029147,-0.372407412552,0.265819702118,0.937722026353,0.709359972421,-0.555934953232,-0.473283026427
